filename,person,face,cellphone,hand
/home/ajeet/codework/datasets/Training_Validation_Dataset_2024_Ajeet-20241107T105545Z-001/Training_Validation_Dataset_2024_Ajeet/caucasian_african_pt_dec_2023/1276_2163243_Imposter.jpg,0,1,0,0
/home/ajeet/codework/datasets/Training_Validation_Dataset_2024_Ajeet-20241107T105545Z-001/Training_Validation_Dataset_2024_Ajeet/caucasian_african_pt_dec_2023/1450_2163443_Imposter.jpg,1,1,0,0
/home/ajeet/codework/datasets/Training_Validation_Dataset_2024_Ajeet-20241107T105545Z-001/Training_Validation_Dataset_2024_Ajeet/caucasian_african_pt_dec_2023/891_2162361_FVE - No Face Detected.jpg,0,1,0,0
/home/ajeet/codework/datasets/Training_Validation_Dataset_2024_Ajeet-20241107T105545Z-001/Training_Validation_Dataset_2024_Ajeet/caucasian_african_pt_dec_2023/1208_2163095_Imposter.jpg,1,1,0,0
/home/ajeet/codework/datasets/Training_Validation_Dataset_2024_Ajeet-20241107T105545Z-001/Training_Validation_Dataset_2024_Ajeet/caucasian_african_pt_dec_2023/1316_2163262_Mobile Camera.jpg,1,0,1,1
/home/ajeet/codework/datasets/Training_Validation_Dataset_2024_Ajeet-20241107T105545Z-001/Training_Validation_Dataset_2024_Ajeet/caucasian_african_pt_dec_2023/1278_2163243_Imposter.jpg,0,1,0,0
/home/ajeet/codework/datasets/Training_Validation_Dataset_2024_Ajeet-20241107T105545Z-001/Training_Validation_Dataset_2024_Ajeet/caucasian_african_pt_dec_2023/1622_2163655_Imposter.jpg,1,1,0,0
/home/ajeet/codework/datasets/Training_Validation_Dataset_2024_Ajeet-20241107T105545Z-001/Training_Validation_Dataset_2024_Ajeet/caucasian_african_pt_dec_2023/549_2162224_Imposter.jpg,0,0,0,0
/home/ajeet/codework/datasets/Training_Validation_Dataset_2024_Ajeet-20241107T105545Z-001/Training_Validation_Dataset_2024_Ajeet/caucasian_african_pt_dec_2023/1669_2163733_FVE - No Face Detected.jpg,1,1,0,0
/home/ajeet/codework/datasets/Training_Validation_Dataset_2024_Ajeet-20241107T105545Z-001/Training_Validation_Dataset_2024_Ajeet/caucasian_african_pt_dec_2023/1167_2163030_Multiple people.jpg,1,1,0,0
/home/ajeet/codework/datasets/Training_Validation_Dataset_2024_Ajeet-20241107T105545Z-001/Training_Validation_Dataset_2024_Ajeet/caucasian_african_pt_dec_2023/1735_2163956_Imposter.jpg,1,1,0,0
/home/ajeet/codework/datasets/Training_Validation_Dataset_2024_Ajeet-20241107T105545Z-001/Training_Validation_Dataset_2024_Ajeet/caucasian_african_pt_dec_2023/2548_2165269_Mobile Camera.jpg,0,1,1,1
/home/ajeet/codework/datasets/Training_Validation_Dataset_2024_Ajeet-20241107T105545Z-001/Training_Validation_Dataset_2024_Ajeet/caucasian_african_pt_dec_2023/2048_2164993_Mobile Camera.jpg,1,1,0,1
/home/ajeet/codework/datasets/Training_Validation_Dataset_2024_Ajeet-20241107T105545Z-001/Training_Validation_Dataset_2024_Ajeet/caucasian_african_pt_dec_2023/1888_2164935_Imposter.jpg,1,1,0,0
/home/ajeet/codework/datasets/Training_Validation_Dataset_2024_Ajeet-20241107T105545Z-001/Training_Validation_Dataset_2024_Ajeet/caucasian_african_pt_dec_2023/2163_2165005_Imposter.jpg,1,1,0,0
/home/ajeet/codework/datasets/Training_Validation_Dataset_2024_Ajeet-20241107T105545Z-001/Training_Validation_Dataset_2024_Ajeet/caucasian_african_pt_dec_2023/707_2162304_Imposter.jpg,1,1,0,0
/home/ajeet/codework/datasets/Training_Validation_Dataset_2024_Ajeet-20241107T105545Z-001/Training_Validation_Dataset_2024_Ajeet/caucasian_african_pt_dec_2023/204_2162093_Imposter.jpg,1,1,0,0
/home/ajeet/codework/datasets/Training_Validation_Dataset_2024_Ajeet-20241107T105545Z-001/Training_Validation_Dataset_2024_Ajeet/caucasian_african_pt_dec_2023/1588_2163633_Mobile Camera.jpg,0,1,1,1
/home/ajeet/codework/datasets/Training_Validation_Dataset_2024_Ajeet-20241107T105545Z-001/Training_Validation_Dataset_2024_Ajeet/caucasian_african_pt_dec_2023/122_2162065_Multiple people.jpg,1,1,0,0
/home/ajeet/codework/datasets/Training_Validation_Dataset_2024_Ajeet-20241107T105545Z-001/Training_Validation_Dataset_2024_Ajeet/caucasian_african_pt_dec_2023/103_2162064_Mobile Camera.jpg,1,1,1,1
/home/ajeet/codework/datasets/Training_Validation_Dataset_2024_Ajeet-20241107T105545Z-001/Training_Validation_Dataset_2024_Ajeet/caucasian_african_pt_dec_2023/600_2162279_FVE - No Face Detected.jpg,1,1,0,0
/home/ajeet/codework/datasets/Training_Validation_Dataset_2024_Ajeet-20241107T105545Z-001/Training_Validation_Dataset_2024_Ajeet/caucasian_african_pt_dec_2023/1907_2164945_Imposter.jpg,1,1,0,1
/home/ajeet/codework/datasets/Training_Validation_Dataset_2024_Ajeet-20241107T105545Z-001/Training_Validation_Dataset_2024_Ajeet/caucasian_african_pt_dec_2023/1544_2163597_Imposter.jpg,1,1,0,0
/home/ajeet/codework/datasets/Training_Validation_Dataset_2024_Ajeet-20241107T105545Z-001/Training_Validation_Dataset_2024_Ajeet/caucasian_african_pt_dec_2023/1968_2164969_Multiple people.jpg,0,1,0,0
/home/ajeet/codework/datasets/Training_Validation_Dataset_2024_Ajeet-20241107T105545Z-001/Training_Validation_Dataset_2024_Ajeet/caucasian_african_pt_dec_2023/2839_2165418_Imposter.jpg,1,1,0,0
/home/ajeet/codework/datasets/Training_Validation_Dataset_2024_Ajeet-20241107T105545Z-001/Training_Validation_Dataset_2024_Ajeet/caucasian_african_pt_dec_2023/403_2162129_Imposter.jpg,1,1,0,0
/home/ajeet/codework/datasets/Training_Validation_Dataset_2024_Ajeet-20241107T105545Z-001/Training_Validation_Dataset_2024_Ajeet/caucasian_african_pt_dec_2023/2776_2165373_Imposter.jpg,1,1,0,0
/home/ajeet/codework/datasets/Training_Validation_Dataset_2024_Ajeet-20241107T105545Z-001/Training_Validation_Dataset_2024_Ajeet/caucasian_african_pt_dec_2023/1705_2163756_Imposter.jpg,0,1,0,0
/home/ajeet/codework/datasets/Training_Validation_Dataset_2024_Ajeet-20241107T105545Z-001/Training_Validation_Dataset_2024_Ajeet/caucasian_african_pt_dec_2023/2562_2165272_Imposter.jpg,1,1,0,1
/home/ajeet/codework/datasets/Training_Validation_Dataset_2024_Ajeet-20241107T105545Z-001/Training_Validation_Dataset_2024_Ajeet/caucasian_african_pt_dec_2023/350_2162125_Imposter.jpg,0,1,0,0
/home/ajeet/codework/datasets/Training_Validation_Dataset_2024_Ajeet-20241107T105545Z-001/Training_Validation_Dataset_2024_Ajeet/caucasian_african_pt_dec_2023/472_2162163_Mobile Camera.jpg,0,1,0,1
/home/ajeet/codework/datasets/Training_Validation_Dataset_2024_Ajeet-20241107T105545Z-001/Training_Validation_Dataset_2024_Ajeet/caucasian_african_pt_dec_2023/754_2162304_Imposter.jpg,1,1,0,0
/home/ajeet/codework/datasets/Training_Validation_Dataset_2024_Ajeet-20241107T105545Z-001/Training_Validation_Dataset_2024_Ajeet/caucasian_african_pt_dec_2023/728_2162304_Imposter.jpg,1,1,0,0
/home/ajeet/codework/datasets/Training_Validation_Dataset_2024_Ajeet-20241107T105545Z-001/Training_Validation_Dataset_2024_Ajeet/caucasian_african_pt_dec_2023/503_2162177_Imposter.jpg,1,1,0,0
/home/ajeet/codework/datasets/Training_Validation_Dataset_2024_Ajeet-20241107T105545Z-001/Training_Validation_Dataset_2024_Ajeet/caucasian_african_pt_dec_2023/49_2162050_Mobile Camera.jpg,0,1,0,1
/home/ajeet/codework/datasets/Training_Validation_Dataset_2024_Ajeet-20241107T105545Z-001/Training_Validation_Dataset_2024_Ajeet/caucasian_african_pt_dec_2023/2852_2165431_Spoof.jpg,1,1,0,0
/home/ajeet/codework/datasets/Training_Validation_Dataset_2024_Ajeet-20241107T105545Z-001/Training_Validation_Dataset_2024_Ajeet/caucasian_african_pt_dec_2023/2358_2165100_Mobile Camera.jpg,1,1,0,1
/home/ajeet/codework/datasets/Training_Validation_Dataset_2024_Ajeet-20241107T105545Z-001/Training_Validation_Dataset_2024_Ajeet/caucasian_african_pt_dec_2023/2424_2165189_Mobile Camera.jpg,1,0,1,1
/home/ajeet/codework/datasets/Training_Validation_Dataset_2024_Ajeet-20241107T105545Z-001/Training_Validation_Dataset_2024_Ajeet/caucasian_african_pt_dec_2023/1445_2163443_Imposter.jpg,1,1,0,0
/home/ajeet/codework/datasets/Training_Validation_Dataset_2024_Ajeet-20241107T105545Z-001/Training_Validation_Dataset_2024_Ajeet/caucasian_african_pt_dec_2023/2005_2164972_Mobile Camera.jpg,1,1,1,1
/home/ajeet/codework/datasets/Training_Validation_Dataset_2024_Ajeet-20241107T105545Z-001/Training_Validation_Dataset_2024_Ajeet/caucasian_african_pt_dec_2023/1433_2163413_Mobile Camera.jpg,1,1,0,1
/home/ajeet/codework/datasets/Training_Validation_Dataset_2024_Ajeet-20241107T105545Z-001/Training_Validation_Dataset_2024_Ajeet/caucasian_african_pt_dec_2023/1466_2163473_Mobile Camera.jpg,1,0,1,1
/home/ajeet/codework/datasets/Training_Validation_Dataset_2024_Ajeet-20241107T105545Z-001/Training_Validation_Dataset_2024_Ajeet/caucasian_african_pt_dec_2023/771_2162304_Imposter.jpg,0,1,0,0
/home/ajeet/codework/datasets/Training_Validation_Dataset_2024_Ajeet-20241107T105545Z-001/Training_Validation_Dataset_2024_Ajeet/caucasian_african_pt_dec_2023/711_2162304_Imposter.jpg,1,1,0,0
/home/ajeet/codework/datasets/Training_Validation_Dataset_2024_Ajeet-20241107T105545Z-001/Training_Validation_Dataset_2024_Ajeet/caucasian_african_pt_dec_2023/2092_2164994_Imposter.jpg,1,1,0,0
/home/ajeet/codework/datasets/Training_Validation_Dataset_2024_Ajeet-20241107T105545Z-001/Training_Validation_Dataset_2024_Ajeet/caucasian_african_pt_dec_2023/2592_2165275_Imposter.jpg,1,1,0,0
/home/ajeet/codework/datasets/Training_Validation_Dataset_2024_Ajeet-20241107T105545Z-001/Training_Validation_Dataset_2024_Ajeet/caucasian_african_pt_dec_2023/1281_2163250_Imposter.jpg,1,1,0,0
/home/ajeet/codework/datasets/Training_Validation_Dataset_2024_Ajeet-20241107T105545Z-001/Training_Validation_Dataset_2024_Ajeet/caucasian_african_pt_dec_2023/2669_2165275_Imposter.jpg,1,1,0,0
/home/ajeet/codework/datasets/Training_Validation_Dataset_2024_Ajeet-20241107T105545Z-001/Training_Validation_Dataset_2024_Ajeet/caucasian_african_pt_dec_2023/1614_2163655_Imposter.jpg,1,1,0,0
/home/ajeet/codework/datasets/Training_Validation_Dataset_2024_Ajeet-20241107T105545Z-001/Training_Validation_Dataset_2024_Ajeet/caucasian_african_pt_dec_2023/1321_2163271_Mobile Camera.jpg,0,1,0,0
/home/ajeet/codework/datasets/Training_Validation_Dataset_2024_Ajeet-20241107T105545Z-001/Training_Validation_Dataset_2024_Ajeet/caucasian_african_pt_dec_2023/2074_2164994_Imposter.jpg,1,1,0,0
/home/ajeet/codework/datasets/Training_Validation_Dataset_2024_Ajeet-20241107T105545Z-001/Training_Validation_Dataset_2024_Ajeet/caucasian_african_pt_dec_2023/90_2162061_Mobile Camera.jpg,0,1,0,1
/home/ajeet/codework/datasets/Training_Validation_Dataset_2024_Ajeet-20241107T105545Z-001/Training_Validation_Dataset_2024_Ajeet/caucasian_african_pt_dec_2023/1048_2162522_Mobile Camera.jpg,0,1,0,1
/home/ajeet/codework/datasets/Training_Validation_Dataset_2024_Ajeet-20241107T105545Z-001/Training_Validation_Dataset_2024_Ajeet/caucasian_african_pt_dec_2023/367_2162129_Imposter.jpg,1,0,0,0
/home/ajeet/codework/datasets/Training_Validation_Dataset_2024_Ajeet-20241107T105545Z-001/Training_Validation_Dataset_2024_Ajeet/caucasian_african_pt_dec_2023/864_2162330_Imposter.jpg,0,1,0,0
/home/ajeet/codework/datasets/Training_Validation_Dataset_2024_Ajeet-20241107T105545Z-001/Training_Validation_Dataset_2024_Ajeet/caucasian_african_pt_dec_2023/1355_2163286_Imposter.jpg,0,1,0,0
/home/ajeet/codework/datasets/Training_Validation_Dataset_2024_Ajeet-20241107T105545Z-001/Training_Validation_Dataset_2024_Ajeet/caucasian_african_pt_dec_2023/2043_2164992_Imposter.jpg,0,1,0,0
/home/ajeet/codework/datasets/Training_Validation_Dataset_2024_Ajeet-20241107T105545Z-001/Training_Validation_Dataset_2024_Ajeet/caucasian_african_pt_dec_2023/2791_2165386_FVE - No Face Detected.jpg,1,1,0,0
/home/ajeet/codework/datasets/Training_Validation_Dataset_2024_Ajeet-20241107T105545Z-001/Training_Validation_Dataset_2024_Ajeet/caucasian_african_pt_dec_2023/329_2162123_FVE - No Face Detected.jpg,1,1,0,0
/home/ajeet/codework/datasets/Training_Validation_Dataset_2024_Ajeet-20241107T105545Z-001/Training_Validation_Dataset_2024_Ajeet/caucasian_african_pt_dec_2023/2335_2165088_FVE - No Face Detected.jpg,1,1,0,0
/home/ajeet/codework/datasets/Training_Validation_Dataset_2024_Ajeet-20241107T105545Z-001/Training_Validation_Dataset_2024_Ajeet/caucasian_african_pt_dec_2023/208_2162093_Imposter.jpg,1,1,0,1
/home/ajeet/codework/datasets/Training_Validation_Dataset_2024_Ajeet-20241107T105545Z-001/Training_Validation_Dataset_2024_Ajeet/caucasian_african_pt_dec_2023/2758_2165335_Imposter.jpg,1,1,0,0
/home/ajeet/codework/datasets/Training_Validation_Dataset_2024_Ajeet-20241107T105545Z-001/Training_Validation_Dataset_2024_Ajeet/caucasian_african_pt_dec_2023/1640_2163672_Imposter.jpg,1,0,0,0
/home/ajeet/codework/datasets/Training_Validation_Dataset_2024_Ajeet-20241107T105545Z-001/Training_Validation_Dataset_2024_Ajeet/caucasian_african_pt_dec_2023/2168_2165006_Mobile Camera.jpg,1,1,0,1
/home/ajeet/codework/datasets/Training_Validation_Dataset_2024_Ajeet-20241107T105545Z-001/Training_Validation_Dataset_2024_Ajeet/caucasian_african_pt_dec_2023/2269_2165033_Imposter.jpg,0,1,0,0
/home/ajeet/codework/datasets/Training_Validation_Dataset_2024_Ajeet-20241107T105545Z-001/Training_Validation_Dataset_2024_Ajeet/caucasian_african_pt_dec_2023/1706_2163756_Imposter.jpg,0,1,0,0
/home/ajeet/codework/datasets/Training_Validation_Dataset_2024_Ajeet-20241107T105545Z-001/Training_Validation_Dataset_2024_Ajeet/caucasian_african_pt_dec_2023/637_2162288_Imposter.jpg,0,1,0,0
/home/ajeet/codework/datasets/Training_Validation_Dataset_2024_Ajeet-20241107T105545Z-001/Training_Validation_Dataset_2024_Ajeet/caucasian_african_pt_dec_2023/852_2162324_Imposter.jpg,0,1,0,1
/home/ajeet/codework/datasets/Training_Validation_Dataset_2024_Ajeet-20241107T105545Z-001/Training_Validation_Dataset_2024_Ajeet/caucasian_african_pt_dec_2023/1787_2164738_Mobile Camera.jpg,0,1,0,0
/home/ajeet/codework/datasets/Training_Validation_Dataset_2024_Ajeet-20241107T105545Z-001/Training_Validation_Dataset_2024_Ajeet/caucasian_african_pt_dec_2023/247_2162102_FVE - No Face Detected.jpg,1,1,0,0
/home/ajeet/codework/datasets/Training_Validation_Dataset_2024_Ajeet-20241107T105545Z-001/Training_Validation_Dataset_2024_Ajeet/caucasian_african_pt_dec_2023/2793_2165386_Imposter.jpg,1,1,0,0
/home/ajeet/codework/datasets/Training_Validation_Dataset_2024_Ajeet-20241107T105545Z-001/Training_Validation_Dataset_2024_Ajeet/caucasian_african_pt_dec_2023/1628_2163656_Imposter.jpg,1,1,0,0
/home/ajeet/codework/datasets/Training_Validation_Dataset_2024_Ajeet-20241107T105545Z-001/Training_Validation_Dataset_2024_Ajeet/caucasian_african_pt_dec_2023/2324_2165084_Imposter.jpg,1,1,0,1
/home/ajeet/codework/datasets/Training_Validation_Dataset_2024_Ajeet-20241107T105545Z-001/Training_Validation_Dataset_2024_Ajeet/caucasian_african_pt_dec_2023/2031_2164987_Mobile Camera.jpg,1,1,0,1
/home/ajeet/codework/datasets/Training_Validation_Dataset_2024_Ajeet-20241107T105545Z-001/Training_Validation_Dataset_2024_Ajeet/caucasian_african_pt_dec_2023/578_2162265_Mobile Camera.jpg,1,1,0,1
/home/ajeet/codework/datasets/Training_Validation_Dataset_2024_Ajeet-20241107T105545Z-001/Training_Validation_Dataset_2024_Ajeet/caucasian_african_pt_dec_2023/2065_2164994_Imposter.jpg,1,1,0,0
/home/ajeet/codework/datasets/Training_Validation_Dataset_2024_Ajeet-20241107T105545Z-001/Training_Validation_Dataset_2024_Ajeet/caucasian_african_pt_dec_2023/2462_2165223_Mobile Camera.jpg,1,1,0,1
/home/ajeet/codework/datasets/Training_Validation_Dataset_2024_Ajeet-20241107T105545Z-001/Training_Validation_Dataset_2024_Ajeet/caucasian_african_pt_dec_2023/125_2162065_Multiple people.jpg,1,1,0,0
/home/ajeet/codework/datasets/Training_Validation_Dataset_2024_Ajeet-20241107T105545Z-001/Training_Validation_Dataset_2024_Ajeet/caucasian_african_pt_dec_2023/1332_2163276_FVE - No Face Detected.jpg,0,1,0,0
/home/ajeet/codework/datasets/Training_Validation_Dataset_2024_Ajeet-20241107T105545Z-001/Training_Validation_Dataset_2024_Ajeet/caucasian_african_pt_dec_2023/2606_2165275_Imposter.jpg,1,1,0,0
/home/ajeet/codework/datasets/Training_Validation_Dataset_2024_Ajeet-20241107T105545Z-001/Training_Validation_Dataset_2024_Ajeet/caucasian_african_pt_dec_2023/1899_2164935_Multiple people.jpg,1,1,0,0
/home/ajeet/codework/datasets/Training_Validation_Dataset_2024_Ajeet-20241107T105545Z-001/Training_Validation_Dataset_2024_Ajeet/caucasian_african_pt_dec_2023/1983_2164972_Mobile Camera.jpg,1,1,1,1
/home/ajeet/codework/datasets/Training_Validation_Dataset_2024_Ajeet-20241107T105545Z-001/Training_Validation_Dataset_2024_Ajeet/caucasian_african_pt_dec_2023/551_2162224_Imposter.jpg,0,0,0,0
/home/ajeet/codework/datasets/Training_Validation_Dataset_2024_Ajeet-20241107T105545Z-001/Training_Validation_Dataset_2024_Ajeet/caucasian_african_pt_dec_2023/326_2162123_Imposter.jpg,1,1,0,0
/home/ajeet/codework/datasets/Training_Validation_Dataset_2024_Ajeet-20241107T105545Z-001/Training_Validation_Dataset_2024_Ajeet/caucasian_african_pt_dec_2023/1443_2163443_Imposter.jpg,1,1,0,1
/home/ajeet/codework/datasets/Training_Validation_Dataset_2024_Ajeet-20241107T105545Z-001/Training_Validation_Dataset_2024_Ajeet/caucasian_african_pt_dec_2023/1470_2163473_Mobile Camera.jpg,1,0,1,1
/home/ajeet/codework/datasets/Training_Validation_Dataset_2024_Ajeet-20241107T105545Z-001/Training_Validation_Dataset_2024_Ajeet/caucasian_african_pt_dec_2023/2414_2165169_Imposter.jpg,0,1,0,0
/home/ajeet/codework/datasets/Training_Validation_Dataset_2024_Ajeet-20241107T105545Z-001/Training_Validation_Dataset_2024_Ajeet/caucasian_african_pt_dec_2023/1328_2163276_FVE - No Face Detected.jpg,1,1,0,0
/home/ajeet/codework/datasets/Training_Validation_Dataset_2024_Ajeet-20241107T105545Z-001/Training_Validation_Dataset_2024_Ajeet/caucasian_african_pt_dec_2023/1951_2164956_Imposter.jpg,1,1,0,1
/home/ajeet/codework/datasets/Training_Validation_Dataset_2024_Ajeet-20241107T105545Z-001/Training_Validation_Dataset_2024_Ajeet/caucasian_african_pt_dec_2023/2276_2165034_Mobile Camera.jpg,1,1,0,1
/home/ajeet/codework/datasets/Training_Validation_Dataset_2024_Ajeet-20241107T105545Z-001/Training_Validation_Dataset_2024_Ajeet/caucasian_african_pt_dec_2023/68_2162050_Imposter.jpg,1,1,0,0
/home/ajeet/codework/datasets/Training_Validation_Dataset_2024_Ajeet-20241107T105545Z-001/Training_Validation_Dataset_2024_Ajeet/caucasian_african_pt_dec_2023/2753_2165327_Imposter.jpg,1,1,0,0
/home/ajeet/codework/datasets/Training_Validation_Dataset_2024_Ajeet-20241107T105545Z-001/Training_Validation_Dataset_2024_Ajeet/caucasian_african_pt_dec_2023/2552_2165272_Imposter.jpg,1,1,0,0
/home/ajeet/codework/datasets/Training_Validation_Dataset_2024_Ajeet-20241107T105545Z-001/Training_Validation_Dataset_2024_Ajeet/caucasian_african_pt_dec_2023/2181_2165010_Imposter.jpg,1,1,0,0
/home/ajeet/codework/datasets/Training_Validation_Dataset_2024_Ajeet-20241107T105545Z-001/Training_Validation_Dataset_2024_Ajeet/caucasian_african_pt_dec_2023/1104_2162707_Imposter.jpg,0,1,0,0
/home/ajeet/codework/datasets/Training_Validation_Dataset_2024_Ajeet-20241107T105545Z-001/Training_Validation_Dataset_2024_Ajeet/caucasian_african_pt_dec_2023/1807_2164869_Mobile Camera.jpg,1,1,0,1
/home/ajeet/codework/datasets/Training_Validation_Dataset_2024_Ajeet-20241107T105545Z-001/Training_Validation_Dataset_2024_Ajeet/caucasian_african_pt_dec_2023/1995_2164972_Mobile Camera.jpg,1,1,1,1
/home/ajeet/codework/datasets/Training_Validation_Dataset_2024_Ajeet-20241107T105545Z-001/Training_Validation_Dataset_2024_Ajeet/caucasian_african_pt_dec_2023/2737_2165327_Imposter.jpg,1,1,0,0
/home/ajeet/codework/datasets/Training_Validation_Dataset_2024_Ajeet-20241107T105545Z-001/Training_Validation_Dataset_2024_Ajeet/caucasian_african_pt_dec_2023/508_2162194_Imposter.jpg,1,1,0,0
/home/ajeet/codework/datasets/Training_Validation_Dataset_2024_Ajeet-20241107T105545Z-001/Training_Validation_Dataset_2024_Ajeet/caucasian_african_pt_dec_2023/715_2162304_Imposter.jpg,1,1,0,0
/home/ajeet/codework/datasets/Training_Validation_Dataset_2024_Ajeet-20241107T105545Z-001/Training_Validation_Dataset_2024_Ajeet/caucasian_african_pt_dec_2023/1664_2163723_Mobile Camera.jpg,1,1,1,1
/home/ajeet/codework/datasets/Training_Validation_Dataset_2024_Ajeet-20241107T105545Z-001/Training_Validation_Dataset_2024_Ajeet/caucasian_african_pt_dec_2023/1961_2164956_Mobile Camera.jpg,1,1,0,1
/home/ajeet/codework/datasets/Training_Validation_Dataset_2024_Ajeet-20241107T105545Z-001/Training_Validation_Dataset_2024_Ajeet/caucasian_african_pt_dec_2023/1523_2163586_Imposter.jpg,1,1,0,0
/home/ajeet/codework/datasets/Training_Validation_Dataset_2024_Ajeet-20241107T105545Z-001/Training_Validation_Dataset_2024_Ajeet/caucasian_african_pt_dec_2023/516_2162214_FVE - No Face Detected.jpg,1,1,0,1
/home/ajeet/codework/datasets/Training_Validation_Dataset_2024_Ajeet-20241107T105545Z-001/Training_Validation_Dataset_2024_Ajeet/caucasian_african_pt_dec_2023/2834_2165418_Mobile Camera.jpg,1,1,0,1
/home/ajeet/codework/datasets/Training_Validation_Dataset_2024_Ajeet-20241107T105545Z-001/Training_Validation_Dataset_2024_Ajeet/caucasian_african_pt_dec_2023/737_2162304_Imposter.jpg,1,1,0,0
/home/ajeet/codework/datasets/Training_Validation_Dataset_2024_Ajeet-20241107T105545Z-001/Training_Validation_Dataset_2024_Ajeet/caucasian_african_pt_dec_2023/2224_2165018_Mobile Camera.jpg,1,1,1,1
/home/ajeet/codework/datasets/Training_Validation_Dataset_2024_Ajeet-20241107T105545Z-001/Training_Validation_Dataset_2024_Ajeet/caucasian_african_pt_dec_2023/1554_2163597_Imposter.jpg,0,1,0,0
/home/ajeet/codework/datasets/Training_Validation_Dataset_2024_Ajeet-20241107T105545Z-001/Training_Validation_Dataset_2024_Ajeet/caucasian_african_pt_dec_2023/1168_2163030_Multiple people.jpg,1,1,0,0
/home/ajeet/codework/datasets/Training_Validation_Dataset_2024_Ajeet-20241107T105545Z-001/Training_Validation_Dataset_2024_Ajeet/caucasian_african_pt_dec_2023/1872_2164929_Mobile Camera.jpg,0,1,1,1
/home/ajeet/codework/datasets/Training_Validation_Dataset_2024_Ajeet-20241107T105545Z-001/Training_Validation_Dataset_2024_Ajeet/caucasian_african_pt_dec_2023/2046_2164993_Mobile Camera.jpg,1,1,0,1
/home/ajeet/codework/datasets/Training_Validation_Dataset_2024_Ajeet-20241107T105545Z-001/Training_Validation_Dataset_2024_Ajeet/caucasian_african_pt_dec_2023/2193_2165010_Mobile Camera.jpg,1,1,1,1
/home/ajeet/codework/datasets/Training_Validation_Dataset_2024_Ajeet-20241107T105545Z-001/Training_Validation_Dataset_2024_Ajeet/caucasian_african_pt_dec_2023/1862_2164903_Imposter.jpg,0,1,0,0
/home/ajeet/codework/datasets/Training_Validation_Dataset_2024_Ajeet-20241107T105545Z-001/Training_Validation_Dataset_2024_Ajeet/caucasian_african_pt_dec_2023/258_2162108_Imposter.jpg,0,1,0,0
/home/ajeet/codework/datasets/Training_Validation_Dataset_2024_Ajeet-20241107T105545Z-001/Training_Validation_Dataset_2024_Ajeet/caucasian_african_pt_dec_2023/784_2162304_Imposter.jpg,1,1,0,0
/home/ajeet/codework/datasets/Training_Validation_Dataset_2024_Ajeet-20241107T105545Z-001/Training_Validation_Dataset_2024_Ajeet/caucasian_african_pt_dec_2023/2530_2165263_Imposter.jpg,1,1,0,0
/home/ajeet/codework/datasets/Training_Validation_Dataset_2024_Ajeet-20241107T105545Z-001/Training_Validation_Dataset_2024_Ajeet/caucasian_african_pt_dec_2023/2182_2165010_Imposter.jpg,1,1,0,1
/home/ajeet/codework/datasets/Training_Validation_Dataset_2024_Ajeet-20241107T105545Z-001/Training_Validation_Dataset_2024_Ajeet/caucasian_african_pt_dec_2023/1224_2163140_Imposter.jpg,1,1,0,0
/home/ajeet/codework/datasets/Training_Validation_Dataset_2024_Ajeet-20241107T105545Z-001/Training_Validation_Dataset_2024_Ajeet/caucasian_african_pt_dec_2023/942_2162410_Mobile Camera.jpg,1,1,1,1
/home/ajeet/codework/datasets/Training_Validation_Dataset_2024_Ajeet-20241107T105545Z-001/Training_Validation_Dataset_2024_Ajeet/caucasian_african_pt_dec_2023/781_2162304_Imposter.jpg,1,1,0,0
/home/ajeet/codework/datasets/Training_Validation_Dataset_2024_Ajeet-20241107T105545Z-001/Training_Validation_Dataset_2024_Ajeet/caucasian_african_pt_dec_2023/27_2162045_Imposter.jpg,0,1,0,0
/home/ajeet/codework/datasets/Training_Validation_Dataset_2024_Ajeet-20241107T105545Z-001/Training_Validation_Dataset_2024_Ajeet/caucasian_african_pt_dec_2023/378_2162129_Imposter.jpg,1,0,0,0
/home/ajeet/codework/datasets/Training_Validation_Dataset_2024_Ajeet-20241107T105545Z-001/Training_Validation_Dataset_2024_Ajeet/caucasian_african_pt_dec_2023/2250_2165027_Mobile Camera.jpg,1,0,1,1
/home/ajeet/codework/datasets/Training_Validation_Dataset_2024_Ajeet-20241107T105545Z-001/Training_Validation_Dataset_2024_Ajeet/caucasian_african_pt_dec_2023/2286_2165053_Imposter.jpg,0,1,0,0
/home/ajeet/codework/datasets/Training_Validation_Dataset_2024_Ajeet-20241107T105545Z-001/Training_Validation_Dataset_2024_Ajeet/caucasian_african_pt_dec_2023/2139_2164997_Imposter.jpg,1,1,0,0
/home/ajeet/codework/datasets/Training_Validation_Dataset_2024_Ajeet-20241107T105545Z-001/Training_Validation_Dataset_2024_Ajeet/caucasian_african_pt_dec_2023/5_2162025_Imposter.jpg,1,1,0,1
/home/ajeet/codework/datasets/Training_Validation_Dataset_2024_Ajeet-20241107T105545Z-001/Training_Validation_Dataset_2024_Ajeet/caucasian_african_pt_dec_2023/2274_2165033_Imposter.jpg,0,1,0,0
/home/ajeet/codework/datasets/Training_Validation_Dataset_2024_Ajeet-20241107T105545Z-001/Training_Validation_Dataset_2024_Ajeet/caucasian_african_pt_dec_2023/1966_2164956_Imposter.jpg,1,1,0,0
/home/ajeet/codework/datasets/Training_Validation_Dataset_2024_Ajeet-20241107T105545Z-001/Training_Validation_Dataset_2024_Ajeet/caucasian_african_pt_dec_2023/2655_2165275_Imposter.jpg,1,1,0,0
/home/ajeet/codework/datasets/Training_Validation_Dataset_2024_Ajeet-20241107T105545Z-001/Training_Validation_Dataset_2024_Ajeet/caucasian_african_pt_dec_2023/1655_2163708_FVE - No Face Detected.jpg,1,1,0,0
/home/ajeet/codework/datasets/Training_Validation_Dataset_2024_Ajeet-20241107T105545Z-001/Training_Validation_Dataset_2024_Ajeet/caucasian_african_pt_dec_2023/2478_2165263_Imposter.jpg,1,1,0,0
/home/ajeet/codework/datasets/Training_Validation_Dataset_2024_Ajeet-20241107T105545Z-001/Training_Validation_Dataset_2024_Ajeet/caucasian_african_pt_dec_2023/1315_2163262_Imposter.jpg,0,1,0,0
/home/ajeet/codework/datasets/Training_Validation_Dataset_2024_Ajeet-20241107T105545Z-001/Training_Validation_Dataset_2024_Ajeet/caucasian_african_pt_dec_2023/529_2162224_Imposter.jpg,1,1,0,0
/home/ajeet/codework/datasets/Training_Validation_Dataset_2024_Ajeet-20241107T105545Z-001/Training_Validation_Dataset_2024_Ajeet/caucasian_african_pt_dec_2023/446_2162134_Mobile Camera.jpg,0,1,1,1
/home/ajeet/codework/datasets/Training_Validation_Dataset_2024_Ajeet-20241107T105545Z-001/Training_Validation_Dataset_2024_Ajeet/caucasian_african_pt_dec_2023/1368_2163317_Mobile Camera.jpg,1,1,0,1
/home/ajeet/codework/datasets/Training_Validation_Dataset_2024_Ajeet-20241107T105545Z-001/Training_Validation_Dataset_2024_Ajeet/caucasian_african_pt_dec_2023/2403_2165169_Imposter.jpg,0,1,0,0
/home/ajeet/codework/datasets/Training_Validation_Dataset_2024_Ajeet-20241107T105545Z-001/Training_Validation_Dataset_2024_Ajeet/caucasian_african_pt_dec_2023/2768_2165373_Imposter.jpg,1,1,0,0
/home/ajeet/codework/datasets/Training_Validation_Dataset_2024_Ajeet-20241107T105545Z-001/Training_Validation_Dataset_2024_Ajeet/caucasian_african_pt_dec_2023/1432_2163413_FVE - No Face Detected.jpg,1,1,0,0
/home/ajeet/codework/datasets/Training_Validation_Dataset_2024_Ajeet-20241107T105545Z-001/Training_Validation_Dataset_2024_Ajeet/caucasian_african_pt_dec_2023/2326_2165084_Imposter.jpg,1,1,0,0
/home/ajeet/codework/datasets/Training_Validation_Dataset_2024_Ajeet-20241107T105545Z-001/Training_Validation_Dataset_2024_Ajeet/caucasian_african_pt_dec_2023/1737_2163956_Imposter.jpg,1,1,0,0
/home/ajeet/codework/datasets/Training_Validation_Dataset_2024_Ajeet-20241107T105545Z-001/Training_Validation_Dataset_2024_Ajeet/caucasian_african_pt_dec_2023/2755_2165327_Imposter.jpg,1,1,0,0
/home/ajeet/codework/datasets/Training_Validation_Dataset_2024_Ajeet-20241107T105545Z-001/Training_Validation_Dataset_2024_Ajeet/caucasian_african_pt_dec_2023/1426_2163413_Imposter.jpg,1,1,0,0
/home/ajeet/codework/datasets/Training_Validation_Dataset_2024_Ajeet-20241107T105545Z-001/Training_Validation_Dataset_2024_Ajeet/caucasian_african_pt_dec_2023/2750_2165327_Imposter.jpg,1,1,0,1
/home/ajeet/codework/datasets/Training_Validation_Dataset_2024_Ajeet-20241107T105545Z-001/Training_Validation_Dataset_2024_Ajeet/caucasian_african_pt_dec_2023/279_2162108_Imposter.jpg,0,1,0,0
/home/ajeet/codework/datasets/Training_Validation_Dataset_2024_Ajeet-20241107T105545Z-001/Training_Validation_Dataset_2024_Ajeet/caucasian_african_pt_dec_2023/2254_2165029_Imposter.jpg,1,1,0,0
/home/ajeet/codework/datasets/Training_Validation_Dataset_2024_Ajeet-20241107T105545Z-001/Training_Validation_Dataset_2024_Ajeet/caucasian_african_pt_dec_2023/702_2162304_Imposter.jpg,1,1,0,0
/home/ajeet/codework/datasets/Training_Validation_Dataset_2024_Ajeet-20241107T105545Z-001/Training_Validation_Dataset_2024_Ajeet/caucasian_african_pt_dec_2023/2797_2165386_Imposter.jpg,1,1,0,0
/home/ajeet/codework/datasets/Training_Validation_Dataset_2024_Ajeet-20241107T105545Z-001/Training_Validation_Dataset_2024_Ajeet/caucasian_african_pt_dec_2023/292_2162117_Mobile Camera.jpg,0,0,1,1
/home/ajeet/codework/datasets/Training_Validation_Dataset_2024_Ajeet-20241107T105545Z-001/Training_Validation_Dataset_2024_Ajeet/caucasian_african_pt_dec_2023/1652_2163700_Imposter.jpg,1,1,0,0
/home/ajeet/codework/datasets/Training_Validation_Dataset_2024_Ajeet-20241107T105545Z-001/Training_Validation_Dataset_2024_Ajeet/caucasian_african_pt_dec_2023/2180_2165010_Imposter.jpg,1,1,0,0
/home/ajeet/codework/datasets/Training_Validation_Dataset_2024_Ajeet-20241107T105545Z-001/Training_Validation_Dataset_2024_Ajeet/caucasian_african_pt_dec_2023/979_2162453_Mobile Camera.jpg,1,0,1,1
/home/ajeet/codework/datasets/Training_Validation_Dataset_2024_Ajeet-20241107T105545Z-001/Training_Validation_Dataset_2024_Ajeet/caucasian_african_pt_dec_2023/1465_2163473_Mobile Camera.jpg,1,1,1,1
/home/ajeet/codework/datasets/Training_Validation_Dataset_2024_Ajeet-20241107T105545Z-001/Training_Validation_Dataset_2024_Ajeet/caucasian_african_pt_dec_2023/906_2162368_Imposter.jpg,0,1,0,0
/home/ajeet/codework/datasets/Training_Validation_Dataset_2024_Ajeet-20241107T105545Z-001/Training_Validation_Dataset_2024_Ajeet/caucasian_african_pt_dec_2023/1195_2163051_Imposter.jpg,0,1,0,0
/home/ajeet/codework/datasets/Training_Validation_Dataset_2024_Ajeet-20241107T105545Z-001/Training_Validation_Dataset_2024_Ajeet/caucasian_african_pt_dec_2023/17_2162036_Mobile Camera.jpg,0,1,1,0
/home/ajeet/codework/datasets/Training_Validation_Dataset_2024_Ajeet-20241107T105545Z-001/Training_Validation_Dataset_2024_Ajeet/caucasian_african_pt_dec_2023/1294_2163250_FVE - No Face Detected.jpg,1,1,0,1
/home/ajeet/codework/datasets/Training_Validation_Dataset_2024_Ajeet-20241107T105545Z-001/Training_Validation_Dataset_2024_Ajeet/caucasian_african_pt_dec_2023/26_2162045_Imposter.jpg,0,1,0,0
/home/ajeet/codework/datasets/Training_Validation_Dataset_2024_Ajeet-20241107T105545Z-001/Training_Validation_Dataset_2024_Ajeet/caucasian_african_pt_dec_2023/1206_2163095_Mobile Camera.jpg,1,1,0,1
/home/ajeet/codework/datasets/Training_Validation_Dataset_2024_Ajeet-20241107T105545Z-001/Training_Validation_Dataset_2024_Ajeet/caucasian_african_pt_dec_2023/2307_2165084_Imposter.jpg,1,1,0,0
/home/ajeet/codework/datasets/Training_Validation_Dataset_2024_Ajeet-20241107T105545Z-001/Training_Validation_Dataset_2024_Ajeet/caucasian_african_pt_dec_2023/146_2162067_Mobile Camera.jpg,0,0,0,1
/home/ajeet/codework/datasets/Training_Validation_Dataset_2024_Ajeet-20241107T105545Z-001/Training_Validation_Dataset_2024_Ajeet/caucasian_african_pt_dec_2023/265_2162108_Imposter.jpg,0,1,0,0
/home/ajeet/codework/datasets/Training_Validation_Dataset_2024_Ajeet-20241107T105545Z-001/Training_Validation_Dataset_2024_Ajeet/caucasian_african_pt_dec_2023/2665_2165275_Imposter.jpg,1,1,0,0
/home/ajeet/codework/datasets/Training_Validation_Dataset_2024_Ajeet-20241107T105545Z-001/Training_Validation_Dataset_2024_Ajeet/caucasian_african_pt_dec_2023/2015_2164976_Imposter.jpg,1,1,0,0
/home/ajeet/codework/datasets/Training_Validation_Dataset_2024_Ajeet-20241107T105545Z-001/Training_Validation_Dataset_2024_Ajeet/caucasian_african_pt_dec_2023/1157_2162988_Imposter.jpg,1,1,0,0
/home/ajeet/codework/datasets/Training_Validation_Dataset_2024_Ajeet-20241107T105545Z-001/Training_Validation_Dataset_2024_Ajeet/caucasian_african_pt_dec_2023/493_2162174_Imposter.jpg,1,1,0,0
/home/ajeet/codework/datasets/Training_Validation_Dataset_2024_Ajeet-20241107T105545Z-001/Training_Validation_Dataset_2024_Ajeet/caucasian_african_pt_dec_2023/1099_2162655_FVE - No Face Detected.jpg,0,1,0,0
/home/ajeet/codework/datasets/Training_Validation_Dataset_2024_Ajeet-20241107T105545Z-001/Training_Validation_Dataset_2024_Ajeet/caucasian_african_pt_dec_2023/2395_2165123_Imposter.jpg,0,1,0,0
/home/ajeet/codework/datasets/Training_Validation_Dataset_2024_Ajeet-20241107T105545Z-001/Training_Validation_Dataset_2024_Ajeet/caucasian_african_pt_dec_2023/1349_2163284_Imposter.jpg,1,1,0,0
/home/ajeet/codework/datasets/Training_Validation_Dataset_2024_Ajeet-20241107T105545Z-001/Training_Validation_Dataset_2024_Ajeet/caucasian_african_pt_dec_2023/779_2162304_Imposter.jpg,1,1,0,0
/home/ajeet/codework/datasets/Training_Validation_Dataset_2024_Ajeet-20241107T105545Z-001/Training_Validation_Dataset_2024_Ajeet/caucasian_african_pt_dec_2023/1446_2163443_Mobile Camera.jpg,1,1,0,1
/home/ajeet/codework/datasets/Training_Validation_Dataset_2024_Ajeet-20241107T105545Z-001/Training_Validation_Dataset_2024_Ajeet/caucasian_african_pt_dec_2023/2598_2165275_Imposter.jpg,1,1,0,0
/home/ajeet/codework/datasets/Training_Validation_Dataset_2024_Ajeet-20241107T105545Z-001/Training_Validation_Dataset_2024_Ajeet/caucasian_african_pt_dec_2023/2830_2165415_Mobile Camera.jpg,0,1,1,1
/home/ajeet/codework/datasets/Training_Validation_Dataset_2024_Ajeet-20241107T105545Z-001/Training_Validation_Dataset_2024_Ajeet/caucasian_african_pt_dec_2023/1420_2163397_Imposter.jpg,0,1,0,0
/home/ajeet/codework/datasets/Training_Validation_Dataset_2024_Ajeet-20241107T105545Z-001/Training_Validation_Dataset_2024_Ajeet/caucasian_african_pt_dec_2023/1577_2163626_Imposter.jpg,0,1,0,0
/home/ajeet/codework/datasets/Training_Validation_Dataset_2024_Ajeet-20241107T105545Z-001/Training_Validation_Dataset_2024_Ajeet/caucasian_african_pt_dec_2023/1283_2163250_Imposter.jpg,1,1,0,1
/home/ajeet/codework/datasets/Training_Validation_Dataset_2024_Ajeet-20241107T105545Z-001/Training_Validation_Dataset_2024_Ajeet/caucasian_african_pt_dec_2023/1524_2163586_Mobile Camera.jpg,1,1,0,1
/home/ajeet/codework/datasets/Training_Validation_Dataset_2024_Ajeet-20241107T105545Z-001/Training_Validation_Dataset_2024_Ajeet/caucasian_african_pt_dec_2023/902_2162368_Mobile Camera.jpg,1,1,0,1
/home/ajeet/codework/datasets/Training_Validation_Dataset_2024_Ajeet-20241107T105545Z-001/Training_Validation_Dataset_2024_Ajeet/caucasian_african_pt_dec_2023/306_2162120_Mobile Camera.jpg,1,1,1,1
/home/ajeet/codework/datasets/Training_Validation_Dataset_2024_Ajeet-20241107T105545Z-001/Training_Validation_Dataset_2024_Ajeet/caucasian_african_pt_dec_2023/808_2162304_Imposter.jpg,1,1,0,0
/home/ajeet/codework/datasets/Training_Validation_Dataset_2024_Ajeet-20241107T105545Z-001/Training_Validation_Dataset_2024_Ajeet/caucasian_african_pt_dec_2023/2783_2165373_Multiple people.jpg,1,1,0,0
/home/ajeet/codework/datasets/Training_Validation_Dataset_2024_Ajeet-20241107T105545Z-001/Training_Validation_Dataset_2024_Ajeet/caucasian_african_pt_dec_2023/1144_2162976_Mobile Camera.jpg,0,1,0,0
/home/ajeet/codework/datasets/Training_Validation_Dataset_2024_Ajeet-20241107T105545Z-001/Training_Validation_Dataset_2024_Ajeet/caucasian_african_pt_dec_2023/548_2162224_Imposter.jpg,0,0,0,0
/home/ajeet/codework/datasets/Training_Validation_Dataset_2024_Ajeet-20241107T105545Z-001/Training_Validation_Dataset_2024_Ajeet/caucasian_african_pt_dec_2023/1004_2162483_Imposter.jpg,1,1,0,0
/home/ajeet/codework/datasets/Training_Validation_Dataset_2024_Ajeet-20241107T105545Z-001/Training_Validation_Dataset_2024_Ajeet/caucasian_african_pt_dec_2023/2099_2164994_Imposter.jpg,1,1,0,0
/home/ajeet/codework/datasets/Training_Validation_Dataset_2024_Ajeet-20241107T105545Z-001/Training_Validation_Dataset_2024_Ajeet/caucasian_african_pt_dec_2023/2508_2165263_Imposter.jpg,1,1,0,0
/home/ajeet/codework/datasets/Training_Validation_Dataset_2024_Ajeet-20241107T105545Z-001/Training_Validation_Dataset_2024_Ajeet/caucasian_african_pt_dec_2023/2428_2165189_Mobile Camera.jpg,0,1,1,1
/home/ajeet/codework/datasets/Training_Validation_Dataset_2024_Ajeet-20241107T105545Z-001/Training_Validation_Dataset_2024_Ajeet/caucasian_african_pt_dec_2023/1080_2162604_FVE - No Face Detected.jpg,0,1,0,0
/home/ajeet/codework/datasets/Training_Validation_Dataset_2024_Ajeet-20241107T105545Z-001/Training_Validation_Dataset_2024_Ajeet/caucasian_african_pt_dec_2023/1793_2164738_Mobile Camera.jpg,0,0,0,1
/home/ajeet/codework/datasets/Training_Validation_Dataset_2024_Ajeet-20241107T105545Z-001/Training_Validation_Dataset_2024_Ajeet/caucasian_african_pt_dec_2023/798_2162304_Imposter.jpg,1,1,0,0
/home/ajeet/codework/datasets/Training_Validation_Dataset_2024_Ajeet-20241107T105545Z-001/Training_Validation_Dataset_2024_Ajeet/caucasian_african_pt_dec_2023/1428_2163413_FVE - No Face Detected.jpg,1,0,1,1
/home/ajeet/codework/datasets/Training_Validation_Dataset_2024_Ajeet-20241107T105545Z-001/Training_Validation_Dataset_2024_Ajeet/caucasian_african_pt_dec_2023/1362_2163300_Mobile Camera.jpg,0,1,0,1
/home/ajeet/codework/datasets/Training_Validation_Dataset_2024_Ajeet-20241107T105545Z-001/Training_Validation_Dataset_2024_Ajeet/caucasian_african_pt_dec_2023/348_2162125_Mobile Camera.jpg,0,1,1,0
/home/ajeet/codework/datasets/Training_Validation_Dataset_2024_Ajeet-20241107T105545Z-001/Training_Validation_Dataset_2024_Ajeet/caucasian_african_pt_dec_2023/2489_2165263_Imposter.jpg,1,1,0,0
/home/ajeet/codework/datasets/Training_Validation_Dataset_2024_Ajeet-20241107T105545Z-001/Training_Validation_Dataset_2024_Ajeet/caucasian_african_pt_dec_2023/2210_2165014_Imposter.jpg,0,1,0,0
/home/ajeet/codework/datasets/Training_Validation_Dataset_2024_Ajeet-20241107T105545Z-001/Training_Validation_Dataset_2024_Ajeet/caucasian_african_pt_dec_2023/215_2162093_Mobile Camera.jpg,1,1,1,0
/home/ajeet/codework/datasets/Training_Validation_Dataset_2024_Ajeet-20241107T105545Z-001/Training_Validation_Dataset_2024_Ajeet/caucasian_african_pt_dec_2023/2227_2165018_Multiple people.jpg,1,1,0,1
/home/ajeet/codework/datasets/Training_Validation_Dataset_2024_Ajeet-20241107T105545Z-001/Training_Validation_Dataset_2024_Ajeet/caucasian_african_pt_dec_2023/811_2162307_Imposter.jpg,1,1,0,0
/home/ajeet/codework/datasets/Training_Validation_Dataset_2024_Ajeet-20241107T105545Z-001/Training_Validation_Dataset_2024_Ajeet/caucasian_african_pt_dec_2023/2221_2165018_Mobile Camera.jpg,1,1,1,1
/home/ajeet/codework/datasets/Training_Validation_Dataset_2024_Ajeet-20241107T105545Z-001/Training_Validation_Dataset_2024_Ajeet/caucasian_african_pt_dec_2023/1268_2163240_Imposter.jpg,1,1,0,0
/home/ajeet/codework/datasets/Training_Validation_Dataset_2024_Ajeet-20241107T105545Z-001/Training_Validation_Dataset_2024_Ajeet/caucasian_african_pt_dec_2023/2091_2164994_Imposter.jpg,1,1,0,0
/home/ajeet/codework/datasets/Training_Validation_Dataset_2024_Ajeet-20241107T105545Z-001/Training_Validation_Dataset_2024_Ajeet/caucasian_african_pt_dec_2023/1656_2163708_Mobile Camera.jpg,1,1,0,1
/home/ajeet/codework/datasets/Training_Validation_Dataset_2024_Ajeet-20241107T105545Z-001/Training_Validation_Dataset_2024_Ajeet/caucasian_african_pt_dec_2023/376_2162129_Imposter.jpg,1,1,0,0
/home/ajeet/codework/datasets/Training_Validation_Dataset_2024_Ajeet-20241107T105545Z-001/Training_Validation_Dataset_2024_Ajeet/caucasian_african_pt_dec_2023/352_2162125_Imposter.jpg,0,1,0,0
/home/ajeet/codework/datasets/Training_Validation_Dataset_2024_Ajeet-20241107T105545Z-001/Training_Validation_Dataset_2024_Ajeet/caucasian_african_pt_dec_2023/72_2162050_Imposter.jpg,0,1,0,0
/home/ajeet/codework/datasets/Training_Validation_Dataset_2024_Ajeet-20241107T105545Z-001/Training_Validation_Dataset_2024_Ajeet/caucasian_african_pt_dec_2023/2085_2164994_Imposter.jpg,1,1,0,0
/home/ajeet/codework/datasets/Training_Validation_Dataset_2024_Ajeet-20241107T105545Z-001/Training_Validation_Dataset_2024_Ajeet/caucasian_african_pt_dec_2023/705_2162304_Imposter.jpg,1,1,0,0
/home/ajeet/codework/datasets/Training_Validation_Dataset_2024_Ajeet-20241107T105545Z-001/Training_Validation_Dataset_2024_Ajeet/caucasian_african_pt_dec_2023/2218_2165015_FVE - No Face Detected.jpg,1,1,0,0
/home/ajeet/codework/datasets/Training_Validation_Dataset_2024_Ajeet-20241107T105545Z-001/Training_Validation_Dataset_2024_Ajeet/caucasian_african_pt_dec_2023/2746_2165327_FVE - No Face Detected.jpg,1,1,0,0
/home/ajeet/codework/datasets/Training_Validation_Dataset_2024_Ajeet-20241107T105545Z-001/Training_Validation_Dataset_2024_Ajeet/caucasian_african_pt_dec_2023/1092_2162650_Mobile Camera.jpg,1,0,0,1
/home/ajeet/codework/datasets/Training_Validation_Dataset_2024_Ajeet-20241107T105545Z-001/Training_Validation_Dataset_2024_Ajeet/caucasian_african_pt_dec_2023/913_2162369_Mobile Camera.jpg,0,1,0,1
/home/ajeet/codework/datasets/Training_Validation_Dataset_2024_Ajeet-20241107T105545Z-001/Training_Validation_Dataset_2024_Ajeet/caucasian_african_pt_dec_2023/1702_2163756_Imposter.jpg,0,1,0,1
/home/ajeet/codework/datasets/Training_Validation_Dataset_2024_Ajeet-20241107T105545Z-001/Training_Validation_Dataset_2024_Ajeet/caucasian_african_pt_dec_2023/2140_2164997_Imposter.jpg,1,1,0,0
/home/ajeet/codework/datasets/Training_Validation_Dataset_2024_Ajeet-20241107T105545Z-001/Training_Validation_Dataset_2024_Ajeet/caucasian_african_pt_dec_2023/760_2162304_Imposter.jpg,1,1,0,0
/home/ajeet/codework/datasets/Training_Validation_Dataset_2024_Ajeet-20241107T105545Z-001/Training_Validation_Dataset_2024_Ajeet/caucasian_african_pt_dec_2023/945_2162410_Mobile Camera.jpg,1,1,1,1
/home/ajeet/codework/datasets/Training_Validation_Dataset_2024_Ajeet-20241107T105545Z-001/Training_Validation_Dataset_2024_Ajeet/caucasian_african_pt_dec_2023/2348_2165096_Imposter.jpg,1,0,0,0
/home/ajeet/codework/datasets/Training_Validation_Dataset_2024_Ajeet-20241107T105545Z-001/Training_Validation_Dataset_2024_Ajeet/caucasian_african_pt_dec_2023/2126_2164997_Imposter.jpg,1,0,0,0
/home/ajeet/codework/datasets/Training_Validation_Dataset_2024_Ajeet-20241107T105545Z-001/Training_Validation_Dataset_2024_Ajeet/caucasian_african_pt_dec_2023/2245_2165027_Imposter.jpg,0,1,0,1
/home/ajeet/codework/datasets/Training_Validation_Dataset_2024_Ajeet-20241107T105545Z-001/Training_Validation_Dataset_2024_Ajeet/caucasian_african_pt_dec_2023/490_2162174_Mobile Camera.jpg,1,1,0,1
/home/ajeet/codework/datasets/Training_Validation_Dataset_2024_Ajeet-20241107T105545Z-001/Training_Validation_Dataset_2024_Ajeet/caucasian_african_pt_dec_2023/1035_2162503_Imposter.jpg,1,1,0,1
/home/ajeet/codework/datasets/Training_Validation_Dataset_2024_Ajeet-20241107T105545Z-001/Training_Validation_Dataset_2024_Ajeet/caucasian_african_pt_dec_2023/2206_2165014_Imposter.jpg,0,1,0,0
/home/ajeet/codework/datasets/Training_Validation_Dataset_2024_Ajeet-20241107T105545Z-001/Training_Validation_Dataset_2024_Ajeet/caucasian_african_pt_dec_2023/304_2162117_Imposter.jpg,0,1,0,0
/home/ajeet/codework/datasets/Training_Validation_Dataset_2024_Ajeet-20241107T105545Z-001/Training_Validation_Dataset_2024_Ajeet/caucasian_african_pt_dec_2023/71_2162050_Imposter.jpg,0,1,0,0
/home/ajeet/codework/datasets/Training_Validation_Dataset_2024_Ajeet-20241107T105545Z-001/Training_Validation_Dataset_2024_Ajeet/caucasian_african_pt_dec_2023/464_2162163_Mobile Camera.jpg,1,1,0,1
/home/ajeet/codework/datasets/Training_Validation_Dataset_2024_Ajeet-20241107T105545Z-001/Training_Validation_Dataset_2024_Ajeet/caucasian_african_pt_dec_2023/2458_2165214_FVE - No Face Detected.jpg,1,1,1,0
/home/ajeet/codework/datasets/Training_Validation_Dataset_2024_Ajeet-20241107T105545Z-001/Training_Validation_Dataset_2024_Ajeet/caucasian_african_pt_dec_2023/969_2162442_Mobile Camera.jpg,1,1,0,1
/home/ajeet/codework/datasets/Training_Validation_Dataset_2024_Ajeet-20241107T105545Z-001/Training_Validation_Dataset_2024_Ajeet/caucasian_african_pt_dec_2023/89_2162061_Mobile Camera.jpg,0,1,1,0
/home/ajeet/codework/datasets/Training_Validation_Dataset_2024_Ajeet-20241107T105545Z-001/Training_Validation_Dataset_2024_Ajeet/caucasian_african_pt_dec_2023/1657_2163708_FVE - No Face Detected.jpg,1,1,0,0
/home/ajeet/codework/datasets/Training_Validation_Dataset_2024_Ajeet-20241107T105545Z-001/Training_Validation_Dataset_2024_Ajeet/caucasian_african_pt_dec_2023/2034_2164987_Multiple people.jpg,1,1,0,1
/home/ajeet/codework/datasets/Training_Validation_Dataset_2024_Ajeet-20241107T105545Z-001/Training_Validation_Dataset_2024_Ajeet/caucasian_african_pt_dec_2023/1769_2164627_Imposter.jpg,0,1,0,1
/home/ajeet/codework/datasets/Training_Validation_Dataset_2024_Ajeet-20241107T105545Z-001/Training_Validation_Dataset_2024_Ajeet/caucasian_african_pt_dec_2023/2541_2165267_Imposter.jpg,1,1,0,0
/home/ajeet/codework/datasets/Training_Validation_Dataset_2024_Ajeet-20241107T105545Z-001/Training_Validation_Dataset_2024_Ajeet/caucasian_african_pt_dec_2023/2035_2164987_Mobile Camera.jpg,1,1,0,1
/home/ajeet/codework/datasets/Training_Validation_Dataset_2024_Ajeet-20241107T105545Z-001/Training_Validation_Dataset_2024_Ajeet/caucasian_african_pt_dec_2023/1682_2163740_Mobile Camera.jpg,1,1,1,1
/home/ajeet/codework/datasets/Training_Validation_Dataset_2024_Ajeet-20241107T105545Z-001/Training_Validation_Dataset_2024_Ajeet/caucasian_african_pt_dec_2023/2529_2165263_Imposter.jpg,1,1,0,0
/home/ajeet/codework/datasets/Training_Validation_Dataset_2024_Ajeet-20241107T105545Z-001/Training_Validation_Dataset_2024_Ajeet/caucasian_african_pt_dec_2023/1910_2164945_Imposter.jpg,0,1,0,0
/home/ajeet/codework/datasets/Training_Validation_Dataset_2024_Ajeet-20241107T105545Z-001/Training_Validation_Dataset_2024_Ajeet/caucasian_african_pt_dec_2023/2105_2164994_FVE - No Face Detected.jpg,1,1,0,0
/home/ajeet/codework/datasets/Training_Validation_Dataset_2024_Ajeet-20241107T105545Z-001/Training_Validation_Dataset_2024_Ajeet/caucasian_african_pt_dec_2023/731_2162304_Imposter.jpg,1,1,0,0
/home/ajeet/codework/datasets/Training_Validation_Dataset_2024_Ajeet-20241107T105545Z-001/Training_Validation_Dataset_2024_Ajeet/caucasian_african_pt_dec_2023/1166_2163019_Mobile Camera.jpg,1,1,0,1
/home/ajeet/codework/datasets/Training_Validation_Dataset_2024_Ajeet-20241107T105545Z-001/Training_Validation_Dataset_2024_Ajeet/caucasian_african_pt_dec_2023/1914_2164945_FVE - No Face Detected.jpg,1,1,0,0
/home/ajeet/codework/datasets/Training_Validation_Dataset_2024_Ajeet-20241107T105545Z-001/Training_Validation_Dataset_2024_Ajeet/caucasian_african_pt_dec_2023/2437_2165189_Mobile Camera.jpg,1,1,0,1
/home/ajeet/codework/datasets/Training_Validation_Dataset_2024_Ajeet-20241107T105545Z-001/Training_Validation_Dataset_2024_Ajeet/caucasian_african_pt_dec_2023/2412_2165169_Imposter.jpg,0,1,0,0
/home/ajeet/codework/datasets/Training_Validation_Dataset_2024_Ajeet-20241107T105545Z-001/Training_Validation_Dataset_2024_Ajeet/caucasian_african_pt_dec_2023/2749_2165327_Imposter.jpg,1,1,0,0
/home/ajeet/codework/datasets/Training_Validation_Dataset_2024_Ajeet-20241107T105545Z-001/Training_Validation_Dataset_2024_Ajeet/caucasian_african_pt_dec_2023/452_2162144_Mobile Camera.jpg,1,1,0,1
/home/ajeet/codework/datasets/Training_Validation_Dataset_2024_Ajeet-20241107T105545Z-001/Training_Validation_Dataset_2024_Ajeet/caucasian_african_pt_dec_2023/2062_2164994_Imposter.jpg,1,1,0,0
/home/ajeet/codework/datasets/Training_Validation_Dataset_2024_Ajeet-20241107T105545Z-001/Training_Validation_Dataset_2024_Ajeet/caucasian_african_pt_dec_2023/765_2162304_Imposter.jpg,0,1,0,0
/home/ajeet/codework/datasets/Training_Validation_Dataset_2024_Ajeet-20241107T105545Z-001/Training_Validation_Dataset_2024_Ajeet/caucasian_african_pt_dec_2023/2296_2165060_Mobile Camera.jpg,1,1,1,1
/home/ajeet/codework/datasets/Training_Validation_Dataset_2024_Ajeet-20241107T105545Z-001/Training_Validation_Dataset_2024_Ajeet/caucasian_african_pt_dec_2023/1255_2163240_Imposter.jpg,1,1,0,0
/home/ajeet/codework/datasets/Training_Validation_Dataset_2024_Ajeet-20241107T105545Z-001/Training_Validation_Dataset_2024_Ajeet/caucasian_african_pt_dec_2023/1796_2164794_Imposter.jpg,1,1,0,0
/home/ajeet/codework/datasets/Training_Validation_Dataset_2024_Ajeet-20241107T105545Z-001/Training_Validation_Dataset_2024_Ajeet/caucasian_african_pt_dec_2023/153_2162072_FVE - No Face Detected.jpg,1,1,0,0
/home/ajeet/codework/datasets/Training_Validation_Dataset_2024_Ajeet-20241107T105545Z-001/Training_Validation_Dataset_2024_Ajeet/caucasian_african_pt_dec_2023/439_2162134_Mobile Camera.jpg,1,1,0,1
/home/ajeet/codework/datasets/Training_Validation_Dataset_2024_Ajeet-20241107T105545Z-001/Training_Validation_Dataset_2024_Ajeet/caucasian_african_pt_dec_2023/1897_2164935_Multiple people.jpg,1,1,0,0
/home/ajeet/codework/datasets/Training_Validation_Dataset_2024_Ajeet-20241107T105545Z-001/Training_Validation_Dataset_2024_Ajeet/caucasian_african_pt_dec_2023/582_2162276_Mobile Camera.jpg,0,1,0,1
/home/ajeet/codework/datasets/Training_Validation_Dataset_2024_Ajeet-20241107T105545Z-001/Training_Validation_Dataset_2024_Ajeet/caucasian_african_pt_dec_2023/2459_2165214_Mobile Camera.jpg,1,1,1,1
/home/ajeet/codework/datasets/Training_Validation_Dataset_2024_Ajeet-20241107T105545Z-001/Training_Validation_Dataset_2024_Ajeet/caucasian_african_pt_dec_2023/354_2162125_Imposter.jpg,0,1,0,0
/home/ajeet/codework/datasets/Training_Validation_Dataset_2024_Ajeet-20241107T105545Z-001/Training_Validation_Dataset_2024_Ajeet/caucasian_african_pt_dec_2023/1038_2162503_Imposter.jpg,1,1,0,0
/home/ajeet/codework/datasets/Training_Validation_Dataset_2024_Ajeet-20241107T105545Z-001/Training_Validation_Dataset_2024_Ajeet/caucasian_african_pt_dec_2023/1978_2164972_Mobile Camera.jpg,1,1,1,1
/home/ajeet/codework/datasets/Training_Validation_Dataset_2024_Ajeet-20241107T105545Z-001/Training_Validation_Dataset_2024_Ajeet/caucasian_african_pt_dec_2023/447_2162134_Mobile Camera.jpg,0,1,1,1
/home/ajeet/codework/datasets/Training_Validation_Dataset_2024_Ajeet-20241107T105545Z-001/Training_Validation_Dataset_2024_Ajeet/caucasian_african_pt_dec_2023/119_2162064_Mobile Camera.jpg,1,0,1,1
/home/ajeet/codework/datasets/Training_Validation_Dataset_2024_Ajeet-20241107T105545Z-001/Training_Validation_Dataset_2024_Ajeet/caucasian_african_pt_dec_2023/520_2162216_Mobile Camera.jpg,1,1,1,1
/home/ajeet/codework/datasets/Training_Validation_Dataset_2024_Ajeet-20241107T105545Z-001/Training_Validation_Dataset_2024_Ajeet/caucasian_african_pt_dec_2023/2042_2164992_Imposter.jpg,0,1,0,0
/home/ajeet/codework/datasets/Training_Validation_Dataset_2024_Ajeet-20241107T105545Z-001/Training_Validation_Dataset_2024_Ajeet/caucasian_african_pt_dec_2023/2106_2164994_FVE - No Face Detected.jpg,1,1,0,0
/home/ajeet/codework/datasets/Training_Validation_Dataset_2024_Ajeet-20241107T105545Z-001/Training_Validation_Dataset_2024_Ajeet/caucasian_african_pt_dec_2023/2359_2165100_Mobile Camera.jpg,1,1,0,0
/home/ajeet/codework/datasets/Training_Validation_Dataset_2024_Ajeet-20241107T105545Z-001/Training_Validation_Dataset_2024_Ajeet/caucasian_african_pt_dec_2023/2426_2165189_Mobile Camera.jpg,0,1,0,1
/home/ajeet/codework/datasets/Training_Validation_Dataset_2024_Ajeet-20241107T105545Z-001/Training_Validation_Dataset_2024_Ajeet/caucasian_african_pt_dec_2023/1205_2163077_Mobile Camera.jpg,1,1,0,1
/home/ajeet/codework/datasets/Training_Validation_Dataset_2024_Ajeet-20241107T105545Z-001/Training_Validation_Dataset_2024_Ajeet/caucasian_african_pt_dec_2023/1638_2163656_Imposter.jpg,1,1,0,0
/home/ajeet/codework/datasets/Training_Validation_Dataset_2024_Ajeet-20241107T105545Z-001/Training_Validation_Dataset_2024_Ajeet/caucasian_african_pt_dec_2023/2549_2165269_Mobile Camera.jpg,1,1,1,1
/home/ajeet/codework/datasets/Training_Validation_Dataset_2024_Ajeet-20241107T105545Z-001/Training_Validation_Dataset_2024_Ajeet/caucasian_african_pt_dec_2023/2641_2165275_Imposter.jpg,1,1,0,0
/home/ajeet/codework/datasets/Training_Validation_Dataset_2024_Ajeet-20241107T105545Z-001/Training_Validation_Dataset_2024_Ajeet/caucasian_african_pt_dec_2023/696_2162304_Imposter.jpg,1,1,0,0
/home/ajeet/codework/datasets/Training_Validation_Dataset_2024_Ajeet-20241107T105545Z-001/Training_Validation_Dataset_2024_Ajeet/caucasian_african_pt_dec_2023/1117_2162762_FVE - No Face Detected.jpg,1,1,0,0
/home/ajeet/codework/datasets/Training_Validation_Dataset_2024_Ajeet-20241107T105545Z-001/Training_Validation_Dataset_2024_Ajeet/caucasian_african_pt_dec_2023/1438_2163433_Mobile Camera.jpg,1,0,1,1
/home/ajeet/codework/datasets/Training_Validation_Dataset_2024_Ajeet-20241107T105545Z-001/Training_Validation_Dataset_2024_Ajeet/caucasian_african_pt_dec_2023/79_2162052_Imposter.jpg,1,1,0,0
/home/ajeet/codework/datasets/Training_Validation_Dataset_2024_Ajeet-20241107T105545Z-001/Training_Validation_Dataset_2024_Ajeet/caucasian_african_pt_dec_2023/1507_2163518_Mobile Camera.jpg,0,1,1,1
/home/ajeet/codework/datasets/Training_Validation_Dataset_2024_Ajeet-20241107T105545Z-001/Training_Validation_Dataset_2024_Ajeet/caucasian_african_pt_dec_2023/2088_2164994_Imposter.jpg,1,1,0,0
/home/ajeet/codework/datasets/Training_Validation_Dataset_2024_Ajeet-20241107T105545Z-001/Training_Validation_Dataset_2024_Ajeet/caucasian_african_pt_dec_2023/1003_2162483_Imposter.jpg,1,1,0,0
/home/ajeet/codework/datasets/Training_Validation_Dataset_2024_Ajeet-20241107T105545Z-001/Training_Validation_Dataset_2024_Ajeet/caucasian_african_pt_dec_2023/334_2162123_FVE - No Face Detected.jpg,1,1,0,0
/home/ajeet/codework/datasets/Training_Validation_Dataset_2024_Ajeet-20241107T105545Z-001/Training_Validation_Dataset_2024_Ajeet/caucasian_african_pt_dec_2023/293_2162117_Mobile Camera.jpg,0,1,0,1
/home/ajeet/codework/datasets/Training_Validation_Dataset_2024_Ajeet-20241107T105545Z-001/Training_Validation_Dataset_2024_Ajeet/caucasian_african_pt_dec_2023/2838_2165418_Mobile Camera.jpg,1,1,0,1
/home/ajeet/codework/datasets/Training_Validation_Dataset_2024_Ajeet-20241107T105545Z-001/Training_Validation_Dataset_2024_Ajeet/caucasian_african_pt_dec_2023/2714_2165289_Imposter.jpg,0,1,0,0
/home/ajeet/codework/datasets/Training_Validation_Dataset_2024_Ajeet-20241107T105545Z-001/Training_Validation_Dataset_2024_Ajeet/caucasian_african_pt_dec_2023/2433_2165189_Imposter.jpg,0,0,0,1
/home/ajeet/codework/datasets/Training_Validation_Dataset_2024_Ajeet-20241107T105545Z-001/Training_Validation_Dataset_2024_Ajeet/caucasian_african_pt_dec_2023/2666_2165275_Imposter.jpg,1,1,0,0
/home/ajeet/codework/datasets/Training_Validation_Dataset_2024_Ajeet-20241107T105545Z-001/Training_Validation_Dataset_2024_Ajeet/caucasian_african_pt_dec_2023/722_2162304_Imposter.jpg,1,1,0,0
/home/ajeet/codework/datasets/Training_Validation_Dataset_2024_Ajeet-20241107T105545Z-001/Training_Validation_Dataset_2024_Ajeet/caucasian_african_pt_dec_2023/1704_2163756_Imposter.jpg,0,1,0,0
/home/ajeet/codework/datasets/Training_Validation_Dataset_2024_Ajeet-20241107T105545Z-001/Training_Validation_Dataset_2024_Ajeet/caucasian_african_pt_dec_2023/1496_2163502_Imposter.jpg,1,1,0,1
/home/ajeet/codework/datasets/Training_Validation_Dataset_2024_Ajeet-20241107T105545Z-001/Training_Validation_Dataset_2024_Ajeet/caucasian_african_pt_dec_2023/676_2162304_Imposter.jpg,1,1,0,0
/home/ajeet/codework/datasets/Training_Validation_Dataset_2024_Ajeet-20241107T105545Z-001/Training_Validation_Dataset_2024_Ajeet/caucasian_african_pt_dec_2023/2488_2165263_Imposter.jpg,1,1,0,0
/home/ajeet/codework/datasets/Training_Validation_Dataset_2024_Ajeet-20241107T105545Z-001/Training_Validation_Dataset_2024_Ajeet/caucasian_african_pt_dec_2023/2798_2165386_Imposter.jpg,1,1,0,0
/home/ajeet/codework/datasets/Training_Validation_Dataset_2024_Ajeet-20241107T105545Z-001/Training_Validation_Dataset_2024_Ajeet/caucasian_african_pt_dec_2023/987_2162475_Imposter.jpg,1,1,0,0
/home/ajeet/codework/datasets/Training_Validation_Dataset_2024_Ajeet-20241107T105545Z-001/Training_Validation_Dataset_2024_Ajeet/caucasian_african_pt_dec_2023/2625_2165275_Imposter.jpg,1,1,0,0
/home/ajeet/codework/datasets/Training_Validation_Dataset_2024_Ajeet-20241107T105545Z-001/Training_Validation_Dataset_2024_Ajeet/caucasian_african_pt_dec_2023/2682_2165285_Mobile Camera.jpg,1,1,1,1
/home/ajeet/codework/datasets/Training_Validation_Dataset_2024_Ajeet-20241107T105545Z-001/Training_Validation_Dataset_2024_Ajeet/caucasian_african_pt_dec_2023/315_2162120_Mobile Camera.jpg,0,1,1,1
/home/ajeet/codework/datasets/Training_Validation_Dataset_2024_Ajeet-20241107T105545Z-001/Training_Validation_Dataset_2024_Ajeet/caucasian_african_pt_dec_2023/1341_2163276_Imposter.jpg,0,1,0,0
/home/ajeet/codework/datasets/Training_Validation_Dataset_2024_Ajeet-20241107T105545Z-001/Training_Validation_Dataset_2024_Ajeet/caucasian_african_pt_dec_2023/2456_2165214_Mobile Camera.jpg,1,1,1,0
/home/ajeet/codework/datasets/Training_Validation_Dataset_2024_Ajeet-20241107T105545Z-001/Training_Validation_Dataset_2024_Ajeet/caucasian_african_pt_dec_2023/1437_2163432_Mobile Camera.jpg,1,1,1,1
/home/ajeet/codework/datasets/Training_Validation_Dataset_2024_Ajeet-20241107T105545Z-001/Training_Validation_Dataset_2024_Ajeet/caucasian_african_pt_dec_2023/785_2162304_Imposter.jpg,1,1,0,0
/home/ajeet/codework/datasets/Training_Validation_Dataset_2024_Ajeet-20241107T105545Z-001/Training_Validation_Dataset_2024_Ajeet/caucasian_african_pt_dec_2023/32_2162050_Imposter.jpg,0,1,0,0
/home/ajeet/codework/datasets/Training_Validation_Dataset_2024_Ajeet-20241107T105545Z-001/Training_Validation_Dataset_2024_Ajeet/caucasian_african_pt_dec_2023/1053_2162526_Mobile Camera.jpg,0,1,1,1
/home/ajeet/codework/datasets/Training_Validation_Dataset_2024_Ajeet-20241107T105545Z-001/Training_Validation_Dataset_2024_Ajeet/caucasian_african_pt_dec_2023/2542_2165267_Imposter.jpg,1,1,0,0
/home/ajeet/codework/datasets/Training_Validation_Dataset_2024_Ajeet-20241107T105545Z-001/Training_Validation_Dataset_2024_Ajeet/caucasian_african_pt_dec_2023/2807_2165386_Imposter.jpg,1,1,0,0
/home/ajeet/codework/datasets/Training_Validation_Dataset_2024_Ajeet-20241107T105545Z-001/Training_Validation_Dataset_2024_Ajeet/caucasian_african_pt_dec_2023/2008_2164972_Mobile Camera.jpg,1,1,1,1
/home/ajeet/codework/datasets/Training_Validation_Dataset_2024_Ajeet-20241107T105545Z-001/Training_Validation_Dataset_2024_Ajeet/caucasian_african_pt_dec_2023/2129_2164997_Imposter.jpg,1,1,0,1
/home/ajeet/codework/datasets/Training_Validation_Dataset_2024_Ajeet-20241107T105545Z-001/Training_Validation_Dataset_2024_Ajeet/caucasian_african_pt_dec_2023/1513_2163557_Mobile Camera.jpg,1,1,1,1
/home/ajeet/codework/datasets/Training_Validation_Dataset_2024_Ajeet-20241107T105545Z-001/Training_Validation_Dataset_2024_Ajeet/caucasian_african_pt_dec_2023/2621_2165275_Imposter.jpg,1,1,0,0
/home/ajeet/codework/datasets/Training_Validation_Dataset_2024_Ajeet-20241107T105545Z-001/Training_Validation_Dataset_2024_Ajeet/caucasian_african_pt_dec_2023/1229_2163232_Mobile Camera.jpg,1,1,1,0
/home/ajeet/codework/datasets/Training_Validation_Dataset_2024_Ajeet-20241107T105545Z-001/Training_Validation_Dataset_2024_Ajeet/caucasian_african_pt_dec_2023/717_2162304_Imposter.jpg,1,1,0,0
/home/ajeet/codework/datasets/Training_Validation_Dataset_2024_Ajeet-20241107T105545Z-001/Training_Validation_Dataset_2024_Ajeet/caucasian_african_pt_dec_2023/23_2162037_Mobile Camera.jpg,1,1,1,1
/home/ajeet/codework/datasets/Training_Validation_Dataset_2024_Ajeet-20241107T105545Z-001/Training_Validation_Dataset_2024_Ajeet/caucasian_african_pt_dec_2023/730_2162304_Imposter.jpg,1,1,0,0
/home/ajeet/codework/datasets/Training_Validation_Dataset_2024_Ajeet-20241107T105545Z-001/Training_Validation_Dataset_2024_Ajeet/caucasian_african_pt_dec_2023/528_2162224_Imposter.jpg,1,1,0,0
/home/ajeet/codework/datasets/Training_Validation_Dataset_2024_Ajeet-20241107T105545Z-001/Training_Validation_Dataset_2024_Ajeet/caucasian_african_pt_dec_2023/2531_2165267_Imposter.jpg,1,1,0,0
/home/ajeet/codework/datasets/Training_Validation_Dataset_2024_Ajeet-20241107T105545Z-001/Training_Validation_Dataset_2024_Ajeet/caucasian_african_pt_dec_2023/2135_2164997_Imposter.jpg,1,1,0,0
/home/ajeet/codework/datasets/Training_Validation_Dataset_2024_Ajeet-20241107T105545Z-001/Training_Validation_Dataset_2024_Ajeet/caucasian_african_pt_dec_2023/2634_2165275_Imposter.jpg,1,1,0,0
/home/ajeet/codework/datasets/Training_Validation_Dataset_2024_Ajeet-20241107T105545Z-001/Training_Validation_Dataset_2024_Ajeet/caucasian_african_pt_dec_2023/1972_2164971_Imposter.jpg,1,1,0,0
/home/ajeet/codework/datasets/Training_Validation_Dataset_2024_Ajeet-20241107T105545Z-001/Training_Validation_Dataset_2024_Ajeet/caucasian_african_pt_dec_2023/2518_2165263_Imposter.jpg,1,1,0,0
/home/ajeet/codework/datasets/Training_Validation_Dataset_2024_Ajeet-20241107T105545Z-001/Training_Validation_Dataset_2024_Ajeet/caucasian_african_pt_dec_2023/1714_2163773_Imposter.jpg,1,1,0,1
/home/ajeet/codework/datasets/Training_Validation_Dataset_2024_Ajeet-20241107T105545Z-001/Training_Validation_Dataset_2024_Ajeet/caucasian_african_pt_dec_2023/512_2162204_Imposter.jpg,1,0,0,0
/home/ajeet/codework/datasets/Training_Validation_Dataset_2024_Ajeet-20241107T105545Z-001/Training_Validation_Dataset_2024_Ajeet/caucasian_african_pt_dec_2023/938_2162410_Mobile Camera.jpg,1,1,1,1
/home/ajeet/codework/datasets/Training_Validation_Dataset_2024_Ajeet-20241107T105545Z-001/Training_Validation_Dataset_2024_Ajeet/caucasian_african_pt_dec_2023/824_2162309_Mobile Camera.jpg,1,1,0,1
/home/ajeet/codework/datasets/Training_Validation_Dataset_2024_Ajeet-20241107T105545Z-001/Training_Validation_Dataset_2024_Ajeet/caucasian_african_pt_dec_2023/1533_2163597_Imposter.jpg,1,1,0,0
/home/ajeet/codework/datasets/Training_Validation_Dataset_2024_Ajeet-20241107T105545Z-001/Training_Validation_Dataset_2024_Ajeet/caucasian_african_pt_dec_2023/1094_2162651_Mobile Camera.jpg,0,1,0,1
/home/ajeet/codework/datasets/Training_Validation_Dataset_2024_Ajeet-20241107T105545Z-001/Training_Validation_Dataset_2024_Ajeet/caucasian_african_pt_dec_2023/2230_2165018_Mobile Camera.jpg,1,1,0,1
/home/ajeet/codework/datasets/Training_Validation_Dataset_2024_Ajeet-20241107T105545Z-001/Training_Validation_Dataset_2024_Ajeet/caucasian_african_pt_dec_2023/463_2162163_Mobile Camera.jpg,1,1,0,1
/home/ajeet/codework/datasets/Training_Validation_Dataset_2024_Ajeet-20241107T105545Z-001/Training_Validation_Dataset_2024_Ajeet/caucasian_african_pt_dec_2023/1636_2163656_Multiple people.jpg,1,1,0,0
/home/ajeet/codework/datasets/Training_Validation_Dataset_2024_Ajeet-20241107T105545Z-001/Training_Validation_Dataset_2024_Ajeet/caucasian_african_pt_dec_2023/343_2162124_FVE - No Face Detected.jpg,1,1,0,0
/home/ajeet/codework/datasets/Training_Validation_Dataset_2024_Ajeet-20241107T105545Z-001/Training_Validation_Dataset_2024_Ajeet/caucasian_african_pt_dec_2023/2516_2165263_Mobile Camera.jpg,1,1,0,1
/home/ajeet/codework/datasets/Training_Validation_Dataset_2024_Ajeet-20241107T105545Z-001/Training_Validation_Dataset_2024_Ajeet/caucasian_african_pt_dec_2023/1558_2163597_Imposter.jpg,0,1,0,0
/home/ajeet/codework/datasets/Training_Validation_Dataset_2024_Ajeet-20241107T105545Z-001/Training_Validation_Dataset_2024_Ajeet/caucasian_african_pt_dec_2023/1449_2163443_Imposter.jpg,1,1,0,0
/home/ajeet/codework/datasets/Training_Validation_Dataset_2024_Ajeet-20241107T105545Z-001/Training_Validation_Dataset_2024_Ajeet/caucasian_african_pt_dec_2023/1875_2164929_Imposter.jpg,0,1,0,0
/home/ajeet/codework/datasets/Training_Validation_Dataset_2024_Ajeet-20241107T105545Z-001/Training_Validation_Dataset_2024_Ajeet/caucasian_african_pt_dec_2023/2320_2165084_Imposter.jpg,1,1,0,0
/home/ajeet/codework/datasets/Training_Validation_Dataset_2024_Ajeet-20241107T105545Z-001/Training_Validation_Dataset_2024_Ajeet/caucasian_african_pt_dec_2023/2373_2165110_FVE - No Face Detected.jpg,1,1,0,0
/home/ajeet/codework/datasets/Training_Validation_Dataset_2024_Ajeet-20241107T105545Z-001/Training_Validation_Dataset_2024_Ajeet/caucasian_african_pt_dec_2023/1231_2163233_Mobile Camera.jpg,1,0,0,0
/home/ajeet/codework/datasets/Training_Validation_Dataset_2024_Ajeet-20241107T105545Z-001/Training_Validation_Dataset_2024_Ajeet/caucasian_african_pt_dec_2023/1171_2163030_Multiple people.jpg,1,1,0,0
/home/ajeet/codework/datasets/Training_Validation_Dataset_2024_Ajeet-20241107T105545Z-001/Training_Validation_Dataset_2024_Ajeet/caucasian_african_pt_dec_2023/2630_2165275_Imposter.jpg,1,1,0,0
/home/ajeet/codework/datasets/Training_Validation_Dataset_2024_Ajeet-20241107T105545Z-001/Training_Validation_Dataset_2024_Ajeet/caucasian_african_pt_dec_2023/1867_2164915_Mobile Camera.jpg,1,1,0,1
/home/ajeet/codework/datasets/Training_Validation_Dataset_2024_Ajeet-20241107T105545Z-001/Training_Validation_Dataset_2024_Ajeet/caucasian_african_pt_dec_2023/2016_2164976_Imposter.jpg,1,1,0,0
/home/ajeet/codework/datasets/Training_Validation_Dataset_2024_Ajeet-20241107T105545Z-001/Training_Validation_Dataset_2024_Ajeet/caucasian_african_pt_dec_2023/16_2162036_Imposter.jpg,0,1,0,0
/home/ajeet/codework/datasets/Training_Validation_Dataset_2024_Ajeet-20241107T105545Z-001/Training_Validation_Dataset_2024_Ajeet/caucasian_african_pt_dec_2023/1264_2163240_Mobile Camera.jpg,1,1,1,0
/home/ajeet/codework/datasets/Training_Validation_Dataset_2024_Ajeet-20241107T105545Z-001/Training_Validation_Dataset_2024_Ajeet/caucasian_african_pt_dec_2023/609_2162288_Imposter.jpg,1,1,0,0
/home/ajeet/codework/datasets/Training_Validation_Dataset_2024_Ajeet-20241107T105545Z-001/Training_Validation_Dataset_2024_Ajeet/caucasian_african_pt_dec_2023/1060_2162551_Imposter.jpg,0,1,0,0
/home/ajeet/codework/datasets/Training_Validation_Dataset_2024_Ajeet-20241107T105545Z-001/Training_Validation_Dataset_2024_Ajeet/caucasian_african_pt_dec_2023/2668_2165275_Imposter.jpg,1,1,0,0
/home/ajeet/codework/datasets/Training_Validation_Dataset_2024_Ajeet-20241107T105545Z-001/Training_Validation_Dataset_2024_Ajeet/caucasian_african_pt_dec_2023/1943_2164955_Imposter.jpg,1,1,0,0
/home/ajeet/codework/datasets/Training_Validation_Dataset_2024_Ajeet-20241107T105545Z-001/Training_Validation_Dataset_2024_Ajeet/caucasian_african_pt_dec_2023/2159_2165005_Imposter.jpg,1,0,0,0
/home/ajeet/codework/datasets/Training_Validation_Dataset_2024_Ajeet-20241107T105545Z-001/Training_Validation_Dataset_2024_Ajeet/caucasian_african_pt_dec_2023/1408_2163381_Imposter.jpg,0,1,0,0
/home/ajeet/codework/datasets/Training_Validation_Dataset_2024_Ajeet-20241107T105545Z-001/Training_Validation_Dataset_2024_Ajeet/caucasian_african_pt_dec_2023/433_2162132_Mobile Camera.jpg,1,0,1,1
/home/ajeet/codework/datasets/Training_Validation_Dataset_2024_Ajeet-20241107T105545Z-001/Training_Validation_Dataset_2024_Ajeet/caucasian_african_pt_dec_2023/662_2162303_Imposter.jpg,1,1,0,0
/home/ajeet/codework/datasets/Training_Validation_Dataset_2024_Ajeet-20241107T105545Z-001/Training_Validation_Dataset_2024_Ajeet/caucasian_african_pt_dec_2023/1025_2162492_Imposter.jpg,1,1,0,0
/home/ajeet/codework/datasets/Training_Validation_Dataset_2024_Ajeet-20241107T105545Z-001/Training_Validation_Dataset_2024_Ajeet/caucasian_african_pt_dec_2023/572_2162255_Imposter.jpg,1,1,0,0
/home/ajeet/codework/datasets/Training_Validation_Dataset_2024_Ajeet-20241107T105545Z-001/Training_Validation_Dataset_2024_Ajeet/caucasian_african_pt_dec_2023/1109_2162762_Multiple people.jpg,1,1,0,1
/home/ajeet/codework/datasets/Training_Validation_Dataset_2024_Ajeet-20241107T105545Z-001/Training_Validation_Dataset_2024_Ajeet/caucasian_african_pt_dec_2023/397_2162129_Imposter.jpg,1,1,0,0
/home/ajeet/codework/datasets/Training_Validation_Dataset_2024_Ajeet-20241107T105545Z-001/Training_Validation_Dataset_2024_Ajeet/caucasian_african_pt_dec_2023/1282_2163250_Imposter.jpg,1,1,0,0
/home/ajeet/codework/datasets/Training_Validation_Dataset_2024_Ajeet-20241107T105545Z-001/Training_Validation_Dataset_2024_Ajeet/caucasian_african_pt_dec_2023/1342_2163276_Imposter.jpg,1,1,0,0
/home/ajeet/codework/datasets/Training_Validation_Dataset_2024_Ajeet-20241107T105545Z-001/Training_Validation_Dataset_2024_Ajeet/caucasian_african_pt_dec_2023/391_2162129_Imposter.jpg,1,1,0,0
/home/ajeet/codework/datasets/Training_Validation_Dataset_2024_Ajeet-20241107T105545Z-001/Training_Validation_Dataset_2024_Ajeet/caucasian_african_pt_dec_2023/1615_2163655_Imposter.jpg,1,1,0,1
/home/ajeet/codework/datasets/Training_Validation_Dataset_2024_Ajeet-20241107T105545Z-001/Training_Validation_Dataset_2024_Ajeet/caucasian_african_pt_dec_2023/2124_2164995_Imposter.jpg,1,1,0,0
/home/ajeet/codework/datasets/Training_Validation_Dataset_2024_Ajeet-20241107T105545Z-001/Training_Validation_Dataset_2024_Ajeet/caucasian_african_pt_dec_2023/1388_2163380_Imposter.jpg,0,1,0,0
/home/ajeet/codework/datasets/Training_Validation_Dataset_2024_Ajeet-20241107T105545Z-001/Training_Validation_Dataset_2024_Ajeet/caucasian_african_pt_dec_2023/2499_2165263_Imposter.jpg,1,1,0,0
/home/ajeet/codework/datasets/Training_Validation_Dataset_2024_Ajeet-20241107T105545Z-001/Training_Validation_Dataset_2024_Ajeet/caucasian_african_pt_dec_2023/2262_2165029_Imposter.jpg,0,1,0,0
/home/ajeet/codework/datasets/Training_Validation_Dataset_2024_Ajeet-20241107T105545Z-001/Training_Validation_Dataset_2024_Ajeet/caucasian_african_pt_dec_2023/1681_2163740_Mobile Camera.jpg,1,1,0,1
/home/ajeet/codework/datasets/Training_Validation_Dataset_2024_Ajeet-20241107T105545Z-001/Training_Validation_Dataset_2024_Ajeet/caucasian_african_pt_dec_2023/1110_2162762_Imposter.jpg,1,1,0,0
/home/ajeet/codework/datasets/Training_Validation_Dataset_2024_Ajeet-20241107T105545Z-001/Training_Validation_Dataset_2024_Ajeet/caucasian_african_pt_dec_2023/992_2162481_Mobile Camera.jpg,1,1,0,1
/home/ajeet/codework/datasets/Training_Validation_Dataset_2024_Ajeet-20241107T105545Z-001/Training_Validation_Dataset_2024_Ajeet/caucasian_african_pt_dec_2023/1750_2164152_Imposter.jpg,0,1,0,0
/home/ajeet/codework/datasets/Training_Validation_Dataset_2024_Ajeet-20241107T105545Z-001/Training_Validation_Dataset_2024_Ajeet/caucasian_african_pt_dec_2023/298_2162117_Imposter.jpg,1,1,0,0
/home/ajeet/codework/datasets/Training_Validation_Dataset_2024_Ajeet-20241107T105545Z-001/Training_Validation_Dataset_2024_Ajeet/caucasian_african_pt_dec_2023/1734_2163956_Imposter.jpg,1,1,0,1
/home/ajeet/codework/datasets/Training_Validation_Dataset_2024_Ajeet-20241107T105545Z-001/Training_Validation_Dataset_2024_Ajeet/caucasian_african_pt_dec_2023/2643_2165275_Imposter.jpg,1,1,0,0
/home/ajeet/codework/datasets/Training_Validation_Dataset_2024_Ajeet-20241107T105545Z-001/Training_Validation_Dataset_2024_Ajeet/caucasian_african_pt_dec_2023/1078_2162604_Imposter.jpg,1,1,0,0
/home/ajeet/codework/datasets/Training_Validation_Dataset_2024_Ajeet-20241107T105545Z-001/Training_Validation_Dataset_2024_Ajeet/caucasian_african_pt_dec_2023/624_2162288_Imposter.jpg,1,1,0,0
/home/ajeet/codework/datasets/Training_Validation_Dataset_2024_Ajeet-20241107T105545Z-001/Training_Validation_Dataset_2024_Ajeet/caucasian_african_pt_dec_2023/1726_2163956_Imposter.jpg,0,1,0,0
/home/ajeet/codework/datasets/Training_Validation_Dataset_2024_Ajeet-20241107T105545Z-001/Training_Validation_Dataset_2024_Ajeet/caucasian_african_pt_dec_2023/1797_2164794_Imposter.jpg,1,1,0,0
/home/ajeet/codework/datasets/Training_Validation_Dataset_2024_Ajeet-20241107T105545Z-001/Training_Validation_Dataset_2024_Ajeet/caucasian_african_pt_dec_2023/958_2162434_Imposter.jpg,1,1,0,0
/home/ajeet/codework/datasets/Training_Validation_Dataset_2024_Ajeet-20241107T105545Z-001/Training_Validation_Dataset_2024_Ajeet/caucasian_african_pt_dec_2023/646_2162291_Multiple people.jpg,1,1,0,0
/home/ajeet/codework/datasets/Training_Validation_Dataset_2024_Ajeet-20241107T105545Z-001/Training_Validation_Dataset_2024_Ajeet/caucasian_african_pt_dec_2023/2806_2165386_Mobile Camera.jpg,0,0,1,1
/home/ajeet/codework/datasets/Training_Validation_Dataset_2024_Ajeet-20241107T105545Z-001/Training_Validation_Dataset_2024_Ajeet/caucasian_african_pt_dec_2023/2288_2165058_Mobile Camera.jpg,1,0,0,1
/home/ajeet/codework/datasets/Training_Validation_Dataset_2024_Ajeet-20241107T105545Z-001/Training_Validation_Dataset_2024_Ajeet/caucasian_african_pt_dec_2023/102_2162064_Mobile Camera.jpg,1,1,1,1
/home/ajeet/codework/datasets/Training_Validation_Dataset_2024_Ajeet-20241107T105545Z-001/Training_Validation_Dataset_2024_Ajeet/caucasian_african_pt_dec_2023/2795_2165386_Imposter.jpg,1,1,0,0
/home/ajeet/codework/datasets/Training_Validation_Dataset_2024_Ajeet-20241107T105545Z-001/Training_Validation_Dataset_2024_Ajeet/caucasian_african_pt_dec_2023/741_2162304_Imposter.jpg,1,1,0,0
/home/ajeet/codework/datasets/Training_Validation_Dataset_2024_Ajeet-20241107T105545Z-001/Training_Validation_Dataset_2024_Ajeet/caucasian_african_pt_dec_2023/60_2162050_Imposter.jpg,0,1,0,0
/home/ajeet/codework/datasets/Training_Validation_Dataset_2024_Ajeet-20241107T105545Z-001/Training_Validation_Dataset_2024_Ajeet/caucasian_african_pt_dec_2023/679_2162304_Imposter.jpg,1,1,0,0
/home/ajeet/codework/datasets/Training_Validation_Dataset_2024_Ajeet-20241107T105545Z-001/Training_Validation_Dataset_2024_Ajeet/caucasian_african_pt_dec_2023/2404_2165169_Imposter.jpg,0,1,0,0
/home/ajeet/codework/datasets/Training_Validation_Dataset_2024_Ajeet-20241107T105545Z-001/Training_Validation_Dataset_2024_Ajeet/caucasian_african_pt_dec_2023/417_2162129_Imposter.jpg,1,1,0,0
/home/ajeet/codework/datasets/Training_Validation_Dataset_2024_Ajeet-20241107T105545Z-001/Training_Validation_Dataset_2024_Ajeet/caucasian_african_pt_dec_2023/1721_2163934_FVE - No Face Detected.jpg,1,1,0,0
/home/ajeet/codework/datasets/Training_Validation_Dataset_2024_Ajeet-20241107T105545Z-001/Training_Validation_Dataset_2024_Ajeet/caucasian_african_pt_dec_2023/1977_2164972_FVE - No Face Detected.jpg,1,1,0,0
/home/ajeet/codework/datasets/Training_Validation_Dataset_2024_Ajeet-20241107T105545Z-001/Training_Validation_Dataset_2024_Ajeet/caucasian_african_pt_dec_2023/603_2162279_Imposter.jpg,0,1,0,1
/home/ajeet/codework/datasets/Training_Validation_Dataset_2024_Ajeet-20241107T105545Z-001/Training_Validation_Dataset_2024_Ajeet/caucasian_african_pt_dec_2023/365_2162129_Imposter.jpg,1,1,0,0
/home/ajeet/codework/datasets/Training_Validation_Dataset_2024_Ajeet-20241107T105545Z-001/Training_Validation_Dataset_2024_Ajeet/caucasian_african_pt_dec_2023/1484_2163487_Imposter.jpg,1,1,0,1
/home/ajeet/codework/datasets/Training_Validation_Dataset_2024_Ajeet-20241107T105545Z-001/Training_Validation_Dataset_2024_Ajeet/caucasian_african_pt_dec_2023/1582_2163632_Imposter.jpg,1,1,0,0
/home/ajeet/codework/datasets/Training_Validation_Dataset_2024_Ajeet-20241107T105545Z-001/Training_Validation_Dataset_2024_Ajeet/caucasian_african_pt_dec_2023/2376_2165110_FVE - No Face Detected.jpg,1,1,0,0
/home/ajeet/codework/datasets/Training_Validation_Dataset_2024_Ajeet-20241107T105545Z-001/Training_Validation_Dataset_2024_Ajeet/caucasian_african_pt_dec_2023/241_2162096_Mobile Camera.jpg,1,1,0,0
/home/ajeet/codework/datasets/Training_Validation_Dataset_2024_Ajeet-20241107T105545Z-001/Training_Validation_Dataset_2024_Ajeet/caucasian_african_pt_dec_2023/158_2162072_Imposter.jpg,0,1,0,0
/home/ajeet/codework/datasets/Training_Validation_Dataset_2024_Ajeet-20241107T105545Z-001/Training_Validation_Dataset_2024_Ajeet/caucasian_african_pt_dec_2023/1595_2163635_Mobile Camera.jpg,1,1,0,1
/home/ajeet/codework/datasets/Training_Validation_Dataset_2024_Ajeet-20241107T105545Z-001/Training_Validation_Dataset_2024_Ajeet/caucasian_african_pt_dec_2023/1630_2163656_Imposter.jpg,1,1,0,0
/home/ajeet/codework/datasets/Training_Validation_Dataset_2024_Ajeet-20241107T105545Z-001/Training_Validation_Dataset_2024_Ajeet/caucasian_african_pt_dec_2023/594_2162279_FVE - No Face Detected.jpg,1,1,0,0
/home/ajeet/codework/datasets/Training_Validation_Dataset_2024_Ajeet-20241107T105545Z-001/Training_Validation_Dataset_2024_Ajeet/caucasian_african_pt_dec_2023/2787_2165376_Mobile Camera.jpg,1,1,0,1
/home/ajeet/codework/datasets/Training_Validation_Dataset_2024_Ajeet-20241107T105545Z-001/Training_Validation_Dataset_2024_Ajeet/caucasian_african_pt_dec_2023/1989_2164972_Mobile Camera.jpg,1,1,1,1
/home/ajeet/codework/datasets/Training_Validation_Dataset_2024_Ajeet-20241107T105545Z-001/Training_Validation_Dataset_2024_Ajeet/caucasian_african_pt_dec_2023/1789_2164738_Mobile Camera.jpg,0,1,0,1
/home/ajeet/codework/datasets/Training_Validation_Dataset_2024_Ajeet-20241107T105545Z-001/Training_Validation_Dataset_2024_Ajeet/caucasian_african_pt_dec_2023/1280_2163250_Imposter.jpg,1,1,0,1
/home/ajeet/codework/datasets/Training_Validation_Dataset_2024_Ajeet-20241107T105545Z-001/Training_Validation_Dataset_2024_Ajeet/caucasian_african_pt_dec_2023/1606_2163655_Imposter.jpg,1,1,0,0
/home/ajeet/codework/datasets/Training_Validation_Dataset_2024_Ajeet-20241107T105545Z-001/Training_Validation_Dataset_2024_Ajeet/caucasian_african_pt_dec_2023/371_2162129_Imposter.jpg,1,0,0,0
/home/ajeet/codework/datasets/Training_Validation_Dataset_2024_Ajeet-20241107T105545Z-001/Training_Validation_Dataset_2024_Ajeet/caucasian_african_pt_dec_2023/1731_2163956_Imposter.jpg,1,1,0,0
/home/ajeet/codework/datasets/Training_Validation_Dataset_2024_Ajeet-20241107T105545Z-001/Training_Validation_Dataset_2024_Ajeet/caucasian_african_pt_dec_2023/2059_2164994_FVE - No Face Detected.jpg,1,1,0,0
/home/ajeet/codework/datasets/Training_Validation_Dataset_2024_Ajeet-20241107T105545Z-001/Training_Validation_Dataset_2024_Ajeet/caucasian_african_pt_dec_2023/1728_2163956_Imposter.jpg,0,1,0,0
/home/ajeet/codework/datasets/Training_Validation_Dataset_2024_Ajeet-20241107T105545Z-001/Training_Validation_Dataset_2024_Ajeet/caucasian_african_pt_dec_2023/308_2162120_Mobile Camera.jpg,0,1,1,0
/home/ajeet/codework/datasets/Training_Validation_Dataset_2024_Ajeet-20241107T105545Z-001/Training_Validation_Dataset_2024_Ajeet/caucasian_african_pt_dec_2023/324_2162122_FVE - Multiple Users Detected.jpg,1,1,0,0
/home/ajeet/codework/datasets/Training_Validation_Dataset_2024_Ajeet-20241107T105545Z-001/Training_Validation_Dataset_2024_Ajeet/caucasian_african_pt_dec_2023/2121_2164995_Imposter.jpg,1,1,0,0
/home/ajeet/codework/datasets/Training_Validation_Dataset_2024_Ajeet-20241107T105545Z-001/Training_Validation_Dataset_2024_Ajeet/caucasian_african_pt_dec_2023/1232_2163233_Mobile Camera.jpg,1,0,0,0
/home/ajeet/codework/datasets/Training_Validation_Dataset_2024_Ajeet-20241107T105545Z-001/Training_Validation_Dataset_2024_Ajeet/caucasian_african_pt_dec_2023/2547_2165269_Mobile Camera.jpg,0,1,0,1
/home/ajeet/codework/datasets/Training_Validation_Dataset_2024_Ajeet-20241107T105545Z-001/Training_Validation_Dataset_2024_Ajeet/caucasian_african_pt_dec_2023/1578_2163626_Imposter.jpg,1,1,0,0
/home/ajeet/codework/datasets/Training_Validation_Dataset_2024_Ajeet-20241107T105545Z-001/Training_Validation_Dataset_2024_Ajeet/caucasian_african_pt_dec_2023/2738_2165327_Imposter.jpg,1,1,0,0
/home/ajeet/codework/datasets/Training_Validation_Dataset_2024_Ajeet-20241107T105545Z-001/Training_Validation_Dataset_2024_Ajeet/caucasian_african_pt_dec_2023/2454_2165210_Imposter.jpg,1,1,0,0
/home/ajeet/codework/datasets/Training_Validation_Dataset_2024_Ajeet-20241107T105545Z-001/Training_Validation_Dataset_2024_Ajeet/caucasian_african_pt_dec_2023/384_2162129_Imposter.jpg,1,0,0,0
/home/ajeet/codework/datasets/Training_Validation_Dataset_2024_Ajeet-20241107T105545Z-001/Training_Validation_Dataset_2024_Ajeet/caucasian_african_pt_dec_2023/9_2162027_Mobile Camera.jpg,1,1,0,0
/home/ajeet/codework/datasets/Training_Validation_Dataset_2024_Ajeet-20241107T105545Z-001/Training_Validation_Dataset_2024_Ajeet/caucasian_african_pt_dec_2023/149_2162067_Imposter.jpg,1,1,0,1
/home/ajeet/codework/datasets/Training_Validation_Dataset_2024_Ajeet-20241107T105545Z-001/Training_Validation_Dataset_2024_Ajeet/caucasian_african_pt_dec_2023/795_2162304_Imposter.jpg,1,1,0,0
/home/ajeet/codework/datasets/Training_Validation_Dataset_2024_Ajeet-20241107T105545Z-001/Training_Validation_Dataset_2024_Ajeet/caucasian_african_pt_dec_2023/1266_2163240_Imposter.jpg,1,1,0,0
/home/ajeet/codework/datasets/Training_Validation_Dataset_2024_Ajeet-20241107T105545Z-001/Training_Validation_Dataset_2024_Ajeet/caucasian_african_pt_dec_2023/934_2162410_Mobile Camera.jpg,1,1,1,0
/home/ajeet/codework/datasets/Training_Validation_Dataset_2024_Ajeet-20241107T105545Z-001/Training_Validation_Dataset_2024_Ajeet/caucasian_african_pt_dec_2023/1598_2163643_Mobile Camera.jpg,1,1,0,1
/home/ajeet/codework/datasets/Training_Validation_Dataset_2024_Ajeet-20241107T105545Z-001/Training_Validation_Dataset_2024_Ajeet/caucasian_african_pt_dec_2023/1618_2163655_Imposter.jpg,1,1,0,0
/home/ajeet/codework/datasets/Training_Validation_Dataset_2024_Ajeet-20241107T105545Z-001/Training_Validation_Dataset_2024_Ajeet/caucasian_african_pt_dec_2023/1970_2164969_Imposter.jpg,0,1,0,0
/home/ajeet/codework/datasets/Training_Validation_Dataset_2024_Ajeet-20241107T105545Z-001/Training_Validation_Dataset_2024_Ajeet/caucasian_african_pt_dec_2023/323_2162121_Mobile Camera.jpg,1,1,0,1
/home/ajeet/codework/datasets/Training_Validation_Dataset_2024_Ajeet-20241107T105545Z-001/Training_Validation_Dataset_2024_Ajeet/caucasian_african_pt_dec_2023/223_2162093_Imposter.jpg,1,1,0,1
/home/ajeet/codework/datasets/Training_Validation_Dataset_2024_Ajeet-20241107T105545Z-001/Training_Validation_Dataset_2024_Ajeet/caucasian_african_pt_dec_2023/2742_2165327_Imposter.jpg,1,1,0,0
/home/ajeet/codework/datasets/Training_Validation_Dataset_2024_Ajeet-20241107T105545Z-001/Training_Validation_Dataset_2024_Ajeet/caucasian_african_pt_dec_2023/1666_2163723_Imposter.jpg,0,1,0,0
/home/ajeet/codework/datasets/Training_Validation_Dataset_2024_Ajeet-20241107T105545Z-001/Training_Validation_Dataset_2024_Ajeet/caucasian_african_pt_dec_2023/1975_2164972_Imposter.jpg,1,1,0,0
/home/ajeet/codework/datasets/Training_Validation_Dataset_2024_Ajeet-20241107T105545Z-001/Training_Validation_Dataset_2024_Ajeet/caucasian_african_pt_dec_2023/1927_2164951_Multiple people.jpg,1,1,0,0
/home/ajeet/codework/datasets/Training_Validation_Dataset_2024_Ajeet-20241107T105545Z-001/Training_Validation_Dataset_2024_Ajeet/caucasian_african_pt_dec_2023/342_2162123_Mobile Camera.jpg,1,1,0,1
/home/ajeet/codework/datasets/Training_Validation_Dataset_2024_Ajeet-20241107T105545Z-001/Training_Validation_Dataset_2024_Ajeet/caucasian_african_pt_dec_2023/815_2162309_Multiple people.jpg,1,1,0,0
/home/ajeet/codework/datasets/Training_Validation_Dataset_2024_Ajeet-20241107T105545Z-001/Training_Validation_Dataset_2024_Ajeet/caucasian_african_pt_dec_2023/2659_2165275_Imposter.jpg,1,1,0,0
/home/ajeet/codework/datasets/Training_Validation_Dataset_2024_Ajeet-20241107T105545Z-001/Training_Validation_Dataset_2024_Ajeet/caucasian_african_pt_dec_2023/199_2162093_Mobile Camera.jpg,1,1,0,1
/home/ajeet/codework/datasets/Training_Validation_Dataset_2024_Ajeet-20241107T105545Z-001/Training_Validation_Dataset_2024_Ajeet/caucasian_african_pt_dec_2023/2128_2164997_Imposter.jpg,1,1,0,0
/home/ajeet/codework/datasets/Training_Validation_Dataset_2024_Ajeet-20241107T105545Z-001/Training_Validation_Dataset_2024_Ajeet/caucasian_african_pt_dec_2023/1503_2163510_Mobile Camera.jpg,1,1,0,1
/home/ajeet/codework/datasets/Training_Validation_Dataset_2024_Ajeet-20241107T105545Z-001/Training_Validation_Dataset_2024_Ajeet/caucasian_african_pt_dec_2023/623_2162288_Imposter.jpg,1,1,0,0
/home/ajeet/codework/datasets/Training_Validation_Dataset_2024_Ajeet-20241107T105545Z-001/Training_Validation_Dataset_2024_Ajeet/caucasian_african_pt_dec_2023/2134_2164997_Imposter.jpg,1,1,0,0
/home/ajeet/codework/datasets/Training_Validation_Dataset_2024_Ajeet-20241107T105545Z-001/Training_Validation_Dataset_2024_Ajeet/caucasian_african_pt_dec_2023/220_2162093_Mobile Camera.jpg,1,1,1,0
/home/ajeet/codework/datasets/Training_Validation_Dataset_2024_Ajeet-20241107T105545Z-001/Training_Validation_Dataset_2024_Ajeet/caucasian_african_pt_dec_2023/2199_2165010_Imposter.jpg,1,1,0,0
/home/ajeet/codework/datasets/Training_Validation_Dataset_2024_Ajeet-20241107T105545Z-001/Training_Validation_Dataset_2024_Ajeet/caucasian_african_pt_dec_2023/1880_2164929_Imposter.jpg,1,1,0,0
/home/ajeet/codework/datasets/Training_Validation_Dataset_2024_Ajeet-20241107T105545Z-001/Training_Validation_Dataset_2024_Ajeet/caucasian_african_pt_dec_2023/380_2162129_Imposter.jpg,1,1,0,0
/home/ajeet/codework/datasets/Training_Validation_Dataset_2024_Ajeet-20241107T105545Z-001/Training_Validation_Dataset_2024_Ajeet/caucasian_african_pt_dec_2023/1809_2164886_FVE - No Face Detected.jpg,1,1,0,0
/home/ajeet/codework/datasets/Training_Validation_Dataset_2024_Ajeet-20241107T105545Z-001/Training_Validation_Dataset_2024_Ajeet/caucasian_african_pt_dec_2023/224_2162093_Imposter.jpg,0,1,0,0
/home/ajeet/codework/datasets/Training_Validation_Dataset_2024_Ajeet-20241107T105545Z-001/Training_Validation_Dataset_2024_Ajeet/caucasian_african_pt_dec_2023/1240_2163233_FVE - No Face Detected.jpg,1,1,0,0
/home/ajeet/codework/datasets/Training_Validation_Dataset_2024_Ajeet-20241107T105545Z-001/Training_Validation_Dataset_2024_Ajeet/caucasian_african_pt_dec_2023/2136_2164997_Imposter.jpg,1,1,0,0
/home/ajeet/codework/datasets/Training_Validation_Dataset_2024_Ajeet-20241107T105545Z-001/Training_Validation_Dataset_2024_Ajeet/caucasian_african_pt_dec_2023/762_2162304_Imposter.jpg,1,1,0,0
/home/ajeet/codework/datasets/Training_Validation_Dataset_2024_Ajeet-20241107T105545Z-001/Training_Validation_Dataset_2024_Ajeet/caucasian_african_pt_dec_2023/94_2162064_Mobile Camera.jpg,1,0,1,1
/home/ajeet/codework/datasets/Training_Validation_Dataset_2024_Ajeet-20241107T105545Z-001/Training_Validation_Dataset_2024_Ajeet/caucasian_african_pt_dec_2023/2233_2165021_Mobile Camera.jpg,1,1,0,0
/home/ajeet/codework/datasets/Training_Validation_Dataset_2024_Ajeet-20241107T105545Z-001/Training_Validation_Dataset_2024_Ajeet/caucasian_african_pt_dec_2023/442_2162134_Mobile Camera.jpg,1,1,1,0
/home/ajeet/codework/datasets/Training_Validation_Dataset_2024_Ajeet-20241107T105545Z-001/Training_Validation_Dataset_2024_Ajeet/caucasian_african_pt_dec_2023/2068_2164994_Imposter.jpg,1,1,0,0
/home/ajeet/codework/datasets/Training_Validation_Dataset_2024_Ajeet-20241107T105545Z-001/Training_Validation_Dataset_2024_Ajeet/caucasian_african_pt_dec_2023/2477_2165263_Imposter.jpg,1,1,0,0
/home/ajeet/codework/datasets/Training_Validation_Dataset_2024_Ajeet-20241107T105545Z-001/Training_Validation_Dataset_2024_Ajeet/caucasian_african_pt_dec_2023/554_2162224_Imposter.jpg,1,1,0,0
/home/ajeet/codework/datasets/Training_Validation_Dataset_2024_Ajeet-20241107T105545Z-001/Training_Validation_Dataset_2024_Ajeet/caucasian_african_pt_dec_2023/1212_2163111_Imposter.jpg,1,1,0,0
/home/ajeet/codework/datasets/Training_Validation_Dataset_2024_Ajeet-20241107T105545Z-001/Training_Validation_Dataset_2024_Ajeet/caucasian_african_pt_dec_2023/1310_2163259_Imposter.jpg,0,1,0,1
/home/ajeet/codework/datasets/Training_Validation_Dataset_2024_Ajeet-20241107T105545Z-001/Training_Validation_Dataset_2024_Ajeet/caucasian_african_pt_dec_2023/80_2162052_Imposter.jpg,1,1,0,0
/home/ajeet/codework/datasets/Training_Validation_Dataset_2024_Ajeet-20241107T105545Z-001/Training_Validation_Dataset_2024_Ajeet/caucasian_african_pt_dec_2023/1536_2163597_Imposter.jpg,1,1,0,0
/home/ajeet/codework/datasets/Training_Validation_Dataset_2024_Ajeet-20241107T105545Z-001/Training_Validation_Dataset_2024_Ajeet/caucasian_african_pt_dec_2023/1129_2162945_Multiple people.jpg,1,1,0,0
/home/ajeet/codework/datasets/Training_Validation_Dataset_2024_Ajeet-20241107T105545Z-001/Training_Validation_Dataset_2024_Ajeet/caucasian_african_pt_dec_2023/1184_2163038_Mobile Camera.jpg,1,1,1,1
/home/ajeet/codework/datasets/Training_Validation_Dataset_2024_Ajeet-20241107T105545Z-001/Training_Validation_Dataset_2024_Ajeet/caucasian_african_pt_dec_2023/560_2162224_Imposter.jpg,1,1,0,0
/home/ajeet/codework/datasets/Training_Validation_Dataset_2024_Ajeet-20241107T105545Z-001/Training_Validation_Dataset_2024_Ajeet/caucasian_african_pt_dec_2023/421_2162129_Mobile Camera.jpg,0,1,0,1
/home/ajeet/codework/datasets/Training_Validation_Dataset_2024_Ajeet-20241107T105545Z-001/Training_Validation_Dataset_2024_Ajeet/caucasian_african_pt_dec_2023/2496_2165263_Imposter.jpg,1,1,0,0
/home/ajeet/codework/datasets/Training_Validation_Dataset_2024_Ajeet-20241107T105545Z-001/Training_Validation_Dataset_2024_Ajeet/caucasian_african_pt_dec_2023/1671_2163737_Mobile Camera.jpg,1,1,1,1
/home/ajeet/codework/datasets/Training_Validation_Dataset_2024_Ajeet-20241107T105545Z-001/Training_Validation_Dataset_2024_Ajeet/caucasian_african_pt_dec_2023/14_2162036_Imposter.jpg,0,1,0,0
/home/ajeet/codework/datasets/Training_Validation_Dataset_2024_Ajeet-20241107T105545Z-001/Training_Validation_Dataset_2024_Ajeet/caucasian_african_pt_dec_2023/181_2162083_Mobile Camera.jpg,1,1,0,1
/home/ajeet/codework/datasets/Training_Validation_Dataset_2024_Ajeet-20241107T105545Z-001/Training_Validation_Dataset_2024_Ajeet/caucasian_african_pt_dec_2023/2147_2164999_Mobile Camera.jpg,0,0,0,1
/home/ajeet/codework/datasets/Training_Validation_Dataset_2024_Ajeet-20241107T105545Z-001/Training_Validation_Dataset_2024_Ajeet/caucasian_african_pt_dec_2023/1932_2164953_Imposter.jpg,1,1,0,0
/home/ajeet/codework/datasets/Training_Validation_Dataset_2024_Ajeet-20241107T105545Z-001/Training_Validation_Dataset_2024_Ajeet/caucasian_african_pt_dec_2023/685_2162304_Imposter.jpg,1,1,0,0
/home/ajeet/codework/datasets/Training_Validation_Dataset_2024_Ajeet-20241107T105545Z-001/Training_Validation_Dataset_2024_Ajeet/caucasian_african_pt_dec_2023/2469_2165234_FVE - Multiple Users Detected.jpg,1,1,0,0
/home/ajeet/codework/datasets/Training_Validation_Dataset_2024_Ajeet-20241107T105545Z-001/Training_Validation_Dataset_2024_Ajeet/caucasian_african_pt_dec_2023/596_2162279_Mobile Camera.jpg,0,1,1,1
/home/ajeet/codework/datasets/Training_Validation_Dataset_2024_Ajeet-20241107T105545Z-001/Training_Validation_Dataset_2024_Ajeet/caucasian_african_pt_dec_2023/2717_2165326_Imposter.jpg,1,1,0,0
/home/ajeet/codework/datasets/Training_Validation_Dataset_2024_Ajeet-20241107T105545Z-001/Training_Validation_Dataset_2024_Ajeet/caucasian_african_pt_dec_2023/1440_2163433_Mobile Camera.jpg,1,1,0,1
/home/ajeet/codework/datasets/Training_Validation_Dataset_2024_Ajeet-20241107T105545Z-001/Training_Validation_Dataset_2024_Ajeet/caucasian_african_pt_dec_2023/1545_2163597_Imposter.jpg,1,1,0,0
/home/ajeet/codework/datasets/Training_Validation_Dataset_2024_Ajeet-20241107T105545Z-001/Training_Validation_Dataset_2024_Ajeet/caucasian_african_pt_dec_2023/2813_2165387_Imposter.jpg,0,1,0,0
/home/ajeet/codework/datasets/Training_Validation_Dataset_2024_Ajeet-20241107T105545Z-001/Training_Validation_Dataset_2024_Ajeet/caucasian_african_pt_dec_2023/1586_2163632_Mobile Camera.jpg,1,1,0,0
/home/ajeet/codework/datasets/Training_Validation_Dataset_2024_Ajeet-20241107T105545Z-001/Training_Validation_Dataset_2024_Ajeet/caucasian_african_pt_dec_2023/135_2162065_Imposter.jpg,0,1,0,0
/home/ajeet/codework/datasets/Training_Validation_Dataset_2024_Ajeet-20241107T105545Z-001/Training_Validation_Dataset_2024_Ajeet/caucasian_african_pt_dec_2023/1137_2162976_Mobile Camera.jpg,0,1,0,1
/home/ajeet/codework/datasets/Training_Validation_Dataset_2024_Ajeet-20241107T105545Z-001/Training_Validation_Dataset_2024_Ajeet/caucasian_african_pt_dec_2023/2605_2165275_Imposter.jpg,1,1,0,0
/home/ajeet/codework/datasets/Training_Validation_Dataset_2024_Ajeet-20241107T105545Z-001/Training_Validation_Dataset_2024_Ajeet/caucasian_african_pt_dec_2023/1911_2164945_Mobile Camera.jpg,1,1,1,1
/home/ajeet/codework/datasets/Training_Validation_Dataset_2024_Ajeet-20241107T105545Z-001/Training_Validation_Dataset_2024_Ajeet/caucasian_african_pt_dec_2023/466_2162163_Mobile Camera.jpg,0,1,0,1
/home/ajeet/codework/datasets/Training_Validation_Dataset_2024_Ajeet-20241107T105545Z-001/Training_Validation_Dataset_2024_Ajeet/caucasian_african_pt_dec_2023/2130_2164997_Imposter.jpg,1,1,0,0
/home/ajeet/codework/datasets/Training_Validation_Dataset_2024_Ajeet-20241107T105545Z-001/Training_Validation_Dataset_2024_Ajeet/caucasian_african_pt_dec_2023/1535_2163597_Imposter.jpg,1,1,0,0
/home/ajeet/codework/datasets/Training_Validation_Dataset_2024_Ajeet-20241107T105545Z-001/Training_Validation_Dataset_2024_Ajeet/caucasian_african_pt_dec_2023/498_2162177_Imposter.jpg,1,1,0,0
/home/ajeet/codework/datasets/Training_Validation_Dataset_2024_Ajeet-20241107T105545Z-001/Training_Validation_Dataset_2024_Ajeet/caucasian_african_pt_dec_2023/1120_2162807_Mobile Camera.jpg,1,1,1,1
/home/ajeet/codework/datasets/Training_Validation_Dataset_2024_Ajeet-20241107T105545Z-001/Training_Validation_Dataset_2024_Ajeet/caucasian_african_pt_dec_2023/2378_2165110_Imposter.jpg,1,1,0,0
/home/ajeet/codework/datasets/Training_Validation_Dataset_2024_Ajeet-20241107T105545Z-001/Training_Validation_Dataset_2024_Ajeet/caucasian_african_pt_dec_2023/1006_2162483_Imposter.jpg,1,1,0,0
/home/ajeet/codework/datasets/Training_Validation_Dataset_2024_Ajeet-20241107T105545Z-001/Training_Validation_Dataset_2024_Ajeet/caucasian_african_pt_dec_2023/756_2162304_Imposter.jpg,1,1,0,0
/home/ajeet/codework/datasets/Training_Validation_Dataset_2024_Ajeet-20241107T105545Z-001/Training_Validation_Dataset_2024_Ajeet/caucasian_african_pt_dec_2023/2539_2165267_Mobile Camera.jpg,1,1,0,1
/home/ajeet/codework/datasets/Training_Validation_Dataset_2024_Ajeet-20241107T105545Z-001/Training_Validation_Dataset_2024_Ajeet/caucasian_african_pt_dec_2023/1244_2163233_Imposter.jpg,1,1,0,0
/home/ajeet/codework/datasets/Training_Validation_Dataset_2024_Ajeet-20241107T105545Z-001/Training_Validation_Dataset_2024_Ajeet/caucasian_african_pt_dec_2023/2772_2165373_Imposter.jpg,1,1,0,0
/home/ajeet/codework/datasets/Training_Validation_Dataset_2024_Ajeet-20241107T105545Z-001/Training_Validation_Dataset_2024_Ajeet/caucasian_african_pt_dec_2023/725_2162304_Imposter.jpg,1,1,0,0
/home/ajeet/codework/datasets/Training_Validation_Dataset_2024_Ajeet-20241107T105545Z-001/Training_Validation_Dataset_2024_Ajeet/caucasian_african_pt_dec_2023/1771_2164627_FVE - No Face Detected.jpg,0,1,0,1
/home/ajeet/codework/datasets/Training_Validation_Dataset_2024_Ajeet-20241107T105545Z-001/Training_Validation_Dataset_2024_Ajeet/caucasian_african_pt_dec_2023/1021_2162492_Mobile Camera.jpg,1,1,0,1
/home/ajeet/codework/datasets/Training_Validation_Dataset_2024_Ajeet-20241107T105545Z-001/Training_Validation_Dataset_2024_Ajeet/caucasian_african_pt_dec_2023/40_2162050_Imposter.jpg,0,1,0,0
/home/ajeet/codework/datasets/Training_Validation_Dataset_2024_Ajeet-20241107T105545Z-001/Training_Validation_Dataset_2024_Ajeet/caucasian_african_pt_dec_2023/1608_2163655_Imposter.jpg,1,1,0,0
/home/ajeet/codework/datasets/Training_Validation_Dataset_2024_Ajeet-20241107T105545Z-001/Training_Validation_Dataset_2024_Ajeet/caucasian_african_pt_dec_2023/2133_2164997_Imposter.jpg,1,1,0,0
/home/ajeet/codework/datasets/Training_Validation_Dataset_2024_Ajeet-20241107T105545Z-001/Training_Validation_Dataset_2024_Ajeet/caucasian_african_pt_dec_2023/15_2162036_Mobile Camera.jpg,0,1,0,0
/home/ajeet/codework/datasets/Training_Validation_Dataset_2024_Ajeet-20241107T105545Z-001/Training_Validation_Dataset_2024_Ajeet/caucasian_african_pt_dec_2023/105_2162064_Mobile Camera.jpg,1,0,1,1
/home/ajeet/codework/datasets/Training_Validation_Dataset_2024_Ajeet-20241107T105545Z-001/Training_Validation_Dataset_2024_Ajeet/caucasian_african_pt_dec_2023/998_2162483_Imposter.jpg,1,1,0,0
/home/ajeet/codework/datasets/Training_Validation_Dataset_2024_Ajeet-20241107T105545Z-001/Training_Validation_Dataset_2024_Ajeet/caucasian_african_pt_dec_2023/602_2162279_Mobile Camera.jpg,0,1,0,1
/home/ajeet/codework/datasets/Training_Validation_Dataset_2024_Ajeet-20241107T105545Z-001/Training_Validation_Dataset_2024_Ajeet/caucasian_african_pt_dec_2023/2047_2164993_Mobile Camera.jpg,1,1,0,1
/home/ajeet/codework/datasets/Training_Validation_Dataset_2024_Ajeet-20241107T105545Z-001/Training_Validation_Dataset_2024_Ajeet/caucasian_african_pt_dec_2023/2081_2164994_Mobile Camera.jpg,1,0,0,0
/home/ajeet/codework/datasets/Training_Validation_Dataset_2024_Ajeet-20241107T105545Z-001/Training_Validation_Dataset_2024_Ajeet/caucasian_african_pt_dec_2023/2784_2165373_Imposter.jpg,1,1,0,0
/home/ajeet/codework/datasets/Training_Validation_Dataset_2024_Ajeet-20241107T105545Z-001/Training_Validation_Dataset_2024_Ajeet/caucasian_african_pt_dec_2023/2096_2164994_Imposter.jpg,1,1,0,0
/home/ajeet/codework/datasets/Training_Validation_Dataset_2024_Ajeet-20241107T105545Z-001/Training_Validation_Dataset_2024_Ajeet/caucasian_african_pt_dec_2023/1372_2163361_Imposter.jpg,1,1,0,0
/home/ajeet/codework/datasets/Training_Validation_Dataset_2024_Ajeet-20241107T105545Z-001/Training_Validation_Dataset_2024_Ajeet/caucasian_african_pt_dec_2023/2599_2165275_Imposter.jpg,1,1,0,0
/home/ajeet/codework/datasets/Training_Validation_Dataset_2024_Ajeet-20241107T105545Z-001/Training_Validation_Dataset_2024_Ajeet/caucasian_african_pt_dec_2023/2317_2165084_Imposter.jpg,1,1,0,1
/home/ajeet/codework/datasets/Training_Validation_Dataset_2024_Ajeet-20241107T105545Z-001/Training_Validation_Dataset_2024_Ajeet/caucasian_african_pt_dec_2023/1883_2164935_Multiple people.jpg,1,1,0,0
/home/ajeet/codework/datasets/Training_Validation_Dataset_2024_Ajeet-20241107T105545Z-001/Training_Validation_Dataset_2024_Ajeet/caucasian_african_pt_dec_2023/58_2162050_Imposter.jpg,1,1,0,0
/home/ajeet/codework/datasets/Training_Validation_Dataset_2024_Ajeet-20241107T105545Z-001/Training_Validation_Dataset_2024_Ajeet/caucasian_african_pt_dec_2023/369_2162129_FVE - No Face Detected.jpg,1,1,0,0
/home/ajeet/codework/datasets/Training_Validation_Dataset_2024_Ajeet-20241107T105545Z-001/Training_Validation_Dataset_2024_Ajeet/caucasian_african_pt_dec_2023/2346_2165096_Imposter.jpg,1,0,0,0
/home/ajeet/codework/datasets/Training_Validation_Dataset_2024_Ajeet-20241107T105545Z-001/Training_Validation_Dataset_2024_Ajeet/caucasian_african_pt_dec_2023/2446_2165203_FVE - No Face Detected.jpg,1,1,0,0
/home/ajeet/codework/datasets/Training_Validation_Dataset_2024_Ajeet-20241107T105545Z-001/Training_Validation_Dataset_2024_Ajeet/caucasian_african_pt_dec_2023/999_2162483_Imposter.jpg,1,1,0,0
/home/ajeet/codework/datasets/Training_Validation_Dataset_2024_Ajeet-20241107T105545Z-001/Training_Validation_Dataset_2024_Ajeet/caucasian_african_pt_dec_2023/460_2162152_Multiple people.jpg,1,1,0,0
/home/ajeet/codework/datasets/Training_Validation_Dataset_2024_Ajeet-20241107T105545Z-001/Training_Validation_Dataset_2024_Ajeet/caucasian_african_pt_dec_2023/1007_2162483_Imposter.jpg,1,1,0,0
/home/ajeet/codework/datasets/Training_Validation_Dataset_2024_Ajeet-20241107T105545Z-001/Training_Validation_Dataset_2024_Ajeet/caucasian_african_pt_dec_2023/268_2162108_Imposter.jpg,0,1,0,1
/home/ajeet/codework/datasets/Training_Validation_Dataset_2024_Ajeet-20241107T105545Z-001/Training_Validation_Dataset_2024_Ajeet/caucasian_african_pt_dec_2023/2393_2165123_Mobile Camera.jpg,1,0,1,1
/home/ajeet/codework/datasets/Training_Validation_Dataset_2024_Ajeet-20241107T105545Z-001/Training_Validation_Dataset_2024_Ajeet/caucasian_african_pt_dec_2023/527_2162224_Imposter.jpg,1,1,0,0
/home/ajeet/codework/datasets/Training_Validation_Dataset_2024_Ajeet-20241107T105545Z-001/Training_Validation_Dataset_2024_Ajeet/caucasian_african_pt_dec_2023/2026_2164978_FVE - No Face Detected.jpg,1,1,0,0
/home/ajeet/codework/datasets/Training_Validation_Dataset_2024_Ajeet-20241107T105545Z-001/Training_Validation_Dataset_2024_Ajeet/caucasian_african_pt_dec_2023/871_2162335_Mobile Camera.jpg,0,1,1,1
/home/ajeet/codework/datasets/Training_Validation_Dataset_2024_Ajeet-20241107T105545Z-001/Training_Validation_Dataset_2024_Ajeet/caucasian_african_pt_dec_2023/314_2162120_Mobile Camera.jpg,0,1,1,0
/home/ajeet/codework/datasets/Training_Validation_Dataset_2024_Ajeet-20241107T105545Z-001/Training_Validation_Dataset_2024_Ajeet/caucasian_african_pt_dec_2023/1345_2163276_Imposter.jpg,1,1,0,0
/home/ajeet/codework/datasets/Training_Validation_Dataset_2024_Ajeet-20241107T105545Z-001/Training_Validation_Dataset_2024_Ajeet/caucasian_african_pt_dec_2023/1994_2164972_Mobile Camera.jpg,1,1,1,1
/home/ajeet/codework/datasets/Training_Validation_Dataset_2024_Ajeet-20241107T105545Z-001/Training_Validation_Dataset_2024_Ajeet/caucasian_african_pt_dec_2023/2192_2165010_Imposter.jpg,1,1,0,0
/home/ajeet/codework/datasets/Training_Validation_Dataset_2024_Ajeet-20241107T105545Z-001/Training_Validation_Dataset_2024_Ajeet/caucasian_african_pt_dec_2023/2235_2165025_Mobile Camera.jpg,1,1,0,1
/home/ajeet/codework/datasets/Training_Validation_Dataset_2024_Ajeet-20241107T105545Z-001/Training_Validation_Dataset_2024_Ajeet/caucasian_african_pt_dec_2023/261_2162108_Imposter.jpg,0,1,0,0
/home/ajeet/codework/datasets/Training_Validation_Dataset_2024_Ajeet-20241107T105545Z-001/Training_Validation_Dataset_2024_Ajeet/caucasian_african_pt_dec_2023/2523_2165263_Imposter.jpg,1,1,0,0
/home/ajeet/codework/datasets/Training_Validation_Dataset_2024_Ajeet-20241107T105545Z-001/Training_Validation_Dataset_2024_Ajeet/caucasian_african_pt_dec_2023/2822_2165401_Imposter.jpg,0,1,0,0
/home/ajeet/codework/datasets/Training_Validation_Dataset_2024_Ajeet-20241107T105545Z-001/Training_Validation_Dataset_2024_Ajeet/caucasian_african_pt_dec_2023/2848_2165429_Mobile Camera.jpg,0,0,1,1
/home/ajeet/codework/datasets/Training_Validation_Dataset_2024_Ajeet-20241107T105545Z-001/Training_Validation_Dataset_2024_Ajeet/caucasian_african_pt_dec_2023/2844_2165418_Imposter.jpg,0,1,0,0
/home/ajeet/codework/datasets/Training_Validation_Dataset_2024_Ajeet-20241107T105545Z-001/Training_Validation_Dataset_2024_Ajeet/caucasian_african_pt_dec_2023/18_2162036_Mobile Camera.jpg,0,1,1,0
/home/ajeet/codework/datasets/Training_Validation_Dataset_2024_Ajeet-20241107T105545Z-001/Training_Validation_Dataset_2024_Ajeet/caucasian_african_pt_dec_2023/1646_2163684_Mobile Camera.jpg,1,1,1,1
/home/ajeet/codework/datasets/Training_Validation_Dataset_2024_Ajeet-20241107T105545Z-001/Training_Validation_Dataset_2024_Ajeet/caucasian_african_pt_dec_2023/1736_2163956_Imposter.jpg,1,1,0,0
/home/ajeet/codework/datasets/Training_Validation_Dataset_2024_Ajeet-20241107T105545Z-001/Training_Validation_Dataset_2024_Ajeet/caucasian_african_pt_dec_2023/648_2162291_Multiple people.jpg,1,1,0,0
/home/ajeet/codework/datasets/Training_Validation_Dataset_2024_Ajeet-20241107T105545Z-001/Training_Validation_Dataset_2024_Ajeet/caucasian_african_pt_dec_2023/1758_2164370_FVE - No Face Detected.jpg,1,1,0,0
/home/ajeet/codework/datasets/Training_Validation_Dataset_2024_Ajeet-20241107T105545Z-001/Training_Validation_Dataset_2024_Ajeet/caucasian_african_pt_dec_2023/1339_2163276_FVE - No Face Detected.jpg,1,1,0,0
/home/ajeet/codework/datasets/Training_Validation_Dataset_2024_Ajeet-20241107T105545Z-001/Training_Validation_Dataset_2024_Ajeet/caucasian_african_pt_dec_2023/2534_2165267_FVE - No Face Detected.jpg,1,1,0,0
/home/ajeet/codework/datasets/Training_Validation_Dataset_2024_Ajeet-20241107T105545Z-001/Training_Validation_Dataset_2024_Ajeet/caucasian_african_pt_dec_2023/1727_2163956_Imposter.jpg,0,1,0,0
/home/ajeet/codework/datasets/Training_Validation_Dataset_2024_Ajeet-20241107T105545Z-001/Training_Validation_Dataset_2024_Ajeet/caucasian_african_pt_dec_2023/616_2162288_Imposter.jpg,1,1,0,0
/home/ajeet/codework/datasets/Training_Validation_Dataset_2024_Ajeet-20241107T105545Z-001/Training_Validation_Dataset_2024_Ajeet/caucasian_african_pt_dec_2023/1471_2163473_Mobile Camera.jpg,1,0,1,1
/home/ajeet/codework/datasets/Training_Validation_Dataset_2024_Ajeet-20241107T105545Z-001/Training_Validation_Dataset_2024_Ajeet/caucasian_african_pt_dec_2023/2544_2165267_Imposter.jpg,1,1,0,0
/home/ajeet/codework/datasets/Training_Validation_Dataset_2024_Ajeet-20241107T105545Z-001/Training_Validation_Dataset_2024_Ajeet/caucasian_african_pt_dec_2023/389_2162129_Imposter.jpg,1,1,0,0
/home/ajeet/codework/datasets/Training_Validation_Dataset_2024_Ajeet-20241107T105545Z-001/Training_Validation_Dataset_2024_Ajeet/caucasian_african_pt_dec_2023/143_2162067_Imposter.jpg,1,1,0,0
/home/ajeet/codework/datasets/Training_Validation_Dataset_2024_Ajeet-20241107T105545Z-001/Training_Validation_Dataset_2024_Ajeet/caucasian_african_pt_dec_2023/136_2162065_Imposter.jpg,0,1,0,1
/home/ajeet/codework/datasets/Training_Validation_Dataset_2024_Ajeet-20241107T105545Z-001/Training_Validation_Dataset_2024_Ajeet/caucasian_african_pt_dec_2023/1548_2163597_Imposter.jpg,1,1,0,0
/home/ajeet/codework/datasets/Training_Validation_Dataset_2024_Ajeet-20241107T105545Z-001/Training_Validation_Dataset_2024_Ajeet/caucasian_african_pt_dec_2023/855_2162324_Mobile Camera.jpg,1,1,0,1
/home/ajeet/codework/datasets/Training_Validation_Dataset_2024_Ajeet-20241107T105545Z-001/Training_Validation_Dataset_2024_Ajeet/caucasian_african_pt_dec_2023/1798_2164794_Imposter.jpg,1,1,0,0
/home/ajeet/codework/datasets/Training_Validation_Dataset_2024_Ajeet-20241107T105545Z-001/Training_Validation_Dataset_2024_Ajeet/caucasian_african_pt_dec_2023/1653_2163700_Imposter.jpg,1,1,0,0
/home/ajeet/codework/datasets/Training_Validation_Dataset_2024_Ajeet-20241107T105545Z-001/Training_Validation_Dataset_2024_Ajeet/caucasian_african_pt_dec_2023/2660_2165275_Imposter.jpg,1,1,0,0
/home/ajeet/codework/datasets/Training_Validation_Dataset_2024_Ajeet-20241107T105545Z-001/Training_Validation_Dataset_2024_Ajeet/caucasian_african_pt_dec_2023/2471_2165261_Mobile Camera.jpg,1,1,1,1
/home/ajeet/codework/datasets/Training_Validation_Dataset_2024_Ajeet-20241107T105545Z-001/Training_Validation_Dataset_2024_Ajeet/caucasian_african_pt_dec_2023/2279_2165053_Mobile Camera.jpg,1,1,0,1
/home/ajeet/codework/datasets/Training_Validation_Dataset_2024_Ajeet-20241107T105545Z-001/Training_Validation_Dataset_2024_Ajeet/caucasian_african_pt_dec_2023/2635_2165275_Imposter.jpg,1,1,0,0
/home/ajeet/codework/datasets/Training_Validation_Dataset_2024_Ajeet-20241107T105545Z-001/Training_Validation_Dataset_2024_Ajeet/caucasian_african_pt_dec_2023/1879_2164929_Mobile Camera.jpg,1,1,0,1
/home/ajeet/codework/datasets/Training_Validation_Dataset_2024_Ajeet-20241107T105545Z-001/Training_Validation_Dataset_2024_Ajeet/caucasian_african_pt_dec_2023/2012_2164976_Imposter.jpg,1,1,0,0
/home/ajeet/codework/datasets/Training_Validation_Dataset_2024_Ajeet-20241107T105545Z-001/Training_Validation_Dataset_2024_Ajeet/caucasian_african_pt_dec_2023/2815_2165387_Imposter.jpg,1,1,0,0
/home/ajeet/codework/datasets/Training_Validation_Dataset_2024_Ajeet-20241107T105545Z-001/Training_Validation_Dataset_2024_Ajeet/caucasian_african_pt_dec_2023/1733_2163956_Imposter.jpg,1,1,0,0
/home/ajeet/codework/datasets/Training_Validation_Dataset_2024_Ajeet-20241107T105545Z-001/Training_Validation_Dataset_2024_Ajeet/caucasian_african_pt_dec_2023/132_2162065_Imposter.jpg,0,1,0,0
/home/ajeet/codework/datasets/Training_Validation_Dataset_2024_Ajeet-20241107T105545Z-001/Training_Validation_Dataset_2024_Ajeet/caucasian_african_pt_dec_2023/2832_2165415_Mobile Camera.jpg,0,1,1,1
/home/ajeet/codework/datasets/Training_Validation_Dataset_2024_Ajeet-20241107T105545Z-001/Training_Validation_Dataset_2024_Ajeet/caucasian_african_pt_dec_2023/33_2162050_Imposter.jpg,1,1,0,0
/home/ajeet/codework/datasets/Training_Validation_Dataset_2024_Ajeet-20241107T105545Z-001/Training_Validation_Dataset_2024_Ajeet/caucasian_african_pt_dec_2023/2272_2165033_Imposter.jpg,1,1,0,0
/home/ajeet/codework/datasets/Training_Validation_Dataset_2024_Ajeet-20241107T105545Z-001/Training_Validation_Dataset_2024_Ajeet/caucasian_african_pt_dec_2023/1962_2164956_Imposter.jpg,1,1,0,0
/home/ajeet/codework/datasets/Training_Validation_Dataset_2024_Ajeet-20241107T105545Z-001/Training_Validation_Dataset_2024_Ajeet/caucasian_african_pt_dec_2023/1596_2163635_Mobile Camera.jpg,1,1,0,1
/home/ajeet/codework/datasets/Training_Validation_Dataset_2024_Ajeet-20241107T105545Z-001/Training_Validation_Dataset_2024_Ajeet/caucasian_african_pt_dec_2023/91_2162061_Mobile Camera.jpg,1,1,0,1
/home/ajeet/codework/datasets/Training_Validation_Dataset_2024_Ajeet-20241107T105545Z-001/Training_Validation_Dataset_2024_Ajeet/caucasian_african_pt_dec_2023/533_2162224_Imposter.jpg,1,1,0,0
/home/ajeet/codework/datasets/Training_Validation_Dataset_2024_Ajeet-20241107T105545Z-001/Training_Validation_Dataset_2024_Ajeet/caucasian_african_pt_dec_2023/822_2162309_Multiple people.jpg,1,1,0,0
/home/ajeet/codework/datasets/Training_Validation_Dataset_2024_Ajeet-20241107T105545Z-001/Training_Validation_Dataset_2024_Ajeet/caucasian_african_pt_dec_2023/1125_2162923_Mobile Camera.jpg,1,1,1,1
/home/ajeet/codework/datasets/Training_Validation_Dataset_2024_Ajeet-20241107T105545Z-001/Training_Validation_Dataset_2024_Ajeet/caucasian_african_pt_dec_2023/1593_2163635_Mobile Camera.jpg,0,1,0,1
/home/ajeet/codework/datasets/Training_Validation_Dataset_2024_Ajeet-20241107T105545Z-001/Training_Validation_Dataset_2024_Ajeet/caucasian_african_pt_dec_2023/1583_2163632_Imposter.jpg,1,1,0,0
/home/ajeet/codework/datasets/Training_Validation_Dataset_2024_Ajeet-20241107T105545Z-001/Training_Validation_Dataset_2024_Ajeet/caucasian_african_pt_dec_2023/1753_2164196_FVE - No Face Detected.jpg,1,1,0,0
/home/ajeet/codework/datasets/Training_Validation_Dataset_2024_Ajeet-20241107T105545Z-001/Training_Validation_Dataset_2024_Ajeet/caucasian_african_pt_dec_2023/1612_2163655_Imposter.jpg,1,1,0,0
/home/ajeet/codework/datasets/Training_Validation_Dataset_2024_Ajeet-20241107T105545Z-001/Training_Validation_Dataset_2024_Ajeet/caucasian_african_pt_dec_2023/2388_2165120_Mobile Camera.jpg,1,1,1,1
/home/ajeet/codework/datasets/Training_Validation_Dataset_2024_Ajeet-20241107T105545Z-001/Training_Validation_Dataset_2024_Ajeet/caucasian_african_pt_dec_2023/937_2162410_Mobile Camera.jpg,1,1,1,1
/home/ajeet/codework/datasets/Training_Validation_Dataset_2024_Ajeet-20241107T105545Z-001/Training_Validation_Dataset_2024_Ajeet/caucasian_african_pt_dec_2023/301_2162117_Imposter.jpg,0,1,0,0
/home/ajeet/codework/datasets/Training_Validation_Dataset_2024_Ajeet-20241107T105545Z-001/Training_Validation_Dataset_2024_Ajeet/caucasian_african_pt_dec_2023/1738_2163956_Imposter.jpg,1,1,0,0
/home/ajeet/codework/datasets/Training_Validation_Dataset_2024_Ajeet-20241107T105545Z-001/Training_Validation_Dataset_2024_Ajeet/caucasian_african_pt_dec_2023/152_2162067_Imposter.jpg,1,1,0,0
/home/ajeet/codework/datasets/Training_Validation_Dataset_2024_Ajeet-20241107T105545Z-001/Training_Validation_Dataset_2024_Ajeet/caucasian_african_pt_dec_2023/1467_2163473_Mobile Camera.jpg,1,1,1,1
/home/ajeet/codework/datasets/Training_Validation_Dataset_2024_Ajeet-20241107T105545Z-001/Training_Validation_Dataset_2024_Ajeet/caucasian_african_pt_dec_2023/2596_2165275_Imposter.jpg,1,1,0,0
/home/ajeet/codework/datasets/Training_Validation_Dataset_2024_Ajeet-20241107T105545Z-001/Training_Validation_Dataset_2024_Ajeet/caucasian_african_pt_dec_2023/1960_2164956_Mobile Camera.jpg,1,1,0,1
/home/ajeet/codework/datasets/Training_Validation_Dataset_2024_Ajeet-20241107T105545Z-001/Training_Validation_Dataset_2024_Ajeet/caucasian_african_pt_dec_2023/1418_2163390_Mobile Camera.jpg,0,1,1,0
/home/ajeet/codework/datasets/Training_Validation_Dataset_2024_Ajeet-20241107T105545Z-001/Training_Validation_Dataset_2024_Ajeet/caucasian_african_pt_dec_2023/2019_2164976_Mobile Camera.jpg,1,1,0,1
/home/ajeet/codework/datasets/Training_Validation_Dataset_2024_Ajeet-20241107T105545Z-001/Training_Validation_Dataset_2024_Ajeet/caucasian_african_pt_dec_2023/559_2162224_Imposter.jpg,1,1,0,0
/home/ajeet/codework/datasets/Training_Validation_Dataset_2024_Ajeet-20241107T105545Z-001/Training_Validation_Dataset_2024_Ajeet/caucasian_african_pt_dec_2023/2021_2164977_Mobile Camera.jpg,1,1,0,1
/home/ajeet/codework/datasets/Training_Validation_Dataset_2024_Ajeet-20241107T105545Z-001/Training_Validation_Dataset_2024_Ajeet/caucasian_african_pt_dec_2023/2657_2165275_Imposter.jpg,1,1,0,0
/home/ajeet/codework/datasets/Training_Validation_Dataset_2024_Ajeet-20241107T105545Z-001/Training_Validation_Dataset_2024_Ajeet/caucasian_african_pt_dec_2023/2044_2164993_Mobile Camera.jpg,1,0,0,1
/home/ajeet/codework/datasets/Training_Validation_Dataset_2024_Ajeet-20241107T105545Z-001/Training_Validation_Dataset_2024_Ajeet/caucasian_african_pt_dec_2023/2410_2165169_Mobile Camera.jpg,0,1,0,1
/home/ajeet/codework/datasets/Training_Validation_Dataset_2024_Ajeet-20241107T105545Z-001/Training_Validation_Dataset_2024_Ajeet/caucasian_african_pt_dec_2023/2024_2164978_FVE - No Face Detected.jpg,1,1,0,0
/home/ajeet/codework/datasets/Training_Validation_Dataset_2024_Ajeet-20241107T105545Z-001/Training_Validation_Dataset_2024_Ajeet/caucasian_african_pt_dec_2023/2308_2165084_Imposter.jpg,1,1,0,0
/home/ajeet/codework/datasets/Training_Validation_Dataset_2024_Ajeet-20241107T105545Z-001/Training_Validation_Dataset_2024_Ajeet/caucasian_african_pt_dec_2023/195_2162089_Imposter.jpg,1,1,0,0
/home/ajeet/codework/datasets/Training_Validation_Dataset_2024_Ajeet-20241107T105545Z-001/Training_Validation_Dataset_2024_Ajeet/caucasian_african_pt_dec_2023/2313_2165084_Imposter.jpg,1,1,0,0
/home/ajeet/codework/datasets/Training_Validation_Dataset_2024_Ajeet-20241107T105545Z-001/Training_Validation_Dataset_2024_Ajeet/caucasian_african_pt_dec_2023/424_2162129_Imposter.jpg,1,0,0,0
/home/ajeet/codework/datasets/Training_Validation_Dataset_2024_Ajeet-20241107T105545Z-001/Training_Validation_Dataset_2024_Ajeet/caucasian_african_pt_dec_2023/2172_2165007_Mobile Camera.jpg,1,1,1,1
/home/ajeet/codework/datasets/Training_Validation_Dataset_2024_Ajeet-20241107T105545Z-001/Training_Validation_Dataset_2024_Ajeet/caucasian_african_pt_dec_2023/1521_2163563_Imposter.jpg,1,1,0,0
/home/ajeet/codework/datasets/Training_Validation_Dataset_2024_Ajeet-20241107T105545Z-001/Training_Validation_Dataset_2024_Ajeet/caucasian_african_pt_dec_2023/1905_2164945_Imposter.jpg,0,1,0,0
/home/ajeet/codework/datasets/Training_Validation_Dataset_2024_Ajeet-20241107T105545Z-001/Training_Validation_Dataset_2024_Ajeet/caucasian_african_pt_dec_2023/1042_2162520_Mobile Camera.jpg,0,1,1,1
/home/ajeet/codework/datasets/Training_Validation_Dataset_2024_Ajeet-20241107T105545Z-001/Training_Validation_Dataset_2024_Ajeet/caucasian_african_pt_dec_2023/451_2162144_Mobile Camera.jpg,1,1,0,1
/home/ajeet/codework/datasets/Training_Validation_Dataset_2024_Ajeet-20241107T105545Z-001/Training_Validation_Dataset_2024_Ajeet/caucasian_african_pt_dec_2023/2751_2165327_Imposter.jpg,1,1,0,0
/home/ajeet/codework/datasets/Training_Validation_Dataset_2024_Ajeet-20241107T105545Z-001/Training_Validation_Dataset_2024_Ajeet/caucasian_african_pt_dec_2023/92_2162061_Mobile Camera.jpg,0,1,0,1
/home/ajeet/codework/datasets/Training_Validation_Dataset_2024_Ajeet-20241107T105545Z-001/Training_Validation_Dataset_2024_Ajeet/caucasian_african_pt_dec_2023/732_2162304_Imposter.jpg,1,1,0,0
/home/ajeet/codework/datasets/Training_Validation_Dataset_2024_Ajeet-20241107T105545Z-001/Training_Validation_Dataset_2024_Ajeet/caucasian_african_pt_dec_2023/2555_2165272_Imposter.jpg,1,0,0,0
/home/ajeet/codework/datasets/Training_Validation_Dataset_2024_Ajeet-20241107T105545Z-001/Training_Validation_Dataset_2024_Ajeet/caucasian_african_pt_dec_2023/157_2162072_Imposter.jpg,0,1,0,0
/home/ajeet/codework/datasets/Training_Validation_Dataset_2024_Ajeet-20241107T105545Z-001/Training_Validation_Dataset_2024_Ajeet/caucasian_african_pt_dec_2023/255_2162108_Imposter.jpg,0,1,0,0
/home/ajeet/codework/datasets/Training_Validation_Dataset_2024_Ajeet-20241107T105545Z-001/Training_Validation_Dataset_2024_Ajeet/caucasian_african_pt_dec_2023/797_2162304_Imposter.jpg,1,1,0,0
/home/ajeet/codework/datasets/Training_Validation_Dataset_2024_Ajeet-20241107T105545Z-001/Training_Validation_Dataset_2024_Ajeet/caucasian_african_pt_dec_2023/2537_2165267_Imposter.jpg,1,1,0,0
/home/ajeet/codework/datasets/Training_Validation_Dataset_2024_Ajeet-20241107T105545Z-001/Training_Validation_Dataset_2024_Ajeet/caucasian_african_pt_dec_2023/2170_2165007_Imposter.jpg,1,1,0,0
/home/ajeet/codework/datasets/Training_Validation_Dataset_2024_Ajeet-20241107T105545Z-001/Training_Validation_Dataset_2024_Ajeet/caucasian_african_pt_dec_2023/2808_2165386_FVE - No Face Detected.jpg,1,1,0,0
/home/ajeet/codework/datasets/Training_Validation_Dataset_2024_Ajeet-20241107T105545Z-001/Training_Validation_Dataset_2024_Ajeet/caucasian_african_pt_dec_2023/2672_2165275_FVE - No Face Detected.jpg,1,1,0,0
/home/ajeet/codework/datasets/Training_Validation_Dataset_2024_Ajeet-20241107T105545Z-001/Training_Validation_Dataset_2024_Ajeet/caucasian_african_pt_dec_2023/307_2162120_Mobile Camera.jpg,1,1,1,1
/home/ajeet/codework/datasets/Training_Validation_Dataset_2024_Ajeet-20241107T105545Z-001/Training_Validation_Dataset_2024_Ajeet/caucasian_african_pt_dec_2023/1603_2163652_Multiple people.jpg,1,1,0,1
/home/ajeet/codework/datasets/Training_Validation_Dataset_2024_Ajeet-20241107T105545Z-001/Training_Validation_Dataset_2024_Ajeet/caucasian_african_pt_dec_2023/1594_2163635_Mobile Camera.jpg,0,1,1,1
/home/ajeet/codework/datasets/Training_Validation_Dataset_2024_Ajeet-20241107T105545Z-001/Training_Validation_Dataset_2024_Ajeet/caucasian_african_pt_dec_2023/1375_2163361_Mobile Camera.jpg,1,1,1,0
/home/ajeet/codework/datasets/Training_Validation_Dataset_2024_Ajeet-20241107T105545Z-001/Training_Validation_Dataset_2024_Ajeet/caucasian_african_pt_dec_2023/890_2162361_FVE - No Face Detected.jpg,1,1,0,0
/home/ajeet/codework/datasets/Training_Validation_Dataset_2024_Ajeet-20241107T105545Z-001/Training_Validation_Dataset_2024_Ajeet/caucasian_african_pt_dec_2023/1459_2163460_Imposter.jpg,1,1,0,0
/home/ajeet/codework/datasets/Training_Validation_Dataset_2024_Ajeet-20241107T105545Z-001/Training_Validation_Dataset_2024_Ajeet/caucasian_african_pt_dec_2023/507_2162194_Imposter.jpg,1,1,0,0
/home/ajeet/codework/datasets/Training_Validation_Dataset_2024_Ajeet-20241107T105545Z-001/Training_Validation_Dataset_2024_Ajeet/caucasian_african_pt_dec_2023/482_2162174_Imposter.jpg,1,1,0,0
/home/ajeet/codework/datasets/Training_Validation_Dataset_2024_Ajeet-20241107T105545Z-001/Training_Validation_Dataset_2024_Ajeet/caucasian_african_pt_dec_2023/515_2162213_Mobile Camera.jpg,1,1,0,1
/home/ajeet/codework/datasets/Training_Validation_Dataset_2024_Ajeet-20241107T105545Z-001/Training_Validation_Dataset_2024_Ajeet/caucasian_african_pt_dec_2023/28_2162045_Mobile Camera.jpg,1,1,1,1
/home/ajeet/codework/datasets/Training_Validation_Dataset_2024_Ajeet-20241107T105545Z-001/Training_Validation_Dataset_2024_Ajeet/caucasian_african_pt_dec_2023/749_2162304_Imposter.jpg,1,1,0,0
/home/ajeet/codework/datasets/Training_Validation_Dataset_2024_Ajeet-20241107T105545Z-001/Training_Validation_Dataset_2024_Ajeet/caucasian_african_pt_dec_2023/1692_2163742_FVE - Spoof Detected.jpg,1,1,0,0
/home/ajeet/codework/datasets/Training_Validation_Dataset_2024_Ajeet-20241107T105545Z-001/Training_Validation_Dataset_2024_Ajeet/caucasian_african_pt_dec_2023/1688_2163741_Imposter.jpg,0,1,0,0
/home/ajeet/codework/datasets/Training_Validation_Dataset_2024_Ajeet-20241107T105545Z-001/Training_Validation_Dataset_2024_Ajeet/caucasian_african_pt_dec_2023/976_2162449_Mobile Camera.jpg,1,1,0,1
/home/ajeet/codework/datasets/Training_Validation_Dataset_2024_Ajeet-20241107T105545Z-001/Training_Validation_Dataset_2024_Ajeet/caucasian_african_pt_dec_2023/1213_2163111_Imposter.jpg,1,1,0,0
/home/ajeet/codework/datasets/Training_Validation_Dataset_2024_Ajeet-20241107T105545Z-001/Training_Validation_Dataset_2024_Ajeet/caucasian_african_pt_dec_2023/1616_2163655_Imposter.jpg,1,1,0,0
/home/ajeet/codework/datasets/Training_Validation_Dataset_2024_Ajeet-20241107T105545Z-001/Training_Validation_Dataset_2024_Ajeet/caucasian_african_pt_dec_2023/500_2162177_Mobile Camera.jpg,1,1,0,1
/home/ajeet/codework/datasets/Training_Validation_Dataset_2024_Ajeet-20241107T105545Z-001/Training_Validation_Dataset_2024_Ajeet/caucasian_african_pt_dec_2023/1105_2162732_Mobile Camera.jpg,1,1,0,0
/home/ajeet/codework/datasets/Training_Validation_Dataset_2024_Ajeet-20241107T105545Z-001/Training_Validation_Dataset_2024_Ajeet/caucasian_african_pt_dec_2023/1668_2163726_Mobile Camera.jpg,1,1,1,1
/home/ajeet/codework/datasets/Training_Validation_Dataset_2024_Ajeet-20241107T105545Z-001/Training_Validation_Dataset_2024_Ajeet/caucasian_african_pt_dec_2023/2176_2165009_Imposter.jpg,0,1,0,0
/home/ajeet/codework/datasets/Training_Validation_Dataset_2024_Ajeet-20241107T105545Z-001/Training_Validation_Dataset_2024_Ajeet/caucasian_african_pt_dec_2023/2756_2165327_Mobile Camera.jpg,1,1,1,1
/home/ajeet/codework/datasets/Training_Validation_Dataset_2024_Ajeet-20241107T105545Z-001/Training_Validation_Dataset_2024_Ajeet/caucasian_african_pt_dec_2023/2794_2165386_Imposter.jpg,1,1,0,0
/home/ajeet/codework/datasets/Training_Validation_Dataset_2024_Ajeet-20241107T105545Z-001/Training_Validation_Dataset_2024_Ajeet/caucasian_african_pt_dec_2023/743_2162304_Imposter.jpg,1,1,0,0
/home/ajeet/codework/datasets/Training_Validation_Dataset_2024_Ajeet-20241107T105545Z-001/Training_Validation_Dataset_2024_Ajeet/caucasian_african_pt_dec_2023/112_2162064_Mobile Camera.jpg,1,0,1,1
/home/ajeet/codework/datasets/Training_Validation_Dataset_2024_Ajeet-20241107T105545Z-001/Training_Validation_Dataset_2024_Ajeet/caucasian_african_pt_dec_2023/1648_2163685_Mobile Camera.jpg,0,1,0,1
/home/ajeet/codework/datasets/Training_Validation_Dataset_2024_Ajeet-20241107T105545Z-001/Training_Validation_Dataset_2024_Ajeet/caucasian_african_pt_dec_2023/689_2162304_Imposter.jpg,1,1,0,0
/home/ajeet/codework/datasets/Training_Validation_Dataset_2024_Ajeet-20241107T105545Z-001/Training_Validation_Dataset_2024_Ajeet/caucasian_african_pt_dec_2023/626_2162288_FVE - No Face Detected.jpg,1,1,0,0
/home/ajeet/codework/datasets/Training_Validation_Dataset_2024_Ajeet-20241107T105545Z-001/Training_Validation_Dataset_2024_Ajeet/caucasian_african_pt_dec_2023/939_2162410_Mobile Camera.jpg,1,1,1,1
/home/ajeet/codework/datasets/Training_Validation_Dataset_2024_Ajeet-20241107T105545Z-001/Training_Validation_Dataset_2024_Ajeet/caucasian_african_pt_dec_2023/1487_2163496_Imposter.jpg,1,1,0,1
/home/ajeet/codework/datasets/Training_Validation_Dataset_2024_Ajeet-20241107T105545Z-001/Training_Validation_Dataset_2024_Ajeet/caucasian_african_pt_dec_2023/1118_2162762_FVE - No Face Detected.jpg,1,1,0,0
/home/ajeet/codework/datasets/Training_Validation_Dataset_2024_Ajeet-20241107T105545Z-001/Training_Validation_Dataset_2024_Ajeet/caucasian_african_pt_dec_2023/1955_2164956_Mobile Camera.jpg,1,1,0,0
/home/ajeet/codework/datasets/Training_Validation_Dataset_2024_Ajeet-20241107T105545Z-001/Training_Validation_Dataset_2024_Ajeet/caucasian_african_pt_dec_2023/59_2162050_Imposter.jpg,0,1,0,0
/home/ajeet/codework/datasets/Training_Validation_Dataset_2024_Ajeet-20241107T105545Z-001/Training_Validation_Dataset_2024_Ajeet/caucasian_african_pt_dec_2023/908_2162368_Mobile Camera.jpg,1,1,0,1
/home/ajeet/codework/datasets/Training_Validation_Dataset_2024_Ajeet-20241107T105545Z-001/Training_Validation_Dataset_2024_Ajeet/caucasian_african_pt_dec_2023/2237_2165025_Mobile Camera.jpg,1,1,0,1
/home/ajeet/codework/datasets/Training_Validation_Dataset_2024_Ajeet-20241107T105545Z-001/Training_Validation_Dataset_2024_Ajeet/caucasian_african_pt_dec_2023/468_2162163_Mobile Camera.jpg,0,1,1,1
/home/ajeet/codework/datasets/Training_Validation_Dataset_2024_Ajeet-20241107T105545Z-001/Training_Validation_Dataset_2024_Ajeet/caucasian_african_pt_dec_2023/656_2162297_Imposter.jpg,1,1,0,0
/home/ajeet/codework/datasets/Training_Validation_Dataset_2024_Ajeet-20241107T105545Z-001/Training_Validation_Dataset_2024_Ajeet/caucasian_african_pt_dec_2023/1173_2163030_Mobile Camera.jpg,1,1,0,1
/home/ajeet/codework/datasets/Training_Validation_Dataset_2024_Ajeet-20241107T105545Z-001/Training_Validation_Dataset_2024_Ajeet/caucasian_african_pt_dec_2023/1065_2162551_Mobile Camera.jpg,0,1,1,1
/home/ajeet/codework/datasets/Training_Validation_Dataset_2024_Ajeet-20241107T105545Z-001/Training_Validation_Dataset_2024_Ajeet/caucasian_african_pt_dec_2023/2387_2165120_Mobile Camera.jpg,1,1,0,1
/home/ajeet/codework/datasets/Training_Validation_Dataset_2024_Ajeet-20241107T105545Z-001/Training_Validation_Dataset_2024_Ajeet/caucasian_african_pt_dec_2023/933_2162410_Imposter.jpg,1,1,0,0
/home/ajeet/codework/datasets/Training_Validation_Dataset_2024_Ajeet-20241107T105545Z-001/Training_Validation_Dataset_2024_Ajeet/caucasian_african_pt_dec_2023/2764_2165373_Mobile Camera.jpg,1,1,1,1
/home/ajeet/codework/datasets/Training_Validation_Dataset_2024_Ajeet-20241107T105545Z-001/Training_Validation_Dataset_2024_Ajeet/caucasian_african_pt_dec_2023/2837_2165418_Mobile Camera.jpg,1,1,0,1
/home/ajeet/codework/datasets/Training_Validation_Dataset_2024_Ajeet-20241107T105545Z-001/Training_Validation_Dataset_2024_Ajeet/caucasian_african_pt_dec_2023/1402_2163380_Imposter.jpg,0,1,0,0
/home/ajeet/codework/datasets/Training_Validation_Dataset_2024_Ajeet-20241107T105545Z-001/Training_Validation_Dataset_2024_Ajeet/caucasian_african_pt_dec_2023/1293_2163250_Imposter.jpg,1,1,0,0
/home/ajeet/codework/datasets/Training_Validation_Dataset_2024_Ajeet-20241107T105545Z-001/Training_Validation_Dataset_2024_Ajeet/caucasian_african_pt_dec_2023/200_2162093_Imposter.jpg,1,1,0,0
/home/ajeet/codework/datasets/Training_Validation_Dataset_2024_Ajeet-20241107T105545Z-001/Training_Validation_Dataset_2024_Ajeet/caucasian_african_pt_dec_2023/1073_2162597_FVE - No Face Detected.jpg,0,1,0,0
/home/ajeet/codework/datasets/Training_Validation_Dataset_2024_Ajeet-20241107T105545Z-001/Training_Validation_Dataset_2024_Ajeet/caucasian_african_pt_dec_2023/807_2162304_Imposter.jpg,1,1,0,0
/home/ajeet/codework/datasets/Training_Validation_Dataset_2024_Ajeet-20241107T105545Z-001/Training_Validation_Dataset_2024_Ajeet/caucasian_african_pt_dec_2023/723_2162304_Imposter.jpg,1,1,0,0
/home/ajeet/codework/datasets/Training_Validation_Dataset_2024_Ajeet-20241107T105545Z-001/Training_Validation_Dataset_2024_Ajeet/caucasian_african_pt_dec_2023/1343_2163276_FVE - No Face Detected.jpg,1,1,0,0
/home/ajeet/codework/datasets/Training_Validation_Dataset_2024_Ajeet-20241107T105545Z-001/Training_Validation_Dataset_2024_Ajeet/caucasian_african_pt_dec_2023/1026_2162492_Mobile Camera.jpg,1,1,0,1
/home/ajeet/codework/datasets/Training_Validation_Dataset_2024_Ajeet-20241107T105545Z-001/Training_Validation_Dataset_2024_Ajeet/caucasian_african_pt_dec_2023/1348_2163284_Imposter.jpg,1,1,0,0
/home/ajeet/codework/datasets/Training_Validation_Dataset_2024_Ajeet-20241107T105545Z-001/Training_Validation_Dataset_2024_Ajeet/caucasian_african_pt_dec_2023/794_2162304_Imposter.jpg,1,1,0,0
/home/ajeet/codework/datasets/Training_Validation_Dataset_2024_Ajeet-20241107T105545Z-001/Training_Validation_Dataset_2024_Ajeet/caucasian_african_pt_dec_2023/2423_2165189_Mobile Camera.jpg,0,1,0,1
/home/ajeet/codework/datasets/Training_Validation_Dataset_2024_Ajeet-20241107T105545Z-001/Training_Validation_Dataset_2024_Ajeet/caucasian_african_pt_dec_2023/1605_2163655_Imposter.jpg,1,1,0,0
/home/ajeet/codework/datasets/Training_Validation_Dataset_2024_Ajeet-20241107T105545Z-001/Training_Validation_Dataset_2024_Ajeet/caucasian_african_pt_dec_2023/929_2162396_Imposter.jpg,1,1,0,0
/home/ajeet/codework/datasets/Training_Validation_Dataset_2024_Ajeet-20241107T105545Z-001/Training_Validation_Dataset_2024_Ajeet/caucasian_african_pt_dec_2023/2501_2165263_Imposter.jpg,1,1,0,0
/home/ajeet/codework/datasets/Training_Validation_Dataset_2024_Ajeet-20241107T105545Z-001/Training_Validation_Dataset_2024_Ajeet/caucasian_african_pt_dec_2023/879_2162352_Imposter.jpg,1,1,0,0
/home/ajeet/codework/datasets/Training_Validation_Dataset_2024_Ajeet-20241107T105545Z-001/Training_Validation_Dataset_2024_Ajeet/caucasian_african_pt_dec_2023/2603_2165275_Imposter.jpg,1,1,0,0
/home/ajeet/codework/datasets/Training_Validation_Dataset_2024_Ajeet-20241107T105545Z-001/Training_Validation_Dataset_2024_Ajeet/caucasian_african_pt_dec_2023/107_2162064_Mobile Camera.jpg,1,1,1,1
/home/ajeet/codework/datasets/Training_Validation_Dataset_2024_Ajeet-20241107T105545Z-001/Training_Validation_Dataset_2024_Ajeet/caucasian_african_pt_dec_2023/2821_2165388_Imposter.jpg,1,1,0,0
/home/ajeet/codework/datasets/Training_Validation_Dataset_2024_Ajeet-20241107T105545Z-001/Training_Validation_Dataset_2024_Ajeet/caucasian_african_pt_dec_2023/605_2162287_Mobile Camera.jpg,1,0,1,1
/home/ajeet/codework/datasets/Training_Validation_Dataset_2024_Ajeet-20241107T105545Z-001/Training_Validation_Dataset_2024_Ajeet/caucasian_african_pt_dec_2023/390_2162129_Imposter.jpg,1,1,0,0
/home/ajeet/codework/datasets/Training_Validation_Dataset_2024_Ajeet-20241107T105545Z-001/Training_Validation_Dataset_2024_Ajeet/caucasian_african_pt_dec_2023/2386_2165120_Mobile Camera.jpg,1,0,0,1
/home/ajeet/codework/datasets/Training_Validation_Dataset_2024_Ajeet-20241107T105545Z-001/Training_Validation_Dataset_2024_Ajeet/caucasian_african_pt_dec_2023/695_2162304_Imposter.jpg,1,1,0,0
/home/ajeet/codework/datasets/Training_Validation_Dataset_2024_Ajeet-20241107T105545Z-001/Training_Validation_Dataset_2024_Ajeet/caucasian_african_pt_dec_2023/564_2162224_Imposter.jpg,1,1,0,0
/home/ajeet/codework/datasets/Training_Validation_Dataset_2024_Ajeet-20241107T105545Z-001/Training_Validation_Dataset_2024_Ajeet/caucasian_african_pt_dec_2023/1781_2164713_Multiple people.jpg,1,1,0,0
/home/ajeet/codework/datasets/Training_Validation_Dataset_2024_Ajeet-20241107T105545Z-001/Training_Validation_Dataset_2024_Ajeet/caucasian_african_pt_dec_2023/471_2162163_Mobile Camera.jpg,0,1,0,1
/home/ajeet/codework/datasets/Training_Validation_Dataset_2024_Ajeet-20241107T105545Z-001/Training_Validation_Dataset_2024_Ajeet/caucasian_african_pt_dec_2023/1353_2163286_FVE - No Face Detected.jpg,1,1,0,0
/home/ajeet/codework/datasets/Training_Validation_Dataset_2024_Ajeet-20241107T105545Z-001/Training_Validation_Dataset_2024_Ajeet/caucasian_african_pt_dec_2023/356_2162125_Imposter.jpg,0,1,0,0
/home/ajeet/codework/datasets/Training_Validation_Dataset_2024_Ajeet-20241107T105545Z-001/Training_Validation_Dataset_2024_Ajeet/caucasian_african_pt_dec_2023/2398_2165161_FVE - No Face Detected.jpg,1,1,0,0
/home/ajeet/codework/datasets/Training_Validation_Dataset_2024_Ajeet-20241107T105545Z-001/Training_Validation_Dataset_2024_Ajeet/caucasian_african_pt_dec_2023/284_2162115_Mobile Camera.jpg,0,1,0,1
/home/ajeet/codework/datasets/Training_Validation_Dataset_2024_Ajeet-20241107T105545Z-001/Training_Validation_Dataset_2024_Ajeet/caucasian_african_pt_dec_2023/506_2162194_Imposter.jpg,1,1,0,1
/home/ajeet/codework/datasets/Training_Validation_Dataset_2024_Ajeet-20241107T105545Z-001/Training_Validation_Dataset_2024_Ajeet/caucasian_african_pt_dec_2023/829_2162309_Imposter.jpg,0,1,0,1
/home/ajeet/codework/datasets/Training_Validation_Dataset_2024_Ajeet-20241107T105545Z-001/Training_Validation_Dataset_2024_Ajeet/caucasian_african_pt_dec_2023/1160_2162989_Imposter.jpg,1,1,0,0
/home/ajeet/codework/datasets/Training_Validation_Dataset_2024_Ajeet-20241107T105545Z-001/Training_Validation_Dataset_2024_Ajeet/caucasian_african_pt_dec_2023/2551_2165269_Mobile Camera.jpg,1,1,1,1
/home/ajeet/codework/datasets/Training_Validation_Dataset_2024_Ajeet-20241107T105545Z-001/Training_Validation_Dataset_2024_Ajeet/caucasian_african_pt_dec_2023/115_2162064_Mobile Camera.jpg,1,0,1,1
/home/ajeet/codework/datasets/Training_Validation_Dataset_2024_Ajeet-20241107T105545Z-001/Training_Validation_Dataset_2024_Ajeet/caucasian_african_pt_dec_2023/801_2162304_Imposter.jpg,1,1,0,0
/home/ajeet/codework/datasets/Training_Validation_Dataset_2024_Ajeet-20241107T105545Z-001/Training_Validation_Dataset_2024_Ajeet/caucasian_african_pt_dec_2023/2102_2164994_Imposter.jpg,1,1,0,1
/home/ajeet/codework/datasets/Training_Validation_Dataset_2024_Ajeet-20241107T105545Z-001/Training_Validation_Dataset_2024_Ajeet/caucasian_african_pt_dec_2023/1619_2163655_Imposter.jpg,1,1,0,0
/home/ajeet/codework/datasets/Training_Validation_Dataset_2024_Ajeet-20241107T105545Z-001/Training_Validation_Dataset_2024_Ajeet/caucasian_african_pt_dec_2023/2407_2165169_Imposter.jpg,0,1,0,0
/home/ajeet/codework/datasets/Training_Validation_Dataset_2024_Ajeet-20241107T105545Z-001/Training_Validation_Dataset_2024_Ajeet/caucasian_african_pt_dec_2023/1515_2163557_Mobile Camera.jpg,1,1,1,1
/home/ajeet/codework/datasets/Training_Validation_Dataset_2024_Ajeet-20241107T105545Z-001/Training_Validation_Dataset_2024_Ajeet/caucasian_african_pt_dec_2023/2759_2165335_Multiple people.jpg,1,1,0,1
/home/ajeet/codework/datasets/Training_Validation_Dataset_2024_Ajeet-20241107T105545Z-001/Training_Validation_Dataset_2024_Ajeet/caucasian_african_pt_dec_2023/2204_2165014_Imposter.jpg,0,1,0,0
/home/ajeet/codework/datasets/Training_Validation_Dataset_2024_Ajeet-20241107T105545Z-001/Training_Validation_Dataset_2024_Ajeet/caucasian_african_pt_dec_2023/2524_2165263_Imposter.jpg,1,1,0,0
/home/ajeet/codework/datasets/Training_Validation_Dataset_2024_Ajeet-20241107T105545Z-001/Training_Validation_Dataset_2024_Ajeet/caucasian_african_pt_dec_2023/1081_2162604_Imposter.jpg,1,1,0,0
/home/ajeet/codework/datasets/Training_Validation_Dataset_2024_Ajeet-20241107T105545Z-001/Training_Validation_Dataset_2024_Ajeet/caucasian_african_pt_dec_2023/2097_2164994_FVE - No Face Detected.jpg,1,1,0,0
/home/ajeet/codework/datasets/Training_Validation_Dataset_2024_Ajeet-20241107T105545Z-001/Training_Validation_Dataset_2024_Ajeet/caucasian_african_pt_dec_2023/1973_2164971_Mobile Camera.jpg,0,1,0,1
/home/ajeet/codework/datasets/Training_Validation_Dataset_2024_Ajeet-20241107T105545Z-001/Training_Validation_Dataset_2024_Ajeet/caucasian_african_pt_dec_2023/2306_2165084_Imposter.jpg,1,1,0,0
/home/ajeet/codework/datasets/Training_Validation_Dataset_2024_Ajeet-20241107T105545Z-001/Training_Validation_Dataset_2024_Ajeet/caucasian_african_pt_dec_2023/2816_2165387_FVE - No Face Detected.jpg,1,1,0,0
/home/ajeet/codework/datasets/Training_Validation_Dataset_2024_Ajeet-20241107T105545Z-001/Training_Validation_Dataset_2024_Ajeet/caucasian_african_pt_dec_2023/2513_2165263_Imposter.jpg,1,1,0,0
/home/ajeet/codework/datasets/Training_Validation_Dataset_2024_Ajeet-20241107T105545Z-001/Training_Validation_Dataset_2024_Ajeet/caucasian_african_pt_dec_2023/415_2162129_Imposter.jpg,1,1,0,0
/home/ajeet/codework/datasets/Training_Validation_Dataset_2024_Ajeet-20241107T105545Z-001/Training_Validation_Dataset_2024_Ajeet/caucasian_african_pt_dec_2023/632_2162288_Imposter.jpg,0,0,0,0
/home/ajeet/codework/datasets/Training_Validation_Dataset_2024_Ajeet-20241107T105545Z-001/Training_Validation_Dataset_2024_Ajeet/caucasian_african_pt_dec_2023/2039_2164992_Imposter.jpg,0,1,0,0
/home/ajeet/codework/datasets/Training_Validation_Dataset_2024_Ajeet-20241107T105545Z-001/Training_Validation_Dataset_2024_Ajeet/caucasian_african_pt_dec_2023/2069_2164994_Imposter.jpg,1,1,0,0
/home/ajeet/codework/datasets/Training_Validation_Dataset_2024_Ajeet-20241107T105545Z-001/Training_Validation_Dataset_2024_Ajeet/caucasian_african_pt_dec_2023/1931_2164953_FVE - No Face Detected.jpg,1,1,0,0
/home/ajeet/codework/datasets/Training_Validation_Dataset_2024_Ajeet-20241107T105545Z-001/Training_Validation_Dataset_2024_Ajeet/caucasian_african_pt_dec_2023/178_2162083_Imposter.jpg,1,1,0,0
/home/ajeet/codework/datasets/Training_Validation_Dataset_2024_Ajeet-20241107T105545Z-001/Training_Validation_Dataset_2024_Ajeet/caucasian_african_pt_dec_2023/861_2162330_Mobile Camera.jpg,1,1,0,1
/home/ajeet/codework/datasets/Training_Validation_Dataset_2024_Ajeet-20241107T105545Z-001/Training_Validation_Dataset_2024_Ajeet/caucasian_african_pt_dec_2023/2225_2165018_Mobile Camera.jpg,1,1,1,1
/home/ajeet/codework/datasets/Training_Validation_Dataset_2024_Ajeet-20241107T105545Z-001/Training_Validation_Dataset_2024_Ajeet/caucasian_african_pt_dec_2023/588_2162276_Imposter.jpg,0,1,0,0
/home/ajeet/codework/datasets/Training_Validation_Dataset_2024_Ajeet-20241107T105545Z-001/Training_Validation_Dataset_2024_Ajeet/caucasian_african_pt_dec_2023/2222_2165018_Multiple people.jpg,1,1,0,1
/home/ajeet/codework/datasets/Training_Validation_Dataset_2024_Ajeet-20241107T105545Z-001/Training_Validation_Dataset_2024_Ajeet/caucasian_african_pt_dec_2023/975_2162449_Imposter.jpg,1,1,0,1
/home/ajeet/codework/datasets/Training_Validation_Dataset_2024_Ajeet-20241107T105545Z-001/Training_Validation_Dataset_2024_Ajeet/caucasian_african_pt_dec_2023/599_2162279_FVE - No Face Detected.jpg,1,1,0,0
/home/ajeet/codework/datasets/Training_Validation_Dataset_2024_Ajeet-20241107T105545Z-001/Training_Validation_Dataset_2024_Ajeet/caucasian_african_pt_dec_2023/1980_2164972_Mobile Camera.jpg,1,1,1,1
/home/ajeet/codework/datasets/Training_Validation_Dataset_2024_Ajeet-20241107T105545Z-001/Training_Validation_Dataset_2024_Ajeet/caucasian_african_pt_dec_2023/225_2162093_Imposter.jpg,1,1,0,1
/home/ajeet/codework/datasets/Training_Validation_Dataset_2024_Ajeet-20241107T105545Z-001/Training_Validation_Dataset_2024_Ajeet/caucasian_african_pt_dec_2023/745_2162304_Imposter.jpg,1,1,0,0
/home/ajeet/codework/datasets/Training_Validation_Dataset_2024_Ajeet-20241107T105545Z-001/Training_Validation_Dataset_2024_Ajeet/caucasian_african_pt_dec_2023/93_2162064_Mobile Camera.jpg,1,1,1,1
/home/ajeet/codework/datasets/Training_Validation_Dataset_2024_Ajeet-20241107T105545Z-001/Training_Validation_Dataset_2024_Ajeet/caucasian_african_pt_dec_2023/866_2162334_Mobile Camera.jpg,1,1,0,1
/home/ajeet/codework/datasets/Training_Validation_Dataset_2024_Ajeet-20241107T105545Z-001/Training_Validation_Dataset_2024_Ajeet/caucasian_african_pt_dec_2023/2369_2165106_Imposter.jpg,1,1,0,0
/home/ajeet/codework/datasets/Training_Validation_Dataset_2024_Ajeet-20241107T105545Z-001/Training_Validation_Dataset_2024_Ajeet/caucasian_african_pt_dec_2023/335_2162123_Imposter.jpg,1,1,0,0
/home/ajeet/codework/datasets/Training_Validation_Dataset_2024_Ajeet-20241107T105545Z-001/Training_Validation_Dataset_2024_Ajeet/caucasian_african_pt_dec_2023/2239_2165026_Imposter.jpg,1,1,0,0
/home/ajeet/codework/datasets/Training_Validation_Dataset_2024_Ajeet-20241107T105545Z-001/Training_Validation_Dataset_2024_Ajeet/caucasian_african_pt_dec_2023/2343_2165096_Imposter.jpg,1,0,0,1
/home/ajeet/codework/datasets/Training_Validation_Dataset_2024_Ajeet-20241107T105545Z-001/Training_Validation_Dataset_2024_Ajeet/caucasian_african_pt_dec_2023/2626_2165275_Imposter.jpg,1,1,0,0
/home/ajeet/codework/datasets/Training_Validation_Dataset_2024_Ajeet-20241107T105545Z-001/Training_Validation_Dataset_2024_Ajeet/caucasian_african_pt_dec_2023/1497_2163502_Mobile Camera.jpg,1,1,0,0
/home/ajeet/codework/datasets/Training_Validation_Dataset_2024_Ajeet-20241107T105545Z-001/Training_Validation_Dataset_2024_Ajeet/caucasian_african_pt_dec_2023/1645_2163682_Mobile Camera.jpg,1,1,0,1
/home/ajeet/codework/datasets/Training_Validation_Dataset_2024_Ajeet-20241107T105545Z-001/Training_Validation_Dataset_2024_Ajeet/caucasian_african_pt_dec_2023/1863_2164904_Mobile Camera.jpg,1,0,0,1
/home/ajeet/codework/datasets/Training_Validation_Dataset_2024_Ajeet-20241107T105545Z-001/Training_Validation_Dataset_2024_Ajeet/caucasian_african_pt_dec_2023/2736_2165327_Imposter.jpg,1,1,0,0
/home/ajeet/codework/datasets/Training_Validation_Dataset_2024_Ajeet-20241107T105545Z-001/Training_Validation_Dataset_2024_Ajeet/caucasian_african_pt_dec_2023/2037_2164987_Imposter.jpg,1,1,0,0
/home/ajeet/codework/datasets/Training_Validation_Dataset_2024_Ajeet-20241107T105545Z-001/Training_Validation_Dataset_2024_Ajeet/caucasian_african_pt_dec_2023/1591_2163635_Mobile Camera.jpg,1,1,0,1
/home/ajeet/codework/datasets/Training_Validation_Dataset_2024_Ajeet-20241107T105545Z-001/Training_Validation_Dataset_2024_Ajeet/caucasian_african_pt_dec_2023/2661_2165275_Imposter.jpg,1,1,0,0
/home/ajeet/codework/datasets/Training_Validation_Dataset_2024_Ajeet-20241107T105545Z-001/Training_Validation_Dataset_2024_Ajeet/caucasian_african_pt_dec_2023/360_2162125_Imposter.jpg,0,1,0,0
/home/ajeet/codework/datasets/Training_Validation_Dataset_2024_Ajeet-20241107T105545Z-001/Training_Validation_Dataset_2024_Ajeet/caucasian_african_pt_dec_2023/216_2162093_Mobile Camera.jpg,1,1,1,1
/home/ajeet/codework/datasets/Training_Validation_Dataset_2024_Ajeet-20241107T105545Z-001/Training_Validation_Dataset_2024_Ajeet/caucasian_african_pt_dec_2023/1151_2162985_FVE - No Face Detected.jpg,1,1,0,0
/home/ajeet/codework/datasets/Training_Validation_Dataset_2024_Ajeet-20241107T105545Z-001/Training_Validation_Dataset_2024_Ajeet/caucasian_african_pt_dec_2023/1494_2163502_Mobile Camera.jpg,1,1,0,0
/home/ajeet/codework/datasets/Training_Validation_Dataset_2024_Ajeet-20241107T105545Z-001/Training_Validation_Dataset_2024_Ajeet/caucasian_african_pt_dec_2023/113_2162064_Imposter.jpg,0,1,0,0
/home/ajeet/codework/datasets/Training_Validation_Dataset_2024_Ajeet-20241107T105545Z-001/Training_Validation_Dataset_2024_Ajeet/caucasian_african_pt_dec_2023/1611_2163655_Imposter.jpg,1,1,0,0
/home/ajeet/codework/datasets/Training_Validation_Dataset_2024_Ajeet-20241107T105545Z-001/Training_Validation_Dataset_2024_Ajeet/caucasian_african_pt_dec_2023/1547_2163597_Imposter.jpg,1,1,0,1
/home/ajeet/codework/datasets/Training_Validation_Dataset_2024_Ajeet-20241107T105545Z-001/Training_Validation_Dataset_2024_Ajeet/caucasian_african_pt_dec_2023/2533_2165267_FVE - No Face Detected.jpg,1,1,0,0
/home/ajeet/codework/datasets/Training_Validation_Dataset_2024_Ajeet-20241107T105545Z-001/Training_Validation_Dataset_2024_Ajeet/caucasian_african_pt_dec_2023/484_2162174_Imposter.jpg,1,1,0,0
/home/ajeet/codework/datasets/Training_Validation_Dataset_2024_Ajeet-20241107T105545Z-001/Training_Validation_Dataset_2024_Ajeet/caucasian_african_pt_dec_2023/486_2162174_Imposter.jpg,1,1,0,0
/home/ajeet/codework/datasets/Training_Validation_Dataset_2024_Ajeet-20241107T105545Z-001/Training_Validation_Dataset_2024_Ajeet/caucasian_african_pt_dec_2023/1476_2163473_Imposter.jpg,1,1,0,0
/home/ajeet/codework/datasets/Training_Validation_Dataset_2024_Ajeet-20241107T105545Z-001/Training_Validation_Dataset_2024_Ajeet/caucasian_african_pt_dec_2023/1488_2163502_Mobile Camera.jpg,1,1,0,1
/home/ajeet/codework/datasets/Training_Validation_Dataset_2024_Ajeet-20241107T105545Z-001/Training_Validation_Dataset_2024_Ajeet/caucasian_african_pt_dec_2023/406_2162129_Imposter.jpg,1,1,0,0
/home/ajeet/codework/datasets/Training_Validation_Dataset_2024_Ajeet-20241107T105545Z-001/Training_Validation_Dataset_2024_Ajeet/caucasian_african_pt_dec_2023/1359_2163300_Mobile Camera.jpg,0,1,0,1
/home/ajeet/codework/datasets/Training_Validation_Dataset_2024_Ajeet-20241107T105545Z-001/Training_Validation_Dataset_2024_Ajeet/caucasian_african_pt_dec_2023/2122_2164995_Imposter.jpg,1,1,0,0
/home/ajeet/codework/datasets/Training_Validation_Dataset_2024_Ajeet-20241107T105545Z-001/Training_Validation_Dataset_2024_Ajeet/caucasian_african_pt_dec_2023/2323_2165084_Imposter.jpg,1,1,0,1
/home/ajeet/codework/datasets/Training_Validation_Dataset_2024_Ajeet-20241107T105545Z-001/Training_Validation_Dataset_2024_Ajeet/caucasian_african_pt_dec_2023/2601_2165275_Imposter.jpg,1,1,0,0
/home/ajeet/codework/datasets/Training_Validation_Dataset_2024_Ajeet-20241107T105545Z-001/Training_Validation_Dataset_2024_Ajeet/caucasian_african_pt_dec_2023/2853_2165431_Spoof.jpg,1,1,0,0
/home/ajeet/codework/datasets/Training_Validation_Dataset_2024_Ajeet-20241107T105545Z-001/Training_Validation_Dataset_2024_Ajeet/caucasian_african_pt_dec_2023/2642_2165275_Imposter.jpg,1,1,0,0
/home/ajeet/codework/datasets/Training_Validation_Dataset_2024_Ajeet-20241107T105545Z-001/Training_Validation_Dataset_2024_Ajeet/caucasian_african_pt_dec_2023/212_2162093_Mobile Camera.jpg,0,1,1,1
/home/ajeet/codework/datasets/Training_Validation_Dataset_2024_Ajeet-20241107T105545Z-001/Training_Validation_Dataset_2024_Ajeet/caucasian_african_pt_dec_2023/1096_2162654_FVE - No Face Detected.jpg,0,1,0,1
/home/ajeet/codework/datasets/Training_Validation_Dataset_2024_Ajeet-20241107T105545Z-001/Training_Validation_Dataset_2024_Ajeet/caucasian_african_pt_dec_2023/1344_2163276_Imposter.jpg,1,1,0,0
/home/ajeet/codework/datasets/Training_Validation_Dataset_2024_Ajeet-20241107T105545Z-001/Training_Validation_Dataset_2024_Ajeet/caucasian_african_pt_dec_2023/206_2162093_Imposter.jpg,1,1,0,1
/home/ajeet/codework/datasets/Training_Validation_Dataset_2024_Ajeet-20241107T105545Z-001/Training_Validation_Dataset_2024_Ajeet/caucasian_african_pt_dec_2023/669_2162304_Imposter.jpg,0,1,0,0
/home/ajeet/codework/datasets/Training_Validation_Dataset_2024_Ajeet-20241107T105545Z-001/Training_Validation_Dataset_2024_Ajeet/caucasian_african_pt_dec_2023/684_2162304_Imposter.jpg,1,1,0,0
/home/ajeet/codework/datasets/Training_Validation_Dataset_2024_Ajeet-20241107T105545Z-001/Training_Validation_Dataset_2024_Ajeet/caucasian_african_pt_dec_2023/2517_2165263_Imposter.jpg,1,1,0,0
/home/ajeet/codework/datasets/Training_Validation_Dataset_2024_Ajeet-20241107T105545Z-001/Training_Validation_Dataset_2024_Ajeet/caucasian_african_pt_dec_2023/1221_2163140_Imposter.jpg,1,1,0,1
/home/ajeet/codework/datasets/Training_Validation_Dataset_2024_Ajeet-20241107T105545Z-001/Training_Validation_Dataset_2024_Ajeet/caucasian_african_pt_dec_2023/1089_2162650_Imposter.jpg,1,1,0,0
/home/ajeet/codework/datasets/Training_Validation_Dataset_2024_Ajeet-20241107T105545Z-001/Training_Validation_Dataset_2024_Ajeet/caucasian_african_pt_dec_2023/2164_2165005_Imposter.jpg,1,1,0,0
/home/ajeet/codework/datasets/Training_Validation_Dataset_2024_Ajeet-20241107T105545Z-001/Training_Validation_Dataset_2024_Ajeet/caucasian_african_pt_dec_2023/790_2162304_Imposter.jpg,1,1,0,0
/home/ajeet/codework/datasets/Training_Validation_Dataset_2024_Ajeet-20241107T105545Z-001/Training_Validation_Dataset_2024_Ajeet/caucasian_african_pt_dec_2023/2100_2164994_Imposter.jpg,1,1,0,0
/home/ajeet/codework/datasets/Training_Validation_Dataset_2024_Ajeet-20241107T105545Z-001/Training_Validation_Dataset_2024_Ajeet/caucasian_african_pt_dec_2023/450_2162144_Mobile Camera.jpg,1,1,0,1
/home/ajeet/codework/datasets/Training_Validation_Dataset_2024_Ajeet-20241107T105545Z-001/Training_Validation_Dataset_2024_Ajeet/caucasian_african_pt_dec_2023/2473_2165261_Imposter.jpg,1,1,0,0
/home/ajeet/codework/datasets/Training_Validation_Dataset_2024_Ajeet-20241107T105545Z-001/Training_Validation_Dataset_2024_Ajeet/caucasian_african_pt_dec_2023/1222_2163140_Imposter.jpg,1,1,0,0
/home/ajeet/codework/datasets/Training_Validation_Dataset_2024_Ajeet-20241107T105545Z-001/Training_Validation_Dataset_2024_Ajeet/caucasian_african_pt_dec_2023/1715_2163773_Mobile Camera.jpg,1,1,0,1
/home/ajeet/codework/datasets/Training_Validation_Dataset_2024_Ajeet-20241107T105545Z-001/Training_Validation_Dataset_2024_Ajeet/caucasian_african_pt_dec_2023/1101_2162667_FVE - No Face Detected.jpg,1,1,0,1
/home/ajeet/codework/datasets/Training_Validation_Dataset_2024_Ajeet-20241107T105545Z-001/Training_Validation_Dataset_2024_Ajeet/caucasian_african_pt_dec_2023/2782_2165373_Imposter.jpg,1,1,0,1
/home/ajeet/codework/datasets/Training_Validation_Dataset_2024_Ajeet-20241107T105545Z-001/Training_Validation_Dataset_2024_Ajeet/caucasian_african_pt_dec_2023/2093_2164994_Imposter.jpg,1,1,0,0
/home/ajeet/codework/datasets/Training_Validation_Dataset_2024_Ajeet-20241107T105545Z-001/Training_Validation_Dataset_2024_Ajeet/caucasian_african_pt_dec_2023/10_2162027_Mobile Camera.jpg,1,1,0,1
/home/ajeet/codework/datasets/Training_Validation_Dataset_2024_Ajeet-20241107T105545Z-001/Training_Validation_Dataset_2024_Ajeet/caucasian_african_pt_dec_2023/1271_2163243_Multiple people.jpg,0,1,0,0
/home/ajeet/codework/datasets/Training_Validation_Dataset_2024_Ajeet-20241107T105545Z-001/Training_Validation_Dataset_2024_Ajeet/caucasian_african_pt_dec_2023/787_2162304_Imposter.jpg,1,1,0,0
/home/ajeet/codework/datasets/Training_Validation_Dataset_2024_Ajeet-20241107T105545Z-001/Training_Validation_Dataset_2024_Ajeet/caucasian_african_pt_dec_2023/400_2162129_Imposter.jpg,0,1,0,0
/home/ajeet/codework/datasets/Training_Validation_Dataset_2024_Ajeet-20241107T105545Z-001/Training_Validation_Dataset_2024_Ajeet/caucasian_african_pt_dec_2023/434_2162132_Imposter.jpg,1,1,0,0
/home/ajeet/codework/datasets/Training_Validation_Dataset_2024_Ajeet-20241107T105545Z-001/Training_Validation_Dataset_2024_Ajeet/caucasian_african_pt_dec_2023/2290_2165058_Mobile Camera.jpg,1,1,0,1
/home/ajeet/codework/datasets/Training_Validation_Dataset_2024_Ajeet-20241107T105545Z-001/Training_Validation_Dataset_2024_Ajeet/caucasian_african_pt_dec_2023/1472_2163473_Mobile Camera.jpg,1,0,1,1
/home/ajeet/codework/datasets/Training_Validation_Dataset_2024_Ajeet-20241107T105545Z-001/Training_Validation_Dataset_2024_Ajeet/caucasian_african_pt_dec_2023/2805_2165386_FVE - No Face Detected.jpg,1,1,0,0
/home/ajeet/codework/datasets/Training_Validation_Dataset_2024_Ajeet-20241107T105545Z-001/Training_Validation_Dataset_2024_Ajeet/caucasian_african_pt_dec_2023/77_2162052_Imposter.jpg,1,0,0,0
/home/ajeet/codework/datasets/Training_Validation_Dataset_2024_Ajeet-20241107T105545Z-001/Training_Validation_Dataset_2024_Ajeet/caucasian_african_pt_dec_2023/437_2162132_Mobile Camera.jpg,1,1,1,1
/home/ajeet/codework/datasets/Training_Validation_Dataset_2024_Ajeet-20241107T105545Z-001/Training_Validation_Dataset_2024_Ajeet/caucasian_african_pt_dec_2023/647_2162291_Mobile Camera.jpg,1,1,0,1
/home/ajeet/codework/datasets/Training_Validation_Dataset_2024_Ajeet-20241107T105545Z-001/Training_Validation_Dataset_2024_Ajeet/caucasian_african_pt_dec_2023/1826_2164903_FVE - No Face Detected.jpg,1,0,0,0
/home/ajeet/codework/datasets/Training_Validation_Dataset_2024_Ajeet-20241107T105545Z-001/Training_Validation_Dataset_2024_Ajeet/caucasian_african_pt_dec_2023/718_2162304_Imposter.jpg,1,1,0,0
/home/ajeet/codework/datasets/Training_Validation_Dataset_2024_Ajeet-20241107T105545Z-001/Training_Validation_Dataset_2024_Ajeet/caucasian_african_pt_dec_2023/872_2162335_Imposter.jpg,1,1,0,0
/home/ajeet/codework/datasets/Training_Validation_Dataset_2024_Ajeet-20241107T105545Z-001/Training_Validation_Dataset_2024_Ajeet/caucasian_african_pt_dec_2023/347_2162125_Mobile Camera.jpg,0,1,1,0
/home/ajeet/codework/datasets/Training_Validation_Dataset_2024_Ajeet-20241107T105545Z-001/Training_Validation_Dataset_2024_Ajeet/caucasian_african_pt_dec_2023/134_2162065_Imposter.jpg,0,1,0,0
/home/ajeet/codework/datasets/Training_Validation_Dataset_2024_Ajeet-20241107T105545Z-001/Training_Validation_Dataset_2024_Ajeet/caucasian_african_pt_dec_2023/1981_2164972_Imposter.jpg,1,1,0,0
/home/ajeet/codework/datasets/Training_Validation_Dataset_2024_Ajeet-20241107T105545Z-001/Training_Validation_Dataset_2024_Ajeet/caucasian_african_pt_dec_2023/6_2162025_Imposter.jpg,1,1,0,0
/home/ajeet/codework/datasets/Training_Validation_Dataset_2024_Ajeet-20241107T105545Z-001/Training_Validation_Dataset_2024_Ajeet/caucasian_african_pt_dec_2023/1539_2163597_Imposter.jpg,1,1,0,0
/home/ajeet/codework/datasets/Training_Validation_Dataset_2024_Ajeet-20241107T105545Z-001/Training_Validation_Dataset_2024_Ajeet/caucasian_african_pt_dec_2023/385_2162129_Imposter.jpg,1,0,0,0
/home/ajeet/codework/datasets/Training_Validation_Dataset_2024_Ajeet-20241107T105545Z-001/Training_Validation_Dataset_2024_Ajeet/caucasian_african_pt_dec_2023/2613_2165275_Imposter.jpg,1,1,0,0
/home/ajeet/codework/datasets/Training_Validation_Dataset_2024_Ajeet-20241107T105545Z-001/Training_Validation_Dataset_2024_Ajeet/caucasian_african_pt_dec_2023/1530_2163597_Imposter.jpg,1,1,0,0
/home/ajeet/codework/datasets/Training_Validation_Dataset_2024_Ajeet-20241107T105545Z-001/Training_Validation_Dataset_2024_Ajeet/caucasian_african_pt_dec_2023/2361_2165106_Imposter.jpg,1,0,0,1
/home/ajeet/codework/datasets/Training_Validation_Dataset_2024_Ajeet-20241107T105545Z-001/Training_Validation_Dataset_2024_Ajeet/caucasian_african_pt_dec_2023/1997_2164972_Mobile Camera.jpg,1,0,1,1
/home/ajeet/codework/datasets/Training_Validation_Dataset_2024_Ajeet-20241107T105545Z-001/Training_Validation_Dataset_2024_Ajeet/caucasian_african_pt_dec_2023/70_2162050_Imposter.jpg,1,1,0,0
/home/ajeet/codework/datasets/Training_Validation_Dataset_2024_Ajeet-20241107T105545Z-001/Training_Validation_Dataset_2024_Ajeet/caucasian_african_pt_dec_2023/581_2162276_Mobile Camera.jpg,0,1,1,1
/home/ajeet/codework/datasets/Training_Validation_Dataset_2024_Ajeet-20241107T105545Z-001/Training_Validation_Dataset_2024_Ajeet/caucasian_african_pt_dec_2023/2125_2164997_Imposter.jpg,1,1,0,0
/home/ajeet/codework/datasets/Training_Validation_Dataset_2024_Ajeet-20241107T105545Z-001/Training_Validation_Dataset_2024_Ajeet/caucasian_african_pt_dec_2023/2355_2165100_Mobile Camera.jpg,1,1,0,1
/home/ajeet/codework/datasets/Training_Validation_Dataset_2024_Ajeet-20241107T105545Z-001/Training_Validation_Dataset_2024_Ajeet/caucasian_african_pt_dec_2023/1098_2162655_Mobile Camera.jpg,1,1,1,1
/home/ajeet/codework/datasets/Training_Validation_Dataset_2024_Ajeet-20241107T105545Z-001/Training_Validation_Dataset_2024_Ajeet/caucasian_african_pt_dec_2023/1677_2163737_Mobile Camera.jpg,1,1,0,1
/home/ajeet/codework/datasets/Training_Validation_Dataset_2024_Ajeet-20241107T105545Z-001/Training_Validation_Dataset_2024_Ajeet/caucasian_african_pt_dec_2023/778_2162304_Imposter.jpg,1,1,0,0
/home/ajeet/codework/datasets/Training_Validation_Dataset_2024_Ajeet-20241107T105545Z-001/Training_Validation_Dataset_2024_Ajeet/caucasian_african_pt_dec_2023/1056_2162526_Mobile Camera.jpg,1,1,1,0
/home/ajeet/codework/datasets/Training_Validation_Dataset_2024_Ajeet-20241107T105545Z-001/Training_Validation_Dataset_2024_Ajeet/caucasian_african_pt_dec_2023/1324_2163276_FVE - No Face Detected.jpg,0,1,0,0
/home/ajeet/codework/datasets/Training_Validation_Dataset_2024_Ajeet-20241107T105545Z-001/Training_Validation_Dataset_2024_Ajeet/caucasian_african_pt_dec_2023/2363_2165106_Imposter.jpg,1,1,0,0
/home/ajeet/codework/datasets/Training_Validation_Dataset_2024_Ajeet-20241107T105545Z-001/Training_Validation_Dataset_2024_Ajeet/caucasian_african_pt_dec_2023/2223_2165018_Mobile Camera.jpg,1,1,0,1
/home/ajeet/codework/datasets/Training_Validation_Dataset_2024_Ajeet-20241107T105545Z-001/Training_Validation_Dataset_2024_Ajeet/caucasian_african_pt_dec_2023/944_2162410_Mobile Camera.jpg,1,1,0,1
/home/ajeet/codework/datasets/Training_Validation_Dataset_2024_Ajeet-20241107T105545Z-001/Training_Validation_Dataset_2024_Ajeet/caucasian_african_pt_dec_2023/734_2162304_Imposter.jpg,1,1,0,0
/home/ajeet/codework/datasets/Training_Validation_Dataset_2024_Ajeet-20241107T105545Z-001/Training_Validation_Dataset_2024_Ajeet/caucasian_african_pt_dec_2023/1610_2163655_Imposter.jpg,1,1,0,0
/home/ajeet/codework/datasets/Training_Validation_Dataset_2024_Ajeet-20241107T105545Z-001/Training_Validation_Dataset_2024_Ajeet/caucasian_african_pt_dec_2023/806_2162304_Imposter.jpg,1,1,0,0
/home/ajeet/codework/datasets/Training_Validation_Dataset_2024_Ajeet-20241107T105545Z-001/Training_Validation_Dataset_2024_Ajeet/caucasian_african_pt_dec_2023/300_2162117_Imposter.jpg,0,1,0,0
/home/ajeet/codework/datasets/Training_Validation_Dataset_2024_Ajeet-20241107T105545Z-001/Training_Validation_Dataset_2024_Ajeet/caucasian_african_pt_dec_2023/1061_2162551_Imposter.jpg,0,1,0,0
/home/ajeet/codework/datasets/Training_Validation_Dataset_2024_Ajeet-20241107T105545Z-001/Training_Validation_Dataset_2024_Ajeet/caucasian_african_pt_dec_2023/1132_2162968_Mobile Camera.jpg,1,1,0,1
/home/ajeet/codework/datasets/Training_Validation_Dataset_2024_Ajeet-20241107T105545Z-001/Training_Validation_Dataset_2024_Ajeet/caucasian_african_pt_dec_2023/100_2162064_Mobile Camera.jpg,1,0,1,1
/home/ajeet/codework/datasets/Training_Validation_Dataset_2024_Ajeet-20241107T105545Z-001/Training_Validation_Dataset_2024_Ajeet/caucasian_african_pt_dec_2023/429_2162132_Imposter.jpg,0,1,0,0
/home/ajeet/codework/datasets/Training_Validation_Dataset_2024_Ajeet-20241107T105545Z-001/Training_Validation_Dataset_2024_Ajeet/caucasian_african_pt_dec_2023/2161_2165005_Mobile Camera.jpg,1,1,0,0
/home/ajeet/codework/datasets/Training_Validation_Dataset_2024_Ajeet-20241107T105545Z-001/Training_Validation_Dataset_2024_Ajeet/caucasian_african_pt_dec_2023/769_2162304_Imposter.jpg,0,1,0,0
/home/ajeet/codework/datasets/Training_Validation_Dataset_2024_Ajeet-20241107T105545Z-001/Training_Validation_Dataset_2024_Ajeet/caucasian_african_pt_dec_2023/941_2162410_Mobile Camera.jpg,1,1,1,1
/home/ajeet/codework/datasets/Training_Validation_Dataset_2024_Ajeet-20241107T105545Z-001/Training_Validation_Dataset_2024_Ajeet/caucasian_african_pt_dec_2023/3_2162025_Mobile Camera.jpg,1,1,0,1
/home/ajeet/codework/datasets/Training_Validation_Dataset_2024_Ajeet-20241107T105545Z-001/Training_Validation_Dataset_2024_Ajeet/caucasian_african_pt_dec_2023/1893_2164935_Multiple people.jpg,1,1,0,0
/home/ajeet/codework/datasets/Training_Validation_Dataset_2024_Ajeet-20241107T105545Z-001/Training_Validation_Dataset_2024_Ajeet/caucasian_african_pt_dec_2023/228_2162093_Imposter.jpg,1,1,0,0
/home/ajeet/codework/datasets/Training_Validation_Dataset_2024_Ajeet-20241107T105545Z-001/Training_Validation_Dataset_2024_Ajeet/caucasian_african_pt_dec_2023/42_2162050_Imposter.jpg,0,1,0,0
/home/ajeet/codework/datasets/Training_Validation_Dataset_2024_Ajeet-20241107T105545Z-001/Training_Validation_Dataset_2024_Ajeet/caucasian_african_pt_dec_2023/1693_2163742_FVE - Spoof Detected.jpg,1,1,0,0
/home/ajeet/codework/datasets/Training_Validation_Dataset_2024_Ajeet-20241107T105545Z-001/Training_Validation_Dataset_2024_Ajeet/caucasian_african_pt_dec_2023/1621_2163655_Imposter.jpg,1,1,0,0
/home/ajeet/codework/datasets/Training_Validation_Dataset_2024_Ajeet-20241107T105545Z-001/Training_Validation_Dataset_2024_Ajeet/caucasian_african_pt_dec_2023/1082_2162604_FVE - No Face Detected.jpg,1,1,0,0
/home/ajeet/codework/datasets/Training_Validation_Dataset_2024_Ajeet-20241107T105545Z-001/Training_Validation_Dataset_2024_Ajeet/caucasian_african_pt_dec_2023/2362_2165106_Imposter.jpg,1,1,0,0
/home/ajeet/codework/datasets/Training_Validation_Dataset_2024_Ajeet-20241107T105545Z-001/Training_Validation_Dataset_2024_Ajeet/caucasian_african_pt_dec_2023/571_2162255_Imposter.jpg,1,1,0,0
/home/ajeet/codework/datasets/Training_Validation_Dataset_2024_Ajeet-20241107T105545Z-001/Training_Validation_Dataset_2024_Ajeet/caucasian_african_pt_dec_2023/1909_2164945_Imposter.jpg,1,1,0,0
/home/ajeet/codework/datasets/Training_Validation_Dataset_2024_Ajeet-20241107T105545Z-001/Training_Validation_Dataset_2024_Ajeet/caucasian_african_pt_dec_2023/2769_2165373_Imposter.jpg,1,1,0,0
/home/ajeet/codework/datasets/Training_Validation_Dataset_2024_Ajeet-20241107T105545Z-001/Training_Validation_Dataset_2024_Ajeet/caucasian_african_pt_dec_2023/155_2162072_FVE - No Face Detected.jpg,1,1,0,0
/home/ajeet/codework/datasets/Training_Validation_Dataset_2024_Ajeet-20241107T105545Z-001/Training_Validation_Dataset_2024_Ajeet/caucasian_african_pt_dec_2023/187_2162083_Imposter.jpg,1,1,0,0
/home/ajeet/codework/datasets/Training_Validation_Dataset_2024_Ajeet-20241107T105545Z-001/Training_Validation_Dataset_2024_Ajeet/caucasian_african_pt_dec_2023/1202_2163051_Imposter.jpg,0,1,0,0
/home/ajeet/codework/datasets/Training_Validation_Dataset_2024_Ajeet-20241107T105545Z-001/Training_Validation_Dataset_2024_Ajeet/caucasian_african_pt_dec_2023/1992_2164972_Mobile Camera.jpg,1,0,1,1
/home/ajeet/codework/datasets/Training_Validation_Dataset_2024_Ajeet-20241107T105545Z-001/Training_Validation_Dataset_2024_Ajeet/caucasian_african_pt_dec_2023/973_2162449_Imposter.jpg,1,1,0,0
/home/ajeet/codework/datasets/Training_Validation_Dataset_2024_Ajeet-20241107T105545Z-001/Training_Validation_Dataset_2024_Ajeet/caucasian_african_pt_dec_2023/31_2162050_Imposter.jpg,0,1,0,0
/home/ajeet/codework/datasets/Training_Validation_Dataset_2024_Ajeet-20241107T105545Z-001/Training_Validation_Dataset_2024_Ajeet/caucasian_african_pt_dec_2023/2788_2165376_Mobile Camera.jpg,1,1,0,1
/home/ajeet/codework/datasets/Training_Validation_Dataset_2024_Ajeet-20241107T105545Z-001/Training_Validation_Dataset_2024_Ajeet/caucasian_african_pt_dec_2023/1993_2164972_FVE - No Face Detected.jpg,1,1,0,0
/home/ajeet/codework/datasets/Training_Validation_Dataset_2024_Ajeet-20241107T105545Z-001/Training_Validation_Dataset_2024_Ajeet/caucasian_african_pt_dec_2023/455_2162149_Imposter.jpg,1,1,0,1
/home/ajeet/codework/datasets/Training_Validation_Dataset_2024_Ajeet-20241107T105545Z-001/Training_Validation_Dataset_2024_Ajeet/caucasian_african_pt_dec_2023/2141_2164997_Imposter.jpg,1,1,0,1
/home/ajeet/codework/datasets/Training_Validation_Dataset_2024_Ajeet-20241107T105545Z-001/Training_Validation_Dataset_2024_Ajeet/caucasian_african_pt_dec_2023/837_2162314_Imposter.jpg,1,1,0,0
/home/ajeet/codework/datasets/Training_Validation_Dataset_2024_Ajeet-20241107T105545Z-001/Training_Validation_Dataset_2024_Ajeet/caucasian_african_pt_dec_2023/1333_2163276_Imposter.jpg,0,1,0,0
/home/ajeet/codework/datasets/Training_Validation_Dataset_2024_Ajeet-20241107T105545Z-001/Training_Validation_Dataset_2024_Ajeet/caucasian_african_pt_dec_2023/1485_2163487_Mobile Camera.jpg,1,1,0,1
/home/ajeet/codework/datasets/Training_Validation_Dataset_2024_Ajeet-20241107T105545Z-001/Training_Validation_Dataset_2024_Ajeet/caucasian_african_pt_dec_2023/875_2162335_Mobile Camera.jpg,1,1,1,1
/home/ajeet/codework/datasets/Training_Validation_Dataset_2024_Ajeet-20241107T105545Z-001/Training_Validation_Dataset_2024_Ajeet/caucasian_african_pt_dec_2023/853_2162324_Mobile Camera.jpg,0,1,0,1
/home/ajeet/codework/datasets/Training_Validation_Dataset_2024_Ajeet-20241107T105545Z-001/Training_Validation_Dataset_2024_Ajeet/caucasian_african_pt_dec_2023/95_2162064_Mobile Camera.jpg,1,1,1,1
/home/ajeet/codework/datasets/Training_Validation_Dataset_2024_Ajeet-20241107T105545Z-001/Training_Validation_Dataset_2024_Ajeet/caucasian_african_pt_dec_2023/859_2162324_Imposter.jpg,0,1,0,0
/home/ajeet/codework/datasets/Training_Validation_Dataset_2024_Ajeet-20241107T105545Z-001/Training_Validation_Dataset_2024_Ajeet/caucasian_african_pt_dec_2023/1891_2164935_Imposter.jpg,1,1,0,0
/home/ajeet/codework/datasets/Training_Validation_Dataset_2024_Ajeet-20241107T105545Z-001/Training_Validation_Dataset_2024_Ajeet/caucasian_african_pt_dec_2023/1479_2163473_Mobile Camera.jpg,1,0,1,1
/home/ajeet/codework/datasets/Training_Validation_Dataset_2024_Ajeet-20241107T105545Z-001/Training_Validation_Dataset_2024_Ajeet/caucasian_african_pt_dec_2023/331_2162123_Imposter.jpg,1,1,0,0
/home/ajeet/codework/datasets/Training_Validation_Dataset_2024_Ajeet-20241107T105545Z-001/Training_Validation_Dataset_2024_Ajeet/caucasian_african_pt_dec_2023/1814_2164902_Imposter.jpg,1,1,0,0
/home/ajeet/codework/datasets/Training_Validation_Dataset_2024_Ajeet-20241107T105545Z-001/Training_Validation_Dataset_2024_Ajeet/caucasian_african_pt_dec_2023/1576_2163626_Imposter.jpg,0,1,0,0
/home/ajeet/codework/datasets/Training_Validation_Dataset_2024_Ajeet-20241107T105545Z-001/Training_Validation_Dataset_2024_Ajeet/caucasian_african_pt_dec_2023/1697_2163743_Mobile Camera.jpg,1,0,0,1
/home/ajeet/codework/datasets/Training_Validation_Dataset_2024_Ajeet-20241107T105545Z-001/Training_Validation_Dataset_2024_Ajeet/caucasian_african_pt_dec_2023/1694_2163742_FVE - Spoof Detected.jpg,1,1,0,0
/home/ajeet/codework/datasets/Training_Validation_Dataset_2024_Ajeet-20241107T105545Z-001/Training_Validation_Dataset_2024_Ajeet/caucasian_african_pt_dec_2023/2364_2165106_Imposter.jpg,1,1,0,0
/home/ajeet/codework/datasets/Training_Validation_Dataset_2024_Ajeet-20241107T105545Z-001/Training_Validation_Dataset_2024_Ajeet/caucasian_african_pt_dec_2023/1390_2163380_Mobile Camera.jpg,0,1,0,1
/home/ajeet/codework/datasets/Training_Validation_Dataset_2024_Ajeet-20241107T105545Z-001/Training_Validation_Dataset_2024_Ajeet/caucasian_african_pt_dec_2023/2647_2165275_Imposter.jpg,0,1,0,0
/home/ajeet/codework/datasets/Training_Validation_Dataset_2024_Ajeet-20241107T105545Z-001/Training_Validation_Dataset_2024_Ajeet/caucasian_african_pt_dec_2023/984_2162475_Imposter.jpg,1,1,0,0
/home/ajeet/codework/datasets/Training_Validation_Dataset_2024_Ajeet-20241107T105545Z-001/Training_Validation_Dataset_2024_Ajeet/caucasian_african_pt_dec_2023/1976_2164972_Mobile Camera.jpg,1,1,0,1
/home/ajeet/codework/datasets/Training_Validation_Dataset_2024_Ajeet-20241107T105545Z-001/Training_Validation_Dataset_2024_Ajeet/caucasian_african_pt_dec_2023/909_2162368_Imposter.jpg,1,1,0,0
/home/ajeet/codework/datasets/Training_Validation_Dataset_2024_Ajeet-20241107T105545Z-001/Training_Validation_Dataset_2024_Ajeet/caucasian_african_pt_dec_2023/1252_2163240_Imposter.jpg,1,1,0,0
/home/ajeet/codework/datasets/Training_Validation_Dataset_2024_Ajeet-20241107T105545Z-001/Training_Validation_Dataset_2024_Ajeet/caucasian_african_pt_dec_2023/1996_2164972_Mobile Camera.jpg,1,1,1,1
/home/ajeet/codework/datasets/Training_Validation_Dataset_2024_Ajeet-20241107T105545Z-001/Training_Validation_Dataset_2024_Ajeet/caucasian_african_pt_dec_2023/2413_2165169_Mobile Camera.jpg,0,1,0,1
/home/ajeet/codework/datasets/Training_Validation_Dataset_2024_Ajeet-20241107T105545Z-001/Training_Validation_Dataset_2024_Ajeet/caucasian_african_pt_dec_2023/54_2162050_Imposter.jpg,1,1,0,0
/home/ajeet/codework/datasets/Training_Validation_Dataset_2024_Ajeet-20241107T105545Z-001/Training_Validation_Dataset_2024_Ajeet/caucasian_african_pt_dec_2023/1102_2162667_Imposter.jpg,1,1,0,0
/home/ajeet/codework/datasets/Training_Validation_Dataset_2024_Ajeet-20241107T105545Z-001/Training_Validation_Dataset_2024_Ajeet/caucasian_african_pt_dec_2023/1128_2162945_Multiple people.jpg,1,1,0,1
/home/ajeet/codework/datasets/Training_Validation_Dataset_2024_Ajeet-20241107T105545Z-001/Training_Validation_Dataset_2024_Ajeet/caucasian_african_pt_dec_2023/966_2162442_Mobile Camera.jpg,1,0,0,1
/home/ajeet/codework/datasets/Training_Validation_Dataset_2024_Ajeet-20241107T105545Z-001/Training_Validation_Dataset_2024_Ajeet/caucasian_african_pt_dec_2023/2595_2165275_Imposter.jpg,1,1,0,0
/home/ajeet/codework/datasets/Training_Validation_Dataset_2024_Ajeet-20241107T105545Z-001/Training_Validation_Dataset_2024_Ajeet/caucasian_african_pt_dec_2023/2480_2165263_Imposter.jpg,1,1,0,0
/home/ajeet/codework/datasets/Training_Validation_Dataset_2024_Ajeet-20241107T105545Z-001/Training_Validation_Dataset_2024_Ajeet/caucasian_african_pt_dec_2023/1967_2164960_Mobile Camera.jpg,1,1,1,1
/home/ajeet/codework/datasets/Training_Validation_Dataset_2024_Ajeet-20241107T105545Z-001/Training_Validation_Dataset_2024_Ajeet/caucasian_african_pt_dec_2023/1308_2163257_Imposter.jpg,0,1,0,0
/home/ajeet/codework/datasets/Training_Validation_Dataset_2024_Ajeet-20241107T105545Z-001/Training_Validation_Dataset_2024_Ajeet/caucasian_african_pt_dec_2023/254_2162108_Imposter.jpg,0,1,0,0
/home/ajeet/codework/datasets/Training_Validation_Dataset_2024_Ajeet-20241107T105545Z-001/Training_Validation_Dataset_2024_Ajeet/caucasian_african_pt_dec_2023/1217_2163111_Imposter.jpg,1,1,0,0
/home/ajeet/codework/datasets/Training_Validation_Dataset_2024_Ajeet-20241107T105545Z-001/Training_Validation_Dataset_2024_Ajeet/caucasian_african_pt_dec_2023/318_2162120_Multiple people.jpg,1,1,0,0
/home/ajeet/codework/datasets/Training_Validation_Dataset_2024_Ajeet-20241107T105545Z-001/Training_Validation_Dataset_2024_Ajeet/caucasian_african_pt_dec_2023/1291_2163250_Imposter.jpg,1,1,0,1
/home/ajeet/codework/datasets/Training_Validation_Dataset_2024_Ajeet-20241107T105545Z-001/Training_Validation_Dataset_2024_Ajeet/caucasian_african_pt_dec_2023/1011_2162484_FVE - No Face Detected.jpg,1,1,0,0
/home/ajeet/codework/datasets/Training_Validation_Dataset_2024_Ajeet-20241107T105545Z-001/Training_Validation_Dataset_2024_Ajeet/caucasian_african_pt_dec_2023/332_2162123_Imposter.jpg,1,1,0,0
/home/ajeet/codework/datasets/Training_Validation_Dataset_2024_Ajeet-20241107T105545Z-001/Training_Validation_Dataset_2024_Ajeet/caucasian_african_pt_dec_2023/1718_2163773_Imposter.jpg,1,1,0,0
/home/ajeet/codework/datasets/Training_Validation_Dataset_2024_Ajeet-20241107T105545Z-001/Training_Validation_Dataset_2024_Ajeet/caucasian_african_pt_dec_2023/1680_2163740_Imposter.jpg,1,1,0,0
/home/ajeet/codework/datasets/Training_Validation_Dataset_2024_Ajeet-20241107T105545Z-001/Training_Validation_Dataset_2024_Ajeet/caucasian_african_pt_dec_2023/164_2162073_Imposter.jpg,0,1,0,0
/home/ajeet/codework/datasets/Training_Validation_Dataset_2024_Ajeet-20241107T105545Z-001/Training_Validation_Dataset_2024_Ajeet/caucasian_african_pt_dec_2023/50_2162050_Imposter.jpg,0,1,0,0
/home/ajeet/codework/datasets/Training_Validation_Dataset_2024_Ajeet-20241107T105545Z-001/Training_Validation_Dataset_2024_Ajeet/caucasian_african_pt_dec_2023/653_2162297_Imposter.jpg,1,1,0,0
/home/ajeet/codework/datasets/Training_Validation_Dataset_2024_Ajeet-20241107T105545Z-001/Training_Validation_Dataset_2024_Ajeet/caucasian_african_pt_dec_2023/691_2162304_Imposter.jpg,1,1,0,0
/home/ajeet/codework/datasets/Training_Validation_Dataset_2024_Ajeet-20241107T105545Z-001/Training_Validation_Dataset_2024_Ajeet/caucasian_african_pt_dec_2023/218_2162093_Imposter.jpg,1,1,0,0
/home/ajeet/codework/datasets/Training_Validation_Dataset_2024_Ajeet-20241107T105545Z-001/Training_Validation_Dataset_2024_Ajeet/caucasian_african_pt_dec_2023/783_2162304_Imposter.jpg,1,1,0,0
/home/ajeet/codework/datasets/Training_Validation_Dataset_2024_Ajeet-20241107T105545Z-001/Training_Validation_Dataset_2024_Ajeet/caucasian_african_pt_dec_2023/1261_2163240_Imposter.jpg,1,1,0,0
/home/ajeet/codework/datasets/Training_Validation_Dataset_2024_Ajeet-20241107T105545Z-001/Training_Validation_Dataset_2024_Ajeet/caucasian_african_pt_dec_2023/24_2162037_Mobile Camera.jpg,1,1,1,1
/home/ajeet/codework/datasets/Training_Validation_Dataset_2024_Ajeet-20241107T105545Z-001/Training_Validation_Dataset_2024_Ajeet/caucasian_african_pt_dec_2023/327_2162123_FVE - No Face Detected.jpg,1,1,0,0
/home/ajeet/codework/datasets/Training_Validation_Dataset_2024_Ajeet-20241107T105545Z-001/Training_Validation_Dataset_2024_Ajeet/caucasian_african_pt_dec_2023/177_2162083_Mobile Camera.jpg,1,0,1,1
/home/ajeet/codework/datasets/Training_Validation_Dataset_2024_Ajeet-20241107T105545Z-001/Training_Validation_Dataset_2024_Ajeet/caucasian_african_pt_dec_2023/69_2162050_Imposter.jpg,0,1,0,0
/home/ajeet/codework/datasets/Training_Validation_Dataset_2024_Ajeet-20241107T105545Z-001/Training_Validation_Dataset_2024_Ajeet/caucasian_african_pt_dec_2023/2543_2165267_Imposter.jpg,1,1,0,0
/home/ajeet/codework/datasets/Training_Validation_Dataset_2024_Ajeet-20241107T105545Z-001/Training_Validation_Dataset_2024_Ajeet/caucasian_african_pt_dec_2023/1380_2163362_Mobile Camera.jpg,1,1,0,1
/home/ajeet/codework/datasets/Training_Validation_Dataset_2024_Ajeet-20241107T105545Z-001/Training_Validation_Dataset_2024_Ajeet/caucasian_african_pt_dec_2023/1501_2163510_Imposter.jpg,1,1,0,0
/home/ajeet/codework/datasets/Training_Validation_Dataset_2024_Ajeet-20241107T105545Z-001/Training_Validation_Dataset_2024_Ajeet/caucasian_african_pt_dec_2023/345_2162125_Imposter.jpg,0,1,0,0
/home/ajeet/codework/datasets/Training_Validation_Dataset_2024_Ajeet-20241107T105545Z-001/Training_Validation_Dataset_2024_Ajeet/caucasian_african_pt_dec_2023/2194_2165010_Imposter.jpg,1,1,0,0
/home/ajeet/codework/datasets/Training_Validation_Dataset_2024_Ajeet-20241107T105545Z-001/Training_Validation_Dataset_2024_Ajeet/caucasian_african_pt_dec_2023/968_2162442_Mobile Camera.jpg,1,1,0,1
/home/ajeet/codework/datasets/Training_Validation_Dataset_2024_Ajeet-20241107T105545Z-001/Training_Validation_Dataset_2024_Ajeet/caucasian_african_pt_dec_2023/281_2162108_Imposter.jpg,0,1,0,0
/home/ajeet/codework/datasets/Training_Validation_Dataset_2024_Ajeet-20241107T105545Z-001/Training_Validation_Dataset_2024_Ajeet/caucasian_african_pt_dec_2023/1057_2162526_Imposter.jpg,0,1,0,0
/home/ajeet/codework/datasets/Training_Validation_Dataset_2024_Ajeet-20241107T105545Z-001/Training_Validation_Dataset_2024_Ajeet/caucasian_african_pt_dec_2023/2190_2165010_Imposter.jpg,1,1,0,0
/home/ajeet/codework/datasets/Training_Validation_Dataset_2024_Ajeet-20241107T105545Z-001/Training_Validation_Dataset_2024_Ajeet/caucasian_african_pt_dec_2023/2056_2164993_Imposter.jpg,1,1,0,1
/home/ajeet/codework/datasets/Training_Validation_Dataset_2024_Ajeet-20241107T105545Z-001/Training_Validation_Dataset_2024_Ajeet/caucasian_african_pt_dec_2023/789_2162304_Imposter.jpg,1,1,0,0
/home/ajeet/codework/datasets/Training_Validation_Dataset_2024_Ajeet-20241107T105545Z-001/Training_Validation_Dataset_2024_Ajeet/caucasian_african_pt_dec_2023/2390_2165123_Imposter.jpg,0,1,0,0
/home/ajeet/codework/datasets/Training_Validation_Dataset_2024_Ajeet-20241107T105545Z-001/Training_Validation_Dataset_2024_Ajeet/caucasian_african_pt_dec_2023/1944_2164955_Mobile Camera.jpg,1,1,0,1
/home/ajeet/codework/datasets/Training_Validation_Dataset_2024_Ajeet-20241107T105545Z-001/Training_Validation_Dataset_2024_Ajeet/caucasian_african_pt_dec_2023/1209_2163095_Imposter.jpg,0,1,0,0
/home/ajeet/codework/datasets/Training_Validation_Dataset_2024_Ajeet-20241107T105545Z-001/Training_Validation_Dataset_2024_Ajeet/caucasian_african_pt_dec_2023/2104_2164994_Mobile Camera.jpg,1,1,0,0
/home/ajeet/codework/datasets/Training_Validation_Dataset_2024_Ajeet-20241107T105545Z-001/Training_Validation_Dataset_2024_Ajeet/caucasian_african_pt_dec_2023/1724_2163956_Imposter.jpg,0,1,0,0
/home/ajeet/codework/datasets/Training_Validation_Dataset_2024_Ajeet-20241107T105545Z-001/Training_Validation_Dataset_2024_Ajeet/caucasian_african_pt_dec_2023/1866_2164915_Mobile Camera.jpg,1,1,0,1
/home/ajeet/codework/datasets/Training_Validation_Dataset_2024_Ajeet-20241107T105545Z-001/Training_Validation_Dataset_2024_Ajeet/caucasian_african_pt_dec_2023/2693_2165289_FVE - No Face Detected.jpg,1,1,0,0
/home/ajeet/codework/datasets/Training_Validation_Dataset_2024_Ajeet-20241107T105545Z-001/Training_Validation_Dataset_2024_Ajeet/caucasian_african_pt_dec_2023/1685_2163740_Imposter.jpg,1,1,0,0
/home/ajeet/codework/datasets/Training_Validation_Dataset_2024_Ajeet-20241107T105545Z-001/Training_Validation_Dataset_2024_Ajeet/caucasian_african_pt_dec_2023/1330_2163276_FVE - No Face Detected.jpg,0,1,0,0
/home/ajeet/codework/datasets/Training_Validation_Dataset_2024_Ajeet-20241107T105545Z-001/Training_Validation_Dataset_2024_Ajeet/caucasian_african_pt_dec_2023/1296_2163250_Imposter.jpg,1,1,0,0
/home/ajeet/codework/datasets/Training_Validation_Dataset_2024_Ajeet-20241107T105545Z-001/Training_Validation_Dataset_2024_Ajeet/caucasian_african_pt_dec_2023/138_2162065_Imposter.jpg,1,1,0,1
/home/ajeet/codework/datasets/Training_Validation_Dataset_2024_Ajeet-20241107T105545Z-001/Training_Validation_Dataset_2024_Ajeet/caucasian_african_pt_dec_2023/1444_2163443_Imposter.jpg,1,1,0,0
/home/ajeet/codework/datasets/Training_Validation_Dataset_2024_Ajeet-20241107T105545Z-001/Training_Validation_Dataset_2024_Ajeet/caucasian_african_pt_dec_2023/1574_2163621_Mobile Camera.jpg,1,1,1,1
/home/ajeet/codework/datasets/Training_Validation_Dataset_2024_Ajeet-20241107T105545Z-001/Training_Validation_Dataset_2024_Ajeet/caucasian_african_pt_dec_2023/2504_2165263_Imposter.jpg,1,1,0,0
/home/ajeet/codework/datasets/Training_Validation_Dataset_2024_Ajeet-20241107T105545Z-001/Training_Validation_Dataset_2024_Ajeet/caucasian_african_pt_dec_2023/1055_2162526_Mobile Camera.jpg,1,1,0,1
/home/ajeet/codework/datasets/Training_Validation_Dataset_2024_Ajeet-20241107T105545Z-001/Training_Validation_Dataset_2024_Ajeet/caucasian_african_pt_dec_2023/1984_2164972_Mobile Camera.jpg,1,1,1,1
/home/ajeet/codework/datasets/Training_Validation_Dataset_2024_Ajeet-20241107T105545Z-001/Training_Validation_Dataset_2024_Ajeet/caucasian_african_pt_dec_2023/2207_2165014_Imposter.jpg,0,1,0,1
/home/ajeet/codework/datasets/Training_Validation_Dataset_2024_Ajeet-20241107T105545Z-001/Training_Validation_Dataset_2024_Ajeet/caucasian_african_pt_dec_2023/2633_2165275_Imposter.jpg,1,1,0,0
/home/ajeet/codework/datasets/Training_Validation_Dataset_2024_Ajeet-20241107T105545Z-001/Training_Validation_Dataset_2024_Ajeet/caucasian_african_pt_dec_2023/1679_2163740_Mobile Camera.jpg,1,1,1,1
/home/ajeet/codework/datasets/Training_Validation_Dataset_2024_Ajeet-20241107T105545Z-001/Training_Validation_Dataset_2024_Ajeet/caucasian_african_pt_dec_2023/2185_2165010_Mobile Camera.jpg,1,1,0,1
/home/ajeet/codework/datasets/Training_Validation_Dataset_2024_Ajeet-20241107T105545Z-001/Training_Validation_Dataset_2024_Ajeet/caucasian_african_pt_dec_2023/405_2162129_Imposter.jpg,0,1,0,0
/home/ajeet/codework/datasets/Training_Validation_Dataset_2024_Ajeet-20241107T105545Z-001/Training_Validation_Dataset_2024_Ajeet/caucasian_african_pt_dec_2023/1357_2163286_FVE - No Face Detected.jpg,1,1,0,0
/home/ajeet/codework/datasets/Training_Validation_Dataset_2024_Ajeet-20241107T105545Z-001/Training_Validation_Dataset_2024_Ajeet/caucasian_african_pt_dec_2023/221_2162093_Mobile Camera.jpg,1,1,1,0
/home/ajeet/codework/datasets/Training_Validation_Dataset_2024_Ajeet-20241107T105545Z-001/Training_Validation_Dataset_2024_Ajeet/caucasian_african_pt_dec_2023/55_2162050_Mobile Camera.jpg,0,0,0,1
/home/ajeet/codework/datasets/Training_Validation_Dataset_2024_Ajeet-20241107T105545Z-001/Training_Validation_Dataset_2024_Ajeet/caucasian_african_pt_dec_2023/2327_2165084_Imposter.jpg,1,1,0,0
/home/ajeet/codework/datasets/Training_Validation_Dataset_2024_Ajeet-20241107T105545Z-001/Training_Validation_Dataset_2024_Ajeet/caucasian_african_pt_dec_2023/2796_2165386_FVE - No Face Detected.jpg,1,1,0,0
/home/ajeet/codework/datasets/Training_Validation_Dataset_2024_Ajeet-20241107T105545Z-001/Training_Validation_Dataset_2024_Ajeet/caucasian_african_pt_dec_2023/625_2162288_Imposter.jpg,0,1,0,0
/home/ajeet/codework/datasets/Training_Validation_Dataset_2024_Ajeet-20241107T105545Z-001/Training_Validation_Dataset_2024_Ajeet/caucasian_african_pt_dec_2023/1561_2163597_Imposter.jpg,0,1,0,0
/home/ajeet/codework/datasets/Training_Validation_Dataset_2024_Ajeet-20241107T105545Z-001/Training_Validation_Dataset_2024_Ajeet/caucasian_african_pt_dec_2023/2765_2165373_Imposter.jpg,1,1,0,1
/home/ajeet/codework/datasets/Training_Validation_Dataset_2024_Ajeet-20241107T105545Z-001/Training_Validation_Dataset_2024_Ajeet/caucasian_african_pt_dec_2023/870_2162334_Mobile Camera.jpg,1,1,0,1
/home/ajeet/codework/datasets/Training_Validation_Dataset_2024_Ajeet-20241107T105545Z-001/Training_Validation_Dataset_2024_Ajeet/caucasian_african_pt_dec_2023/399_2162129_Imposter.jpg,1,1,0,1
/home/ajeet/codework/datasets/Training_Validation_Dataset_2024_Ajeet-20241107T105545Z-001/Training_Validation_Dataset_2024_Ajeet/caucasian_african_pt_dec_2023/2060_2164994_Imposter.jpg,1,1,0,0
/home/ajeet/codework/datasets/Training_Validation_Dataset_2024_Ajeet-20241107T105545Z-001/Training_Validation_Dataset_2024_Ajeet/caucasian_african_pt_dec_2023/2511_2165263_Imposter.jpg,1,1,0,0
/home/ajeet/codework/datasets/Training_Validation_Dataset_2024_Ajeet-20241107T105545Z-001/Training_Validation_Dataset_2024_Ajeet/caucasian_african_pt_dec_2023/2108_2164994_Imposter.jpg,1,1,0,1
/home/ajeet/codework/datasets/Training_Validation_Dataset_2024_Ajeet-20241107T105545Z-001/Training_Validation_Dataset_2024_Ajeet/caucasian_african_pt_dec_2023/846_2162324_Imposter.jpg,0,1,0,0
/home/ajeet/codework/datasets/Training_Validation_Dataset_2024_Ajeet-20241107T105545Z-001/Training_Validation_Dataset_2024_Ajeet/caucasian_african_pt_dec_2023/1490_2163502_Mobile Camera.jpg,1,1,0,1
/home/ajeet/codework/datasets/Training_Validation_Dataset_2024_Ajeet-20241107T105545Z-001/Training_Validation_Dataset_2024_Ajeet/caucasian_african_pt_dec_2023/210_2162093_Imposter.jpg,0,1,0,0
/home/ajeet/codework/datasets/Training_Validation_Dataset_2024_Ajeet-20241107T105545Z-001/Training_Validation_Dataset_2024_Ajeet/caucasian_african_pt_dec_2023/2149_2165005_Imposter.jpg,1,1,0,0
/home/ajeet/codework/datasets/Training_Validation_Dataset_2024_Ajeet-20241107T105545Z-001/Training_Validation_Dataset_2024_Ajeet/caucasian_african_pt_dec_2023/774_2162304_Imposter.jpg,1,1,0,0
/home/ajeet/codework/datasets/Training_Validation_Dataset_2024_Ajeet-20241107T105545Z-001/Training_Validation_Dataset_2024_Ajeet/caucasian_african_pt_dec_2023/1979_2164972_Imposter.jpg,1,1,0,0
/home/ajeet/codework/datasets/Training_Validation_Dataset_2024_Ajeet-20241107T105545Z-001/Training_Validation_Dataset_2024_Ajeet/caucasian_african_pt_dec_2023/2086_2164994_Imposter.jpg,1,1,0,0
/home/ajeet/codework/datasets/Training_Validation_Dataset_2024_Ajeet-20241107T105545Z-001/Training_Validation_Dataset_2024_Ajeet/caucasian_african_pt_dec_2023/835_2162313_FVE - No Face Detected.jpg,1,1,0,0
/home/ajeet/codework/datasets/Training_Validation_Dataset_2024_Ajeet-20241107T105545Z-001/Training_Validation_Dataset_2024_Ajeet/caucasian_african_pt_dec_2023/1346_2163276_FVE - No Face Detected.jpg,1,1,0,0
/home/ajeet/codework/datasets/Training_Validation_Dataset_2024_Ajeet-20241107T105545Z-001/Training_Validation_Dataset_2024_Ajeet/caucasian_african_pt_dec_2023/2616_2165275_Imposter.jpg,1,1,0,0
/home/ajeet/codework/datasets/Training_Validation_Dataset_2024_Ajeet-20241107T105545Z-001/Training_Validation_Dataset_2024_Ajeet/caucasian_african_pt_dec_2023/1924_2164951_FVE - No Face Detected.jpg,1,1,0,0
/home/ajeet/codework/datasets/Training_Validation_Dataset_2024_Ajeet-20241107T105545Z-001/Training_Validation_Dataset_2024_Ajeet/caucasian_african_pt_dec_2023/1251_2163240_Imposter.jpg,1,1,0,0
/home/ajeet/codework/datasets/Training_Validation_Dataset_2024_Ajeet-20241107T105545Z-001/Training_Validation_Dataset_2024_Ajeet/caucasian_african_pt_dec_2023/2674_2165284_Mobile Camera.jpg,1,0,1,1
/home/ajeet/codework/datasets/Training_Validation_Dataset_2024_Ajeet-20241107T105545Z-001/Training_Validation_Dataset_2024_Ajeet/caucasian_african_pt_dec_2023/641_2162288_Imposter.jpg,1,1,0,0
/home/ajeet/codework/datasets/Training_Validation_Dataset_2024_Ajeet-20241107T105545Z-001/Training_Validation_Dataset_2024_Ajeet/caucasian_african_pt_dec_2023/2841_2165418_Imposter.jpg,1,1,0,0
/home/ajeet/codework/datasets/Training_Validation_Dataset_2024_Ajeet-20241107T105545Z-001/Training_Validation_Dataset_2024_Ajeet/caucasian_african_pt_dec_2023/2792_2165386_FVE - No Face Detected.jpg,1,1,0,0
/home/ajeet/codework/datasets/Training_Validation_Dataset_2024_Ajeet-20241107T105545Z-001/Training_Validation_Dataset_2024_Ajeet/caucasian_african_pt_dec_2023/285_2162115_Mobile Camera.jpg,0,1,0,1
/home/ajeet/codework/datasets/Training_Validation_Dataset_2024_Ajeet-20241107T105545Z-001/Training_Validation_Dataset_2024_Ajeet/caucasian_african_pt_dec_2023/2835_2165418_Imposter.jpg,1,1,0,0
/home/ajeet/codework/datasets/Training_Validation_Dataset_2024_Ajeet-20241107T105545Z-001/Training_Validation_Dataset_2024_Ajeet/caucasian_african_pt_dec_2023/1076_2162597_Imposter.jpg,0,1,0,0
/home/ajeet/codework/datasets/Training_Validation_Dataset_2024_Ajeet-20241107T105545Z-001/Training_Validation_Dataset_2024_Ajeet/caucasian_african_pt_dec_2023/742_2162304_Imposter.jpg,0,1,0,0
/home/ajeet/codework/datasets/Training_Validation_Dataset_2024_Ajeet-20241107T105545Z-001/Training_Validation_Dataset_2024_Ajeet/caucasian_african_pt_dec_2023/1857_2164903_Mobile Camera.jpg,1,1,1,1
/home/ajeet/codework/datasets/Training_Validation_Dataset_2024_Ajeet-20241107T105545Z-001/Training_Validation_Dataset_2024_Ajeet/caucasian_african_pt_dec_2023/2498_2165263_Imposter.jpg,1,1,0,0
/home/ajeet/codework/datasets/Training_Validation_Dataset_2024_Ajeet-20241107T105545Z-001/Training_Validation_Dataset_2024_Ajeet/caucasian_african_pt_dec_2023/495_2162177_Imposter.jpg,1,1,0,0
/home/ajeet/codework/datasets/Training_Validation_Dataset_2024_Ajeet-20241107T105545Z-001/Training_Validation_Dataset_2024_Ajeet/caucasian_african_pt_dec_2023/1812_2164902_Imposter.jpg,1,1,0,0
/home/ajeet/codework/datasets/Training_Validation_Dataset_2024_Ajeet-20241107T105545Z-001/Training_Validation_Dataset_2024_Ajeet/caucasian_african_pt_dec_2023/2710_2165289_Imposter.jpg,1,1,0,0
/home/ajeet/codework/datasets/Training_Validation_Dataset_2024_Ajeet-20241107T105545Z-001/Training_Validation_Dataset_2024_Ajeet/caucasian_african_pt_dec_2023/690_2162304_Imposter.jpg,1,1,0,0
/home/ajeet/codework/datasets/Training_Validation_Dataset_2024_Ajeet-20241107T105545Z-001/Training_Validation_Dataset_2024_Ajeet/caucasian_african_pt_dec_2023/1563_2163607_Imposter.jpg,1,1,0,0
/home/ajeet/codework/datasets/Training_Validation_Dataset_2024_Ajeet-20241107T105545Z-001/Training_Validation_Dataset_2024_Ajeet/caucasian_african_pt_dec_2023/2786_2165376_Mobile Camera.jpg,1,1,0,1
/home/ajeet/codework/datasets/Training_Validation_Dataset_2024_Ajeet-20241107T105545Z-001/Training_Validation_Dataset_2024_Ajeet/caucasian_african_pt_dec_2023/2491_2165263_Imposter.jpg,1,1,0,0
/home/ajeet/codework/datasets/Training_Validation_Dataset_2024_Ajeet-20241107T105545Z-001/Training_Validation_Dataset_2024_Ajeet/caucasian_african_pt_dec_2023/420_2162129_Imposter.jpg,0,1,0,0
/home/ajeet/codework/datasets/Training_Validation_Dataset_2024_Ajeet-20241107T105545Z-001/Training_Validation_Dataset_2024_Ajeet/caucasian_african_pt_dec_2023/2002_2164972_Mobile Camera.jpg,1,1,1,1
/home/ajeet/codework/datasets/Training_Validation_Dataset_2024_Ajeet-20241107T105545Z-001/Training_Validation_Dataset_2024_Ajeet/caucasian_african_pt_dec_2023/1742_2163998_Multiple people.jpg,1,1,0,0
/home/ajeet/codework/datasets/Training_Validation_Dataset_2024_Ajeet-20241107T105545Z-001/Training_Validation_Dataset_2024_Ajeet/caucasian_african_pt_dec_2023/688_2162304_Imposter.jpg,1,1,0,0
/home/ajeet/codework/datasets/Training_Validation_Dataset_2024_Ajeet-20241107T105545Z-001/Training_Validation_Dataset_2024_Ajeet/caucasian_african_pt_dec_2023/770_2162304_Imposter.jpg,0,1,0,0
/home/ajeet/codework/datasets/Training_Validation_Dataset_2024_Ajeet-20241107T105545Z-001/Training_Validation_Dataset_2024_Ajeet/caucasian_african_pt_dec_2023/961_2162434_Multiple people.jpg,1,1,0,0
/home/ajeet/codework/datasets/Training_Validation_Dataset_2024_Ajeet-20241107T105545Z-001/Training_Validation_Dataset_2024_Ajeet/caucasian_african_pt_dec_2023/2007_2164972_Mobile Camera.jpg,1,0,1,1
/home/ajeet/codework/datasets/Training_Validation_Dataset_2024_Ajeet-20241107T105545Z-001/Training_Validation_Dataset_2024_Ajeet/caucasian_african_pt_dec_2023/1036_2162503_Mobile Camera.jpg,1,0,0,1
/home/ajeet/codework/datasets/Training_Validation_Dataset_2024_Ajeet-20241107T105545Z-001/Training_Validation_Dataset_2024_Ajeet/caucasian_african_pt_dec_2023/1114_2162762_Imposter.jpg,0,1,0,0
/home/ajeet/codework/datasets/Training_Validation_Dataset_2024_Ajeet-20241107T105545Z-001/Training_Validation_Dataset_2024_Ajeet/caucasian_african_pt_dec_2023/253_2162108_Imposter.jpg,0,1,0,0
/home/ajeet/codework/datasets/Training_Validation_Dataset_2024_Ajeet-20241107T105545Z-001/Training_Validation_Dataset_2024_Ajeet/caucasian_african_pt_dec_2023/2409_2165169_Imposter.jpg,0,1,0,0
/home/ajeet/codework/datasets/Training_Validation_Dataset_2024_Ajeet-20241107T105545Z-001/Training_Validation_Dataset_2024_Ajeet/caucasian_african_pt_dec_2023/936_2162410_Mobile Camera.jpg,1,1,1,1
/home/ajeet/codework/datasets/Training_Validation_Dataset_2024_Ajeet-20241107T105545Z-001/Training_Validation_Dataset_2024_Ajeet/caucasian_african_pt_dec_2023/833_2162312_Imposter.jpg,1,1,0,0
/home/ajeet/codework/datasets/Training_Validation_Dataset_2024_Ajeet-20241107T105545Z-001/Training_Validation_Dataset_2024_Ajeet/caucasian_african_pt_dec_2023/2771_2165373_Imposter.jpg,1,1,0,0
/home/ajeet/codework/datasets/Training_Validation_Dataset_2024_Ajeet-20241107T105545Z-001/Training_Validation_Dataset_2024_Ajeet/caucasian_african_pt_dec_2023/363_2162129_Imposter.jpg,1,1,0,0
/home/ajeet/codework/datasets/Training_Validation_Dataset_2024_Ajeet-20241107T105545Z-001/Training_Validation_Dataset_2024_Ajeet/caucasian_african_pt_dec_2023/1765_2164627_Mobile Camera.jpg,1,1,0,1
/home/ajeet/codework/datasets/Training_Validation_Dataset_2024_Ajeet-20241107T105545Z-001/Training_Validation_Dataset_2024_Ajeet/caucasian_african_pt_dec_2023/788_2162304_Imposter.jpg,1,1,0,0
/home/ajeet/codework/datasets/Training_Validation_Dataset_2024_Ajeet-20241107T105545Z-001/Training_Validation_Dataset_2024_Ajeet/caucasian_african_pt_dec_2023/802_2162304_Imposter.jpg,1,1,0,0
/home/ajeet/codework/datasets/Training_Validation_Dataset_2024_Ajeet-20241107T105545Z-001/Training_Validation_Dataset_2024_Ajeet/caucasian_african_pt_dec_2023/763_2162304_Imposter.jpg,1,1,0,0
/home/ajeet/codework/datasets/Training_Validation_Dataset_2024_Ajeet-20241107T105545Z-001/Training_Validation_Dataset_2024_Ajeet/caucasian_african_pt_dec_2023/1017_2162490_Mobile Camera.jpg,1,1,0,1
/home/ajeet/codework/datasets/Training_Validation_Dataset_2024_Ajeet-20241107T105545Z-001/Training_Validation_Dataset_2024_Ajeet/caucasian_african_pt_dec_2023/667_2162304_Imposter.jpg,1,1,0,0
/home/ajeet/codework/datasets/Training_Validation_Dataset_2024_Ajeet-20241107T105545Z-001/Training_Validation_Dataset_2024_Ajeet/caucasian_african_pt_dec_2023/30_2162050_Imposter.jpg,0,1,0,0
/home/ajeet/codework/datasets/Training_Validation_Dataset_2024_Ajeet-20241107T105545Z-001/Training_Validation_Dataset_2024_Ajeet/caucasian_african_pt_dec_2023/454_2162145_Mobile Camera.jpg,1,0,0,1
/home/ajeet/codework/datasets/Training_Validation_Dataset_2024_Ajeet-20241107T105545Z-001/Training_Validation_Dataset_2024_Ajeet/caucasian_african_pt_dec_2023/408_2162129_Imposter.jpg,0,1,0,0
/home/ajeet/codework/datasets/Training_Validation_Dataset_2024_Ajeet-20241107T105545Z-001/Training_Validation_Dataset_2024_Ajeet/caucasian_african_pt_dec_2023/2608_2165275_Imposter.jpg,1,1,0,0
/home/ajeet/codework/datasets/Training_Validation_Dataset_2024_Ajeet-20241107T105545Z-001/Training_Validation_Dataset_2024_Ajeet/caucasian_african_pt_dec_2023/2637_2165275_Imposter.jpg,1,1,0,0
/home/ajeet/codework/datasets/Training_Validation_Dataset_2024_Ajeet-20241107T105545Z-001/Training_Validation_Dataset_2024_Ajeet/caucasian_african_pt_dec_2023/139_2162067_Multiple people.jpg,1,1,0,1
/home/ajeet/codework/datasets/Training_Validation_Dataset_2024_Ajeet-20241107T105545Z-001/Training_Validation_Dataset_2024_Ajeet/caucasian_african_pt_dec_2023/214_2162093_Imposter.jpg,1,1,0,1
/home/ajeet/codework/datasets/Training_Validation_Dataset_2024_Ajeet-20241107T105545Z-001/Training_Validation_Dataset_2024_Ajeet/caucasian_african_pt_dec_2023/1335_2163276_FVE - No Face Detected.jpg,0,1,0,0
/home/ajeet/codework/datasets/Training_Validation_Dataset_2024_Ajeet-20241107T105545Z-001/Training_Validation_Dataset_2024_Ajeet/caucasian_african_pt_dec_2023/167_2162078_Mobile Camera.jpg,0,1,0,1
/home/ajeet/codework/datasets/Training_Validation_Dataset_2024_Ajeet-20241107T105545Z-001/Training_Validation_Dataset_2024_Ajeet/caucasian_african_pt_dec_2023/1382_2163362_Mobile Camera.jpg,1,1,0,1
/home/ajeet/codework/datasets/Training_Validation_Dataset_2024_Ajeet-20241107T105545Z-001/Training_Validation_Dataset_2024_Ajeet/caucasian_african_pt_dec_2023/1707_2163756_Imposter.jpg,0,1,0,0
/home/ajeet/codework/datasets/Training_Validation_Dataset_2024_Ajeet-20241107T105545Z-001/Training_Validation_Dataset_2024_Ajeet/caucasian_african_pt_dec_2023/2067_2164994_Imposter.jpg,1,1,0,1
/home/ajeet/codework/datasets/Training_Validation_Dataset_2024_Ajeet-20241107T105545Z-001/Training_Validation_Dataset_2024_Ajeet/caucasian_african_pt_dec_2023/2849_2165431_Spoof.jpg,1,1,0,0
/home/ajeet/codework/datasets/Training_Validation_Dataset_2024_Ajeet-20241107T105545Z-001/Training_Validation_Dataset_2024_Ajeet/caucasian_african_pt_dec_2023/379_2162129_Imposter.jpg,1,1,0,0
/home/ajeet/codework/datasets/Training_Validation_Dataset_2024_Ajeet-20241107T105545Z-001/Training_Validation_Dataset_2024_Ajeet/caucasian_african_pt_dec_2023/497_2162177_Imposter.jpg,1,1,0,0
/home/ajeet/codework/datasets/Training_Validation_Dataset_2024_Ajeet-20241107T105545Z-001/Training_Validation_Dataset_2024_Ajeet/caucasian_african_pt_dec_2023/704_2162304_Imposter.jpg,0,1,0,0
/home/ajeet/codework/datasets/Training_Validation_Dataset_2024_Ajeet-20241107T105545Z-001/Training_Validation_Dataset_2024_Ajeet/caucasian_african_pt_dec_2023/2310_2165084_Imposter.jpg,1,1,0,1
/home/ajeet/codework/datasets/Training_Validation_Dataset_2024_Ajeet-20241107T105545Z-001/Training_Validation_Dataset_2024_Ajeet/caucasian_african_pt_dec_2023/1374_2163361_FVE - No Face Detected.jpg,1,1,0,0
/home/ajeet/codework/datasets/Training_Validation_Dataset_2024_Ajeet-20241107T105545Z-001/Training_Validation_Dataset_2024_Ajeet/caucasian_african_pt_dec_2023/2493_2165263_Imposter.jpg,1,1,0,0
/home/ajeet/codework/datasets/Training_Validation_Dataset_2024_Ajeet-20241107T105545Z-001/Training_Validation_Dataset_2024_Ajeet/caucasian_african_pt_dec_2023/2781_2165373_Imposter.jpg,1,1,0,1
/home/ajeet/codework/datasets/Training_Validation_Dataset_2024_Ajeet-20241107T105545Z-001/Training_Validation_Dataset_2024_Ajeet/caucasian_african_pt_dec_2023/1917_2164945_Imposter.jpg,0,1,0,0
/home/ajeet/codework/datasets/Training_Validation_Dataset_2024_Ajeet-20241107T105545Z-001/Training_Validation_Dataset_2024_Ajeet/caucasian_african_pt_dec_2023/47_2162050_Imposter.jpg,0,1,0,0
/home/ajeet/codework/datasets/Training_Validation_Dataset_2024_Ajeet-20241107T105545Z-001/Training_Validation_Dataset_2024_Ajeet/caucasian_african_pt_dec_2023/1928_2164951_Multiple people.jpg,1,1,0,0
/home/ajeet/codework/datasets/Training_Validation_Dataset_2024_Ajeet-20241107T105545Z-001/Training_Validation_Dataset_2024_Ajeet/caucasian_african_pt_dec_2023/1480_2163482_Imposter.jpg,1,1,0,0
/home/ajeet/codework/datasets/Training_Validation_Dataset_2024_Ajeet-20241107T105545Z-001/Training_Validation_Dataset_2024_Ajeet/caucasian_african_pt_dec_2023/1730_2163956_Imposter.jpg,0,1,0,0
/home/ajeet/codework/datasets/Training_Validation_Dataset_2024_Ajeet-20241107T105545Z-001/Training_Validation_Dataset_2024_Ajeet/caucasian_african_pt_dec_2023/2721_2165326_Imposter.jpg,1,1,0,1
/home/ajeet/codework/datasets/Training_Validation_Dataset_2024_Ajeet-20241107T105545Z-001/Training_Validation_Dataset_2024_Ajeet/caucasian_african_pt_dec_2023/1874_2164929_Mobile Camera.jpg,0,1,0,1
/home/ajeet/codework/datasets/Training_Validation_Dataset_2024_Ajeet-20241107T105545Z-001/Training_Validation_Dataset_2024_Ajeet/caucasian_african_pt_dec_2023/2436_2165189_Mobile Camera.jpg,1,1,0,1
/home/ajeet/codework/datasets/Training_Validation_Dataset_2024_Ajeet-20241107T105545Z-001/Training_Validation_Dataset_2024_Ajeet/caucasian_african_pt_dec_2023/1551_2163597_Imposter.jpg,0,1,0,0
/home/ajeet/codework/datasets/Training_Validation_Dataset_2024_Ajeet-20241107T105545Z-001/Training_Validation_Dataset_2024_Ajeet/caucasian_african_pt_dec_2023/2667_2165275_Imposter.jpg,1,1,0,0
/home/ajeet/codework/datasets/Training_Validation_Dataset_2024_Ajeet-20241107T105545Z-001/Training_Validation_Dataset_2024_Ajeet/caucasian_african_pt_dec_2023/1665_2163723_Mobile Camera.jpg,1,1,0,1
/home/ajeet/codework/datasets/Training_Validation_Dataset_2024_Ajeet-20241107T105545Z-001/Training_Validation_Dataset_2024_Ajeet/caucasian_african_pt_dec_2023/401_2162129_Imposter.jpg,0,1,0,1
/home/ajeet/codework/datasets/Training_Validation_Dataset_2024_Ajeet-20241107T105545Z-001/Training_Validation_Dataset_2024_Ajeet/caucasian_african_pt_dec_2023/671_2162304_Imposter.jpg,0,1,0,0
/home/ajeet/codework/datasets/Training_Validation_Dataset_2024_Ajeet-20241107T105545Z-001/Training_Validation_Dataset_2024_Ajeet/caucasian_african_pt_dec_2023/1039_2162503_Imposter.jpg,1,1,0,0
/home/ajeet/codework/datasets/Training_Validation_Dataset_2024_Ajeet-20241107T105545Z-001/Training_Validation_Dataset_2024_Ajeet/caucasian_african_pt_dec_2023/1790_2164738_Mobile Camera.jpg,1,1,0,1
/home/ajeet/codework/datasets/Training_Validation_Dataset_2024_Ajeet-20241107T105545Z-001/Training_Validation_Dataset_2024_Ajeet/caucasian_african_pt_dec_2023/1175_2163030_Multiple people.jpg,1,1,0,0
/home/ajeet/codework/datasets/Training_Validation_Dataset_2024_Ajeet-20241107T105545Z-001/Training_Validation_Dataset_2024_Ajeet/caucasian_african_pt_dec_2023/1216_2163111_Imposter.jpg,1,1,0,0
/home/ajeet/codework/datasets/Training_Validation_Dataset_2024_Ajeet-20241107T105545Z-001/Training_Validation_Dataset_2024_Ajeet/caucasian_african_pt_dec_2023/1644_2163681_Imposter.jpg,0,1,0,1
/home/ajeet/codework/datasets/Training_Validation_Dataset_2024_Ajeet-20241107T105545Z-001/Training_Validation_Dataset_2024_Ajeet/caucasian_african_pt_dec_2023/545_2162224_Imposter.jpg,0,1,0,0
/home/ajeet/codework/datasets/Training_Validation_Dataset_2024_Ajeet-20241107T105545Z-001/Training_Validation_Dataset_2024_Ajeet/caucasian_african_pt_dec_2023/1226_2163142_Imposter.jpg,1,1,0,0
/home/ajeet/codework/datasets/Training_Validation_Dataset_2024_Ajeet-20241107T105545Z-001/Training_Validation_Dataset_2024_Ajeet/caucasian_african_pt_dec_2023/353_2162125_Mobile Camera.jpg,1,1,1,0
/home/ajeet/codework/datasets/Training_Validation_Dataset_2024_Ajeet-20241107T105545Z-001/Training_Validation_Dataset_2024_Ajeet/caucasian_african_pt_dec_2023/1071_2162597_Imposter.jpg,0,1,0,0
/home/ajeet/codework/datasets/Training_Validation_Dataset_2024_Ajeet-20241107T105545Z-001/Training_Validation_Dataset_2024_Ajeet/caucasian_african_pt_dec_2023/394_2162129_Imposter.jpg,1,1,0,0
/home/ajeet/codework/datasets/Training_Validation_Dataset_2024_Ajeet-20241107T105545Z-001/Training_Validation_Dataset_2024_Ajeet/caucasian_african_pt_dec_2023/2171_2165007_FVE - No Face Detected.jpg,1,1,0,0
/home/ajeet/codework/datasets/Training_Validation_Dataset_2024_Ajeet-20241107T105545Z-001/Training_Validation_Dataset_2024_Ajeet/caucasian_african_pt_dec_2023/631_2162288_Imposter.jpg,1,1,0,0
/home/ajeet/codework/datasets/Training_Validation_Dataset_2024_Ajeet-20241107T105545Z-001/Training_Validation_Dataset_2024_Ajeet/caucasian_african_pt_dec_2023/459_2162149_Imposter.jpg,1,1,0,1
/home/ajeet/codework/datasets/Training_Validation_Dataset_2024_Ajeet-20241107T105545Z-001/Training_Validation_Dataset_2024_Ajeet/caucasian_african_pt_dec_2023/2371_2165110_FVE - No Face Detected.jpg,1,1,0,0
/home/ajeet/codework/datasets/Training_Validation_Dataset_2024_Ajeet-20241107T105545Z-001/Training_Validation_Dataset_2024_Ajeet/caucasian_african_pt_dec_2023/1043_2162520_Mobile Camera.jpg,1,1,1,0
/home/ajeet/codework/datasets/Training_Validation_Dataset_2024_Ajeet-20241107T105545Z-001/Training_Validation_Dataset_2024_Ajeet/caucasian_african_pt_dec_2023/1263_2163240_Imposter.jpg,1,1,0,0
/home/ajeet/codework/datasets/Training_Validation_Dataset_2024_Ajeet-20241107T105545Z-001/Training_Validation_Dataset_2024_Ajeet/caucasian_african_pt_dec_2023/2545_2165267_Imposter.jpg,1,1,0,1
/home/ajeet/codework/datasets/Training_Validation_Dataset_2024_Ajeet-20241107T105545Z-001/Training_Validation_Dataset_2024_Ajeet/caucasian_african_pt_dec_2023/2318_2165084_Imposter.jpg,1,1,0,1
/home/ajeet/codework/datasets/Training_Validation_Dataset_2024_Ajeet-20241107T105545Z-001/Training_Validation_Dataset_2024_Ajeet/caucasian_african_pt_dec_2023/2464_2165224_Mobile Camera.jpg,1,1,0,1
/home/ajeet/codework/datasets/Training_Validation_Dataset_2024_Ajeet-20241107T105545Z-001/Training_Validation_Dataset_2024_Ajeet/caucasian_african_pt_dec_2023/2082_2164994_Imposter.jpg,1,1,0,0
/home/ajeet/codework/datasets/Training_Validation_Dataset_2024_Ajeet-20241107T105545Z-001/Training_Validation_Dataset_2024_Ajeet/caucasian_african_pt_dec_2023/1253_2163240_Imposter.jpg,1,1,0,0
/home/ajeet/codework/datasets/Training_Validation_Dataset_2024_Ajeet-20241107T105545Z-001/Training_Validation_Dataset_2024_Ajeet/caucasian_african_pt_dec_2023/1383_2163362_Mobile Camera.jpg,1,1,0,1
/home/ajeet/codework/datasets/Training_Validation_Dataset_2024_Ajeet-20241107T105545Z-001/Training_Validation_Dataset_2024_Ajeet/caucasian_african_pt_dec_2023/988_2162477_FVE - Imposter Detected.jpg,1,1,0,0
/home/ajeet/codework/datasets/Training_Validation_Dataset_2024_Ajeet-20241107T105545Z-001/Training_Validation_Dataset_2024_Ajeet/caucasian_african_pt_dec_2023/1034_2162503_Imposter.jpg,1,1,0,1
/home/ajeet/codework/datasets/Training_Validation_Dataset_2024_Ajeet-20241107T105545Z-001/Training_Validation_Dataset_2024_Ajeet/caucasian_african_pt_dec_2023/719_2162304_Imposter.jpg,1,1,0,0
/home/ajeet/codework/datasets/Training_Validation_Dataset_2024_Ajeet-20241107T105545Z-001/Training_Validation_Dataset_2024_Ajeet/caucasian_african_pt_dec_2023/752_2162304_Imposter.jpg,1,1,0,0
/home/ajeet/codework/datasets/Training_Validation_Dataset_2024_Ajeet-20241107T105545Z-001/Training_Validation_Dataset_2024_Ajeet/caucasian_african_pt_dec_2023/2802_2165386_Mobile Camera.jpg,1,1,0,1
/home/ajeet/codework/datasets/Training_Validation_Dataset_2024_Ajeet-20241107T105545Z-001/Training_Validation_Dataset_2024_Ajeet/caucasian_african_pt_dec_2023/2253_2165029_Imposter.jpg,1,1,0,0
/home/ajeet/codework/datasets/Training_Validation_Dataset_2024_Ajeet-20241107T105545Z-001/Training_Validation_Dataset_2024_Ajeet/caucasian_african_pt_dec_2023/2679_2165285_Imposter.jpg,1,1,0,0
/home/ajeet/codework/datasets/Training_Validation_Dataset_2024_Ajeet-20241107T105545Z-001/Training_Validation_Dataset_2024_Ajeet/caucasian_african_pt_dec_2023/2622_2165275_Imposter.jpg,1,1,0,0
/home/ajeet/codework/datasets/Training_Validation_Dataset_2024_Ajeet-20241107T105545Z-001/Training_Validation_Dataset_2024_Ajeet/caucasian_african_pt_dec_2023/2602_2165275_Imposter.jpg,1,1,0,0
/home/ajeet/codework/datasets/Training_Validation_Dataset_2024_Ajeet-20241107T105545Z-001/Training_Validation_Dataset_2024_Ajeet/caucasian_african_pt_dec_2023/65_2162050_Imposter.jpg,1,1,0,0
/home/ajeet/codework/datasets/Training_Validation_Dataset_2024_Ajeet-20241107T105545Z-001/Training_Validation_Dataset_2024_Ajeet/caucasian_african_pt_dec_2023/573_2162255_Imposter.jpg,1,1,0,0
/home/ajeet/codework/datasets/Training_Validation_Dataset_2024_Ajeet-20241107T105545Z-001/Training_Validation_Dataset_2024_Ajeet/caucasian_african_pt_dec_2023/699_2162304_Imposter.jpg,1,1,0,0
/home/ajeet/codework/datasets/Training_Validation_Dataset_2024_Ajeet-20241107T105545Z-001/Training_Validation_Dataset_2024_Ajeet/caucasian_african_pt_dec_2023/2484_2165263_Imposter.jpg,1,1,0,0
/home/ajeet/codework/datasets/Training_Validation_Dataset_2024_Ajeet-20241107T105545Z-001/Training_Validation_Dataset_2024_Ajeet/caucasian_african_pt_dec_2023/1170_2163030_Mobile Camera.jpg,0,1,1,1
/home/ajeet/codework/datasets/Training_Validation_Dataset_2024_Ajeet-20241107T105545Z-001/Training_Validation_Dataset_2024_Ajeet/caucasian_african_pt_dec_2023/189_2162083_FVE - No Face Detected.jpg,1,1,0,0
/home/ajeet/codework/datasets/Training_Validation_Dataset_2024_Ajeet-20241107T105545Z-001/Training_Validation_Dataset_2024_Ajeet/caucasian_african_pt_dec_2023/1580_2163626_Imposter.jpg,0,1,0,0
/home/ajeet/codework/datasets/Training_Validation_Dataset_2024_Ajeet-20241107T105545Z-001/Training_Validation_Dataset_2024_Ajeet/caucasian_african_pt_dec_2023/1517_2163557_Multiple people.jpg,1,1,1,1
/home/ajeet/codework/datasets/Training_Validation_Dataset_2024_Ajeet-20241107T105545Z-001/Training_Validation_Dataset_2024_Ajeet/caucasian_african_pt_dec_2023/2708_2165289_FVE - No Face Detected.jpg,1,1,0,0
/home/ajeet/codework/datasets/Training_Validation_Dataset_2024_Ajeet-20241107T105545Z-001/Training_Validation_Dataset_2024_Ajeet/caucasian_african_pt_dec_2023/985_2162475_Imposter.jpg,1,1,0,0
/home/ajeet/codework/datasets/Training_Validation_Dataset_2024_Ajeet-20241107T105545Z-001/Training_Validation_Dataset_2024_Ajeet/caucasian_african_pt_dec_2023/2212_2165014_Imposter.jpg,0,1,0,1
/home/ajeet/codework/datasets/Training_Validation_Dataset_2024_Ajeet-20241107T105545Z-001/Training_Validation_Dataset_2024_Ajeet/caucasian_african_pt_dec_2023/1764_2164601_Imposter.jpg,1,1,0,0
/home/ajeet/codework/datasets/Training_Validation_Dataset_2024_Ajeet-20241107T105545Z-001/Training_Validation_Dataset_2024_Ajeet/caucasian_african_pt_dec_2023/147_2162067_Imposter.jpg,1,1,0,1
/home/ajeet/codework/datasets/Training_Validation_Dataset_2024_Ajeet-20241107T105545Z-001/Training_Validation_Dataset_2024_Ajeet/caucasian_african_pt_dec_2023/1816_2164903_Imposter.jpg,0,1,0,0
/home/ajeet/codework/datasets/Training_Validation_Dataset_2024_Ajeet-20241107T105545Z-001/Training_Validation_Dataset_2024_Ajeet/caucasian_african_pt_dec_2023/2273_2165033_Imposter.jpg,1,1,0,0
/home/ajeet/codework/datasets/Training_Validation_Dataset_2024_Ajeet-20241107T105545Z-001/Training_Validation_Dataset_2024_Ajeet/caucasian_african_pt_dec_2023/1868_2164922_Mobile Camera.jpg,1,0,1,1
/home/ajeet/codework/datasets/Training_Validation_Dataset_2024_Ajeet-20241107T105545Z-001/Training_Validation_Dataset_2024_Ajeet/caucasian_african_pt_dec_2023/2079_2164994_FVE - No Face Detected.jpg,1,1,0,0
/home/ajeet/codework/datasets/Training_Validation_Dataset_2024_Ajeet-20241107T105545Z-001/Training_Validation_Dataset_2024_Ajeet/caucasian_african_pt_dec_2023/1620_2163655_Imposter.jpg,1,1,0,0
/home/ajeet/codework/datasets/Training_Validation_Dataset_2024_Ajeet-20241107T105545Z-001/Training_Validation_Dataset_2024_Ajeet/caucasian_african_pt_dec_2023/444_2162134_Mobile Camera.jpg,1,1,1,1
/home/ajeet/codework/datasets/Training_Validation_Dataset_2024_Ajeet-20241107T105545Z-001/Training_Validation_Dataset_2024_Ajeet/caucasian_african_pt_dec_2023/114_2162064_Mobile Camera.jpg,1,1,1,1
/home/ajeet/codework/datasets/Training_Validation_Dataset_2024_Ajeet-20241107T105545Z-001/Training_Validation_Dataset_2024_Ajeet/caucasian_african_pt_dec_2023/1130_2162945_FVE - No Face Detected.jpg,1,1,0,0
/home/ajeet/codework/datasets/Training_Validation_Dataset_2024_Ajeet-20241107T105545Z-001/Training_Validation_Dataset_2024_Ajeet/caucasian_african_pt_dec_2023/1131_2162945_Imposter.jpg,1,1,0,0
/home/ajeet/codework/datasets/Training_Validation_Dataset_2024_Ajeet-20241107T105545Z-001/Training_Validation_Dataset_2024_Ajeet/caucasian_african_pt_dec_2023/1370_2163323_Mobile Camera.jpg,1,1,0,1
/home/ajeet/codework/datasets/Training_Validation_Dataset_2024_Ajeet-20241107T105545Z-001/Training_Validation_Dataset_2024_Ajeet/caucasian_african_pt_dec_2023/714_2162304_Imposter.jpg,1,1,0,0
/home/ajeet/codework/datasets/Training_Validation_Dataset_2024_Ajeet-20241107T105545Z-001/Training_Validation_Dataset_2024_Ajeet/caucasian_african_pt_dec_2023/907_2162368_Imposter.jpg,1,1,0,0
/home/ajeet/codework/datasets/Training_Validation_Dataset_2024_Ajeet-20241107T105545Z-001/Training_Validation_Dataset_2024_Ajeet/caucasian_african_pt_dec_2023/35_2162050_Imposter.jpg,0,1,0,0
/home/ajeet/codework/datasets/Training_Validation_Dataset_2024_Ajeet-20241107T105545Z-001/Training_Validation_Dataset_2024_Ajeet/caucasian_african_pt_dec_2023/678_2162304_Imposter.jpg,1,1,0,0
/home/ajeet/codework/datasets/Training_Validation_Dataset_2024_Ajeet-20241107T105545Z-001/Training_Validation_Dataset_2024_Ajeet/caucasian_african_pt_dec_2023/2264_2165029_Imposter.jpg,0,1,0,0
/home/ajeet/codework/datasets/Training_Validation_Dataset_2024_Ajeet-20241107T105545Z-001/Training_Validation_Dataset_2024_Ajeet/caucasian_african_pt_dec_2023/2492_2165263_Imposter.jpg,1,1,0,0
/home/ajeet/codework/datasets/Training_Validation_Dataset_2024_Ajeet-20241107T105545Z-001/Training_Validation_Dataset_2024_Ajeet/caucasian_african_pt_dec_2023/1568_2163614_Mobile Camera.jpg,1,1,1,1
/home/ajeet/codework/datasets/Training_Validation_Dataset_2024_Ajeet-20241107T105545Z-001/Training_Validation_Dataset_2024_Ajeet/caucasian_african_pt_dec_2023/2101_2164994_Imposter.jpg,1,1,0,0
/home/ajeet/codework/datasets/Training_Validation_Dataset_2024_Ajeet-20241107T105545Z-001/Training_Validation_Dataset_2024_Ajeet/caucasian_african_pt_dec_2023/1307_2163256_Imposter.jpg,1,1,0,0
/home/ajeet/codework/datasets/Training_Validation_Dataset_2024_Ajeet-20241107T105545Z-001/Training_Validation_Dataset_2024_Ajeet/caucasian_african_pt_dec_2023/330_2162123_FVE - No Face Detected.jpg,1,1,0,0
/home/ajeet/codework/datasets/Training_Validation_Dataset_2024_Ajeet-20241107T105545Z-001/Training_Validation_Dataset_2024_Ajeet/caucasian_african_pt_dec_2023/2754_2165327_FVE - No Face Detected.jpg,1,1,0,0
/home/ajeet/codework/datasets/Training_Validation_Dataset_2024_Ajeet-20241107T105545Z-001/Training_Validation_Dataset_2024_Ajeet/caucasian_african_pt_dec_2023/303_2162117_Imposter.jpg,0,1,0,0
/home/ajeet/codework/datasets/Training_Validation_Dataset_2024_Ajeet-20241107T105545Z-001/Training_Validation_Dataset_2024_Ajeet/caucasian_african_pt_dec_2023/1427_2163413_FVE - No Face Detected.jpg,1,1,0,1
/home/ajeet/codework/datasets/Training_Validation_Dataset_2024_Ajeet-20241107T105545Z-001/Training_Validation_Dataset_2024_Ajeet/caucasian_african_pt_dec_2023/538_2162224_Multiple people.jpg,1,1,0,1
/home/ajeet/codework/datasets/Training_Validation_Dataset_2024_Ajeet-20241107T105545Z-001/Training_Validation_Dataset_2024_Ajeet/caucasian_african_pt_dec_2023/531_2162224_Imposter.jpg,0,1,0,1
/home/ajeet/codework/datasets/Training_Validation_Dataset_2024_Ajeet-20241107T105545Z-001/Training_Validation_Dataset_2024_Ajeet/caucasian_african_pt_dec_2023/1002_2162483_Imposter.jpg,1,1,0,0
/home/ajeet/codework/datasets/Training_Validation_Dataset_2024_Ajeet-20241107T105545Z-001/Training_Validation_Dataset_2024_Ajeet/caucasian_african_pt_dec_2023/1913_2164945_FVE - No Face Detected.jpg,1,1,0,0
/home/ajeet/codework/datasets/Training_Validation_Dataset_2024_Ajeet-20241107T105545Z-001/Training_Validation_Dataset_2024_Ajeet/caucasian_african_pt_dec_2023/530_2162224_Imposter.jpg,1,1,0,0
/home/ajeet/codework/datasets/Training_Validation_Dataset_2024_Ajeet-20241107T105545Z-001/Training_Validation_Dataset_2024_Ajeet/caucasian_african_pt_dec_2023/1884_2164935_Multiple people.jpg,1,1,0,0
/home/ajeet/codework/datasets/Training_Validation_Dataset_2024_Ajeet-20241107T105545Z-001/Training_Validation_Dataset_2024_Ajeet/caucasian_african_pt_dec_2023/957_2162434_Imposter.jpg,1,1,0,0
/home/ajeet/codework/datasets/Training_Validation_Dataset_2024_Ajeet-20241107T105545Z-001/Training_Validation_Dataset_2024_Ajeet/caucasian_african_pt_dec_2023/2319_2165084_FVE - No Face Detected.jpg,1,1,0,0
/home/ajeet/codework/datasets/Training_Validation_Dataset_2024_Ajeet-20241107T105545Z-001/Training_Validation_Dataset_2024_Ajeet/caucasian_african_pt_dec_2023/2817_2165388_Imposter.jpg,1,1,0,0
/home/ajeet/codework/datasets/Training_Validation_Dataset_2024_Ajeet-20241107T105545Z-001/Training_Validation_Dataset_2024_Ajeet/caucasian_african_pt_dec_2023/295_2162117_Imposter.jpg,1,1,0,0
/home/ajeet/codework/datasets/Training_Validation_Dataset_2024_Ajeet-20241107T105545Z-001/Training_Validation_Dataset_2024_Ajeet/caucasian_african_pt_dec_2023/544_2162224_Imposter.jpg,0,1,0,0
/home/ajeet/codework/datasets/Training_Validation_Dataset_2024_Ajeet-20241107T105545Z-001/Training_Validation_Dataset_2024_Ajeet/caucasian_african_pt_dec_2023/627_2162288_Imposter.jpg,0,1,0,0
/home/ajeet/codework/datasets/Training_Validation_Dataset_2024_Ajeet-20241107T105545Z-001/Training_Validation_Dataset_2024_Ajeet/caucasian_african_pt_dec_2023/1689_2163741_Imposter.jpg,0,1,0,0
/home/ajeet/codework/datasets/Training_Validation_Dataset_2024_Ajeet-20241107T105545Z-001/Training_Validation_Dataset_2024_Ajeet/caucasian_african_pt_dec_2023/1395_2163380_Mobile Camera.jpg,0,1,0,0
/home/ajeet/codework/datasets/Training_Validation_Dataset_2024_Ajeet-20241107T105545Z-001/Training_Validation_Dataset_2024_Ajeet/caucasian_african_pt_dec_2023/1298_2163250_Imposter.jpg,1,1,0,1
/home/ajeet/codework/datasets/Training_Validation_Dataset_2024_Ajeet-20241107T105545Z-001/Training_Validation_Dataset_2024_Ajeet/caucasian_african_pt_dec_2023/2157_2165005_Imposter.jpg,1,1,0,0
/home/ajeet/codework/datasets/Training_Validation_Dataset_2024_Ajeet-20241107T105545Z-001/Training_Validation_Dataset_2024_Ajeet/caucasian_african_pt_dec_2023/309_2162120_Mobile Camera.jpg,1,1,1,1
/home/ajeet/codework/datasets/Training_Validation_Dataset_2024_Ajeet-20241107T105545Z-001/Training_Validation_Dataset_2024_Ajeet/caucasian_african_pt_dec_2023/2109_2164994_Imposter.jpg,1,1,0,1
/home/ajeet/codework/datasets/Training_Validation_Dataset_2024_Ajeet-20241107T105545Z-001/Training_Validation_Dataset_2024_Ajeet/caucasian_african_pt_dec_2023/129_2162065_Imposter.jpg,0,1,0,0
/home/ajeet/codework/datasets/Training_Validation_Dataset_2024_Ajeet-20241107T105545Z-001/Training_Validation_Dataset_2024_Ajeet/caucasian_african_pt_dec_2023/1198_2163051_Imposter.jpg,1,1,0,0
/home/ajeet/codework/datasets/Training_Validation_Dataset_2024_Ajeet-20241107T105545Z-001/Training_Validation_Dataset_2024_Ajeet/caucasian_african_pt_dec_2023/1258_2163240_Imposter.jpg,1,1,0,0
/home/ajeet/codework/datasets/Training_Validation_Dataset_2024_Ajeet-20241107T105545Z-001/Training_Validation_Dataset_2024_Ajeet/caucasian_african_pt_dec_2023/2352_2165100_Mobile Camera.jpg,1,1,0,1
/home/ajeet/codework/datasets/Training_Validation_Dataset_2024_Ajeet-20241107T105545Z-001/Training_Validation_Dataset_2024_Ajeet/caucasian_african_pt_dec_2023/2432_2165189_Imposter.jpg,1,1,0,0
/home/ajeet/codework/datasets/Training_Validation_Dataset_2024_Ajeet-20241107T105545Z-001/Training_Validation_Dataset_2024_Ajeet/caucasian_african_pt_dec_2023/465_2162163_Mobile Camera.jpg,1,1,0,1
/home/ajeet/codework/datasets/Training_Validation_Dataset_2024_Ajeet-20241107T105545Z-001/Training_Validation_Dataset_2024_Ajeet/caucasian_african_pt_dec_2023/2385_2165120_Mobile Camera.jpg,1,0,1,1
/home/ajeet/codework/datasets/Training_Validation_Dataset_2024_Ajeet-20241107T105545Z-001/Training_Validation_Dataset_2024_Ajeet/caucasian_african_pt_dec_2023/2656_2165275_Imposter.jpg,1,1,0,0
/home/ajeet/codework/datasets/Training_Validation_Dataset_2024_Ajeet-20241107T105545Z-001/Training_Validation_Dataset_2024_Ajeet/caucasian_african_pt_dec_2023/2036_2164987_Imposter.jpg,1,1,0,0
/home/ajeet/codework/datasets/Training_Validation_Dataset_2024_Ajeet-20241107T105545Z-001/Training_Validation_Dataset_2024_Ajeet/caucasian_african_pt_dec_2023/1647_2163684_Mobile Camera.jpg,1,1,1,1
/home/ajeet/codework/datasets/Training_Validation_Dataset_2024_Ajeet-20241107T105545Z-001/Training_Validation_Dataset_2024_Ajeet/caucasian_african_pt_dec_2023/1950_2164955_Imposter.jpg,0,1,0,0
/home/ajeet/codework/datasets/Training_Validation_Dataset_2024_Ajeet-20241107T105545Z-001/Training_Validation_Dataset_2024_Ajeet/caucasian_african_pt_dec_2023/2811_2165387_Imposter.jpg,0,1,0,1
/home/ajeet/codework/datasets/Training_Validation_Dataset_2024_Ajeet-20241107T105545Z-001/Training_Validation_Dataset_2024_Ajeet/caucasian_african_pt_dec_2023/1272_2163243_Imposter.jpg,0,1,0,0
/home/ajeet/codework/datasets/Training_Validation_Dataset_2024_Ajeet-20241107T105545Z-001/Training_Validation_Dataset_2024_Ajeet/caucasian_african_pt_dec_2023/1887_2164935_Mobile Camera.jpg,1,0,0,1
/home/ajeet/codework/datasets/Training_Validation_Dataset_2024_Ajeet-20241107T105545Z-001/Training_Validation_Dataset_2024_Ajeet/caucasian_african_pt_dec_2023/2800_2165386_FVE - No Face Detected.jpg,1,1,0,0
/home/ajeet/codework/datasets/Training_Validation_Dataset_2024_Ajeet-20241107T105545Z-001/Training_Validation_Dataset_2024_Ajeet/caucasian_african_pt_dec_2023/2752_2165327_Imposter.jpg,1,1,0,0
/home/ajeet/codework/datasets/Training_Validation_Dataset_2024_Ajeet-20241107T105545Z-001/Training_Validation_Dataset_2024_Ajeet/caucasian_african_pt_dec_2023/2271_2165033_Imposter.jpg,0,1,0,0
/home/ajeet/codework/datasets/Training_Validation_Dataset_2024_Ajeet-20241107T105545Z-001/Training_Validation_Dataset_2024_Ajeet/caucasian_african_pt_dec_2023/1518_2163560_Mobile Camera.jpg,1,0,0,1
/home/ajeet/codework/datasets/Training_Validation_Dataset_2024_Ajeet-20241107T105545Z-001/Training_Validation_Dataset_2024_Ajeet/caucasian_african_pt_dec_2023/796_2162304_Imposter.jpg,1,1,0,1
/home/ajeet/codework/datasets/Training_Validation_Dataset_2024_Ajeet-20241107T105545Z-001/Training_Validation_Dataset_2024_Ajeet/caucasian_african_pt_dec_2023/1806_2164869_Mobile Camera.jpg,1,1,0,1
/home/ajeet/codework/datasets/Training_Validation_Dataset_2024_Ajeet-20241107T105545Z-001/Training_Validation_Dataset_2024_Ajeet/caucasian_african_pt_dec_2023/2847_2165429_Mobile Camera.jpg,1,1,0,1
/home/ajeet/codework/datasets/Training_Validation_Dataset_2024_Ajeet-20241107T105545Z-001/Training_Validation_Dataset_2024_Ajeet/caucasian_african_pt_dec_2023/2399_2165168_Mobile Camera.jpg,1,1,0,0
/home/ajeet/codework/datasets/Training_Validation_Dataset_2024_Ajeet-20241107T105545Z-001/Training_Validation_Dataset_2024_Ajeet/caucasian_african_pt_dec_2023/1072_2162597_Imposter.jpg,0,1,0,0
/home/ajeet/codework/datasets/Training_Validation_Dataset_2024_Ajeet-20241107T105545Z-001/Training_Validation_Dataset_2024_Ajeet/caucasian_african_pt_dec_2023/288_2162115_Imposter.jpg,0,1,0,0
/home/ajeet/codework/datasets/Training_Validation_Dataset_2024_Ajeet-20241107T105545Z-001/Training_Validation_Dataset_2024_Ajeet/caucasian_african_pt_dec_2023/297_2162117_Imposter.jpg,0,1,0,0
/home/ajeet/codework/datasets/Training_Validation_Dataset_2024_Ajeet-20241107T105545Z-001/Training_Validation_Dataset_2024_Ajeet/caucasian_african_pt_dec_2023/259_2162108_Imposter.jpg,0,1,0,0
/home/ajeet/codework/datasets/Training_Validation_Dataset_2024_Ajeet-20241107T105545Z-001/Training_Validation_Dataset_2024_Ajeet/caucasian_african_pt_dec_2023/1546_2163597_Imposter.jpg,1,1,0,0
/home/ajeet/codework/datasets/Training_Validation_Dataset_2024_Ajeet-20241107T105545Z-001/Training_Validation_Dataset_2024_Ajeet/caucasian_african_pt_dec_2023/2497_2165263_Imposter.jpg,1,1,0,0
/home/ajeet/codework/datasets/Training_Validation_Dataset_2024_Ajeet-20241107T105545Z-001/Training_Validation_Dataset_2024_Ajeet/caucasian_african_pt_dec_2023/1560_2163597_Mobile Camera.jpg,1,1,0,1
/home/ajeet/codework/datasets/Training_Validation_Dataset_2024_Ajeet-20241107T105545Z-001/Training_Validation_Dataset_2024_Ajeet/caucasian_african_pt_dec_2023/1700_2163756_Imposter.jpg,0,1,0,0
/home/ajeet/codework/datasets/Training_Validation_Dataset_2024_Ajeet-20241107T105545Z-001/Training_Validation_Dataset_2024_Ajeet/caucasian_african_pt_dec_2023/1378_2163361_Mobile Camera.jpg,0,1,0,0
/home/ajeet/codework/datasets/Training_Validation_Dataset_2024_Ajeet-20241107T105545Z-001/Training_Validation_Dataset_2024_Ajeet/caucasian_african_pt_dec_2023/2731_2165327_Imposter.jpg,1,1,0,0
/home/ajeet/codework/datasets/Training_Validation_Dataset_2024_Ajeet-20241107T105545Z-001/Training_Validation_Dataset_2024_Ajeet/caucasian_african_pt_dec_2023/227_2162093_Mobile Camera.jpg,0,1,1,0
/home/ajeet/codework/datasets/Training_Validation_Dataset_2024_Ajeet-20241107T105545Z-001/Training_Validation_Dataset_2024_Ajeet/caucasian_african_pt_dec_2023/1156_2162985_Imposter.jpg,1,1,0,0
/home/ajeet/codework/datasets/Training_Validation_Dataset_2024_Ajeet-20241107T105545Z-001/Training_Validation_Dataset_2024_Ajeet/caucasian_african_pt_dec_2023/248_2162102_FVE - No Face Detected.jpg,1,1,0,0
/home/ajeet/codework/datasets/Training_Validation_Dataset_2024_Ajeet-20241107T105545Z-001/Training_Validation_Dataset_2024_Ajeet/caucasian_african_pt_dec_2023/1661_2163723_Mobile Camera.jpg,0,1,0,1
/home/ajeet/codework/datasets/Training_Validation_Dataset_2024_Ajeet-20241107T105545Z-001/Training_Validation_Dataset_2024_Ajeet/caucasian_african_pt_dec_2023/2052_2164993_Imposter.jpg,1,1,0,1
/home/ajeet/codework/datasets/Training_Validation_Dataset_2024_Ajeet-20241107T105545Z-001/Training_Validation_Dataset_2024_Ajeet/caucasian_african_pt_dec_2023/1439_2163433_Mobile Camera.jpg,1,1,0,1
/home/ajeet/codework/datasets/Training_Validation_Dataset_2024_Ajeet-20241107T105545Z-001/Training_Validation_Dataset_2024_Ajeet/caucasian_african_pt_dec_2023/2205_2165014_Imposter.jpg,0,1,0,0
/home/ajeet/codework/datasets/Training_Validation_Dataset_2024_Ajeet-20241107T105545Z-001/Training_Validation_Dataset_2024_Ajeet/caucasian_african_pt_dec_2023/2728_2165327_Imposter.jpg,1,1,0,1
/home/ajeet/codework/datasets/Training_Validation_Dataset_2024_Ajeet-20241107T105545Z-001/Training_Validation_Dataset_2024_Ajeet/caucasian_african_pt_dec_2023/1886_2164935_Imposter.jpg,1,1,0,0
/home/ajeet/codework/datasets/Training_Validation_Dataset_2024_Ajeet-20241107T105545Z-001/Training_Validation_Dataset_2024_Ajeet/caucasian_african_pt_dec_2023/438_2162132_Mobile Camera.jpg,1,0,0,1
/home/ajeet/codework/datasets/Training_Validation_Dataset_2024_Ajeet-20241107T105545Z-001/Training_Validation_Dataset_2024_Ajeet/caucasian_african_pt_dec_2023/2487_2165263_Imposter.jpg,1,1,0,0
/home/ajeet/codework/datasets/Training_Validation_Dataset_2024_Ajeet-20241107T105545Z-001/Training_Validation_Dataset_2024_Ajeet/caucasian_african_pt_dec_2023/1537_2163597_Imposter.jpg,1,1,0,0
/home/ajeet/codework/datasets/Training_Validation_Dataset_2024_Ajeet-20241107T105545Z-001/Training_Validation_Dataset_2024_Ajeet/caucasian_african_pt_dec_2023/2512_2165263_Imposter.jpg,1,1,0,0
/home/ajeet/codework/datasets/Training_Validation_Dataset_2024_Ajeet-20241107T105545Z-001/Training_Validation_Dataset_2024_Ajeet/caucasian_african_pt_dec_2023/1461_2163460_Imposter.jpg,1,1,0,0
/home/ajeet/codework/datasets/Training_Validation_Dataset_2024_Ajeet-20241107T105545Z-001/Training_Validation_Dataset_2024_Ajeet/caucasian_african_pt_dec_2023/1023_2162492_Imposter.jpg,1,1,0,0
/home/ajeet/codework/datasets/Training_Validation_Dataset_2024_Ajeet-20241107T105545Z-001/Training_Validation_Dataset_2024_Ajeet/caucasian_african_pt_dec_2023/2191_2165010_Imposter.jpg,1,1,0,0
/home/ajeet/codework/datasets/Training_Validation_Dataset_2024_Ajeet-20241107T105545Z-001/Training_Validation_Dataset_2024_Ajeet/caucasian_african_pt_dec_2023/1312_2163262_Imposter.jpg,1,1,0,0
/home/ajeet/codework/datasets/Training_Validation_Dataset_2024_Ajeet-20241107T105545Z-001/Training_Validation_Dataset_2024_Ajeet/caucasian_african_pt_dec_2023/481_2162174_Imposter.jpg,1,1,0,0
/home/ajeet/codework/datasets/Training_Validation_Dataset_2024_Ajeet-20241107T105545Z-001/Training_Validation_Dataset_2024_Ajeet/caucasian_african_pt_dec_2023/1191_2163040_Imposter.jpg,0,1,0,0
/home/ajeet/codework/datasets/Training_Validation_Dataset_2024_Ajeet-20241107T105545Z-001/Training_Validation_Dataset_2024_Ajeet/caucasian_african_pt_dec_2023/1990_2164972_Mobile Camera.jpg,1,1,1,1
/home/ajeet/codework/datasets/Training_Validation_Dataset_2024_Ajeet-20241107T105545Z-001/Training_Validation_Dataset_2024_Ajeet/caucasian_african_pt_dec_2023/772_2162304_Imposter.jpg,1,1,0,0
/home/ajeet/codework/datasets/Training_Validation_Dataset_2024_Ajeet-20241107T105545Z-001/Training_Validation_Dataset_2024_Ajeet/caucasian_african_pt_dec_2023/793_2162304_Imposter.jpg,1,1,0,0
/home/ajeet/codework/datasets/Training_Validation_Dataset_2024_Ajeet-20241107T105545Z-001/Training_Validation_Dataset_2024_Ajeet/caucasian_african_pt_dec_2023/661_2162303_Imposter.jpg,1,1,0,0
/home/ajeet/codework/datasets/Training_Validation_Dataset_2024_Ajeet-20241107T105545Z-001/Training_Validation_Dataset_2024_Ajeet/caucasian_african_pt_dec_2023/510_2162197_Imposter.jpg,1,1,0,0
/home/ajeet/codework/datasets/Training_Validation_Dataset_2024_Ajeet-20241107T105545Z-001/Training_Validation_Dataset_2024_Ajeet/caucasian_african_pt_dec_2023/269_2162108_Imposter.jpg,0,1,0,0
/home/ajeet/codework/datasets/Training_Validation_Dataset_2024_Ajeet-20241107T105545Z-001/Training_Validation_Dataset_2024_Ajeet/caucasian_african_pt_dec_2023/2467_2165234_Imposter.jpg,1,1,0,0
/home/ajeet/codework/datasets/Training_Validation_Dataset_2024_Ajeet-20241107T105545Z-001/Training_Validation_Dataset_2024_Ajeet/caucasian_african_pt_dec_2023/972_2162449_Imposter.jpg,1,1,0,0
/home/ajeet/codework/datasets/Training_Validation_Dataset_2024_Ajeet-20241107T105545Z-001/Training_Validation_Dataset_2024_Ajeet/caucasian_african_pt_dec_2023/2476_2165263_Imposter.jpg,1,1,0,0
/home/ajeet/codework/datasets/Training_Validation_Dataset_2024_Ajeet-20241107T105545Z-001/Training_Validation_Dataset_2024_Ajeet/caucasian_african_pt_dec_2023/43_2162050_Imposter.jpg,0,1,0,0
/home/ajeet/codework/datasets/Training_Validation_Dataset_2024_Ajeet-20241107T105545Z-001/Training_Validation_Dataset_2024_Ajeet/caucasian_african_pt_dec_2023/2615_2165275_Imposter.jpg,1,1,0,0
/home/ajeet/codework/datasets/Training_Validation_Dataset_2024_Ajeet-20241107T105545Z-001/Training_Validation_Dataset_2024_Ajeet/caucasian_african_pt_dec_2023/1269_2163243_FVE - Imposter Detected.jpg,1,1,0,0
/home/ajeet/codework/datasets/Training_Validation_Dataset_2024_Ajeet-20241107T105545Z-001/Training_Validation_Dataset_2024_Ajeet/caucasian_african_pt_dec_2023/1813_2164902_Imposter.jpg,1,1,0,0
/home/ajeet/codework/datasets/Training_Validation_Dataset_2024_Ajeet-20241107T105545Z-001/Training_Validation_Dataset_2024_Ajeet/caucasian_african_pt_dec_2023/912_2162368_Imposter.jpg,1,1,0,0
/home/ajeet/codework/datasets/Training_Validation_Dataset_2024_Ajeet-20241107T105545Z-001/Training_Validation_Dataset_2024_Ajeet/caucasian_african_pt_dec_2023/1267_2163240_Imposter.jpg,1,1,0,0
/home/ajeet/codework/datasets/Training_Validation_Dataset_2024_Ajeet-20241107T105545Z-001/Training_Validation_Dataset_2024_Ajeet/caucasian_african_pt_dec_2023/2481_2165263_Imposter.jpg,1,1,0,0
/home/ajeet/codework/datasets/Training_Validation_Dataset_2024_Ajeet-20241107T105545Z-001/Training_Validation_Dataset_2024_Ajeet/caucasian_african_pt_dec_2023/2203_2165014_Imposter.jpg,0,1,0,0
/home/ajeet/codework/datasets/Training_Validation_Dataset_2024_Ajeet-20241107T105545Z-001/Training_Validation_Dataset_2024_Ajeet/caucasian_african_pt_dec_2023/1124_2162844_Imposter.jpg,1,1,0,0
/home/ajeet/codework/datasets/Training_Validation_Dataset_2024_Ajeet-20241107T105545Z-001/Training_Validation_Dataset_2024_Ajeet/caucasian_african_pt_dec_2023/543_2162224_Imposter.jpg,0,1,0,0
/home/ajeet/codework/datasets/Training_Validation_Dataset_2024_Ajeet-20241107T105545Z-001/Training_Validation_Dataset_2024_Ajeet/caucasian_african_pt_dec_2023/2110_2164994_Imposter.jpg,1,1,0,1
/home/ajeet/codework/datasets/Training_Validation_Dataset_2024_Ajeet-20241107T105545Z-001/Training_Validation_Dataset_2024_Ajeet/caucasian_african_pt_dec_2023/2651_2165275_Imposter.jpg,1,1,0,0
/home/ajeet/codework/datasets/Training_Validation_Dataset_2024_Ajeet-20241107T105545Z-001/Training_Validation_Dataset_2024_Ajeet/caucasian_african_pt_dec_2023/2636_2165275_Imposter.jpg,1,1,0,0
/home/ajeet/codework/datasets/Training_Validation_Dataset_2024_Ajeet-20241107T105545Z-001/Training_Validation_Dataset_2024_Ajeet/caucasian_african_pt_dec_2023/2744_2165327_Imposter.jpg,1,1,0,0
/home/ajeet/codework/datasets/Training_Validation_Dataset_2024_Ajeet-20241107T105545Z-001/Training_Validation_Dataset_2024_Ajeet/caucasian_african_pt_dec_2023/509_2162194_Imposter.jpg,1,1,0,0
/home/ajeet/codework/datasets/Training_Validation_Dataset_2024_Ajeet-20241107T105545Z-001/Training_Validation_Dataset_2024_Ajeet/caucasian_african_pt_dec_2023/2810_2165387_Imposter.jpg,0,1,0,1
/home/ajeet/codework/datasets/Training_Validation_Dataset_2024_Ajeet-20241107T105545Z-001/Training_Validation_Dataset_2024_Ajeet/caucasian_african_pt_dec_2023/2558_2165272_Imposter.jpg,1,1,0,0
/home/ajeet/codework/datasets/Training_Validation_Dataset_2024_Ajeet-20241107T105545Z-001/Training_Validation_Dataset_2024_Ajeet/caucasian_african_pt_dec_2023/948_2162410_Mobile Camera.jpg,1,1,1,0
/home/ajeet/codework/datasets/Training_Validation_Dataset_2024_Ajeet-20241107T105545Z-001/Training_Validation_Dataset_2024_Ajeet/caucasian_african_pt_dec_2023/84_2162061_Mobile Camera.jpg,0,1,0,1
/home/ajeet/codework/datasets/Training_Validation_Dataset_2024_Ajeet-20241107T105545Z-001/Training_Validation_Dataset_2024_Ajeet/caucasian_african_pt_dec_2023/1581_2163632_Imposter.jpg,1,1,0,0
/home/ajeet/codework/datasets/Training_Validation_Dataset_2024_Ajeet-20241107T105545Z-001/Training_Validation_Dataset_2024_Ajeet/caucasian_african_pt_dec_2023/430_2162132_Imposter.jpg,1,1,0,1
/home/ajeet/codework/datasets/Training_Validation_Dataset_2024_Ajeet-20241107T105545Z-001/Training_Validation_Dataset_2024_Ajeet/caucasian_african_pt_dec_2023/485_2162174_Imposter.jpg,1,1,0,0
/home/ajeet/codework/datasets/Training_Validation_Dataset_2024_Ajeet-20241107T105545Z-001/Training_Validation_Dataset_2024_Ajeet/caucasian_african_pt_dec_2023/862_2162330_Imposter.jpg,1,1,0,0
/home/ajeet/codework/datasets/Training_Validation_Dataset_2024_Ajeet-20241107T105545Z-001/Training_Validation_Dataset_2024_Ajeet/caucasian_african_pt_dec_2023/1745_2164152_Imposter.jpg,0,1,0,0
/home/ajeet/codework/datasets/Training_Validation_Dataset_2024_Ajeet-20241107T105545Z-001/Training_Validation_Dataset_2024_Ajeet/caucasian_african_pt_dec_2023/2618_2165275_Imposter.jpg,1,1,0,0
/home/ajeet/codework/datasets/Training_Validation_Dataset_2024_Ajeet-20241107T105545Z-001/Training_Validation_Dataset_2024_Ajeet/caucasian_african_pt_dec_2023/2107_2164994_Imposter.jpg,1,1,0,1
/home/ajeet/codework/datasets/Training_Validation_Dataset_2024_Ajeet-20241107T105545Z-001/Training_Validation_Dataset_2024_Ajeet/caucasian_african_pt_dec_2023/574_2162255_Mobile Camera.jpg,1,1,1,1
/home/ajeet/codework/datasets/Training_Validation_Dataset_2024_Ajeet-20241107T105545Z-001/Training_Validation_Dataset_2024_Ajeet/caucasian_african_pt_dec_2023/1749_2164152_Imposter.jpg,0,1,0,1
/home/ajeet/codework/datasets/Training_Validation_Dataset_2024_Ajeet-20241107T105545Z-001/Training_Validation_Dataset_2024_Ajeet/caucasian_african_pt_dec_2023/2689_2165289_Mobile Camera.jpg,1,1,0,1
/home/ajeet/codework/datasets/Training_Validation_Dataset_2024_Ajeet-20241107T105545Z-001/Training_Validation_Dataset_2024_Ajeet/caucasian_african_pt_dec_2023/1898_2164935_FVE - No Face Detected.jpg,1,1,0,0
/home/ajeet/codework/datasets/Training_Validation_Dataset_2024_Ajeet-20241107T105545Z-001/Training_Validation_Dataset_2024_Ajeet/caucasian_african_pt_dec_2023/2425_2165189_Mobile Camera.jpg,1,1,1,1
/home/ajeet/codework/datasets/Training_Validation_Dataset_2024_Ajeet-20241107T105545Z-001/Training_Validation_Dataset_2024_Ajeet/caucasian_african_pt_dec_2023/2287_2165053_Imposter.jpg,0,1,0,0
/home/ajeet/codework/datasets/Training_Validation_Dataset_2024_Ajeet-20241107T105545Z-001/Training_Validation_Dataset_2024_Ajeet/caucasian_african_pt_dec_2023/1575_2163626_Imposter.jpg,0,1,0,0
/home/ajeet/codework/datasets/Training_Validation_Dataset_2024_Ajeet-20241107T105545Z-001/Training_Validation_Dataset_2024_Ajeet/caucasian_african_pt_dec_2023/141_2162067_Multiple people.jpg,1,1,0,0
/home/ajeet/codework/datasets/Training_Validation_Dataset_2024_Ajeet-20241107T105545Z-001/Training_Validation_Dataset_2024_Ajeet/caucasian_african_pt_dec_2023/1805_2164869_Mobile Camera.jpg,1,1,0,1
/home/ajeet/codework/datasets/Training_Validation_Dataset_2024_Ajeet-20241107T105545Z-001/Training_Validation_Dataset_2024_Ajeet/caucasian_african_pt_dec_2023/96_2162064_Mobile Camera.jpg,1,1,1,1
/home/ajeet/codework/datasets/Training_Validation_Dataset_2024_Ajeet-20241107T105545Z-001/Training_Validation_Dataset_2024_Ajeet/caucasian_african_pt_dec_2023/396_2162129_Imposter.jpg,1,1,0,0
/home/ajeet/codework/datasets/Training_Validation_Dataset_2024_Ajeet-20241107T105545Z-001/Training_Validation_Dataset_2024_Ajeet/caucasian_african_pt_dec_2023/2345_2165096_Imposter.jpg,1,0,0,0
/home/ajeet/codework/datasets/Training_Validation_Dataset_2024_Ajeet-20241107T105545Z-001/Training_Validation_Dataset_2024_Ajeet/caucasian_african_pt_dec_2023/419_2162129_Mobile Camera.jpg,1,1,0,1
/home/ajeet/codework/datasets/Training_Validation_Dataset_2024_Ajeet-20241107T105545Z-001/Training_Validation_Dataset_2024_Ajeet/caucasian_african_pt_dec_2023/1113_2162762_Imposter.jpg,0,1,0,0
/home/ajeet/codework/datasets/Training_Validation_Dataset_2024_Ajeet-20241107T105545Z-001/Training_Validation_Dataset_2024_Ajeet/caucasian_african_pt_dec_2023/672_2162304_Imposter.jpg,0,1,0,0
/home/ajeet/codework/datasets/Training_Validation_Dataset_2024_Ajeet-20241107T105545Z-001/Training_Validation_Dataset_2024_Ajeet/caucasian_african_pt_dec_2023/2009_2164972_FVE - No Face Detected.jpg,1,1,0,0
/home/ajeet/codework/datasets/Training_Validation_Dataset_2024_Ajeet-20241107T105545Z-001/Training_Validation_Dataset_2024_Ajeet/caucasian_african_pt_dec_2023/159_2162072_Imposter.jpg,0,1,0,0
/home/ajeet/codework/datasets/Training_Validation_Dataset_2024_Ajeet-20241107T105545Z-001/Training_Validation_Dataset_2024_Ajeet/caucasian_african_pt_dec_2023/2242_2165027_Mobile Camera.jpg,0,1,0,1
/home/ajeet/codework/datasets/Training_Validation_Dataset_2024_Ajeet-20241107T105545Z-001/Training_Validation_Dataset_2024_Ajeet/caucasian_african_pt_dec_2023/1027_2162494_Mobile Camera.jpg,1,1,1,1
/home/ajeet/codework/datasets/Training_Validation_Dataset_2024_Ajeet-20241107T105545Z-001/Training_Validation_Dataset_2024_Ajeet/caucasian_african_pt_dec_2023/1627_2163656_FVE - No Face Detected.jpg,1,1,0,0
/home/ajeet/codework/datasets/Training_Validation_Dataset_2024_Ajeet-20241107T105545Z-001/Training_Validation_Dataset_2024_Ajeet/caucasian_african_pt_dec_2023/1957_2164956_Mobile Camera.jpg,1,1,0,0
/home/ajeet/codework/datasets/Training_Validation_Dataset_2024_Ajeet-20241107T105545Z-001/Training_Validation_Dataset_2024_Ajeet/caucasian_african_pt_dec_2023/388_2162129_Imposter.jpg,1,1,0,0
/home/ajeet/codework/datasets/Training_Validation_Dataset_2024_Ajeet-20241107T105545Z-001/Training_Validation_Dataset_2024_Ajeet/caucasian_african_pt_dec_2023/878_2162352_Mobile Camera.jpg,0,1,0,1
/home/ajeet/codework/datasets/Training_Validation_Dataset_2024_Ajeet-20241107T105545Z-001/Training_Validation_Dataset_2024_Ajeet/caucasian_african_pt_dec_2023/338_2162123_FVE - No Face Detected.jpg,1,1,0,0
/home/ajeet/codework/datasets/Training_Validation_Dataset_2024_Ajeet-20241107T105545Z-001/Training_Validation_Dataset_2024_Ajeet/caucasian_african_pt_dec_2023/1477_2163473_Imposter.jpg,1,1,0,0
/home/ajeet/codework/datasets/Training_Validation_Dataset_2024_Ajeet-20241107T105545Z-001/Training_Validation_Dataset_2024_Ajeet/caucasian_african_pt_dec_2023/1254_2163240_Imposter.jpg,1,1,0,0
/home/ajeet/codework/datasets/Training_Validation_Dataset_2024_Ajeet-20241107T105545Z-001/Training_Validation_Dataset_2024_Ajeet/caucasian_african_pt_dec_2023/1086_2162628_Mobile Camera.jpg,1,1,0,1
/home/ajeet/codework/datasets/Training_Validation_Dataset_2024_Ajeet-20241107T105545Z-001/Training_Validation_Dataset_2024_Ajeet/caucasian_african_pt_dec_2023/2627_2165275_Imposter.jpg,1,1,0,0
/home/ajeet/codework/datasets/Training_Validation_Dataset_2024_Ajeet-20241107T105545Z-001/Training_Validation_Dataset_2024_Ajeet/caucasian_african_pt_dec_2023/1795_2164794_Mobile Camera.jpg,1,1,0,1
/home/ajeet/codework/datasets/Training_Validation_Dataset_2024_Ajeet-20241107T105545Z-001/Training_Validation_Dataset_2024_Ajeet/caucasian_african_pt_dec_2023/264_2162108_Imposter.jpg,0,1,0,0
/home/ajeet/codework/datasets/Training_Validation_Dataset_2024_Ajeet-20241107T105545Z-001/Training_Validation_Dataset_2024_Ajeet/caucasian_african_pt_dec_2023/2561_2165272_Mobile Camera.jpg,1,1,1,1
/home/ajeet/codework/datasets/Training_Validation_Dataset_2024_Ajeet-20241107T105545Z-001/Training_Validation_Dataset_2024_Ajeet/caucasian_african_pt_dec_2023/1822_2164903_FVE - No Face Detected.jpg,0,1,0,0
/home/ajeet/codework/datasets/Training_Validation_Dataset_2024_Ajeet-20241107T105545Z-001/Training_Validation_Dataset_2024_Ajeet/caucasian_african_pt_dec_2023/191_2162083_Imposter.jpg,0,1,0,0
/home/ajeet/codework/datasets/Training_Validation_Dataset_2024_Ajeet-20241107T105545Z-001/Training_Validation_Dataset_2024_Ajeet/caucasian_african_pt_dec_2023/2658_2165275_Imposter.jpg,1,1,0,0
/home/ajeet/codework/datasets/Training_Validation_Dataset_2024_Ajeet-20241107T105545Z-001/Training_Validation_Dataset_2024_Ajeet/caucasian_african_pt_dec_2023/2020_2164976_Mobile Camera.jpg,1,1,0,1
/home/ajeet/codework/datasets/Training_Validation_Dataset_2024_Ajeet-20241107T105545Z-001/Training_Validation_Dataset_2024_Ajeet/caucasian_african_pt_dec_2023/270_2162108_FVE - No Face Detected.jpg,0,1,0,0
/home/ajeet/codework/datasets/Training_Validation_Dataset_2024_Ajeet-20241107T105545Z-001/Training_Validation_Dataset_2024_Ajeet/caucasian_african_pt_dec_2023/2741_2165327_FVE - No Face Detected.jpg,1,1,0,0
/home/ajeet/codework/datasets/Training_Validation_Dataset_2024_Ajeet-20241107T105545Z-001/Training_Validation_Dataset_2024_Ajeet/caucasian_african_pt_dec_2023/804_2162304_Imposter.jpg,0,1,0,0
/home/ajeet/codework/datasets/Training_Validation_Dataset_2024_Ajeet-20241107T105545Z-001/Training_Validation_Dataset_2024_Ajeet/caucasian_african_pt_dec_2023/412_2162129_Imposter.jpg,0,1,0,0
/home/ajeet/codework/datasets/Training_Validation_Dataset_2024_Ajeet-20241107T105545Z-001/Training_Validation_Dataset_2024_Ajeet/caucasian_african_pt_dec_2023/1506_2163518_Mobile Camera.jpg,1,0,1,1
/home/ajeet/codework/datasets/Training_Validation_Dataset_2024_Ajeet-20241107T105545Z-001/Training_Validation_Dataset_2024_Ajeet/caucasian_african_pt_dec_2023/1197_2163051_Mobile Camera.jpg,0,1,0,1
/home/ajeet/codework/datasets/Training_Validation_Dataset_2024_Ajeet-20241107T105545Z-001/Training_Validation_Dataset_2024_Ajeet/caucasian_african_pt_dec_2023/1247_2163239_Mobile Camera.jpg,0,1,0,1
/home/ajeet/codework/datasets/Training_Validation_Dataset_2024_Ajeet-20241107T105545Z-001/Training_Validation_Dataset_2024_Ajeet/caucasian_african_pt_dec_2023/727_2162304_Imposter.jpg,1,1,0,0
/home/ajeet/codework/datasets/Training_Validation_Dataset_2024_Ajeet-20241107T105545Z-001/Training_Validation_Dataset_2024_Ajeet/caucasian_african_pt_dec_2023/418_2162129_Imposter.jpg,1,1,0,0
/home/ajeet/codework/datasets/Training_Validation_Dataset_2024_Ajeet-20241107T105545Z-001/Training_Validation_Dataset_2024_Ajeet/caucasian_african_pt_dec_2023/2370_2165106_Mobile Camera.jpg,1,1,0,0
/home/ajeet/codework/datasets/Training_Validation_Dataset_2024_Ajeet-20241107T105545Z-001/Training_Validation_Dataset_2024_Ajeet/caucasian_african_pt_dec_2023/550_2162224_Imposter.jpg,0,0,0,0
/home/ajeet/codework/datasets/Training_Validation_Dataset_2024_Ajeet-20241107T105545Z-001/Training_Validation_Dataset_2024_Ajeet/caucasian_african_pt_dec_2023/145_2162067_Mobile Camera.jpg,0,0,0,1
/home/ajeet/codework/datasets/Training_Validation_Dataset_2024_Ajeet-20241107T105545Z-001/Training_Validation_Dataset_2024_Ajeet/caucasian_african_pt_dec_2023/2840_2165418_Imposter.jpg,1,1,0,0
/home/ajeet/codework/datasets/Training_Validation_Dataset_2024_Ajeet-20241107T105545Z-001/Training_Validation_Dataset_2024_Ajeet/caucasian_african_pt_dec_2023/2256_2165029_Imposter.jpg,1,1,0,0
/home/ajeet/codework/datasets/Training_Validation_Dataset_2024_Ajeet-20241107T105545Z-001/Training_Validation_Dataset_2024_Ajeet/caucasian_african_pt_dec_2023/709_2162304_Imposter.jpg,1,1,0,0
/home/ajeet/codework/datasets/Training_Validation_Dataset_2024_Ajeet-20241107T105545Z-001/Training_Validation_Dataset_2024_Ajeet/caucasian_african_pt_dec_2023/1643_2163681_Imposter.jpg,0,1,0,0
/home/ajeet/codework/datasets/Training_Validation_Dataset_2024_Ajeet-20241107T105545Z-001/Training_Validation_Dataset_2024_Ajeet/caucasian_african_pt_dec_2023/2187_2165010_Imposter.jpg,1,1,0,0
/home/ajeet/codework/datasets/Training_Validation_Dataset_2024_Ajeet-20241107T105545Z-001/Training_Validation_Dataset_2024_Ajeet/caucasian_african_pt_dec_2023/1825_2164903_Mobile Camera.jpg,1,0,1,1
/home/ajeet/codework/datasets/Training_Validation_Dataset_2024_Ajeet-20241107T105545Z-001/Training_Validation_Dataset_2024_Ajeet/caucasian_african_pt_dec_2023/694_2162304_Imposter.jpg,1,1,0,0
/home/ajeet/codework/datasets/Training_Validation_Dataset_2024_Ajeet-20241107T105545Z-001/Training_Validation_Dataset_2024_Ajeet/caucasian_african_pt_dec_2023/2773_2165373_Imposter.jpg,1,1,0,1
/home/ajeet/codework/datasets/Training_Validation_Dataset_2024_Ajeet-20241107T105545Z-001/Training_Validation_Dataset_2024_Ajeet/caucasian_african_pt_dec_2023/1405_2163381_Imposter.jpg,1,1,0,0
/home/ajeet/codework/datasets/Training_Validation_Dataset_2024_Ajeet-20241107T105545Z-001/Training_Validation_Dataset_2024_Ajeet/caucasian_african_pt_dec_2023/1119_2162762_FVE - No Face Detected.jpg,1,1,0,0
/home/ajeet/codework/datasets/Training_Validation_Dataset_2024_Ajeet-20241107T105545Z-001/Training_Validation_Dataset_2024_Ajeet/caucasian_african_pt_dec_2023/448_2162141_Mobile Camera.jpg,1,1,0,1
/home/ajeet/codework/datasets/Training_Validation_Dataset_2024_Ajeet-20241107T105545Z-001/Training_Validation_Dataset_2024_Ajeet/caucasian_african_pt_dec_2023/777_2162304_Imposter.jpg,1,1,0,0
/home/ajeet/codework/datasets/Training_Validation_Dataset_2024_Ajeet-20241107T105545Z-001/Training_Validation_Dataset_2024_Ajeet/caucasian_african_pt_dec_2023/162_2162073_Imposter.jpg,1,1,0,0
/home/ajeet/codework/datasets/Training_Validation_Dataset_2024_Ajeet-20241107T105545Z-001/Training_Validation_Dataset_2024_Ajeet/caucasian_african_pt_dec_2023/2200_2165010_Imposter.jpg,1,1,0,0
/home/ajeet/codework/datasets/Training_Validation_Dataset_2024_Ajeet-20241107T105545Z-001/Training_Validation_Dataset_2024_Ajeet/caucasian_african_pt_dec_2023/1683_2163740_Mobile Camera.jpg,1,1,1,1
/home/ajeet/codework/datasets/Training_Validation_Dataset_2024_Ajeet-20241107T105545Z-001/Training_Validation_Dataset_2024_Ajeet/caucasian_african_pt_dec_2023/1068_2162586_Imposter.jpg,1,1,0,0
/home/ajeet/codework/datasets/Training_Validation_Dataset_2024_Ajeet-20241107T105545Z-001/Training_Validation_Dataset_2024_Ajeet/caucasian_african_pt_dec_2023/161_2162073_Imposter.jpg,1,1,0,0
/home/ajeet/codework/datasets/Training_Validation_Dataset_2024_Ajeet-20241107T105545Z-001/Training_Validation_Dataset_2024_Ajeet/caucasian_african_pt_dec_2023/128_2162065_Multiple people.jpg,1,1,0,1
/home/ajeet/codework/datasets/Training_Validation_Dataset_2024_Ajeet-20241107T105545Z-001/Training_Validation_Dataset_2024_Ajeet/caucasian_african_pt_dec_2023/1442_2163443_Imposter.jpg,1,1,0,0
/home/ajeet/codework/datasets/Training_Validation_Dataset_2024_Ajeet-20241107T105545Z-001/Training_Validation_Dataset_2024_Ajeet/caucasian_african_pt_dec_2023/1623_2163655_Imposter.jpg,1,1,0,0
/home/ajeet/codework/datasets/Training_Validation_Dataset_2024_Ajeet-20241107T105545Z-001/Training_Validation_Dataset_2024_Ajeet/caucasian_african_pt_dec_2023/287_2162115_Mobile Camera.jpg,0,1,0,1
/home/ajeet/codework/datasets/Training_Validation_Dataset_2024_Ajeet-20241107T105545Z-001/Training_Validation_Dataset_2024_Ajeet/caucasian_african_pt_dec_2023/1475_2163473_Imposter.jpg,1,1,0,0
/home/ajeet/codework/datasets/Training_Validation_Dataset_2024_Ajeet-20241107T105545Z-001/Training_Validation_Dataset_2024_Ajeet/caucasian_african_pt_dec_2023/1808_2164869_Mobile Camera.jpg,1,1,0,1
/home/ajeet/codework/datasets/Training_Validation_Dataset_2024_Ajeet-20241107T105545Z-001/Training_Validation_Dataset_2024_Ajeet/caucasian_african_pt_dec_2023/2406_2165169_Imposter.jpg,0,1,0,0
/home/ajeet/codework/datasets/Training_Validation_Dataset_2024_Ajeet-20241107T105545Z-001/Training_Validation_Dataset_2024_Ajeet/caucasian_african_pt_dec_2023/2211_2165014_Imposter.jpg,0,1,0,0
/home/ajeet/codework/datasets/Training_Validation_Dataset_2024_Ajeet-20241107T105545Z-001/Training_Validation_Dataset_2024_Ajeet/caucasian_african_pt_dec_2023/1083_2162604_FVE - No Face Detected.jpg,0,1,0,0
/home/ajeet/codework/datasets/Training_Validation_Dataset_2024_Ajeet-20241107T105545Z-001/Training_Validation_Dataset_2024_Ajeet/caucasian_african_pt_dec_2023/1871_2164929_Mobile Camera.jpg,0,1,0,1
/home/ajeet/codework/datasets/Training_Validation_Dataset_2024_Ajeet-20241107T105545Z-001/Training_Validation_Dataset_2024_Ajeet/caucasian_african_pt_dec_2023/2494_2165263_Imposter.jpg,1,1,0,0
/home/ajeet/codework/datasets/Training_Validation_Dataset_2024_Ajeet-20241107T105545Z-001/Training_Validation_Dataset_2024_Ajeet/caucasian_african_pt_dec_2023/458_2162149_Imposter.jpg,1,1,0,0
/home/ajeet/codework/datasets/Training_Validation_Dataset_2024_Ajeet-20241107T105545Z-001/Training_Validation_Dataset_2024_Ajeet/caucasian_african_pt_dec_2023/580_2162265_Imposter.jpg,1,1,0,0
/home/ajeet/codework/datasets/Training_Validation_Dataset_2024_Ajeet-20241107T105545Z-001/Training_Validation_Dataset_2024_Ajeet/caucasian_african_pt_dec_2023/2733_2165327_Imposter.jpg,1,1,0,0
/home/ajeet/codework/datasets/Training_Validation_Dataset_2024_Ajeet-20241107T105545Z-001/Training_Validation_Dataset_2024_Ajeet/caucasian_african_pt_dec_2023/1915_2164945_FVE - No Face Detected.jpg,1,1,0,0
/home/ajeet/codework/datasets/Training_Validation_Dataset_2024_Ajeet-20241107T105545Z-001/Training_Validation_Dataset_2024_Ajeet/caucasian_african_pt_dec_2023/2297_2165060_Mobile Camera.jpg,1,1,0,1
/home/ajeet/codework/datasets/Training_Validation_Dataset_2024_Ajeet-20241107T105545Z-001/Training_Validation_Dataset_2024_Ajeet/caucasian_african_pt_dec_2023/322_2162121_FVE - No Face Detected.jpg,1,1,0,0
/home/ajeet/codework/datasets/Training_Validation_Dataset_2024_Ajeet-20241107T105545Z-001/Training_Validation_Dataset_2024_Ajeet/caucasian_african_pt_dec_2023/883_2162352_Mobile Camera.jpg,1,1,0,0
/home/ajeet/codework/datasets/Training_Validation_Dataset_2024_Ajeet-20241107T105545Z-001/Training_Validation_Dataset_2024_Ajeet/caucasian_african_pt_dec_2023/2265_2165029_Imposter.jpg,0,1,0,0
/home/ajeet/codework/datasets/Training_Validation_Dataset_2024_Ajeet-20241107T105545Z-001/Training_Validation_Dataset_2024_Ajeet/caucasian_african_pt_dec_2023/57_2162050_Imposter.jpg,1,1,0,0
/home/ajeet/codework/datasets/Training_Validation_Dataset_2024_Ajeet-20241107T105545Z-001/Training_Validation_Dataset_2024_Ajeet/caucasian_african_pt_dec_2023/1340_2163276_FVE - No Face Detected.jpg,1,1,0,0
/home/ajeet/codework/datasets/Training_Validation_Dataset_2024_Ajeet-20241107T105545Z-001/Training_Validation_Dataset_2024_Ajeet/caucasian_african_pt_dec_2023/1070_2162597_Imposter.jpg,0,1,0,1
/home/ajeet/codework/datasets/Training_Validation_Dataset_2024_Ajeet-20241107T105545Z-001/Training_Validation_Dataset_2024_Ajeet/caucasian_african_pt_dec_2023/1637_2163656_Imposter.jpg,1,1,0,0
/home/ajeet/codework/datasets/Training_Validation_Dataset_2024_Ajeet-20241107T105545Z-001/Training_Validation_Dataset_2024_Ajeet/caucasian_african_pt_dec_2023/1969_2164969_Multiple people.jpg,0,1,0,0
/home/ajeet/codework/datasets/Training_Validation_Dataset_2024_Ajeet-20241107T105545Z-001/Training_Validation_Dataset_2024_Ajeet/caucasian_african_pt_dec_2023/1297_2163250_Imposter.jpg,1,1,0,0
/home/ajeet/codework/datasets/Training_Validation_Dataset_2024_Ajeet-20241107T105545Z-001/Training_Validation_Dataset_2024_Ajeet/caucasian_african_pt_dec_2023/2301_2165061_Mobile Camera.jpg,1,1,0,1
/home/ajeet/codework/datasets/Training_Validation_Dataset_2024_Ajeet-20241107T105545Z-001/Training_Validation_Dataset_2024_Ajeet/caucasian_african_pt_dec_2023/1142_2162976_Imposter.jpg,1,0,0,0
/home/ajeet/codework/datasets/Training_Validation_Dataset_2024_Ajeet-20241107T105545Z-001/Training_Validation_Dataset_2024_Ajeet/caucasian_african_pt_dec_2023/1538_2163597_Imposter.jpg,1,1,0,0
/home/ajeet/codework/datasets/Training_Validation_Dataset_2024_Ajeet-20241107T105545Z-001/Training_Validation_Dataset_2024_Ajeet/caucasian_african_pt_dec_2023/1165_2162997_FVE - No Face Detected.jpg,1,1,0,0
/home/ajeet/codework/datasets/Training_Validation_Dataset_2024_Ajeet-20241107T105545Z-001/Training_Validation_Dataset_2024_Ajeet/caucasian_african_pt_dec_2023/856_2162324_Imposter.jpg,1,1,0,0
/home/ajeet/codework/datasets/Training_Validation_Dataset_2024_Ajeet-20241107T105545Z-001/Training_Validation_Dataset_2024_Ajeet/caucasian_african_pt_dec_2023/431_2162132_Imposter.jpg,1,1,0,1
/home/ajeet/codework/datasets/Training_Validation_Dataset_2024_Ajeet-20241107T105545Z-001/Training_Validation_Dataset_2024_Ajeet/caucasian_african_pt_dec_2023/2038_2164992_Mobile Camera.jpg,0,1,0,1
/home/ajeet/codework/datasets/Training_Validation_Dataset_2024_Ajeet-20241107T105545Z-001/Training_Validation_Dataset_2024_Ajeet/caucasian_african_pt_dec_2023/1959_2164956_Mobile Camera.jpg,1,1,0,0
/home/ajeet/codework/datasets/Training_Validation_Dataset_2024_Ajeet-20241107T105545Z-001/Training_Validation_Dataset_2024_Ajeet/caucasian_african_pt_dec_2023/803_2162304_Imposter.jpg,1,1,0,0
/home/ajeet/codework/datasets/Training_Validation_Dataset_2024_Ajeet-20241107T105545Z-001/Training_Validation_Dataset_2024_Ajeet/caucasian_african_pt_dec_2023/1519_2163560_Imposter.jpg,1,1,0,0
/home/ajeet/codework/datasets/Training_Validation_Dataset_2024_Ajeet-20241107T105545Z-001/Training_Validation_Dataset_2024_Ajeet/caucasian_african_pt_dec_2023/1077_2162604_Mobile Camera.jpg,1,1,1,1
/home/ajeet/codework/datasets/Training_Validation_Dataset_2024_Ajeet-20241107T105545Z-001/Training_Validation_Dataset_2024_Ajeet/caucasian_african_pt_dec_2023/1743_2164112_FVE - No Face Detected.jpg,1,1,0,0
/home/ajeet/codework/datasets/Training_Validation_Dataset_2024_Ajeet-20241107T105545Z-001/Training_Validation_Dataset_2024_Ajeet/caucasian_african_pt_dec_2023/337_2162123_FVE - No Face Detected.jpg,1,1,0,0
/home/ajeet/codework/datasets/Training_Validation_Dataset_2024_Ajeet-20241107T105545Z-001/Training_Validation_Dataset_2024_Ajeet/caucasian_african_pt_dec_2023/1542_2163597_Imposter.jpg,1,1,0,0
/home/ajeet/codework/datasets/Training_Validation_Dataset_2024_Ajeet-20241107T105545Z-001/Training_Validation_Dataset_2024_Ajeet/caucasian_african_pt_dec_2023/2196_2165010_Imposter.jpg,1,1,0,0
/home/ajeet/codework/datasets/Training_Validation_Dataset_2024_Ajeet-20241107T105545Z-001/Training_Validation_Dataset_2024_Ajeet/caucasian_african_pt_dec_2023/758_2162304_Imposter.jpg,1,1,0,0
/home/ajeet/codework/datasets/Training_Validation_Dataset_2024_Ajeet-20241107T105545Z-001/Training_Validation_Dataset_2024_Ajeet/caucasian_african_pt_dec_2023/1366_2163300_Mobile Camera.jpg,0,1,0,1
/home/ajeet/codework/datasets/Training_Validation_Dataset_2024_Ajeet-20241107T105545Z-001/Training_Validation_Dataset_2024_Ajeet/caucasian_african_pt_dec_2023/816_2162309_Imposter.jpg,1,1,0,0
/home/ajeet/codework/datasets/Training_Validation_Dataset_2024_Ajeet-20241107T105545Z-001/Training_Validation_Dataset_2024_Ajeet/caucasian_african_pt_dec_2023/1559_2163597_Imposter.jpg,1,1,0,1
/home/ajeet/codework/datasets/Training_Validation_Dataset_2024_Ajeet-20241107T105545Z-001/Training_Validation_Dataset_2024_Ajeet/caucasian_african_pt_dec_2023/2506_2165263_Imposter.jpg,1,1,0,1
/home/ajeet/codework/datasets/Training_Validation_Dataset_2024_Ajeet-20241107T105545Z-001/Training_Validation_Dataset_2024_Ajeet/caucasian_african_pt_dec_2023/2353_2165100_Mobile Camera.jpg,1,1,0,1
/home/ajeet/codework/datasets/Training_Validation_Dataset_2024_Ajeet-20241107T105545Z-001/Training_Validation_Dataset_2024_Ajeet/caucasian_african_pt_dec_2023/62_2162050_Imposter.jpg,0,1,0,0
/home/ajeet/codework/datasets/Training_Validation_Dataset_2024_Ajeet-20241107T105545Z-001/Training_Validation_Dataset_2024_Ajeet/caucasian_african_pt_dec_2023/1259_2163240_Imposter.jpg,1,1,0,0
/home/ajeet/codework/datasets/Training_Validation_Dataset_2024_Ajeet-20241107T105545Z-001/Training_Validation_Dataset_2024_Ajeet/caucasian_african_pt_dec_2023/1895_2164935_Multiple people.jpg,1,1,0,0
/home/ajeet/codework/datasets/Training_Validation_Dataset_2024_Ajeet-20241107T105545Z-001/Training_Validation_Dataset_2024_Ajeet/caucasian_african_pt_dec_2023/1741_2163956_Imposter.jpg,0,1,0,0
/home/ajeet/codework/datasets/Training_Validation_Dataset_2024_Ajeet-20241107T105545Z-001/Training_Validation_Dataset_2024_Ajeet/caucasian_african_pt_dec_2023/598_2162279_Mobile Camera.jpg,0,1,0,1
/home/ajeet/codework/datasets/Training_Validation_Dataset_2024_Ajeet-20241107T105545Z-001/Training_Validation_Dataset_2024_Ajeet/caucasian_african_pt_dec_2023/1562_2163597_Imposter.jpg,1,1,0,0
/home/ajeet/codework/datasets/Training_Validation_Dataset_2024_Ajeet-20241107T105545Z-001/Training_Validation_Dataset_2024_Ajeet/caucasian_african_pt_dec_2023/2739_2165327_Imposter.jpg,1,1,0,1
/home/ajeet/codework/datasets/Training_Validation_Dataset_2024_Ajeet-20241107T105545Z-001/Training_Validation_Dataset_2024_Ajeet/caucasian_african_pt_dec_2023/595_2162279_Mobile Camera.jpg,0,1,0,1
/home/ajeet/codework/datasets/Training_Validation_Dataset_2024_Ajeet-20241107T105545Z-001/Training_Validation_Dataset_2024_Ajeet/caucasian_african_pt_dec_2023/2080_2164994_Imposter.jpg,1,1,0,0
/home/ajeet/codework/datasets/Training_Validation_Dataset_2024_Ajeet-20241107T105545Z-001/Training_Validation_Dataset_2024_Ajeet/caucasian_african_pt_dec_2023/2451_2165210_Imposter.jpg,1,1,0,0
/home/ajeet/codework/datasets/Training_Validation_Dataset_2024_Ajeet-20241107T105545Z-001/Training_Validation_Dataset_2024_Ajeet/caucasian_african_pt_dec_2023/2640_2165275_Imposter.jpg,1,1,0,0
/home/ajeet/codework/datasets/Training_Validation_Dataset_2024_Ajeet-20241107T105545Z-001/Training_Validation_Dataset_2024_Ajeet/caucasian_african_pt_dec_2023/2213_2165014_Imposter.jpg,0,1,0,0
/home/ajeet/codework/datasets/Training_Validation_Dataset_2024_Ajeet-20241107T105545Z-001/Training_Validation_Dataset_2024_Ajeet/caucasian_african_pt_dec_2023/2220_2165018_Mobile Camera.jpg,1,1,0,0
/home/ajeet/codework/datasets/Training_Validation_Dataset_2024_Ajeet-20241107T105545Z-001/Training_Validation_Dataset_2024_Ajeet/caucasian_african_pt_dec_2023/209_2162093_Mobile Camera.jpg,1,1,0,1
/home/ajeet/codework/datasets/Training_Validation_Dataset_2024_Ajeet-20241107T105545Z-001/Training_Validation_Dataset_2024_Ajeet/caucasian_african_pt_dec_2023/321_2162121_FVE - No Face Detected.jpg,1,1,0,0
/home/ajeet/codework/datasets/Training_Validation_Dataset_2024_Ajeet-20241107T105545Z-001/Training_Validation_Dataset_2024_Ajeet/caucasian_african_pt_dec_2023/590_2162276_Imposter.jpg,0,1,0,0
/home/ajeet/codework/datasets/Training_Validation_Dataset_2024_Ajeet-20241107T105545Z-001/Training_Validation_Dataset_2024_Ajeet/caucasian_african_pt_dec_2023/2049_2164993_Mobile Camera.jpg,1,1,0,1
/home/ajeet/codework/datasets/Training_Validation_Dataset_2024_Ajeet-20241107T105545Z-001/Training_Validation_Dataset_2024_Ajeet/caucasian_african_pt_dec_2023/1192_2163040_Mobile Camera.jpg,1,1,1,1
/home/ajeet/codework/datasets/Training_Validation_Dataset_2024_Ajeet-20241107T105545Z-001/Training_Validation_Dataset_2024_Ajeet/caucasian_african_pt_dec_2023/2740_2165327_Imposter.jpg,1,1,0,0
/home/ajeet/codework/datasets/Training_Validation_Dataset_2024_Ajeet-20241107T105545Z-001/Training_Validation_Dataset_2024_Ajeet/caucasian_african_pt_dec_2023/634_2162288_Imposter.jpg,0,1,0,1
/home/ajeet/codework/datasets/Training_Validation_Dataset_2024_Ajeet-20241107T105545Z-001/Training_Validation_Dataset_2024_Ajeet/caucasian_african_pt_dec_2023/275_2162108_Imposter.jpg,0,1,0,0
/home/ajeet/codework/datasets/Training_Validation_Dataset_2024_Ajeet-20241107T105545Z-001/Training_Validation_Dataset_2024_Ajeet/caucasian_african_pt_dec_2023/1856_2164903_Mobile Camera.jpg,0,1,1,1
/home/ajeet/codework/datasets/Training_Validation_Dataset_2024_Ajeet-20241107T105545Z-001/Training_Validation_Dataset_2024_Ajeet/caucasian_african_pt_dec_2023/1885_2164935_FVE - No Face Detected.jpg,1,1,0,0
/home/ajeet/codework/datasets/Training_Validation_Dataset_2024_Ajeet-20241107T105545Z-001/Training_Validation_Dataset_2024_Ajeet/caucasian_african_pt_dec_2023/87_2162061_Mobile Camera.jpg,0,1,1,0
/home/ajeet/codework/datasets/Training_Validation_Dataset_2024_Ajeet-20241107T105545Z-001/Training_Validation_Dataset_2024_Ajeet/caucasian_african_pt_dec_2023/682_2162304_Imposter.jpg,1,1,0,0
/home/ajeet/codework/datasets/Training_Validation_Dataset_2024_Ajeet-20241107T105545Z-001/Training_Validation_Dataset_2024_Ajeet/caucasian_african_pt_dec_2023/2298_2165060_Mobile Camera.jpg,1,0,1,1
/home/ajeet/codework/datasets/Training_Validation_Dataset_2024_Ajeet-20241107T105545Z-001/Training_Validation_Dataset_2024_Ajeet/caucasian_african_pt_dec_2023/179_2162083_Mobile Camera.jpg,1,0,1,1
/home/ajeet/codework/datasets/Training_Validation_Dataset_2024_Ajeet-20241107T105545Z-001/Training_Validation_Dataset_2024_Ajeet/caucasian_african_pt_dec_2023/2053_2164993_Mobile Camera.jpg,1,1,0,1
/home/ajeet/codework/datasets/Training_Validation_Dataset_2024_Ajeet-20241107T105545Z-001/Training_Validation_Dataset_2024_Ajeet/caucasian_african_pt_dec_2023/2302_2165084_Imposter.jpg,1,1,0,0
/home/ajeet/codework/datasets/Training_Validation_Dataset_2024_Ajeet-20241107T105545Z-001/Training_Validation_Dataset_2024_Ajeet/caucasian_african_pt_dec_2023/1415_2163390_Mobile Camera.jpg,1,1,0,0
/home/ajeet/codework/datasets/Training_Validation_Dataset_2024_Ajeet-20241107T105545Z-001/Training_Validation_Dataset_2024_Ajeet/caucasian_african_pt_dec_2023/133_2162065_Imposter.jpg,0,1,0,0
/home/ajeet/codework/datasets/Training_Validation_Dataset_2024_Ajeet-20241107T105545Z-001/Training_Validation_Dataset_2024_Ajeet/caucasian_african_pt_dec_2023/1250_2163240_Imposter.jpg,1,1,0,0
/home/ajeet/codework/datasets/Training_Validation_Dataset_2024_Ajeet-20241107T105545Z-001/Training_Validation_Dataset_2024_Ajeet/caucasian_african_pt_dec_2023/643_2162291_Multiple people.jpg,1,1,0,0
/home/ajeet/codework/datasets/Training_Validation_Dataset_2024_Ajeet-20241107T105545Z-001/Training_Validation_Dataset_2024_Ajeet/caucasian_african_pt_dec_2023/2460_2165214_Imposter.jpg,0,1,0,0
/home/ajeet/codework/datasets/Training_Validation_Dataset_2024_Ajeet-20241107T105545Z-001/Training_Validation_Dataset_2024_Ajeet/caucasian_african_pt_dec_2023/2150_2165005_Imposter.jpg,1,1,0,1
/home/ajeet/codework/datasets/Training_Validation_Dataset_2024_Ajeet-20241107T105545Z-001/Training_Validation_Dataset_2024_Ajeet/caucasian_african_pt_dec_2023/750_2162304_Imposter.jpg,1,1,0,0
/home/ajeet/codework/datasets/Training_Validation_Dataset_2024_Ajeet-20241107T105545Z-001/Training_Validation_Dataset_2024_Ajeet/caucasian_african_pt_dec_2023/1005_2162483_Imposter.jpg,1,1,0,0
/home/ajeet/codework/datasets/Training_Validation_Dataset_2024_Ajeet-20241107T105545Z-001/Training_Validation_Dataset_2024_Ajeet/caucasian_african_pt_dec_2023/558_2162224_Imposter.jpg,1,1,0,0
/home/ajeet/codework/datasets/Training_Validation_Dataset_2024_Ajeet-20241107T105545Z-001/Training_Validation_Dataset_2024_Ajeet/caucasian_african_pt_dec_2023/2261_2165029_FVE - No Face Detected.jpg,1,1,0,0
/home/ajeet/codework/datasets/Training_Validation_Dataset_2024_Ajeet-20241107T105545Z-001/Training_Validation_Dataset_2024_Ajeet/caucasian_african_pt_dec_2023/1090_2162650_Imposter.jpg,0,1,0,0
/home/ajeet/codework/datasets/Training_Validation_Dataset_2024_Ajeet-20241107T105545Z-001/Training_Validation_Dataset_2024_Ajeet/caucasian_african_pt_dec_2023/2197_2165010_Mobile Camera.jpg,1,1,0,1
/home/ajeet/codework/datasets/Training_Validation_Dataset_2024_Ajeet-20241107T105545Z-001/Training_Validation_Dataset_2024_Ajeet/caucasian_african_pt_dec_2023/782_2162304_Imposter.jpg,1,1,0,0
/home/ajeet/codework/datasets/Training_Validation_Dataset_2024_Ajeet-20241107T105545Z-001/Training_Validation_Dataset_2024_Ajeet/caucasian_african_pt_dec_2023/1965_2164956_Imposter.jpg,1,1,0,0
/home/ajeet/codework/datasets/Training_Validation_Dataset_2024_Ajeet-20241107T105545Z-001/Training_Validation_Dataset_2024_Ajeet/caucasian_african_pt_dec_2023/453_2162145_Multiple people.jpg,1,1,0,1
/home/ajeet/codework/datasets/Training_Validation_Dataset_2024_Ajeet-20241107T105545Z-001/Training_Validation_Dataset_2024_Ajeet/caucasian_african_pt_dec_2023/1565_2163607_FVE - No Face Detected.jpg,1,1,0,0
/home/ajeet/codework/datasets/Training_Validation_Dataset_2024_Ajeet-20241107T105545Z-001/Training_Validation_Dataset_2024_Ajeet/caucasian_african_pt_dec_2023/2554_2165272_Mobile Camera.jpg,1,1,1,1
/home/ajeet/codework/datasets/Training_Validation_Dataset_2024_Ajeet-20241107T105545Z-001/Training_Validation_Dataset_2024_Ajeet/caucasian_african_pt_dec_2023/2156_2165005_Imposter.jpg,1,1,0,0
/home/ajeet/codework/datasets/Training_Validation_Dataset_2024_Ajeet-20241107T105545Z-001/Training_Validation_Dataset_2024_Ajeet/caucasian_african_pt_dec_2023/2045_2164993_Mobile Camera.jpg,1,1,0,1
/home/ajeet/codework/datasets/Training_Validation_Dataset_2024_Ajeet-20241107T105545Z-001/Training_Validation_Dataset_2024_Ajeet/caucasian_african_pt_dec_2023/1469_2163473_Mobile Camera.jpg,1,0,1,1
/home/ajeet/codework/datasets/Training_Validation_Dataset_2024_Ajeet-20241107T105545Z-001/Training_Validation_Dataset_2024_Ajeet/caucasian_african_pt_dec_2023/511_2162204_Imposter.jpg,1,1,0,0
/home/ajeet/codework/datasets/Training_Validation_Dataset_2024_Ajeet-20241107T105545Z-001/Training_Validation_Dataset_2024_Ajeet/caucasian_african_pt_dec_2023/2083_2164994_Imposter.jpg,1,1,0,0
/home/ajeet/codework/datasets/Training_Validation_Dataset_2024_Ajeet-20241107T105545Z-001/Training_Validation_Dataset_2024_Ajeet/caucasian_african_pt_dec_2023/759_2162304_Imposter.jpg,1,1,0,0
/home/ajeet/codework/datasets/Training_Validation_Dataset_2024_Ajeet-20241107T105545Z-001/Training_Validation_Dataset_2024_Ajeet/caucasian_african_pt_dec_2023/2519_2165263_Imposter.jpg,1,1,0,0
/home/ajeet/codework/datasets/Training_Validation_Dataset_2024_Ajeet-20241107T105545Z-001/Training_Validation_Dataset_2024_Ajeet/caucasian_african_pt_dec_2023/2151_2165005_Imposter.jpg,1,1,0,0
/home/ajeet/codework/datasets/Training_Validation_Dataset_2024_Ajeet-20241107T105545Z-001/Training_Validation_Dataset_2024_Ajeet/caucasian_african_pt_dec_2023/670_2162304_Imposter.jpg,1,1,0,1
/home/ajeet/codework/datasets/Training_Validation_Dataset_2024_Ajeet-20241107T105545Z-001/Training_Validation_Dataset_2024_Ajeet/caucasian_african_pt_dec_2023/1474_2163473_Mobile Camera.jpg,1,0,1,1
/home/ajeet/codework/datasets/Training_Validation_Dataset_2024_Ajeet-20241107T105545Z-001/Training_Validation_Dataset_2024_Ajeet/caucasian_african_pt_dec_2023/1629_2163656_Imposter.jpg,1,1,0,1
/home/ajeet/codework/datasets/Training_Validation_Dataset_2024_Ajeet-20241107T105545Z-001/Training_Validation_Dataset_2024_Ajeet/caucasian_african_pt_dec_2023/368_2162129_Imposter.jpg,1,0,0,0
/home/ajeet/codework/datasets/Training_Validation_Dataset_2024_Ajeet-20241107T105545Z-001/Training_Validation_Dataset_2024_Ajeet/caucasian_african_pt_dec_2023/845_2162324_Imposter.jpg,0,0,0,0
/home/ajeet/codework/datasets/Training_Validation_Dataset_2024_Ajeet-20241107T105545Z-001/Training_Validation_Dataset_2024_Ajeet/caucasian_african_pt_dec_2023/2372_2165110_FVE - No Face Detected.jpg,1,1,0,0
/home/ajeet/codework/datasets/Training_Validation_Dataset_2024_Ajeet-20241107T105545Z-001/Training_Validation_Dataset_2024_Ajeet/caucasian_african_pt_dec_2023/395_2162129_Imposter.jpg,1,1,0,0
/home/ajeet/codework/datasets/Training_Validation_Dataset_2024_Ajeet-20241107T105545Z-001/Training_Validation_Dataset_2024_Ajeet/caucasian_african_pt_dec_2023/2175_2165009_Imposter.jpg,0,1,0,0
/home/ajeet/codework/datasets/Training_Validation_Dataset_2024_Ajeet-20241107T105545Z-001/Training_Validation_Dataset_2024_Ajeet/caucasian_african_pt_dec_2023/2486_2165263_Imposter.jpg,1,1,0,0
/home/ajeet/codework/datasets/Training_Validation_Dataset_2024_Ajeet-20241107T105545Z-001/Training_Validation_Dataset_2024_Ajeet/caucasian_african_pt_dec_2023/2322_2165084_FVE - No Face Detected.jpg,1,1,0,0
/home/ajeet/codework/datasets/Training_Validation_Dataset_2024_Ajeet-20241107T105545Z-001/Training_Validation_Dataset_2024_Ajeet/caucasian_african_pt_dec_2023/700_2162304_Imposter.jpg,1,1,0,0
/home/ajeet/codework/datasets/Training_Validation_Dataset_2024_Ajeet-20241107T105545Z-001/Training_Validation_Dataset_2024_Ajeet/caucasian_african_pt_dec_2023/1691_2163741_Imposter.jpg,0,1,0,1
/home/ajeet/codework/datasets/Training_Validation_Dataset_2024_Ajeet-20241107T105545Z-001/Training_Validation_Dataset_2024_Ajeet/caucasian_african_pt_dec_2023/956_2162434_Imposter.jpg,1,1,0,0
/home/ajeet/codework/datasets/Training_Validation_Dataset_2024_Ajeet-20241107T105545Z-001/Training_Validation_Dataset_2024_Ajeet/caucasian_african_pt_dec_2023/2453_2165210_Imposter.jpg,1,1,0,0
/home/ajeet/codework/datasets/Training_Validation_Dataset_2024_Ajeet-20241107T105545Z-001/Training_Validation_Dataset_2024_Ajeet/caucasian_african_pt_dec_2023/276_2162108_Imposter.jpg,0,1,0,0
/home/ajeet/codework/datasets/Training_Validation_Dataset_2024_Ajeet-20241107T105545Z-001/Training_Validation_Dataset_2024_Ajeet/caucasian_african_pt_dec_2023/721_2162304_Imposter.jpg,1,1,0,0
/home/ajeet/codework/datasets/Training_Validation_Dataset_2024_Ajeet-20241107T105545Z-001/Training_Validation_Dataset_2024_Ajeet/caucasian_african_pt_dec_2023/2018_2164976_Imposter.jpg,1,1,0,0
/home/ajeet/codework/datasets/Training_Validation_Dataset_2024_Ajeet-20241107T105545Z-001/Training_Validation_Dataset_2024_Ajeet/caucasian_african_pt_dec_2023/2299_2165060_Mobile Camera.jpg,1,1,1,1
/home/ajeet/codework/datasets/Training_Validation_Dataset_2024_Ajeet-20241107T105545Z-001/Training_Validation_Dataset_2024_Ajeet/caucasian_african_pt_dec_2023/1892_2164935_Imposter.jpg,1,1,0,0
/home/ajeet/codework/datasets/Training_Validation_Dataset_2024_Ajeet-20241107T105545Z-001/Training_Validation_Dataset_2024_Ajeet/caucasian_african_pt_dec_2023/2509_2165263_Imposter.jpg,1,1,0,0
/home/ajeet/codework/datasets/Training_Validation_Dataset_2024_Ajeet-20241107T105545Z-001/Training_Validation_Dataset_2024_Ajeet/caucasian_african_pt_dec_2023/1772_2164627_Imposter.jpg,0,1,0,1
/home/ajeet/codework/datasets/Training_Validation_Dataset_2024_Ajeet-20241107T105545Z-001/Training_Validation_Dataset_2024_Ajeet/caucasian_african_pt_dec_2023/2144_2164999_Mobile Camera.jpg,1,1,0,1
/home/ajeet/codework/datasets/Training_Validation_Dataset_2024_Ajeet-20241107T105545Z-001/Training_Validation_Dataset_2024_Ajeet/caucasian_african_pt_dec_2023/2684_2165285_Mobile Camera.jpg,1,1,0,1
/home/ajeet/codework/datasets/Training_Validation_Dataset_2024_Ajeet-20241107T105545Z-001/Training_Validation_Dataset_2024_Ajeet/caucasian_african_pt_dec_2023/1723_2163956_Imposter.jpg,0,1,0,0
/home/ajeet/codework/datasets/Training_Validation_Dataset_2024_Ajeet-20241107T105545Z-001/Training_Validation_Dataset_2024_Ajeet/caucasian_african_pt_dec_2023/1136_2162976_Mobile Camera.jpg,0,1,1,1
/home/ajeet/codework/datasets/Training_Validation_Dataset_2024_Ajeet-20241107T105545Z-001/Training_Validation_Dataset_2024_Ajeet/caucasian_african_pt_dec_2023/1842_2164903_Imposter.jpg,0,1,0,0
/home/ajeet/codework/datasets/Training_Validation_Dataset_2024_Ajeet-20241107T105545Z-001/Training_Validation_Dataset_2024_Ajeet/caucasian_african_pt_dec_2023/131_2162065_Imposter.jpg,0,1,0,0
/home/ajeet/codework/datasets/Training_Validation_Dataset_2024_Ajeet-20241107T105545Z-001/Training_Validation_Dataset_2024_Ajeet/caucasian_african_pt_dec_2023/1030_2162503_Mobile Camera.jpg,1,1,0,0
/home/ajeet/codework/datasets/Training_Validation_Dataset_2024_Ajeet-20241107T105545Z-001/Training_Validation_Dataset_2024_Ajeet/caucasian_african_pt_dec_2023/1367_2163300_Imposter.jpg,0,1,0,0
/home/ajeet/codework/datasets/Training_Validation_Dataset_2024_Ajeet-20241107T105545Z-001/Training_Validation_Dataset_2024_Ajeet/caucasian_african_pt_dec_2023/166_2162073_Imposter.jpg,1,1,0,0
/home/ajeet/codework/datasets/Training_Validation_Dataset_2024_Ajeet-20241107T105545Z-001/Training_Validation_Dataset_2024_Ajeet/caucasian_african_pt_dec_2023/1713_2163773_Imposter.jpg,1,1,0,0
/home/ajeet/codework/datasets/Training_Validation_Dataset_2024_Ajeet-20241107T105545Z-001/Training_Validation_Dataset_2024_Ajeet/caucasian_african_pt_dec_2023/2270_2165033_Mobile Camera.jpg,0,1,0,1
/home/ajeet/codework/datasets/Training_Validation_Dataset_2024_Ajeet-20241107T105545Z-001/Training_Validation_Dataset_2024_Ajeet/caucasian_african_pt_dec_2023/404_2162129_Imposter.jpg,0,1,0,0
/home/ajeet/codework/datasets/Training_Validation_Dataset_2024_Ajeet-20241107T105545Z-001/Training_Validation_Dataset_2024_Ajeet/caucasian_african_pt_dec_2023/535_2162224_Imposter.jpg,1,1,0,0
/home/ajeet/codework/datasets/Training_Validation_Dataset_2024_Ajeet-20241107T105545Z-001/Training_Validation_Dataset_2024_Ajeet/caucasian_african_pt_dec_2023/668_2162304_Imposter.jpg,1,1,0,0
/home/ajeet/codework/datasets/Training_Validation_Dataset_2024_Ajeet-20241107T105545Z-001/Training_Validation_Dataset_2024_Ajeet/caucasian_african_pt_dec_2023/2070_2164994_Imposter.jpg,1,1,0,1
/home/ajeet/codework/datasets/Training_Validation_Dataset_2024_Ajeet-20241107T105545Z-001/Training_Validation_Dataset_2024_Ajeet/caucasian_african_pt_dec_2023/1218_2163111_Imposter.jpg,1,1,0,1
/home/ajeet/codework/datasets/Training_Validation_Dataset_2024_Ajeet-20241107T105545Z-001/Training_Validation_Dataset_2024_Ajeet/caucasian_african_pt_dec_2023/2594_2165275_Imposter.jpg,1,1,0,0
/home/ajeet/codework/datasets/Training_Validation_Dataset_2024_Ajeet-20241107T105545Z-001/Training_Validation_Dataset_2024_Ajeet/caucasian_african_pt_dec_2023/2003_2164972_Mobile Camera.jpg,1,1,0,1
/home/ajeet/codework/datasets/Training_Validation_Dataset_2024_Ajeet-20241107T105545Z-001/Training_Validation_Dataset_2024_Ajeet/caucasian_african_pt_dec_2023/2315_2165084_Imposter.jpg,1,1,0,1
/home/ajeet/codework/datasets/Training_Validation_Dataset_2024_Ajeet-20241107T105545Z-001/Training_Validation_Dataset_2024_Ajeet/caucasian_african_pt_dec_2023/97_2162064_Mobile Camera.jpg,1,0,1,1
/home/ajeet/codework/datasets/Training_Validation_Dataset_2024_Ajeet-20241107T105545Z-001/Training_Validation_Dataset_2024_Ajeet/caucasian_african_pt_dec_2023/2663_2165275_Imposter.jpg,1,1,0,0
/home/ajeet/codework/datasets/Training_Validation_Dataset_2024_Ajeet-20241107T105545Z-001/Training_Validation_Dataset_2024_Ajeet/caucasian_african_pt_dec_2023/1147_2162985_Imposter.jpg,1,0,0,0
/home/ajeet/codework/datasets/Training_Validation_Dataset_2024_Ajeet-20241107T105545Z-001/Training_Validation_Dataset_2024_Ajeet/caucasian_african_pt_dec_2023/271_2162108_Imposter.jpg,0,1,0,0
/home/ajeet/codework/datasets/Training_Validation_Dataset_2024_Ajeet-20241107T105545Z-001/Training_Validation_Dataset_2024_Ajeet/caucasian_african_pt_dec_2023/2334_2165088_FVE - No Face Detected.jpg,1,1,0,0
/home/ajeet/codework/datasets/Training_Validation_Dataset_2024_Ajeet-20241107T105545Z-001/Training_Validation_Dataset_2024_Ajeet/caucasian_african_pt_dec_2023/1767_2164627_Mobile Camera.jpg,0,1,0,0
/home/ajeet/codework/datasets/Training_Validation_Dataset_2024_Ajeet-20241107T105545Z-001/Training_Validation_Dataset_2024_Ajeet/caucasian_african_pt_dec_2023/990_2162481_Mobile Camera.jpg,1,1,0,1
/home/ajeet/codework/datasets/Training_Validation_Dataset_2024_Ajeet-20241107T105545Z-001/Training_Validation_Dataset_2024_Ajeet/caucasian_african_pt_dec_2023/2228_2165018_Mobile Camera.jpg,1,0,1,1
/home/ajeet/codework/datasets/Training_Validation_Dataset_2024_Ajeet-20241107T105545Z-001/Training_Validation_Dataset_2024_Ajeet/caucasian_african_pt_dec_2023/850_2162324_Imposter.jpg,0,1,0,0
/home/ajeet/codework/datasets/Training_Validation_Dataset_2024_Ajeet-20241107T105545Z-001/Training_Validation_Dataset_2024_Ajeet/caucasian_african_pt_dec_2023/904_2162368_Imposter.jpg,1,1,0,0
/home/ajeet/codework/datasets/Training_Validation_Dataset_2024_Ajeet-20241107T105545Z-001/Training_Validation_Dataset_2024_Ajeet/caucasian_african_pt_dec_2023/1275_2163243_FVE - No Face Detected.jpg,1,1,0,0
/home/ajeet/codework/datasets/Training_Validation_Dataset_2024_Ajeet-20241107T105545Z-001/Training_Validation_Dataset_2024_Ajeet/caucasian_african_pt_dec_2023/2153_2165005_Mobile Camera.jpg,1,1,0,1
/home/ajeet/codework/datasets/Training_Validation_Dataset_2024_Ajeet-20241107T105545Z-001/Training_Validation_Dataset_2024_Ajeet/caucasian_african_pt_dec_2023/2654_2165275_Imposter.jpg,1,1,0,1
/home/ajeet/codework/datasets/Training_Validation_Dataset_2024_Ajeet-20241107T105545Z-001/Training_Validation_Dataset_2024_Ajeet/caucasian_african_pt_dec_2023/2729_2165327_Imposter.jpg,1,1,0,0
/home/ajeet/codework/datasets/Training_Validation_Dataset_2024_Ajeet-20241107T105545Z-001/Training_Validation_Dataset_2024_Ajeet/caucasian_african_pt_dec_2023/2809_2165386_Imposter.jpg,1,1,0,0
/home/ajeet/codework/datasets/Training_Validation_Dataset_2024_Ajeet-20241107T105545Z-001/Training_Validation_Dataset_2024_Ajeet/caucasian_african_pt_dec_2023/692_2162304_Imposter.jpg,1,1,0,0
/home/ajeet/codework/datasets/Training_Validation_Dataset_2024_Ajeet-20241107T105545Z-001/Training_Validation_Dataset_2024_Ajeet/caucasian_african_pt_dec_2023/701_2162304_Imposter.jpg,1,1,0,0
/home/ajeet/codework/datasets/Training_Validation_Dataset_2024_Ajeet-20241107T105545Z-001/Training_Validation_Dataset_2024_Ajeet/caucasian_african_pt_dec_2023/1877_2164929_Mobile Camera.jpg,1,1,0,1
/home/ajeet/codework/datasets/Training_Validation_Dataset_2024_Ajeet-20241107T105545Z-001/Training_Validation_Dataset_2024_Ajeet/caucasian_african_pt_dec_2023/2670_2165275_FVE - No Face Detected.jpg,1,1,0,0
/home/ajeet/codework/datasets/Training_Validation_Dataset_2024_Ajeet-20241107T105545Z-001/Training_Validation_Dataset_2024_Ajeet/caucasian_african_pt_dec_2023/505_2162178_Imposter.jpg,0,1,0,0
/home/ajeet/codework/datasets/Training_Validation_Dataset_2024_Ajeet-20241107T105545Z-001/Training_Validation_Dataset_2024_Ajeet/caucasian_african_pt_dec_2023/2527_2165263_Imposter.jpg,1,1,0,0
/home/ajeet/codework/datasets/Training_Validation_Dataset_2024_Ajeet-20241107T105545Z-001/Training_Validation_Dataset_2024_Ajeet/caucasian_african_pt_dec_2023/1522_2163563_Imposter.jpg,1,1,0,0
/home/ajeet/codework/datasets/Training_Validation_Dataset_2024_Ajeet-20241107T105545Z-001/Training_Validation_Dataset_2024_Ajeet/caucasian_african_pt_dec_2023/81_2162056_Mobile Camera.jpg,1,1,0,1
/home/ajeet/codework/datasets/Training_Validation_Dataset_2024_Ajeet-20241107T105545Z-001/Training_Validation_Dataset_2024_Ajeet/caucasian_african_pt_dec_2023/2557_2165272_Imposter.jpg,1,1,0,0
/home/ajeet/codework/datasets/Training_Validation_Dataset_2024_Ajeet-20241107T105545Z-001/Training_Validation_Dataset_2024_Ajeet/caucasian_african_pt_dec_2023/644_2162291_Mobile Camera.jpg,1,1,1,0
/home/ajeet/codework/datasets/Training_Validation_Dataset_2024_Ajeet-20241107T105545Z-001/Training_Validation_Dataset_2024_Ajeet/caucasian_african_pt_dec_2023/219_2162093_Imposter.jpg,1,1,0,0
/home/ajeet/codework/datasets/Training_Validation_Dataset_2024_Ajeet-20241107T105545Z-001/Training_Validation_Dataset_2024_Ajeet/caucasian_african_pt_dec_2023/884_2162352_Imposter.jpg,1,1,0,0
/home/ajeet/codework/datasets/Training_Validation_Dataset_2024_Ajeet-20241107T105545Z-001/Training_Validation_Dataset_2024_Ajeet/caucasian_african_pt_dec_2023/1684_2163740_Imposter.jpg,1,0,0,1
/home/ajeet/codework/datasets/Training_Validation_Dataset_2024_Ajeet-20241107T105545Z-001/Training_Validation_Dataset_2024_Ajeet/caucasian_african_pt_dec_2023/2604_2165275_Imposter.jpg,1,1,0,0
/home/ajeet/codework/datasets/Training_Validation_Dataset_2024_Ajeet-20241107T105545Z-001/Training_Validation_Dataset_2024_Ajeet/caucasian_african_pt_dec_2023/946_2162410_Mobile Camera.jpg,1,1,1,1
/home/ajeet/codework/datasets/Training_Validation_Dataset_2024_Ajeet-20241107T105545Z-001/Training_Validation_Dataset_2024_Ajeet/caucasian_african_pt_dec_2023/1766_2164627_Mobile Camera.jpg,1,1,0,1
/home/ajeet/codework/datasets/Training_Validation_Dataset_2024_Ajeet-20241107T105545Z-001/Training_Validation_Dataset_2024_Ajeet/caucasian_african_pt_dec_2023/1103_2162668_Mobile Camera.jpg,1,1,1,0
/home/ajeet/codework/datasets/Training_Validation_Dataset_2024_Ajeet-20241107T105545Z-001/Training_Validation_Dataset_2024_Ajeet/caucasian_african_pt_dec_2023/645_2162291_Mobile Camera.jpg,0,1,0,1
/home/ajeet/codework/datasets/Training_Validation_Dataset_2024_Ajeet-20241107T105545Z-001/Training_Validation_Dataset_2024_Ajeet/caucasian_african_pt_dec_2023/1351_2163286_FVE - No Face Detected.jpg,1,1,0,0
/home/ajeet/codework/datasets/Training_Validation_Dataset_2024_Ajeet-20241107T105545Z-001/Training_Validation_Dataset_2024_Ajeet/caucasian_african_pt_dec_2023/2762_2165370_Imposter.jpg,1,1,0,1
/home/ajeet/codework/datasets/Training_Validation_Dataset_2024_Ajeet-20241107T105545Z-001/Training_Validation_Dataset_2024_Ajeet/caucasian_african_pt_dec_2023/1739_2163956_Imposter.jpg,1,1,0,0
/home/ajeet/codework/datasets/Training_Validation_Dataset_2024_Ajeet-20241107T105545Z-001/Training_Validation_Dataset_2024_Ajeet/caucasian_african_pt_dec_2023/991_2162481_Imposter.jpg,1,0,0,0
/home/ajeet/codework/datasets/Training_Validation_Dataset_2024_Ajeet-20241107T105545Z-001/Training_Validation_Dataset_2024_Ajeet/caucasian_african_pt_dec_2023/867_2162334_Mobile Camera.jpg,1,0,0,1
/home/ajeet/codework/datasets/Training_Validation_Dataset_2024_Ajeet-20241107T105545Z-001/Training_Validation_Dataset_2024_Ajeet/caucasian_african_pt_dec_2023/2283_2165053_Mobile Camera.jpg,1,0,0,1
/home/ajeet/codework/datasets/Training_Validation_Dataset_2024_Ajeet-20241107T105545Z-001/Training_Validation_Dataset_2024_Ajeet/caucasian_african_pt_dec_2023/2063_2164994_Imposter.jpg,1,1,0,0
/home/ajeet/codework/datasets/Training_Validation_Dataset_2024_Ajeet-20241107T105545Z-001/Training_Validation_Dataset_2024_Ajeet/caucasian_african_pt_dec_2023/2770_2165373_Imposter.jpg,1,1,0,0
/home/ajeet/codework/datasets/Training_Validation_Dataset_2024_Ajeet-20241107T105545Z-001/Training_Validation_Dataset_2024_Ajeet/caucasian_african_pt_dec_2023/546_2162224_Imposter.jpg,0,1,0,0
/home/ajeet/codework/datasets/Training_Validation_Dataset_2024_Ajeet-20241107T105545Z-001/Training_Validation_Dataset_2024_Ajeet/caucasian_african_pt_dec_2023/2854_2165431_Spoof.jpg,1,1,0,0
/home/ajeet/codework/datasets/Training_Validation_Dataset_2024_Ajeet-20241107T105545Z-001/Training_Validation_Dataset_2024_Ajeet/caucasian_african_pt_dec_2023/1301_2163250_Imposter.jpg,1,1,0,1
/home/ajeet/codework/datasets/Training_Validation_Dataset_2024_Ajeet-20241107T105545Z-001/Training_Validation_Dataset_2024_Ajeet/caucasian_african_pt_dec_2023/2367_2165106_Imposter.jpg,1,1,0,0
/home/ajeet/codework/datasets/Training_Validation_Dataset_2024_Ajeet-20241107T105545Z-001/Training_Validation_Dataset_2024_Ajeet/caucasian_african_pt_dec_2023/2391_2165123_Imposter.jpg,0,1,0,0
/home/ajeet/codework/datasets/Training_Validation_Dataset_2024_Ajeet-20241107T105545Z-001/Training_Validation_Dataset_2024_Ajeet/caucasian_african_pt_dec_2023/805_2162304_Imposter.jpg,0,1,0,1
/home/ajeet/codework/datasets/Training_Validation_Dataset_2024_Ajeet-20241107T105545Z-001/Training_Validation_Dataset_2024_Ajeet/caucasian_african_pt_dec_2023/1799_2164835_Imposter.jpg,1,1,0,0
/home/ajeet/codework/datasets/Training_Validation_Dataset_2024_Ajeet-20241107T105545Z-001/Training_Validation_Dataset_2024_Ajeet/caucasian_african_pt_dec_2023/2054_2164993_Imposter.jpg,1,1,0,0
/home/ajeet/codework/datasets/Training_Validation_Dataset_2024_Ajeet-20241107T105545Z-001/Training_Validation_Dataset_2024_Ajeet/caucasian_african_pt_dec_2023/1069_2162586_Imposter.jpg,1,1,0,0
/home/ajeet/codework/datasets/Training_Validation_Dataset_2024_Ajeet-20241107T105545Z-001/Training_Validation_Dataset_2024_Ajeet/caucasian_african_pt_dec_2023/1424_2163398_Mobile Camera.jpg,1,1,0,1
/home/ajeet/codework/datasets/Training_Validation_Dataset_2024_Ajeet-20241107T105545Z-001/Training_Validation_Dataset_2024_Ajeet/caucasian_african_pt_dec_2023/791_2162304_Imposter.jpg,1,1,0,0
/home/ajeet/codework/datasets/Training_Validation_Dataset_2024_Ajeet-20241107T105545Z-001/Training_Validation_Dataset_2024_Ajeet/caucasian_african_pt_dec_2023/273_2162108_Imposter.jpg,0,1,0,0
/home/ajeet/codework/datasets/Training_Validation_Dataset_2024_Ajeet-20241107T105545Z-001/Training_Validation_Dataset_2024_Ajeet/caucasian_african_pt_dec_2023/1703_2163756_Imposter.jpg,0,1,0,1
/home/ajeet/codework/datasets/Training_Validation_Dataset_2024_Ajeet-20241107T105545Z-001/Training_Validation_Dataset_2024_Ajeet/caucasian_african_pt_dec_2023/1122_2162807_Imposter.jpg,1,1,0,0
/home/ajeet/codework/datasets/Training_Validation_Dataset_2024_Ajeet-20241107T105545Z-001/Training_Validation_Dataset_2024_Ajeet/caucasian_african_pt_dec_2023/1991_2164972_Mobile Camera.jpg,1,1,1,1
/home/ajeet/codework/datasets/Training_Validation_Dataset_2024_Ajeet-20241107T105545Z-001/Training_Validation_Dataset_2024_Ajeet/caucasian_african_pt_dec_2023/174_2162083_Imposter.jpg,1,1,0,0
/home/ajeet/codework/datasets/Training_Validation_Dataset_2024_Ajeet-20241107T105545Z-001/Training_Validation_Dataset_2024_Ajeet/caucasian_african_pt_dec_2023/1095_2162654_Mobile Camera.jpg,1,1,0,1
/home/ajeet/codework/datasets/Training_Validation_Dataset_2024_Ajeet-20241107T105545Z-001/Training_Validation_Dataset_2024_Ajeet/caucasian_african_pt_dec_2023/1435_2163420_FVE - No Face Detected.jpg,1,1,0,0
/home/ajeet/codework/datasets/Training_Validation_Dataset_2024_Ajeet-20241107T105545Z-001/Training_Validation_Dataset_2024_Ajeet/caucasian_african_pt_dec_2023/1690_2163741_Imposter.jpg,0,1,0,0
/home/ajeet/codework/datasets/Training_Validation_Dataset_2024_Ajeet-20241107T105545Z-001/Training_Validation_Dataset_2024_Ajeet/caucasian_african_pt_dec_2023/2461_2165214_Imposter.jpg,0,1,0,0
/home/ajeet/codework/datasets/Training_Validation_Dataset_2024_Ajeet-20241107T105545Z-001/Training_Validation_Dataset_2024_Ajeet/caucasian_african_pt_dec_2023/2089_2164994_Imposter.jpg,1,1,0,0
/home/ajeet/codework/datasets/Training_Validation_Dataset_2024_Ajeet-20241107T105545Z-001/Training_Validation_Dataset_2024_Ajeet/caucasian_african_pt_dec_2023/2826_2165415_Multiple people.jpg,1,1,0,0
/home/ajeet/codework/datasets/Training_Validation_Dataset_2024_Ajeet-20241107T105545Z-001/Training_Validation_Dataset_2024_Ajeet/caucasian_african_pt_dec_2023/1158_2162988_Multiple people.jpg,1,1,0,0
/home/ajeet/codework/datasets/Training_Validation_Dataset_2024_Ajeet-20241107T105545Z-001/Training_Validation_Dataset_2024_Ajeet/caucasian_african_pt_dec_2023/1711_2163773_Imposter.jpg,1,1,0,0
/home/ajeet/codework/datasets/Training_Validation_Dataset_2024_Ajeet-20241107T105545Z-001/Training_Validation_Dataset_2024_Ajeet/caucasian_african_pt_dec_2023/706_2162304_Imposter.jpg,1,1,0,0
/home/ajeet/codework/datasets/Training_Validation_Dataset_2024_Ajeet-20241107T105545Z-001/Training_Validation_Dataset_2024_Ajeet/caucasian_african_pt_dec_2023/2418_2165175_Imposter.jpg,1,1,0,0
/home/ajeet/codework/datasets/Training_Validation_Dataset_2024_Ajeet-20241107T105545Z-001/Training_Validation_Dataset_2024_Ajeet/caucasian_african_pt_dec_2023/1708_2163756_Imposter.jpg,0,1,0,0
/home/ajeet/codework/datasets/Training_Validation_Dataset_2024_Ajeet-20241107T105545Z-001/Training_Validation_Dataset_2024_Ajeet/caucasian_african_pt_dec_2023/1906_2164945_Imposter.jpg,0,1,0,1
/home/ajeet/codework/datasets/Training_Validation_Dataset_2024_Ajeet-20241107T105545Z-001/Training_Validation_Dataset_2024_Ajeet/caucasian_african_pt_dec_2023/567_2162226_Mobile Camera.jpg,1,1,1,1
/home/ajeet/codework/datasets/Training_Validation_Dataset_2024_Ajeet-20241107T105545Z-001/Training_Validation_Dataset_2024_Ajeet/caucasian_african_pt_dec_2023/1514_2163557_Mobile Camera.jpg,1,1,1,1
/home/ajeet/codework/datasets/Training_Validation_Dataset_2024_Ajeet-20241107T105545Z-001/Training_Validation_Dataset_2024_Ajeet/caucasian_african_pt_dec_2023/1329_2163276_FVE - No Face Detected.jpg,0,1,0,0
/home/ajeet/codework/datasets/Training_Validation_Dataset_2024_Ajeet-20241107T105545Z-001/Training_Validation_Dataset_2024_Ajeet/caucasian_african_pt_dec_2023/2354_2165100_Mobile Camera.jpg,1,1,0,1
/home/ajeet/codework/datasets/Training_Validation_Dataset_2024_Ajeet-20241107T105545Z-001/Training_Validation_Dataset_2024_Ajeet/caucasian_african_pt_dec_2023/2639_2165275_Imposter.jpg,1,1,0,0
/home/ajeet/codework/datasets/Training_Validation_Dataset_2024_Ajeet-20241107T105545Z-001/Training_Validation_Dataset_2024_Ajeet/caucasian_african_pt_dec_2023/432_2162132_Imposter.jpg,1,1,0,1
/home/ajeet/codework/datasets/Training_Validation_Dataset_2024_Ajeet-20241107T105545Z-001/Training_Validation_Dataset_2024_Ajeet/caucasian_african_pt_dec_2023/697_2162304_Imposter.jpg,1,1,0,0
/home/ajeet/codework/datasets/Training_Validation_Dataset_2024_Ajeet-20241107T105545Z-001/Training_Validation_Dataset_2024_Ajeet/caucasian_african_pt_dec_2023/243_2162096_Mobile Camera.jpg,1,1,0,1
/home/ajeet/codework/datasets/Training_Validation_Dataset_2024_Ajeet-20241107T105545Z-001/Training_Validation_Dataset_2024_Ajeet/caucasian_african_pt_dec_2023/2632_2165275_Imposter.jpg,1,1,0,0
/home/ajeet/codework/datasets/Training_Validation_Dataset_2024_Ajeet-20241107T105545Z-001/Training_Validation_Dataset_2024_Ajeet/caucasian_african_pt_dec_2023/2510_2165263_Imposter.jpg,1,1,0,0
/home/ajeet/codework/datasets/Training_Validation_Dataset_2024_Ajeet-20241107T105545Z-001/Training_Validation_Dataset_2024_Ajeet/caucasian_african_pt_dec_2023/1322_2163276_FVE - No Face Detected.jpg,1,1,0,1
/home/ajeet/codework/datasets/Training_Validation_Dataset_2024_Ajeet-20241107T105545Z-001/Training_Validation_Dataset_2024_Ajeet/caucasian_african_pt_dec_2023/386_2162129_Imposter.jpg,1,0,0,0
/home/ajeet/codework/datasets/Training_Validation_Dataset_2024_Ajeet-20241107T105545Z-001/Training_Validation_Dataset_2024_Ajeet/caucasian_african_pt_dec_2023/1609_2163655_Imposter.jpg,1,1,0,0
/home/ajeet/codework/datasets/Training_Validation_Dataset_2024_Ajeet-20241107T105545Z-001/Training_Validation_Dataset_2024_Ajeet/caucasian_african_pt_dec_2023/117_2162064_Mobile Camera.jpg,1,1,1,1
/home/ajeet/codework/datasets/Training_Validation_Dataset_2024_Ajeet-20241107T105545Z-001/Training_Validation_Dataset_2024_Ajeet/caucasian_african_pt_dec_2023/2174_2165009_Imposter.jpg,0,1,0,0
/home/ajeet/codework/datasets/Training_Validation_Dataset_2024_Ajeet-20241107T105545Z-001/Training_Validation_Dataset_2024_Ajeet/caucasian_african_pt_dec_2023/1373_2163361_Imposter.jpg,1,1,0,0
/home/ajeet/codework/datasets/Training_Validation_Dataset_2024_Ajeet-20241107T105545Z-001/Training_Validation_Dataset_2024_Ajeet/caucasian_african_pt_dec_2023/2505_2165263_Imposter.jpg,1,1,0,0
/home/ajeet/codework/datasets/Training_Validation_Dataset_2024_Ajeet-20241107T105545Z-001/Training_Validation_Dataset_2024_Ajeet/caucasian_african_pt_dec_2023/2503_2165263_Imposter.jpg,1,1,0,0
/home/ajeet/codework/datasets/Training_Validation_Dataset_2024_Ajeet-20241107T105545Z-001/Training_Validation_Dataset_2024_Ajeet/caucasian_african_pt_dec_2023/1500_2163503_Mobile Camera.jpg,1,1,0,1
/home/ajeet/codework/datasets/Training_Validation_Dataset_2024_Ajeet-20241107T105545Z-001/Training_Validation_Dataset_2024_Ajeet/caucasian_african_pt_dec_2023/1923_2164951_Imposter.jpg,1,1,0,0
/home/ajeet/codework/datasets/Training_Validation_Dataset_2024_Ajeet-20241107T105545Z-001/Training_Validation_Dataset_2024_Ajeet/caucasian_african_pt_dec_2023/2685_2165285_Imposter.jpg,1,1,0,0
/home/ajeet/codework/datasets/Training_Validation_Dataset_2024_Ajeet-20241107T105545Z-001/Training_Validation_Dataset_2024_Ajeet/caucasian_african_pt_dec_2023/1288_2163250_Imposter.jpg,1,1,0,0
/home/ajeet/codework/datasets/Training_Validation_Dataset_2024_Ajeet-20241107T105545Z-001/Training_Validation_Dataset_2024_Ajeet/caucasian_african_pt_dec_2023/677_2162304_Imposter.jpg,1,1,0,0
/home/ajeet/codework/datasets/Training_Validation_Dataset_2024_Ajeet-20241107T105545Z-001/Training_Validation_Dataset_2024_Ajeet/caucasian_african_pt_dec_2023/2495_2165263_Imposter.jpg,1,1,0,0
/home/ajeet/codework/datasets/Training_Validation_Dataset_2024_Ajeet-20241107T105545Z-001/Training_Validation_Dataset_2024_Ajeet/caucasian_african_pt_dec_2023/1064_2162551_Mobile Camera.jpg,0,1,1,1
/home/ajeet/codework/datasets/Training_Validation_Dataset_2024_Ajeet-20241107T105545Z-001/Training_Validation_Dataset_2024_Ajeet/caucasian_african_pt_dec_2023/328_2162123_FVE - No Face Detected.jpg,1,1,0,0
/home/ajeet/codework/datasets/Training_Validation_Dataset_2024_Ajeet-20241107T105545Z-001/Training_Validation_Dataset_2024_Ajeet/caucasian_african_pt_dec_2023/2546_2165269_Mobile Camera.jpg,0,1,1,1
/home/ajeet/codework/datasets/Training_Validation_Dataset_2024_Ajeet-20241107T105545Z-001/Training_Validation_Dataset_2024_Ajeet/caucasian_african_pt_dec_2023/1464_2163473_Mobile Camera.jpg,1,1,0,1
/home/ajeet/codework/datasets/Training_Validation_Dataset_2024_Ajeet-20241107T105545Z-001/Training_Validation_Dataset_2024_Ajeet/caucasian_african_pt_dec_2023/2833_2165418_Mobile Camera.jpg,1,1,0,1
/home/ajeet/codework/datasets/Training_Validation_Dataset_2024_Ajeet-20241107T105545Z-001/Training_Validation_Dataset_2024_Ajeet/caucasian_african_pt_dec_2023/1788_2164738_Mobile Camera.jpg,0,1,0,0
/home/ajeet/codework/datasets/Training_Validation_Dataset_2024_Ajeet-20241107T105545Z-001/Training_Validation_Dataset_2024_Ajeet/caucasian_african_pt_dec_2023/1037_2162503_Imposter.jpg,1,1,0,1
/home/ajeet/codework/datasets/Training_Validation_Dataset_2024_Ajeet-20241107T105545Z-001/Training_Validation_Dataset_2024_Ajeet/caucasian_african_pt_dec_2023/844_2162324_Imposter.jpg,0,1,0,1
/home/ajeet/codework/datasets/Training_Validation_Dataset_2024_Ajeet-20241107T105545Z-001/Training_Validation_Dataset_2024_Ajeet/caucasian_african_pt_dec_2023/88_2162061_Imposter.jpg,0,1,0,0
/home/ajeet/codework/datasets/Training_Validation_Dataset_2024_Ajeet-20241107T105545Z-001/Training_Validation_Dataset_2024_Ajeet/caucasian_african_pt_dec_2023/2593_2165275_Imposter.jpg,1,1,0,0
/home/ajeet/codework/datasets/Training_Validation_Dataset_2024_Ajeet-20241107T105545Z-001/Training_Validation_Dataset_2024_Ajeet/caucasian_african_pt_dec_2023/222_2162093_Imposter.jpg,0,1,0,0
/home/ajeet/codework/datasets/Training_Validation_Dataset_2024_Ajeet-20241107T105545Z-001/Training_Validation_Dataset_2024_Ajeet/caucasian_african_pt_dec_2023/1441_2163438_FVE - No Face Detected.jpg,1,1,0,0
/home/ajeet/codework/datasets/Training_Validation_Dataset_2024_Ajeet-20241107T105545Z-001/Training_Validation_Dataset_2024_Ajeet/caucasian_african_pt_dec_2023/198_2162093_Mobile Camera.jpg,0,1,1,1
/home/ajeet/codework/datasets/Training_Validation_Dataset_2024_Ajeet-20241107T105545Z-001/Training_Validation_Dataset_2024_Ajeet/caucasian_african_pt_dec_2023/1326_2163276_Imposter.jpg,0,1,0,0
/home/ajeet/codework/datasets/Training_Validation_Dataset_2024_Ajeet-20241107T105545Z-001/Training_Validation_Dataset_2024_Ajeet/caucasian_african_pt_dec_2023/2011_2164976_Imposter.jpg,1,1,0,0
/home/ajeet/codework/datasets/Training_Validation_Dataset_2024_Ajeet-20241107T105545Z-001/Training_Validation_Dataset_2024_Ajeet/caucasian_african_pt_dec_2023/1678_2163738_Mobile Camera.jpg,1,1,0,1
/home/ajeet/codework/datasets/Training_Validation_Dataset_2024_Ajeet-20241107T105545Z-001/Training_Validation_Dataset_2024_Ajeet/caucasian_african_pt_dec_2023/773_2162304_Imposter.jpg,0,1,0,0
/home/ajeet/codework/datasets/Training_Validation_Dataset_2024_Ajeet-20241107T105545Z-001/Training_Validation_Dataset_2024_Ajeet/caucasian_african_pt_dec_2023/830_2162309_Multiple people.jpg,0,1,0,0
/home/ajeet/codework/datasets/Training_Validation_Dataset_2024_Ajeet-20241107T105545Z-001/Training_Validation_Dataset_2024_Ajeet/caucasian_african_pt_dec_2023/1054_2162526_Mobile Camera.jpg,0,1,0,1
/home/ajeet/codework/datasets/Training_Validation_Dataset_2024_Ajeet-20241107T105545Z-001/Training_Validation_Dataset_2024_Ajeet/caucasian_african_pt_dec_2023/1672_2163737_Imposter.jpg,1,1,0,0
/home/ajeet/codework/datasets/Training_Validation_Dataset_2024_Ajeet-20241107T105545Z-001/Training_Validation_Dataset_2024_Ajeet/caucasian_african_pt_dec_2023/1350_2163285_Mobile Camera.jpg,1,1,0,1
/home/ajeet/codework/datasets/Training_Validation_Dataset_2024_Ajeet-20241107T105545Z-001/Training_Validation_Dataset_2024_Ajeet/caucasian_african_pt_dec_2023/1600_2163652_Mobile Camera.jpg,1,1,1,1
/home/ajeet/codework/datasets/Training_Validation_Dataset_2024_Ajeet-20241107T105545Z-001/Training_Validation_Dataset_2024_Ajeet/caucasian_african_pt_dec_2023/1802_2164869_Imposter.jpg,1,1,0,0
/home/ajeet/codework/datasets/Training_Validation_Dataset_2024_Ajeet-20241107T105545Z-001/Training_Validation_Dataset_2024_Ajeet/caucasian_african_pt_dec_2023/876_2162352_Mobile Camera.jpg,0,1,0,0
/home/ajeet/codework/datasets/Training_Validation_Dataset_2024_Ajeet-20241107T105545Z-001/Training_Validation_Dataset_2024_Ajeet/caucasian_african_pt_dec_2023/1504_2163518_Mobile Camera.jpg,1,1,1,1
/home/ajeet/codework/datasets/Training_Validation_Dataset_2024_Ajeet-20241107T105545Z-001/Training_Validation_Dataset_2024_Ajeet/caucasian_african_pt_dec_2023/1363_2163300_Mobile Camera.jpg,0,1,0,1
/home/ajeet/codework/datasets/Training_Validation_Dataset_2024_Ajeet-20241107T105545Z-001/Training_Validation_Dataset_2024_Ajeet/caucasian_african_pt_dec_2023/340_2162123_FVE - No Face Detected.jpg,1,1,0,0
/home/ajeet/codework/datasets/Training_Validation_Dataset_2024_Ajeet-20241107T105545Z-001/Training_Validation_Dataset_2024_Ajeet/caucasian_african_pt_dec_2023/1347_2163276_FVE - No Face Detected.jpg,1,1,0,0
/home/ajeet/codework/datasets/Training_Validation_Dataset_2024_Ajeet-20241107T105545Z-001/Training_Validation_Dataset_2024_Ajeet/caucasian_african_pt_dec_2023/2028_2164987_Mobile Camera.jpg,1,1,0,1
/home/ajeet/codework/datasets/Training_Validation_Dataset_2024_Ajeet-20241107T105545Z-001/Training_Validation_Dataset_2024_Ajeet/caucasian_african_pt_dec_2023/2368_2165106_Imposter.jpg,1,1,0,0
/home/ajeet/codework/datasets/Training_Validation_Dataset_2024_Ajeet-20241107T105545Z-001/Training_Validation_Dataset_2024_Ajeet/caucasian_african_pt_dec_2023/2851_2165431_Spoof.jpg,1,1,0,0
/home/ajeet/codework/datasets/Training_Validation_Dataset_2024_Ajeet-20241107T105545Z-001/Training_Validation_Dataset_2024_Ajeet/caucasian_african_pt_dec_2023/575_2162255_Mobile Camera.jpg,1,1,1,1
/home/ajeet/codework/datasets/Training_Validation_Dataset_2024_Ajeet-20241107T105545Z-001/Training_Validation_Dataset_2024_Ajeet/caucasian_african_pt_dec_2023/1381_2163362_Imposter.jpg,1,1,0,0
/home/ajeet/codework/datasets/Training_Validation_Dataset_2024_Ajeet-20241107T105545Z-001/Training_Validation_Dataset_2024_Ajeet/caucasian_african_pt_dec_2023/1903_2164945_Imposter.jpg,1,1,0,0
/home/ajeet/codework/datasets/Training_Validation_Dataset_2024_Ajeet-20241107T105545Z-001/Training_Validation_Dataset_2024_Ajeet/caucasian_african_pt_dec_2023/1091_2162650_Imposter.jpg,1,1,0,0
/home/ajeet/codework/datasets/Training_Validation_Dataset_2024_Ajeet-20241107T105545Z-001/Training_Validation_Dataset_2024_Ajeet/caucasian_african_pt_dec_2023/885_2162361_FVE - No Face Detected.jpg,1,1,0,0
/home/ajeet/codework/datasets/Training_Validation_Dataset_2024_Ajeet-20241107T105545Z-001/Training_Validation_Dataset_2024_Ajeet/caucasian_african_pt_dec_2023/2066_2164994_Imposter.jpg,1,1,0,1
/home/ajeet/codework/datasets/Training_Validation_Dataset_2024_Ajeet-20241107T105545Z-001/Training_Validation_Dataset_2024_Ajeet/caucasian_african_pt_dec_2023/683_2162304_Imposter.jpg,1,1,0,0
/home/ajeet/codework/datasets/Training_Validation_Dataset_2024_Ajeet-20241107T105545Z-001/Training_Validation_Dataset_2024_Ajeet/caucasian_african_pt_dec_2023/901_2162368_Imposter.jpg,1,1,0,0
/home/ajeet/codework/datasets/Training_Validation_Dataset_2024_Ajeet-20241107T105545Z-001/Training_Validation_Dataset_2024_Ajeet/caucasian_african_pt_dec_2023/2260_2165029_FVE - No Face Detected.jpg,1,1,0,0
/home/ajeet/codework/datasets/Training_Validation_Dataset_2024_Ajeet-20241107T105545Z-001/Training_Validation_Dataset_2024_Ajeet/caucasian_african_pt_dec_2023/2653_2165275_Imposter.jpg,1,1,0,0
/home/ajeet/codework/datasets/Training_Validation_Dataset_2024_Ajeet-20241107T105545Z-001/Training_Validation_Dataset_2024_Ajeet/caucasian_african_pt_dec_2023/614_2162288_Imposter.jpg,1,1,0,0
/home/ajeet/codework/datasets/Training_Validation_Dataset_2024_Ajeet-20241107T105545Z-001/Training_Validation_Dataset_2024_Ajeet/caucasian_african_pt_dec_2023/1153_2162985_Mobile Camera.jpg,1,1,0,1
/home/ajeet/codework/datasets/Training_Validation_Dataset_2024_Ajeet-20241107T105545Z-001/Training_Validation_Dataset_2024_Ajeet/caucasian_african_pt_dec_2023/800_2162304_Imposter.jpg,1,1,0,0
/home/ajeet/codework/datasets/Training_Validation_Dataset_2024_Ajeet-20241107T105545Z-001/Training_Validation_Dataset_2024_Ajeet/caucasian_african_pt_dec_2023/244_2162096_Mobile Camera.jpg,1,1,0,1
/home/ajeet/codework/datasets/Training_Validation_Dataset_2024_Ajeet-20241107T105545Z-001/Training_Validation_Dataset_2024_Ajeet/caucasian_african_pt_dec_2023/1018_2162492_Mobile Camera.jpg,1,1,0,1
/home/ajeet/codework/datasets/Training_Validation_Dataset_2024_Ajeet-20241107T105545Z-001/Training_Validation_Dataset_2024_Ajeet/caucasian_african_pt_dec_2023/1022_2162492_Imposter.jpg,1,1,0,1
/home/ajeet/codework/datasets/Training_Validation_Dataset_2024_Ajeet-20241107T105545Z-001/Training_Validation_Dataset_2024_Ajeet/caucasian_african_pt_dec_2023/636_2162288_Imposter.jpg,1,1,0,0
/home/ajeet/codework/datasets/Training_Validation_Dataset_2024_Ajeet-20241107T105545Z-001/Training_Validation_Dataset_2024_Ajeet/caucasian_african_pt_dec_2023/2305_2165084_Imposter.jpg,1,1,0,0
/home/ajeet/codework/datasets/Training_Validation_Dataset_2024_Ajeet-20241107T105545Z-001/Training_Validation_Dataset_2024_Ajeet/caucasian_african_pt_dec_2023/949_2162433_Imposter.jpg,0,1,0,0
/home/ajeet/codework/datasets/Training_Validation_Dataset_2024_Ajeet-20241107T105545Z-001/Training_Validation_Dataset_2024_Ajeet/caucasian_african_pt_dec_2023/2644_2165275_Imposter.jpg,1,1,0,0
/home/ajeet/codework/datasets/Training_Validation_Dataset_2024_Ajeet-20241107T105545Z-001/Training_Validation_Dataset_2024_Ajeet/caucasian_african_pt_dec_2023/2195_2165010_Imposter.jpg,1,1,0,0
/home/ajeet/codework/datasets/Training_Validation_Dataset_2024_Ajeet-20241107T105545Z-001/Training_Validation_Dataset_2024_Ajeet/caucasian_african_pt_dec_2023/882_2162352_Imposter.jpg,0,1,0,0
/home/ajeet/codework/datasets/Training_Validation_Dataset_2024_Ajeet-20241107T105545Z-001/Training_Validation_Dataset_2024_Ajeet/caucasian_african_pt_dec_2023/2030_2164987_Mobile Camera.jpg,1,1,1,1
/home/ajeet/codework/datasets/Training_Validation_Dataset_2024_Ajeet-20241107T105545Z-001/Training_Validation_Dataset_2024_Ajeet/caucasian_african_pt_dec_2023/1709_2163770_FVE - No Face Detected.jpg,1,1,0,0
/home/ajeet/codework/datasets/Training_Validation_Dataset_2024_Ajeet-20241107T105545Z-001/Training_Validation_Dataset_2024_Ajeet/caucasian_african_pt_dec_2023/1811_2164902_Imposter.jpg,1,1,0,0
/home/ajeet/codework/datasets/Training_Validation_Dataset_2024_Ajeet-20241107T105545Z-001/Training_Validation_Dataset_2024_Ajeet/caucasian_african_pt_dec_2023/1318_2163271_Imposter.jpg,0,1,0,0
/home/ajeet/codework/datasets/Training_Validation_Dataset_2024_Ajeet-20241107T105545Z-001/Training_Validation_Dataset_2024_Ajeet/caucasian_african_pt_dec_2023/73_2162050_Imposter.jpg,0,1,0,0
/home/ajeet/codework/datasets/Training_Validation_Dataset_2024_Ajeet-20241107T105545Z-001/Training_Validation_Dataset_2024_Ajeet/caucasian_african_pt_dec_2023/2336_2165088_FVE - No Face Detected.jpg,1,1,0,0
/home/ajeet/codework/datasets/Training_Validation_Dataset_2024_Ajeet-20241107T105545Z-001/Training_Validation_Dataset_2024_Ajeet/caucasian_african_pt_dec_2023/1786_2164738_Mobile Camera.jpg,1,1,0,1
/home/ajeet/codework/datasets/Training_Validation_Dataset_2024_Ajeet-20241107T105545Z-001/Training_Validation_Dataset_2024_Ajeet/caucasian_african_pt_dec_2023/449_2162143_FVE - No Face Detected.jpg,1,1,0,0
/home/ajeet/codework/datasets/Training_Validation_Dataset_2024_Ajeet-20241107T105545Z-001/Training_Validation_Dataset_2024_Ajeet/caucasian_african_pt_dec_2023/1952_2164956_Mobile Camera.jpg,1,1,0,1
/home/ajeet/codework/datasets/Training_Validation_Dataset_2024_Ajeet-20241107T105545Z-001/Training_Validation_Dataset_2024_Ajeet/caucasian_african_pt_dec_2023/176_2162083_Imposter.jpg,1,1,0,0
/home/ajeet/codework/datasets/Training_Validation_Dataset_2024_Ajeet-20241107T105545Z-001/Training_Validation_Dataset_2024_Ajeet/caucasian_african_pt_dec_2023/1458_2163460_Imposter.jpg,1,1,0,0
/home/ajeet/codework/datasets/Training_Validation_Dataset_2024_Ajeet-20241107T105545Z-001/Training_Validation_Dataset_2024_Ajeet/caucasian_african_pt_dec_2023/1403_2163380_Imposter.jpg,0,1,0,0
/home/ajeet/codework/datasets/Training_Validation_Dataset_2024_Ajeet-20241107T105545Z-001/Training_Validation_Dataset_2024_Ajeet/caucasian_african_pt_dec_2023/2673_2165276_Imposter.jpg,1,1,0,0
/home/ajeet/codework/datasets/Training_Validation_Dataset_2024_Ajeet-20241107T105545Z-001/Training_Validation_Dataset_2024_Ajeet/caucasian_african_pt_dec_2023/2268_2165029_FVE - No Face Detected.jpg,1,0,0,0
/home/ajeet/codework/datasets/Training_Validation_Dataset_2024_Ajeet-20241107T105545Z-001/Training_Validation_Dataset_2024_Ajeet/caucasian_african_pt_dec_2023/2774_2165373_Imposter.jpg,1,1,0,0
/home/ajeet/codework/datasets/Training_Validation_Dataset_2024_Ajeet-20241107T105545Z-001/Training_Validation_Dataset_2024_Ajeet/caucasian_african_pt_dec_2023/1302_2163250_Imposter.jpg,1,1,0,0
/home/ajeet/codework/datasets/Training_Validation_Dataset_2024_Ajeet-20241107T105545Z-001/Training_Validation_Dataset_2024_Ajeet/caucasian_african_pt_dec_2023/51_2162050_Mobile Camera.jpg,1,0,1,1
/home/ajeet/codework/datasets/Training_Validation_Dataset_2024_Ajeet-20241107T105545Z-001/Training_Validation_Dataset_2024_Ajeet/caucasian_african_pt_dec_2023/163_2162073_Imposter.jpg,0,1,0,0
/home/ajeet/codework/datasets/Training_Validation_Dataset_2024_Ajeet-20241107T105545Z-001/Training_Validation_Dataset_2024_Ajeet/caucasian_african_pt_dec_2023/2077_2164994_FVE - No Face Detected.jpg,1,1,0,1
/home/ajeet/codework/datasets/Training_Validation_Dataset_2024_Ajeet-20241107T105545Z-001/Training_Validation_Dataset_2024_Ajeet/caucasian_african_pt_dec_2023/1876_2164929_Mobile Camera.jpg,1,1,0,1
/home/ajeet/codework/datasets/Training_Validation_Dataset_2024_Ajeet-20241107T105545Z-001/Training_Validation_Dataset_2024_Ajeet/caucasian_african_pt_dec_2023/2349_2165096_Imposter.jpg,1,0,0,1
/home/ajeet/codework/datasets/Training_Validation_Dataset_2024_Ajeet-20241107T105545Z-001/Training_Validation_Dataset_2024_Ajeet/caucasian_african_pt_dec_2023/2845_2165418_Imposter.jpg,0,1,0,0
/home/ajeet/codework/datasets/Training_Validation_Dataset_2024_Ajeet-20241107T105545Z-001/Training_Validation_Dataset_2024_Ajeet/caucasian_african_pt_dec_2023/2231_2165018_Mobile Camera.jpg,1,1,1,1
/home/ajeet/codework/datasets/Training_Validation_Dataset_2024_Ajeet-20241107T105545Z-001/Training_Validation_Dataset_2024_Ajeet/caucasian_african_pt_dec_2023/776_2162304_Imposter.jpg,1,1,0,0
/home/ajeet/codework/datasets/Training_Validation_Dataset_2024_Ajeet-20241107T105545Z-001/Training_Validation_Dataset_2024_Ajeet/caucasian_african_pt_dec_2023/840_2162314_Imposter.jpg,1,1,0,0
/home/ajeet/codework/datasets/Training_Validation_Dataset_2024_Ajeet-20241107T105545Z-001/Training_Validation_Dataset_2024_Ajeet/caucasian_african_pt_dec_2023/1543_2163597_Imposter.jpg,1,1,0,0
/home/ajeet/codework/datasets/Training_Validation_Dataset_2024_Ajeet-20241107T105545Z-001/Training_Validation_Dataset_2024_Ajeet/caucasian_african_pt_dec_2023/747_2162304_Imposter.jpg,1,1,0,1
/home/ajeet/codework/datasets/Training_Validation_Dataset_2024_Ajeet-20241107T105545Z-001/Training_Validation_Dataset_2024_Ajeet/caucasian_african_pt_dec_2023/2357_2165100_Imposter.jpg,1,1,0,0
/home/ajeet/codework/datasets/Training_Validation_Dataset_2024_Ajeet-20241107T105545Z-001/Training_Validation_Dataset_2024_Ajeet/caucasian_african_pt_dec_2023/2188_2165010_Mobile Camera.jpg,1,1,0,1
/home/ajeet/codework/datasets/Training_Validation_Dataset_2024_Ajeet-20241107T105545Z-001/Training_Validation_Dataset_2024_Ajeet/caucasian_african_pt_dec_2023/675_2162304_Imposter.jpg,0,1,0,0
/home/ajeet/codework/datasets/Training_Validation_Dataset_2024_Ajeet-20241107T105545Z-001/Training_Validation_Dataset_2024_Ajeet/caucasian_african_pt_dec_2023/1108_2162762_Multiple people.jpg,1,1,0,1
/home/ajeet/codework/datasets/Training_Validation_Dataset_2024_Ajeet-20241107T105545Z-001/Training_Validation_Dataset_2024_Ajeet/caucasian_african_pt_dec_2023/557_2162224_Imposter.jpg,0,1,0,0
/home/ajeet/codework/datasets/Training_Validation_Dataset_2024_Ajeet-20241107T105545Z-001/Training_Validation_Dataset_2024_Ajeet/caucasian_african_pt_dec_2023/2216_2165015_FVE - No Face Detected.jpg,1,1,0,1
/home/ajeet/codework/datasets/Training_Validation_Dataset_2024_Ajeet-20241107T105545Z-001/Training_Validation_Dataset_2024_Ajeet/caucasian_african_pt_dec_2023/262_2162108_Imposter.jpg,0,1,0,0
/home/ajeet/codework/datasets/Training_Validation_Dataset_2024_Ajeet-20241107T105545Z-001/Training_Validation_Dataset_2024_Ajeet/caucasian_african_pt_dec_2023/2314_2165084_Imposter.jpg,1,1,0,0
/home/ajeet/codework/datasets/Training_Validation_Dataset_2024_Ajeet-20241107T105545Z-001/Training_Validation_Dataset_2024_Ajeet/caucasian_african_pt_dec_2023/1601_2163652_Multiple people.jpg,1,1,0,0
/home/ajeet/codework/datasets/Training_Validation_Dataset_2024_Ajeet-20241107T105545Z-001/Training_Validation_Dataset_2024_Ajeet/caucasian_african_pt_dec_2023/1397_2163380_Mobile Camera.jpg,0,1,0,0
/home/ajeet/codework/datasets/Training_Validation_Dataset_2024_Ajeet-20241107T105545Z-001/Training_Validation_Dataset_2024_Ajeet/caucasian_african_pt_dec_2023/2614_2165275_Imposter.jpg,1,1,0,0
/home/ajeet/codework/datasets/Training_Validation_Dataset_2024_Ajeet-20241107T105545Z-001/Training_Validation_Dataset_2024_Ajeet/caucasian_african_pt_dec_2023/1309_2163259_Multiple people.jpg,1,1,0,1
/home/ajeet/codework/datasets/Training_Validation_Dataset_2024_Ajeet-20241107T105545Z-001/Training_Validation_Dataset_2024_Ajeet/caucasian_african_pt_dec_2023/1982_2164972_FVE - No Face Detected.jpg,1,1,0,0
/home/ajeet/codework/datasets/Training_Validation_Dataset_2024_Ajeet-20241107T105545Z-001/Training_Validation_Dataset_2024_Ajeet/caucasian_african_pt_dec_2023/2427_2165189_Mobile Camera.jpg,1,1,0,1
/home/ajeet/codework/datasets/Training_Validation_Dataset_2024_Ajeet-20241107T105545Z-001/Training_Validation_Dataset_2024_Ajeet/caucasian_african_pt_dec_2023/296_2162117_Imposter.jpg,1,1,0,0
/home/ajeet/codework/datasets/Training_Validation_Dataset_2024_Ajeet-20241107T105545Z-001/Training_Validation_Dataset_2024_Ajeet/caucasian_african_pt_dec_2023/2526_2165263_Imposter.jpg,1,1,0,0
/home/ajeet/codework/datasets/Training_Validation_Dataset_2024_Ajeet-20241107T105545Z-001/Training_Validation_Dataset_2024_Ajeet/caucasian_african_pt_dec_2023/658_2162301_Mobile Camera.jpg,0,1,1,1
/home/ajeet/codework/datasets/Training_Validation_Dataset_2024_Ajeet-20241107T105545Z-001/Training_Validation_Dataset_2024_Ajeet/caucasian_african_pt_dec_2023/230_2162093_Imposter.jpg,0,1,0,0
/home/ajeet/codework/datasets/Training_Validation_Dataset_2024_Ajeet-20241107T105545Z-001/Training_Validation_Dataset_2024_Ajeet/caucasian_african_pt_dec_2023/1423_2163398_Mobile Camera.jpg,1,1,0,1
/home/ajeet/codework/datasets/Training_Validation_Dataset_2024_Ajeet-20241107T105545Z-001/Training_Validation_Dataset_2024_Ajeet/caucasian_african_pt_dec_2023/1889_2164935_Mobile Camera.jpg,1,0,0,1
/home/ajeet/codework/datasets/Training_Validation_Dataset_2024_Ajeet-20241107T105545Z-001/Training_Validation_Dataset_2024_Ajeet/caucasian_african_pt_dec_2023/1049_2162522_Mobile Camera.jpg,1,1,0,0
/home/ajeet/codework/datasets/Training_Validation_Dataset_2024_Ajeet-20241107T105545Z-001/Training_Validation_Dataset_2024_Ajeet/caucasian_african_pt_dec_2023/764_2162304_Imposter.jpg,1,1,0,0
/home/ajeet/codework/datasets/Training_Validation_Dataset_2024_Ajeet-20241107T105545Z-001/Training_Validation_Dataset_2024_Ajeet/caucasian_african_pt_dec_2023/654_2162297_Imposter.jpg,1,1,0,1
/home/ajeet/codework/datasets/Training_Validation_Dataset_2024_Ajeet-20241107T105545Z-001/Training_Validation_Dataset_2024_Ajeet/caucasian_african_pt_dec_2023/1512_2163518_Mobile Camera.jpg,1,1,0,1
/home/ajeet/codework/datasets/Training_Validation_Dataset_2024_Ajeet-20241107T105545Z-001/Training_Validation_Dataset_2024_Ajeet/caucasian_african_pt_dec_2023/2311_2165084_Imposter.jpg,1,1,0,0
/home/ajeet/codework/datasets/Training_Validation_Dataset_2024_Ajeet-20241107T105545Z-001/Training_Validation_Dataset_2024_Ajeet/caucasian_african_pt_dec_2023/2075_2164994_Imposter.jpg,1,1,0,0
/home/ajeet/codework/datasets/Training_Validation_Dataset_2024_Ajeet-20241107T105545Z-001/Training_Validation_Dataset_2024_Ajeet/caucasian_african_pt_dec_2023/501_2162177_Imposter.jpg,1,1,0,0
/home/ajeet/codework/datasets/Training_Validation_Dataset_2024_Ajeet-20241107T105545Z-001/Training_Validation_Dataset_2024_Ajeet/caucasian_african_pt_dec_2023/2055_2164993_Imposter.jpg,1,1,0,0
/home/ajeet/codework/datasets/Training_Validation_Dataset_2024_Ajeet-20241107T105545Z-001/Training_Validation_Dataset_2024_Ajeet/caucasian_african_pt_dec_2023/2727_2165327_Imposter.jpg,1,1,0,0
/home/ajeet/codework/datasets/Training_Validation_Dataset_2024_Ajeet-20241107T105545Z-001/Training_Validation_Dataset_2024_Ajeet/caucasian_african_pt_dec_2023/2179_2165009_Mobile Camera.jpg,1,0,0,1
/home/ajeet/codework/datasets/Training_Validation_Dataset_2024_Ajeet-20241107T105545Z-001/Training_Validation_Dataset_2024_Ajeet/caucasian_african_pt_dec_2023/2382_2165110_FVE - No Face Detected.jpg,1,1,0,0
/home/ajeet/codework/datasets/Training_Validation_Dataset_2024_Ajeet-20241107T105545Z-001/Training_Validation_Dataset_2024_Ajeet/caucasian_african_pt_dec_2023/2680_2165285_Imposter.jpg,1,1,0,0
/home/ajeet/codework/datasets/Training_Validation_Dataset_2024_Ajeet-20241107T105545Z-001/Training_Validation_Dataset_2024_Ajeet/caucasian_african_pt_dec_2023/1304_2163250_Imposter.jpg,1,1,0,1
/home/ajeet/codework/datasets/Training_Validation_Dataset_2024_Ajeet-20241107T105545Z-001/Training_Validation_Dataset_2024_Ajeet/caucasian_african_pt_dec_2023/2799_2165386_FVE - No Face Detected.jpg,1,1,0,0
/home/ajeet/codework/datasets/Training_Validation_Dataset_2024_Ajeet-20241107T105545Z-001/Training_Validation_Dataset_2024_Ajeet/caucasian_african_pt_dec_2023/761_2162304_Imposter.jpg,1,1,0,0
/home/ajeet/codework/datasets/Training_Validation_Dataset_2024_Ajeet-20241107T105545Z-001/Training_Validation_Dataset_2024_Ajeet/caucasian_african_pt_dec_2023/2767_2165373_Imposter.jpg,1,1,0,1
/home/ajeet/codework/datasets/Training_Validation_Dataset_2024_Ajeet-20241107T105545Z-001/Training_Validation_Dataset_2024_Ajeet/caucasian_african_pt_dec_2023/2240_2165026_Mobile Camera.jpg,1,0,0,1
/home/ajeet/codework/datasets/Training_Validation_Dataset_2024_Ajeet-20241107T105545Z-001/Training_Validation_Dataset_2024_Ajeet/caucasian_african_pt_dec_2023/1417_2163390_Mobile Camera.jpg,0,1,0,1
/home/ajeet/codework/datasets/Training_Validation_Dataset_2024_Ajeet-20241107T105545Z-001/Training_Validation_Dataset_2024_Ajeet/caucasian_african_pt_dec_2023/1686_2163741_Imposter.jpg,0,1,0,0
/home/ajeet/codework/datasets/Training_Validation_Dataset_2024_Ajeet-20241107T105545Z-001/Training_Validation_Dataset_2024_Ajeet/caucasian_african_pt_dec_2023/1040_2162503_Imposter.jpg,1,1,0,1
/home/ajeet/codework/datasets/Training_Validation_Dataset_2024_Ajeet-20241107T105545Z-001/Training_Validation_Dataset_2024_Ajeet/caucasian_african_pt_dec_2023/274_2162108_Imposter.jpg,0,1,0,0
/home/ajeet/codework/datasets/Training_Validation_Dataset_2024_Ajeet-20241107T105545Z-001/Training_Validation_Dataset_2024_Ajeet/caucasian_african_pt_dec_2023/341_2162123_Imposter.jpg,1,1,0,1
/home/ajeet/codework/datasets/Training_Validation_Dataset_2024_Ajeet-20241107T105545Z-001/Training_Validation_Dataset_2024_Ajeet/caucasian_african_pt_dec_2023/2483_2165263_Imposter.jpg,1,1,0,0
/home/ajeet/codework/datasets/Training_Validation_Dataset_2024_Ajeet-20241107T105545Z-001/Training_Validation_Dataset_2024_Ajeet/caucasian_african_pt_dec_2023/566_2162226_Mobile Camera.jpg,1,1,0,1
/home/ajeet/codework/datasets/Training_Validation_Dataset_2024_Ajeet-20241107T105545Z-001/Training_Validation_Dataset_2024_Ajeet/caucasian_african_pt_dec_2023/325_2162123_Mobile Camera.jpg,1,1,1,1
/home/ajeet/codework/datasets/Training_Validation_Dataset_2024_Ajeet-20241107T105545Z-001/Training_Validation_Dataset_2024_Ajeet/caucasian_african_pt_dec_2023/1492_2163502_Mobile Camera.jpg,1,1,0,1
/home/ajeet/codework/datasets/Training_Validation_Dataset_2024_Ajeet-20241107T105545Z-001/Training_Validation_Dataset_2024_Ajeet/caucasian_african_pt_dec_2023/1314_2163262_Imposter.jpg,0,1,0,0
/home/ajeet/codework/datasets/Training_Validation_Dataset_2024_Ajeet-20241107T105545Z-001/Training_Validation_Dataset_2024_Ajeet/caucasian_african_pt_dec_2023/188_2162083_Imposter.jpg,1,1,0,0
/home/ajeet/codework/datasets/Training_Validation_Dataset_2024_Ajeet-20241107T105545Z-001/Training_Validation_Dataset_2024_Ajeet/caucasian_african_pt_dec_2023/2479_2165263_Imposter.jpg,1,1,0,0
/home/ajeet/codework/datasets/Training_Validation_Dataset_2024_Ajeet-20241107T105545Z-001/Training_Validation_Dataset_2024_Ajeet/caucasian_african_pt_dec_2023/693_2162304_Imposter.jpg,1,1,0,0
/home/ajeet/codework/datasets/Training_Validation_Dataset_2024_Ajeet-20241107T105545Z-001/Training_Validation_Dataset_2024_Ajeet/caucasian_african_pt_dec_2023/154_2162072_FVE - No Face Detected.jpg,1,1,0,0
/home/ajeet/codework/datasets/Training_Validation_Dataset_2024_Ajeet-20241107T105545Z-001/Training_Validation_Dataset_2024_Ajeet/caucasian_african_pt_dec_2023/716_2162304_Imposter.jpg,1,1,0,0
/home/ajeet/codework/datasets/Training_Validation_Dataset_2024_Ajeet-20241107T105545Z-001/Training_Validation_Dataset_2024_Ajeet/caucasian_african_pt_dec_2023/2823_2165401_Mobile Camera.jpg,0,1,0,1
/home/ajeet/codework/datasets/Training_Validation_Dataset_2024_Ajeet-20241107T105545Z-001/Training_Validation_Dataset_2024_Ajeet/caucasian_african_pt_dec_2023/1337_2163276_FVE - No Face Detected.jpg,0,0,0,1
/home/ajeet/codework/datasets/Training_Validation_Dataset_2024_Ajeet-20241107T105545Z-001/Training_Validation_Dataset_2024_Ajeet/caucasian_african_pt_dec_2023/124_2162065_FVE - Multiple Users Detected.jpg,1,1,0,0
/home/ajeet/codework/datasets/Training_Validation_Dataset_2024_Ajeet-20241107T105545Z-001/Training_Validation_Dataset_2024_Ajeet/caucasian_african_pt_dec_2023/2778_2165373_Imposter.jpg,1,1,0,0
/home/ajeet/codework/datasets/Training_Validation_Dataset_2024_Ajeet-20241107T105545Z-001/Training_Validation_Dataset_2024_Ajeet/caucasian_african_pt_dec_2023/2300_2165061_Mobile Camera.jpg,1,1,0,1
/home/ajeet/codework/datasets/Training_Validation_Dataset_2024_Ajeet-20241107T105545Z-001/Training_Validation_Dataset_2024_Ajeet/caucasian_african_pt_dec_2023/1882_2164929_Mobile Camera.jpg,1,0,1,1
/home/ajeet/codework/datasets/Training_Validation_Dataset_2024_Ajeet-20241107T105545Z-001/Training_Validation_Dataset_2024_Ajeet/caucasian_african_pt_dec_2023/680_2162304_Imposter.jpg,1,1,0,0
/home/ajeet/codework/datasets/Training_Validation_Dataset_2024_Ajeet-20241107T105545Z-001/Training_Validation_Dataset_2024_Ajeet/caucasian_african_pt_dec_2023/2775_2165373_Imposter.jpg,1,1,0,0
/home/ajeet/codework/datasets/Training_Validation_Dataset_2024_Ajeet-20241107T105545Z-001/Training_Validation_Dataset_2024_Ajeet/caucasian_african_pt_dec_2023/556_2162224_Imposter.jpg,0,1,0,0
/home/ajeet/codework/datasets/Training_Validation_Dataset_2024_Ajeet-20241107T105545Z-001/Training_Validation_Dataset_2024_Ajeet/caucasian_african_pt_dec_2023/373_2162129_Imposter.jpg,1,1,0,0
/home/ajeet/codework/datasets/Training_Validation_Dataset_2024_Ajeet-20241107T105545Z-001/Training_Validation_Dataset_2024_Ajeet/caucasian_african_pt_dec_2023/2421_2165175_Imposter.jpg,0,1,0,0
/home/ajeet/codework/datasets/Training_Validation_Dataset_2024_Ajeet-20241107T105545Z-001/Training_Validation_Dataset_2024_Ajeet/caucasian_african_pt_dec_2023/951_2162433_Mobile Camera.jpg,1,1,0,1
/home/ajeet/codework/datasets/Training_Validation_Dataset_2024_Ajeet-20241107T105545Z-001/Training_Validation_Dataset_2024_Ajeet/caucasian_african_pt_dec_2023/1391_2163380_Mobile Camera.jpg,0,1,0,1
/home/ajeet/codework/datasets/Training_Validation_Dataset_2024_Ajeet-20241107T105545Z-001/Training_Validation_Dataset_2024_Ajeet/caucasian_african_pt_dec_2023/137_2162065_Imposter.jpg,0,1,0,1
/home/ajeet/codework/datasets/Training_Validation_Dataset_2024_Ajeet-20241107T105545Z-001/Training_Validation_Dataset_2024_Ajeet/caucasian_african_pt_dec_2023/2631_2165275_Imposter.jpg,1,1,0,0
/home/ajeet/codework/datasets/Training_Validation_Dataset_2024_Ajeet-20241107T105545Z-001/Training_Validation_Dataset_2024_Ajeet/caucasian_african_pt_dec_2023/2155_2165005_Mobile Camera.jpg,1,1,0,1
/home/ajeet/codework/datasets/Training_Validation_Dataset_2024_Ajeet-20241107T105545Z-001/Training_Validation_Dataset_2024_Ajeet/caucasian_african_pt_dec_2023/1729_2163956_Imposter.jpg,0,1,0,0
/home/ajeet/codework/datasets/Training_Validation_Dataset_2024_Ajeet-20241107T105545Z-001/Training_Validation_Dataset_2024_Ajeet/caucasian_african_pt_dec_2023/810_2162307_Imposter.jpg,1,1,0,0
/home/ajeet/codework/datasets/Training_Validation_Dataset_2024_Ajeet-20241107T105545Z-001/Training_Validation_Dataset_2024_Ajeet/caucasian_african_pt_dec_2023/1327_2163276_Imposter.jpg,0,1,0,0
/home/ajeet/codework/datasets/Training_Validation_Dataset_2024_Ajeet-20241107T105545Z-001/Training_Validation_Dataset_2024_Ajeet/caucasian_african_pt_dec_2023/1794_2164765_FVE - No Face Detected.jpg,0,1,0,0
/home/ajeet/codework/datasets/Training_Validation_Dataset_2024_Ajeet-20241107T105545Z-001/Training_Validation_Dataset_2024_Ajeet/caucasian_african_pt_dec_2023/2803_2165386_FVE - Imposter Detected.jpg,1,1,0,0
/home/ajeet/codework/datasets/Training_Validation_Dataset_2024_Ajeet-20241107T105545Z-001/Training_Validation_Dataset_2024_Ajeet/caucasian_african_pt_dec_2023/1138_2162976_Imposter.jpg,0,1,0,0
/home/ajeet/codework/datasets/Training_Validation_Dataset_2024_Ajeet-20241107T105545Z-001/Training_Validation_Dataset_2024_Ajeet/caucasian_african_pt_dec_2023/2236_2165025_Mobile Camera.jpg,1,1,0,1
/home/ajeet/codework/datasets/Training_Validation_Dataset_2024_Ajeet-20241107T105545Z-001/Training_Validation_Dataset_2024_Ajeet/caucasian_african_pt_dec_2023/995_2162483_Imposter.jpg,0,1,0,0
/home/ajeet/codework/datasets/Training_Validation_Dataset_2024_Ajeet-20241107T105545Z-001/Training_Validation_Dataset_2024_Ajeet/caucasian_african_pt_dec_2023/2411_2165169_Imposter.jpg,0,1,0,0
/home/ajeet/codework/datasets/Training_Validation_Dataset_2024_Ajeet-20241107T105545Z-001/Training_Validation_Dataset_2024_Ajeet/caucasian_african_pt_dec_2023/2747_2165327_Imposter.jpg,1,1,0,0
/home/ajeet/codework/datasets/Training_Validation_Dataset_2024_Ajeet-20241107T105545Z-001/Training_Validation_Dataset_2024_Ajeet/caucasian_african_pt_dec_2023/1949_2164955_Imposter.jpg,1,1,0,0
/home/ajeet/codework/datasets/Training_Validation_Dataset_2024_Ajeet-20241107T105545Z-001/Training_Validation_Dataset_2024_Ajeet/caucasian_african_pt_dec_2023/1248_2163240_Imposter.jpg,1,1,0,0
/home/ajeet/codework/datasets/Training_Validation_Dataset_2024_Ajeet-20241107T105545Z-001/Training_Validation_Dataset_2024_Ajeet/caucasian_african_pt_dec_2023/1008_2162483_Imposter.jpg,1,1,0,0
/home/ajeet/codework/datasets/Training_Validation_Dataset_2024_Ajeet-20241107T105545Z-001/Training_Validation_Dataset_2024_Ajeet/caucasian_african_pt_dec_2023/127_2162065_Imposter.jpg,1,1,1,1
/home/ajeet/codework/datasets/Training_Validation_Dataset_2024_Ajeet-20241107T105545Z-001/Training_Validation_Dataset_2024_Ajeet/caucasian_african_pt_dec_2023/414_2162129_Imposter.jpg,1,0,0,0
/home/ajeet/codework/datasets/Training_Validation_Dataset_2024_Ajeet-20241107T105545Z-001/Training_Validation_Dataset_2024_Ajeet/caucasian_african_pt_dec_2023/989_2162481_Imposter.jpg,1,1,0,0
/home/ajeet/codework/datasets/Training_Validation_Dataset_2024_Ajeet-20241107T105545Z-001/Training_Validation_Dataset_2024_Ajeet/caucasian_african_pt_dec_2023/1286_2163250_Imposter.jpg,1,1,0,0
/home/ajeet/codework/datasets/Training_Validation_Dataset_2024_Ajeet-20241107T105545Z-001/Training_Validation_Dataset_2024_Ajeet/caucasian_african_pt_dec_2023/2137_2164997_Imposter.jpg,1,1,0,0
/home/ajeet/codework/datasets/Training_Validation_Dataset_2024_Ajeet-20241107T105545Z-001/Training_Validation_Dataset_2024_Ajeet/caucasian_african_pt_dec_2023/2167_2165005_Imposter.jpg,1,1,0,0
/home/ajeet/codework/datasets/Training_Validation_Dataset_2024_Ajeet-20241107T105545Z-001/Training_Validation_Dataset_2024_Ajeet/caucasian_african_pt_dec_2023/1087_2162628_Mobile Camera.jpg,1,1,0,1
/home/ajeet/codework/datasets/Training_Validation_Dataset_2024_Ajeet-20241107T105545Z-001/Training_Validation_Dataset_2024_Ajeet/caucasian_african_pt_dec_2023/2846_2165418_Multiple people.jpg,1,1,0,0
/home/ajeet/codework/datasets/Training_Validation_Dataset_2024_Ajeet-20241107T105545Z-001/Training_Validation_Dataset_2024_Ajeet/caucasian_african_pt_dec_2023/2730_2165327_FVE - No Face Detected.jpg,1,1,0,0
/home/ajeet/codework/datasets/Training_Validation_Dataset_2024_Ajeet-20241107T105545Z-001/Training_Validation_Dataset_2024_Ajeet/caucasian_african_pt_dec_2023/792_2162304_Imposter.jpg,1,1,0,0
/home/ajeet/codework/datasets/Training_Validation_Dataset_2024_Ajeet-20241107T105545Z-001/Training_Validation_Dataset_2024_Ajeet/caucasian_african_pt_dec_2023/467_2162163_Mobile Camera.jpg,0,1,0,1
/home/ajeet/codework/datasets/Training_Validation_Dataset_2024_Ajeet-20241107T105545Z-001/Training_Validation_Dataset_2024_Ajeet/caucasian_african_pt_dec_2023/841_2162314_Imposter.jpg,0,1,0,0
/home/ajeet/codework/datasets/Training_Validation_Dataset_2024_Ajeet-20241107T105545Z-001/Training_Validation_Dataset_2024_Ajeet/caucasian_african_pt_dec_2023/2612_2165275_Imposter.jpg,1,1,0,0
/home/ajeet/codework/datasets/Training_Validation_Dataset_2024_Ajeet-20241107T105545Z-001/Training_Validation_Dataset_2024_Ajeet/caucasian_african_pt_dec_2023/1751_2164152_Imposter.jpg,0,1,0,0
/home/ajeet/codework/datasets/Training_Validation_Dataset_2024_Ajeet-20241107T105545Z-001/Training_Validation_Dataset_2024_Ajeet/caucasian_african_pt_dec_2023/2818_2165388_Imposter.jpg,1,1,0,0
/home/ajeet/codework/datasets/Training_Validation_Dataset_2024_Ajeet-20241107T105545Z-001/Training_Validation_Dataset_2024_Ajeet/caucasian_african_pt_dec_2023/1447_2163443_Imposter.jpg,1,1,0,0
/home/ajeet/codework/datasets/Training_Validation_Dataset_2024_Ajeet-20241107T105545Z-001/Training_Validation_Dataset_2024_Ajeet/caucasian_african_pt_dec_2023/443_2162134_Multiple people.jpg,0,1,0,1
/home/ajeet/codework/datasets/Training_Validation_Dataset_2024_Ajeet-20241107T105545Z-001/Training_Validation_Dataset_2024_Ajeet/caucasian_african_pt_dec_2023/1154_2162985_Mobile Camera.jpg,1,1,1,1
/home/ajeet/codework/datasets/Training_Validation_Dataset_2024_Ajeet-20241107T105545Z-001/Training_Validation_Dataset_2024_Ajeet/caucasian_african_pt_dec_2023/940_2162410_Mobile Camera.jpg,1,1,1,1
/home/ajeet/codework/datasets/Training_Validation_Dataset_2024_Ajeet-20241107T105545Z-001/Training_Validation_Dataset_2024_Ajeet/caucasian_african_pt_dec_2023/192_2162083_Imposter.jpg,1,1,0,0
/home/ajeet/codework/datasets/Training_Validation_Dataset_2024_Ajeet-20241107T105545Z-001/Training_Validation_Dataset_2024_Ajeet/caucasian_african_pt_dec_2023/1998_2164972_Mobile Camera.jpg,1,1,1,1
/home/ajeet/codework/datasets/Training_Validation_Dataset_2024_Ajeet-20241107T105545Z-001/Training_Validation_Dataset_2024_Ajeet/caucasian_african_pt_dec_2023/76_2162052_Imposter.jpg,1,1,0,0
/home/ajeet/codework/datasets/Training_Validation_Dataset_2024_Ajeet-20241107T105545Z-001/Training_Validation_Dataset_2024_Ajeet/caucasian_african_pt_dec_2023/282_2162112_Mobile Camera.jpg,1,1,0,0
/home/ajeet/codework/datasets/Training_Validation_Dataset_2024_Ajeet-20241107T105545Z-001/Training_Validation_Dataset_2024_Ajeet/caucasian_african_pt_dec_2023/651_2162297_Imposter.jpg,1,1,0,0
/home/ajeet/codework/datasets/Training_Validation_Dataset_2024_Ajeet-20241107T105545Z-001/Training_Validation_Dataset_2024_Ajeet/caucasian_african_pt_dec_2023/2726_2165327_Imposter.jpg,1,1,0,0
/home/ajeet/codework/datasets/Training_Validation_Dataset_2024_Ajeet-20241107T105545Z-001/Training_Validation_Dataset_2024_Ajeet/caucasian_african_pt_dec_2023/1625_2163656_Mobile Camera.jpg,1,1,0,1
/home/ajeet/codework/datasets/Training_Validation_Dataset_2024_Ajeet-20241107T105545Z-001/Training_Validation_Dataset_2024_Ajeet/caucasian_african_pt_dec_2023/1505_2163518_Mobile Camera.jpg,1,1,1,1
/home/ajeet/codework/datasets/Training_Validation_Dataset_2024_Ajeet-20241107T105545Z-001/Training_Validation_Dataset_2024_Ajeet/caucasian_african_pt_dec_2023/2377_2165110_FVE - No Face Detected.jpg,1,1,0,0
/home/ajeet/codework/datasets/Training_Validation_Dataset_2024_Ajeet-20241107T105545Z-001/Training_Validation_Dataset_2024_Ajeet/caucasian_african_pt_dec_2023/943_2162410_Mobile Camera.jpg,1,1,0,1
/home/ajeet/codework/datasets/Training_Validation_Dataset_2024_Ajeet-20241107T105545Z-001/Training_Validation_Dataset_2024_Ajeet/caucasian_african_pt_dec_2023/2275_2165033_Mobile Camera.jpg,1,1,0,1
/home/ajeet/codework/datasets/Training_Validation_Dataset_2024_Ajeet-20241107T105545Z-001/Training_Validation_Dataset_2024_Ajeet/caucasian_african_pt_dec_2023/1400_2163380_Imposter.jpg,1,1,0,0
/home/ajeet/codework/datasets/Training_Validation_Dataset_2024_Ajeet-20241107T105545Z-001/Training_Validation_Dataset_2024_Ajeet/caucasian_african_pt_dec_2023/492_2162174_Imposter.jpg,1,1,0,0
/home/ajeet/codework/datasets/Training_Validation_Dataset_2024_Ajeet-20241107T105545Z-001/Training_Validation_Dataset_2024_Ajeet/caucasian_african_pt_dec_2023/2465_2165234_Mobile Camera.jpg,1,1,1,1
/home/ajeet/codework/datasets/Training_Validation_Dataset_2024_Ajeet-20241107T105545Z-001/Training_Validation_Dataset_2024_Ajeet/caucasian_african_pt_dec_2023/2184_2165010_Imposter.jpg,1,1,0,0
/home/ajeet/codework/datasets/Training_Validation_Dataset_2024_Ajeet-20241107T105545Z-001/Training_Validation_Dataset_2024_Ajeet/caucasian_african_pt_dec_2023/555_2162224_Imposter.jpg,0,1,0,0
/home/ajeet/codework/datasets/Training_Validation_Dataset_2024_Ajeet-20241107T105545Z-001/Training_Validation_Dataset_2024_Ajeet/caucasian_african_pt_dec_2023/1145_2162979_Imposter.jpg,1,1,0,1
/home/ajeet/codework/datasets/Training_Validation_Dataset_2024_Ajeet-20241107T105545Z-001/Training_Validation_Dataset_2024_Ajeet/caucasian_african_pt_dec_2023/1864_2164915_Mobile Camera.jpg,1,1,0,0
/home/ajeet/codework/datasets/Training_Validation_Dataset_2024_Ajeet-20241107T105545Z-001/Training_Validation_Dataset_2024_Ajeet/caucasian_african_pt_dec_2023/2209_2165014_Imposter.jpg,0,1,0,0
/home/ajeet/codework/datasets/Training_Validation_Dataset_2024_Ajeet-20241107T105545Z-001/Training_Validation_Dataset_2024_Ajeet/caucasian_african_pt_dec_2023/2380_2165110_Imposter.jpg,1,1,0,0
/home/ajeet/codework/datasets/Training_Validation_Dataset_2024_Ajeet-20241107T105545Z-001/Training_Validation_Dataset_2024_Ajeet/caucasian_african_pt_dec_2023/514_2162213_FVE - No Face Detected.jpg,1,1,0,0
/home/ajeet/codework/datasets/Training_Validation_Dataset_2024_Ajeet-20241107T105545Z-001/Training_Validation_Dataset_2024_Ajeet/caucasian_african_pt_dec_2023/7_2162025_Mobile Camera.jpg,1,1,0,1
/home/ajeet/codework/datasets/Training_Validation_Dataset_2024_Ajeet-20241107T105545Z-001/Training_Validation_Dataset_2024_Ajeet/caucasian_african_pt_dec_2023/2084_2164994_Mobile Camera.jpg,1,1,0,1
/home/ajeet/codework/datasets/Training_Validation_Dataset_2024_Ajeet-20241107T105545Z-001/Training_Validation_Dataset_2024_Ajeet/caucasian_african_pt_dec_2023/82_2162061_Imposter.jpg,1,1,0,0
/home/ajeet/codework/datasets/Training_Validation_Dataset_2024_Ajeet-20241107T105545Z-001/Training_Validation_Dataset_2024_Ajeet/caucasian_african_pt_dec_2023/1270_2163243_Mobile Camera.jpg,1,0,1,1
/home/ajeet/codework/datasets/Training_Validation_Dataset_2024_Ajeet-20241107T105545Z-001/Training_Validation_Dataset_2024_Ajeet/caucasian_african_pt_dec_2023/2780_2165373_Imposter.jpg,1,1,0,1
/home/ajeet/codework/datasets/Training_Validation_Dataset_2024_Ajeet-20241107T105545Z-001/Training_Validation_Dataset_2024_Ajeet/caucasian_african_pt_dec_2023/474_2162163_Mobile Camera.jpg,1,1,1,1
/home/ajeet/codework/datasets/Training_Validation_Dataset_2024_Ajeet-20241107T105545Z-001/Training_Validation_Dataset_2024_Ajeet/caucasian_african_pt_dec_2023/1422_2163398_Mobile Camera.jpg,1,1,0,1
/home/ajeet/codework/datasets/Training_Validation_Dataset_2024_Ajeet-20241107T105545Z-001/Training_Validation_Dataset_2024_Ajeet/caucasian_african_pt_dec_2023/2466_2165234_Mobile Camera.jpg,1,1,1,1
/home/ajeet/codework/datasets/Training_Validation_Dataset_2024_Ajeet-20241107T105545Z-001/Training_Validation_Dataset_2024_Ajeet/caucasian_african_pt_dec_2023/1541_2163597_Imposter.jpg,1,1,0,0
/home/ajeet/codework/datasets/Training_Validation_Dataset_2024_Ajeet-20241107T105545Z-001/Training_Validation_Dataset_2024_Ajeet/caucasian_african_pt_dec_2023/1334_2163276_Imposter.jpg,0,1,0,0
/home/ajeet/codework/datasets/Training_Validation_Dataset_2024_Ajeet-20241107T105545Z-001/Training_Validation_Dataset_2024_Ajeet/caucasian_african_pt_dec_2023/826_2162309_Imposter.jpg,0,1,0,0
/home/ajeet/codework/datasets/Training_Validation_Dataset_2024_Ajeet-20241107T105545Z-001/Training_Validation_Dataset_2024_Ajeet/caucasian_african_pt_dec_2023/1285_2163250_Imposter.jpg,1,1,0,0
/home/ajeet/codework/datasets/Training_Validation_Dataset_2024_Ajeet-20241107T105545Z-001/Training_Validation_Dataset_2024_Ajeet/caucasian_african_pt_dec_2023/642_2162288_Imposter.jpg,0,1,0,0
/home/ajeet/codework/datasets/Training_Validation_Dataset_2024_Ajeet-20241107T105545Z-001/Training_Validation_Dataset_2024_Ajeet/caucasian_african_pt_dec_2023/2850_2165431_Spoof.jpg,1,1,0,0
/home/ajeet/codework/datasets/Training_Validation_Dataset_2024_Ajeet-20241107T105545Z-001/Training_Validation_Dataset_2024_Ajeet/caucasian_african_pt_dec_2023/1434_2163413_Mobile Camera.jpg,1,0,0,1
/home/ajeet/codework/datasets/Training_Validation_Dataset_2024_Ajeet-20241107T105545Z-001/Training_Validation_Dataset_2024_Ajeet/caucasian_african_pt_dec_2023/1722_2163950_Mobile Camera.jpg,1,1,0,1
/home/ajeet/codework/datasets/Training_Validation_Dataset_2024_Ajeet-20241107T105545Z-001/Training_Validation_Dataset_2024_Ajeet/caucasian_african_pt_dec_2023/849_2162324_Mobile Camera.jpg,0,1,0,1
/home/ajeet/codework/datasets/Training_Validation_Dataset_2024_Ajeet-20241107T105545Z-001/Training_Validation_Dataset_2024_Ajeet/caucasian_african_pt_dec_2023/2748_2165327_Imposter.jpg,1,1,0,0
/home/ajeet/codework/datasets/Training_Validation_Dataset_2024_Ajeet-20241107T105545Z-001/Training_Validation_Dataset_2024_Ajeet/caucasian_african_pt_dec_2023/886_2162361_FVE - No Face Detected.jpg,1,1,0,0
/home/ajeet/codework/datasets/Training_Validation_Dataset_2024_Ajeet-20241107T105545Z-001/Training_Validation_Dataset_2024_Ajeet/caucasian_african_pt_dec_2023/120_2162064_Mobile Camera.jpg,1,0,1,1
/home/ajeet/codework/datasets/Training_Validation_Dataset_2024_Ajeet-20241107T105545Z-001/Training_Validation_Dataset_2024_Ajeet/caucasian_african_pt_dec_2023/2435_2165189_Imposter.jpg,0,1,0,0
/home/ajeet/codework/datasets/Training_Validation_Dataset_2024_Ajeet-20241107T105545Z-001/Training_Validation_Dataset_2024_Ajeet/caucasian_african_pt_dec_2023/1947_2164955_Imposter.jpg,0,1,0,0
/home/ajeet/codework/datasets/Training_Validation_Dataset_2024_Ajeet-20241107T105545Z-001/Training_Validation_Dataset_2024_Ajeet/caucasian_african_pt_dec_2023/98_2162064_Mobile Camera.jpg,1,1,1,1
/home/ajeet/codework/datasets/Training_Validation_Dataset_2024_Ajeet-20241107T105545Z-001/Training_Validation_Dataset_2024_Ajeet/caucasian_african_pt_dec_2023/2032_2164987_Mobile Camera.jpg,1,1,0,1
/home/ajeet/codework/datasets/Training_Validation_Dataset_2024_Ajeet-20241107T105545Z-001/Training_Validation_Dataset_2024_Ajeet/caucasian_african_pt_dec_2023/962_2162434_Imposter.jpg,1,1,0,0
/home/ajeet/codework/datasets/Training_Validation_Dataset_2024_Ajeet-20241107T105545Z-001/Training_Validation_Dataset_2024_Ajeet/caucasian_african_pt_dec_2023/521_2162216_Mobile Camera.jpg,1,1,1,1
/home/ajeet/codework/datasets/Training_Validation_Dataset_2024_Ajeet-20241107T105545Z-001/Training_Validation_Dataset_2024_Ajeet/caucasian_african_pt_dec_2023/1894_2164935_Multiple people.jpg,1,1,0,0
/home/ajeet/codework/datasets/Training_Validation_Dataset_2024_Ajeet-20241107T105545Z-001/Training_Validation_Dataset_2024_Ajeet/caucasian_african_pt_dec_2023/2617_2165275_Imposter.jpg,1,1,0,0
/home/ajeet/codework/datasets/Training_Validation_Dataset_2024_Ajeet-20241107T105545Z-001/Training_Validation_Dataset_2024_Ajeet/caucasian_african_pt_dec_2023/2624_2165275_Imposter.jpg,1,1,0,0
/home/ajeet/codework/datasets/Training_Validation_Dataset_2024_Ajeet-20241107T105545Z-001/Training_Validation_Dataset_2024_Ajeet/caucasian_african_pt_dec_2023/2258_2165029_Imposter.jpg,1,1,0,0
/home/ajeet/codework/datasets/Training_Validation_Dataset_2024_Ajeet-20241107T105545Z-001/Training_Validation_Dataset_2024_Ajeet/caucasian_african_pt_dec_2023/2648_2165275_Imposter.jpg,1,1,0,0
/home/ajeet/codework/datasets/Training_Validation_Dataset_2024_Ajeet-20241107T105545Z-001/Training_Validation_Dataset_2024_Ajeet/caucasian_african_pt_dec_2023/180_2162083_Imposter.jpg,1,1,0,0
/home/ajeet/codework/datasets/Training_Validation_Dataset_2024_Ajeet-20241107T105545Z-001/Training_Validation_Dataset_2024_Ajeet/caucasian_african_pt_dec_2023/611_2162288_Imposter.jpg,1,1,0,0
/home/ajeet/codework/datasets/Training_Validation_Dataset_2024_Ajeet-20241107T105545Z-001/Training_Validation_Dataset_2024_Ajeet/caucasian_african_pt_dec_2023/1902_2164945_FVE - No Face Detected.jpg,1,1,0,0
/home/ajeet/codework/datasets/Training_Validation_Dataset_2024_Ajeet-20241107T105545Z-001/Training_Validation_Dataset_2024_Ajeet/caucasian_african_pt_dec_2023/2619_2165275_Imposter.jpg,1,1,0,0
/home/ajeet/codework/datasets/Training_Validation_Dataset_2024_Ajeet-20241107T105545Z-001/Training_Validation_Dataset_2024_Ajeet/caucasian_african_pt_dec_2023/1284_2163250_Mobile Camera.jpg,1,1,1,1
/home/ajeet/codework/datasets/Training_Validation_Dataset_2024_Ajeet-20241107T105545Z-001/Training_Validation_Dataset_2024_Ajeet/caucasian_african_pt_dec_2023/1719_2163786_Mobile Camera.jpg,0,1,0,1
/home/ajeet/codework/datasets/Training_Validation_Dataset_2024_Ajeet-20241107T105545Z-001/Training_Validation_Dataset_2024_Ajeet/caucasian_african_pt_dec_2023/2198_2165010_Mobile Camera.jpg,0,0,1,1
/home/ajeet/codework/datasets/Training_Validation_Dataset_2024_Ajeet-20241107T105545Z-001/Training_Validation_Dataset_2024_Ajeet/caucasian_african_pt_dec_2023/899_2162364_Mobile Camera.jpg,1,1,0,1
/home/ajeet/codework/datasets/Training_Validation_Dataset_2024_Ajeet-20241107T105545Z-001/Training_Validation_Dataset_2024_Ajeet/caucasian_african_pt_dec_2023/1483_2163487_Imposter.jpg,1,1,0,1
/home/ajeet/codework/datasets/Training_Validation_Dataset_2024_Ajeet-20241107T105545Z-001/Training_Validation_Dataset_2024_Ajeet/caucasian_african_pt_dec_2023/1287_2163250_Imposter.jpg,1,1,0,0
/home/ajeet/codework/datasets/Training_Validation_Dataset_2024_Ajeet-20241107T105545Z-001/Training_Validation_Dataset_2024_Ajeet/caucasian_african_pt_dec_2023/2394_2165123_Imposter.jpg,0,1,0,1
/home/ajeet/codework/datasets/Training_Validation_Dataset_2024_Ajeet-20241107T105545Z-001/Training_Validation_Dataset_2024_Ajeet/caucasian_african_pt_dec_2023/1954_2164956_Imposter.jpg,1,1,0,0
/home/ajeet/codework/datasets/Training_Validation_Dataset_2024_Ajeet-20241107T105545Z-001/Training_Validation_Dataset_2024_Ajeet/caucasian_african_pt_dec_2023/2559_2165272_Mobile Camera.jpg,1,1,1,1
/home/ajeet/codework/datasets/Training_Validation_Dataset_2024_Ajeet-20241107T105545Z-001/Training_Validation_Dataset_2024_Ajeet/caucasian_african_pt_dec_2023/2120_2164995_Imposter.jpg,1,1,0,0
/home/ajeet/codework/datasets/Training_Validation_Dataset_2024_Ajeet-20241107T105545Z-001/Training_Validation_Dataset_2024_Ajeet/caucasian_african_pt_dec_2023/1534_2163597_Imposter.jpg,1,1,0,0
/home/ajeet/codework/datasets/Training_Validation_Dataset_2024_Ajeet-20241107T105545Z-001/Training_Validation_Dataset_2024_Ajeet/caucasian_african_pt_dec_2023/1602_2163652_FVE - Multiple Users Detected.jpg,1,1,0,0
/home/ajeet/codework/datasets/Training_Validation_Dataset_2024_Ajeet-20241107T105545Z-001/Training_Validation_Dataset_2024_Ajeet/caucasian_african_pt_dec_2023/1416_2163390_Imposter.jpg,0,1,0,0
/home/ajeet/codework/datasets/Training_Validation_Dataset_2024_Ajeet-20241107T105545Z-001/Training_Validation_Dataset_2024_Ajeet/caucasian_african_pt_dec_2023/733_2162304_Imposter.jpg,1,1,0,0
/home/ajeet/codework/datasets/Training_Validation_Dataset_2024_Ajeet-20241107T105545Z-001/Training_Validation_Dataset_2024_Ajeet/caucasian_african_pt_dec_2023/1528_2163597_Imposter.jpg,1,1,0,0
/home/ajeet/codework/datasets/Training_Validation_Dataset_2024_Ajeet-20241107T105545Z-001/Training_Validation_Dataset_2024_Ajeet/caucasian_african_pt_dec_2023/1306_2163256_Imposter.jpg,1,1,0,0
/home/ajeet/codework/datasets/Training_Validation_Dataset_2024_Ajeet-20241107T105545Z-001/Training_Validation_Dataset_2024_Ajeet/caucasian_african_pt_dec_2023/1896_2164935_Multiple people.jpg,1,1,0,0
/home/ajeet/codework/datasets/Training_Validation_Dataset_2024_Ajeet-20241107T105545Z-001/Training_Validation_Dataset_2024_Ajeet/caucasian_african_pt_dec_2023/923_2162396_Imposter.jpg,0,1,0,0
/home/ajeet/codework/datasets/Training_Validation_Dataset_2024_Ajeet-20241107T105545Z-001/Training_Validation_Dataset_2024_Ajeet/caucasian_african_pt_dec_2023/739_2162304_Imposter.jpg,1,1,0,0
/home/ajeet/codework/datasets/Training_Validation_Dataset_2024_Ajeet-20241107T105545Z-001/Training_Validation_Dataset_2024_Ajeet/caucasian_african_pt_dec_2023/1211_2163097_Mobile Camera.jpg,0,1,0,1
/home/ajeet/codework/datasets/Training_Validation_Dataset_2024_Ajeet-20241107T105545Z-001/Training_Validation_Dataset_2024_Ajeet/caucasian_african_pt_dec_2023/291_2162117_Mobile Camera.jpg,0,1,0,1
/home/ajeet/codework/datasets/Training_Validation_Dataset_2024_Ajeet-20241107T105545Z-001/Training_Validation_Dataset_2024_Ajeet/caucasian_african_pt_dec_2023/2490_2165263_Imposter.jpg,1,1,0,1
/home/ajeet/codework/datasets/Training_Validation_Dataset_2024_Ajeet-20241107T105545Z-001/Training_Validation_Dataset_2024_Ajeet/caucasian_african_pt_dec_2023/260_2162108_Imposter.jpg,0,1,0,0
/home/ajeet/codework/datasets/Training_Validation_Dataset_2024_Ajeet-20241107T105545Z-001/Training_Validation_Dataset_2024_Ajeet/caucasian_african_pt_dec_2023/2430_2165189_Mobile Camera.jpg,1,0,1,1
/home/ajeet/codework/datasets/Training_Validation_Dataset_2024_Ajeet-20241107T105545Z-001/Training_Validation_Dataset_2024_Ajeet/caucasian_african_pt_dec_2023/435_2162132_Imposter.jpg,1,1,0,1
/home/ajeet/codework/datasets/Training_Validation_Dataset_2024_Ajeet-20241107T105545Z-001/Training_Validation_Dataset_2024_Ajeet/caucasian_african_pt_dec_2023/1567_2163614_Mobile Camera.jpg,1,1,1,1
/home/ajeet/codework/datasets/Training_Validation_Dataset_2024_Ajeet-20241107T105545Z-001/Training_Validation_Dataset_2024_Ajeet/caucasian_african_pt_dec_2023/746_2162304_Imposter.jpg,1,1,0,0
/home/ajeet/codework/datasets/Training_Validation_Dataset_2024_Ajeet-20241107T105545Z-001/Training_Validation_Dataset_2024_Ajeet/caucasian_african_pt_dec_2023/2087_2164994_Imposter.jpg,1,1,0,0
/home/ajeet/codework/datasets/Training_Validation_Dataset_2024_Ajeet-20241107T105545Z-001/Training_Validation_Dataset_2024_Ajeet/caucasian_african_pt_dec_2023/1489_2163502_Mobile Camera.jpg,1,1,0,1
/home/ajeet/codework/datasets/Training_Validation_Dataset_2024_Ajeet-20241107T105545Z-001/Training_Validation_Dataset_2024_Ajeet/caucasian_african_pt_dec_2023/2819_2165388_Mobile Camera.jpg,1,1,0,1
/home/ajeet/codework/datasets/Training_Validation_Dataset_2024_Ajeet-20241107T105545Z-001/Training_Validation_Dataset_2024_Ajeet/caucasian_african_pt_dec_2023/2528_2165263_Imposter.jpg,1,1,0,0
/home/ajeet/codework/datasets/Training_Validation_Dataset_2024_Ajeet-20241107T105545Z-001/Training_Validation_Dataset_2024_Ajeet/caucasian_african_pt_dec_2023/897_2162361_FVE - No Face Detected.jpg,1,1,0,0
/home/ajeet/codework/datasets/Training_Validation_Dataset_2024_Ajeet-20241107T105545Z-001/Training_Validation_Dataset_2024_Ajeet/caucasian_african_pt_dec_2023/1148_2162985_Imposter.jpg,1,1,0,0
/home/ajeet/codework/datasets/Training_Validation_Dataset_2024_Ajeet-20241107T105545Z-001/Training_Validation_Dataset_2024_Ajeet/caucasian_african_pt_dec_2023/2611_2165275_Imposter.jpg,1,1,0,0
/home/ajeet/codework/datasets/Training_Validation_Dataset_2024_Ajeet-20241107T105545Z-001/Training_Validation_Dataset_2024_Ajeet/caucasian_african_pt_dec_2023/1246_2163235_Imposter.jpg,0,1,0,0
/home/ajeet/codework/datasets/Training_Validation_Dataset_2024_Ajeet-20241107T105545Z-001/Training_Validation_Dataset_2024_Ajeet/caucasian_african_pt_dec_2023/317_2162120_Mobile Camera.jpg,1,1,1,1
/home/ajeet/codework/datasets/Training_Validation_Dataset_2024_Ajeet-20241107T105545Z-001/Training_Validation_Dataset_2024_Ajeet/caucasian_african_pt_dec_2023/524_2162224_Imposter.jpg,1,1,0,0
/home/ajeet/codework/datasets/Training_Validation_Dataset_2024_Ajeet-20241107T105545Z-001/Training_Validation_Dataset_2024_Ajeet/caucasian_african_pt_dec_2023/483_2162174_Imposter.jpg,1,1,0,0
/home/ajeet/codework/datasets/Training_Validation_Dataset_2024_Ajeet-20241107T105545Z-001/Training_Validation_Dataset_2024_Ajeet/caucasian_african_pt_dec_2023/2525_2165263_Imposter.jpg,1,1,0,0
/home/ajeet/codework/datasets/Training_Validation_Dataset_2024_Ajeet-20241107T105545Z-001/Training_Validation_Dataset_2024_Ajeet/caucasian_african_pt_dec_2023/2474_2165263_Imposter.jpg,1,1,0,0
/home/ajeet/codework/datasets/Training_Validation_Dataset_2024_Ajeet-20241107T105545Z-001/Training_Validation_Dataset_2024_Ajeet/caucasian_african_pt_dec_2023/1659_2163708_Imposter.jpg,1,1,0,0
/home/ajeet/codework/datasets/Training_Validation_Dataset_2024_Ajeet-20241107T105545Z-001/Training_Validation_Dataset_2024_Ajeet/caucasian_african_pt_dec_2023/2828_2165415_Mobile Camera.jpg,1,1,0,1
/home/ajeet/codework/datasets/Training_Validation_Dataset_2024_Ajeet-20241107T105545Z-001/Training_Validation_Dataset_2024_Ajeet/caucasian_african_pt_dec_2023/2103_2164994_Imposter.jpg,1,1,0,0
/home/ajeet/codework/datasets/Training_Validation_Dataset_2024_Ajeet-20241107T105545Z-001/Training_Validation_Dataset_2024_Ajeet/caucasian_african_pt_dec_2023/2719_2165326_Imposter.jpg,1,1,0,0
/home/ajeet/codework/datasets/Training_Validation_Dataset_2024_Ajeet-20241107T105545Z-001/Training_Validation_Dataset_2024_Ajeet/caucasian_african_pt_dec_2023/1067_2162551_Mobile Camera.jpg,1,1,1,1
/home/ajeet/codework/datasets/Training_Validation_Dataset_2024_Ajeet-20241107T105545Z-001/Training_Validation_Dataset_2024_Ajeet/caucasian_african_pt_dec_2023/351_2162125_Imposter.jpg,0,1,0,0
/home/ajeet/codework/datasets/Training_Validation_Dataset_2024_Ajeet-20241107T105545Z-001/Training_Validation_Dataset_2024_Ajeet/caucasian_african_pt_dec_2023/523_2162216_Imposter.jpg,1,1,0,0
/home/ajeet/codework/datasets/Training_Validation_Dataset_2024_Ajeet-20241107T105545Z-001/Training_Validation_Dataset_2024_Ajeet/caucasian_african_pt_dec_2023/2720_2165326_Imposter.jpg,0,1,0,0
/home/ajeet/codework/datasets/Training_Validation_Dataset_2024_Ajeet-20241107T105545Z-001/Training_Validation_Dataset_2024_Ajeet/caucasian_african_pt_dec_2023/61_2162050_Imposter.jpg,0,1,0,0
/home/ajeet/codework/datasets/Training_Validation_Dataset_2024_Ajeet-20241107T105545Z-001/Training_Validation_Dataset_2024_Ajeet/caucasian_african_pt_dec_2023/838_2162314_Imposter.jpg,1,1,0,0
/home/ajeet/codework/datasets/Training_Validation_Dataset_2024_Ajeet-20241107T105545Z-001/Training_Validation_Dataset_2024_Ajeet/caucasian_african_pt_dec_2023/211_2162093_Mobile Camera.jpg,0,1,0,0
/home/ajeet/codework/datasets/Training_Validation_Dataset_2024_Ajeet-20241107T105545Z-001/Training_Validation_Dataset_2024_Ajeet/caucasian_african_pt_dec_2023/1369_2163317_Mobile Camera.jpg,1,1,0,1
/home/ajeet/codework/datasets/Training_Validation_Dataset_2024_Ajeet-20241107T105545Z-001/Training_Validation_Dataset_2024_Ajeet/caucasian_african_pt_dec_2023/1585_2163632_Imposter.jpg,1,1,0,0
/home/ajeet/codework/datasets/Training_Validation_Dataset_2024_Ajeet-20241107T105545Z-001/Training_Validation_Dataset_2024_Ajeet/caucasian_african_pt_dec_2023/1112_2162762_FVE - No Face Detected.jpg,1,1,0,0
/home/ajeet/codework/datasets/Training_Validation_Dataset_2024_Ajeet-20241107T105545Z-001/Training_Validation_Dataset_2024_Ajeet/caucasian_african_pt_dec_2023/2057_2164993_Mobile Camera.jpg,1,0,0,1
/home/ajeet/codework/datasets/Training_Validation_Dataset_2024_Ajeet-20241107T105545Z-001/Training_Validation_Dataset_2024_Ajeet/caucasian_african_pt_dec_2023/561_2162224_Imposter.jpg,1,1,0,0
/home/ajeet/codework/datasets/Training_Validation_Dataset_2024_Ajeet-20241107T105545Z-001/Training_Validation_Dataset_2024_Ajeet/caucasian_african_pt_dec_2023/46_2162050_Imposter.jpg,0,1,0,0
/home/ajeet/codework/datasets/Training_Validation_Dataset_2024_Ajeet-20241107T105545Z-001/Training_Validation_Dataset_2024_Ajeet/caucasian_african_pt_dec_2023/2078_2164994_Imposter.jpg,1,1,0,0
/home/ajeet/codework/datasets/Training_Validation_Dataset_2024_Ajeet-20241107T105545Z-001/Training_Validation_Dataset_2024_Ajeet/caucasian_african_pt_dec_2023/2732_2165327_Imposter.jpg,1,1,0,0
/home/ajeet/codework/datasets/Training_Validation_Dataset_2024_Ajeet-20241107T105545Z-001/Training_Validation_Dataset_2024_Ajeet/caucasian_african_pt_dec_2023/1873_2164929_Mobile Camera.jpg,1,1,0,1
/home/ajeet/codework/datasets/Training_Validation_Dataset_2024_Ajeet-20241107T105545Z-001/Training_Validation_Dataset_2024_Ajeet/caucasian_african_pt_dec_2023/194_2162089_Imposter.jpg,1,1,0,0
/home/ajeet/codework/datasets/Training_Validation_Dataset_2024_Ajeet-20241107T105545Z-001/Training_Validation_Dataset_2024_Ajeet/caucasian_african_pt_dec_2023/1803_2164869_Imposter.jpg,1,1,0,0
/home/ajeet/codework/datasets/Training_Validation_Dataset_2024_Ajeet-20241107T105545Z-001/Training_Validation_Dataset_2024_Ajeet/caucasian_african_pt_dec_2023/469_2162163_Mobile Camera.jpg,0,1,0,1
/home/ajeet/codework/datasets/Training_Validation_Dataset_2024_Ajeet-20241107T105545Z-001/Training_Validation_Dataset_2024_Ajeet/caucasian_african_pt_dec_2023/1262_2163240_Imposter.jpg,1,1,0,0
/home/ajeet/codework/datasets/Training_Validation_Dataset_2024_Ajeet-20241107T105545Z-001/Training_Validation_Dataset_2024_Ajeet/caucasian_african_pt_dec_2023/144_2162067_Multiple people.jpg,1,1,0,1
/home/ajeet/codework/datasets/Training_Validation_Dataset_2024_Ajeet-20241107T105545Z-001/Training_Validation_Dataset_2024_Ajeet/caucasian_african_pt_dec_2023/532_2162224_Imposter.jpg,1,1,0,0
/home/ajeet/codework/datasets/Training_Validation_Dataset_2024_Ajeet-20241107T105545Z-001/Training_Validation_Dataset_2024_Ajeet/caucasian_african_pt_dec_2023/1566_2163607_Imposter.jpg,1,1,0,0
/home/ajeet/codework/datasets/Training_Validation_Dataset_2024_Ajeet-20241107T105545Z-001/Training_Validation_Dataset_2024_Ajeet/caucasian_african_pt_dec_2023/2812_2165387_Imposter.jpg,0,1,0,0
/home/ajeet/codework/datasets/Training_Validation_Dataset_2024_Ajeet-20241107T105545Z-001/Training_Validation_Dataset_2024_Ajeet/caucasian_african_pt_dec_2023/947_2162410_Mobile Camera.jpg,1,1,1,1
/home/ajeet/codework/datasets/Training_Validation_Dataset_2024_Ajeet-20241107T105545Z-001/Training_Validation_Dataset_2024_Ajeet/caucasian_african_pt_dec_2023/703_2162304_Imposter.jpg,1,1,0,0
/home/ajeet/codework/datasets/Training_Validation_Dataset_2024_Ajeet-20241107T105545Z-001/Training_Validation_Dataset_2024_Ajeet/caucasian_african_pt_dec_2023/0_2162025_Imposter.jpg,1,1,0,0
/home/ajeet/codework/datasets/Training_Validation_Dataset_2024_Ajeet-20241107T105545Z-001/Training_Validation_Dataset_2024_Ajeet/caucasian_african_pt_dec_2023/2374_2165110_FVE - No Face Detected.jpg,1,1,0,0
/home/ajeet/codework/datasets/Training_Validation_Dataset_2024_Ajeet-20241107T105545Z-001/Training_Validation_Dataset_2024_Ajeet/caucasian_african_pt_dec_2023/755_2162304_Imposter.jpg,1,1,0,0
/home/ajeet/codework/datasets/Training_Validation_Dataset_2024_Ajeet-20241107T105545Z-001/Training_Validation_Dataset_2024_Ajeet/caucasian_african_pt_dec_2023/2219_2165016_Mobile Camera.jpg,1,1,0,1
/home/ajeet/codework/datasets/Training_Validation_Dataset_2024_Ajeet-20241107T105545Z-001/Training_Validation_Dataset_2024_Ajeet/caucasian_african_pt_dec_2023/1256_2163240_Imposter.jpg,1,1,0,0
/home/ajeet/codework/datasets/Training_Validation_Dataset_2024_Ajeet-20241107T105545Z-001/Training_Validation_Dataset_2024_Ajeet/caucasian_african_pt_dec_2023/1987_2164972_Imposter.jpg,1,1,0,0
/home/ajeet/codework/datasets/Training_Validation_Dataset_2024_Ajeet-20241107T105545Z-001/Training_Validation_Dataset_2024_Ajeet/caucasian_african_pt_dec_2023/196_2162093_Imposter.jpg,0,1,0,1
/home/ajeet/codework/datasets/Training_Validation_Dataset_2024_Ajeet-20241107T105545Z-001/Training_Validation_Dataset_2024_Ajeet/caucasian_african_pt_dec_2023/981_2162472_FVE - No Face Detected.jpg,1,0,0,0
/home/ajeet/codework/datasets/Training_Validation_Dataset_2024_Ajeet-20241107T105545Z-001/Training_Validation_Dataset_2024_Ajeet/caucasian_african_pt_dec_2023/1146_2162979_Imposter.jpg,1,1,0,0
/home/ajeet/codework/datasets/Training_Validation_Dataset_2024_Ajeet-20241107T105545Z-001/Training_Validation_Dataset_2024_Ajeet/caucasian_african_pt_dec_2023/2381_2165110_Imposter.jpg,1,1,0,0
/home/ajeet/codework/datasets/Training_Validation_Dataset_2024_Ajeet-20241107T105545Z-001/Training_Validation_Dataset_2024_Ajeet/caucasian_african_pt_dec_2023/665_2162304_Imposter.jpg,1,1,0,0
/home/ajeet/codework/datasets/Training_Validation_Dataset_2024_Ajeet-20241107T105545Z-001/Training_Validation_Dataset_2024_Ajeet/caucasian_african_pt_dec_2023/2294_2165059_Mobile Camera.jpg,1,1,0,1
/home/ajeet/codework/datasets/Training_Validation_Dataset_2024_Ajeet-20241107T105545Z-001/Training_Validation_Dataset_2024_Ajeet/caucasian_african_pt_dec_2023/821_2162309_Mobile Camera.jpg,1,1,0,1
/home/ajeet/codework/datasets/Training_Validation_Dataset_2024_Ajeet-20241107T105545Z-001/Training_Validation_Dataset_2024_Ajeet/caucasian_african_pt_dec_2023/489_2162174_Mobile Camera.jpg,1,1,0,1
/home/ajeet/codework/datasets/Training_Validation_Dataset_2024_Ajeet-20241107T105545Z-001/Training_Validation_Dataset_2024_Ajeet/caucasian_african_pt_dec_2023/1045_2162522_Multiple people.jpg,1,1,0,0
/home/ajeet/codework/datasets/Training_Validation_Dataset_2024_Ajeet-20241107T105545Z-001/Training_Validation_Dataset_2024_Ajeet/caucasian_african_pt_dec_2023/965_2162442_Mobile Camera.jpg,1,0,0,1
/home/ajeet/codework/datasets/Training_Validation_Dataset_2024_Ajeet-20241107T105545Z-001/Training_Validation_Dataset_2024_Ajeet/caucasian_african_pt_dec_2023/436_2162132_Mobile Camera.jpg,1,1,1,1
/home/ajeet/codework/datasets/Training_Validation_Dataset_2024_Ajeet-20241107T105545Z-001/Training_Validation_Dataset_2024_Ajeet/caucasian_african_pt_dec_2023/99_2162064_Mobile Camera.jpg,1,1,1,1
/home/ajeet/codework/datasets/Training_Validation_Dataset_2024_Ajeet-20241107T105545Z-001/Training_Validation_Dataset_2024_Ajeet/caucasian_african_pt_dec_2023/540_2162224_Mobile Camera.jpg,1,1,1,0
/home/ajeet/codework/datasets/Training_Validation_Dataset_2024_Ajeet-20241107T105545Z-001/Training_Validation_Dataset_2024_Ajeet/caucasian_african_pt_dec_2023/2123_2164995_Imposter.jpg,1,1,0,0
/home/ajeet/codework/datasets/Training_Validation_Dataset_2024_Ajeet-20241107T105545Z-001/Training_Validation_Dataset_2024_Ajeet/caucasian_african_pt_dec_2023/1436_2163420_FVE - No Face Detected.jpg,1,1,0,0
/home/ajeet/codework/datasets/Training_Validation_Dataset_2024_Ajeet-20241107T105545Z-001/Training_Validation_Dataset_2024_Ajeet/caucasian_african_pt_dec_2023/2514_2165263_Imposter.jpg,1,1,0,0
/home/ajeet/codework/datasets/Training_Validation_Dataset_2024_Ajeet-20241107T105545Z-001/Training_Validation_Dataset_2024_Ajeet/caucasian_african_pt_dec_2023/190_2162083_Imposter.jpg,1,1,0,0
/home/ajeet/codework/datasets/Training_Validation_Dataset_2024_Ajeet-20241107T105545Z-001/Training_Validation_Dataset_2024_Ajeet/caucasian_african_pt_dec_2023/576_2162255_Mobile Camera.jpg,1,1,1,1
/home/ajeet/codework/datasets/Training_Validation_Dataset_2024_Ajeet-20241107T105545Z-001/Training_Validation_Dataset_2024_Ajeet/caucasian_african_pt_dec_2023/1311_2163259_Imposter.jpg,0,1,0,0
/home/ajeet/codework/datasets/Training_Validation_Dataset_2024_Ajeet-20241107T105545Z-001/Training_Validation_Dataset_2024_Ajeet/caucasian_african_pt_dec_2023/589_2162276_Imposter.jpg,0,1,0,0
/home/ajeet/codework/datasets/Training_Validation_Dataset_2024_Ajeet-20241107T105545Z-001/Training_Validation_Dataset_2024_Ajeet/caucasian_african_pt_dec_2023/2724_2165327_Imposter.jpg,1,1,0,0
/home/ajeet/codework/datasets/Training_Validation_Dataset_2024_Ajeet-20241107T105545Z-001/Training_Validation_Dataset_2024_Ajeet/caucasian_african_pt_dec_2023/1260_2163240_Imposter.jpg,1,1,0,0
/home/ajeet/codework/datasets/Training_Validation_Dataset_2024_Ajeet-20241107T105545Z-001/Training_Validation_Dataset_2024_Ajeet/caucasian_african_pt_dec_2023/982_2162475_Imposter.jpg,1,1,0,0
/home/ajeet/codework/datasets/Training_Validation_Dataset_2024_Ajeet-20241107T105545Z-001/Training_Validation_Dataset_2024_Ajeet/caucasian_african_pt_dec_2023/364_2162129_Imposter.jpg,1,0,0,0
/home/ajeet/codework/datasets/Training_Validation_Dataset_2024_Ajeet-20241107T105545Z-001/Training_Validation_Dataset_2024_Ajeet/caucasian_african_pt_dec_2023/2051_2164993_Mobile Camera.jpg,1,1,0,1
/home/ajeet/codework/datasets/Training_Validation_Dataset_2024_Ajeet-20241107T105545Z-001/Training_Validation_Dataset_2024_Ajeet/caucasian_african_pt_dec_2023/1_2162025_Mobile Camera.jpg,1,1,0,1
/home/ajeet/codework/datasets/Training_Validation_Dataset_2024_Ajeet-20241107T105545Z-001/Training_Validation_Dataset_2024_Ajeet/caucasian_african_pt_dec_2023/1409_2163381_Imposter.jpg,0,1,0,0
/home/ajeet/codework/datasets/Training_Validation_Dataset_2024_Ajeet-20241107T105545Z-001/Training_Validation_Dataset_2024_Ajeet/caucasian_african_pt_dec_2023/1564_2163607_Imposter.jpg,1,1,0,0
/home/ajeet/codework/datasets/Training_Validation_Dataset_2024_Ajeet-20241107T105545Z-001/Training_Validation_Dataset_2024_Ajeet/caucasian_african_pt_dec_2023/2189_2165010_Imposter.jpg,1,1,0,0
/home/ajeet/codework/datasets/Training_Validation_Dataset_2024_Ajeet-20241107T105545Z-001/Training_Validation_Dataset_2024_Ajeet/caucasian_african_pt_dec_2023/1491_2163502_Multiple people.jpg,1,1,0,0
/home/ajeet/codework/datasets/Training_Validation_Dataset_2024_Ajeet-20241107T105545Z-001/Training_Validation_Dataset_2024_Ajeet/caucasian_african_pt_dec_2023/2400_2165169_Imposter.jpg,0,1,0,0
/home/ajeet/codework/datasets/Training_Validation_Dataset_2024_Ajeet-20241107T105545Z-001/Training_Validation_Dataset_2024_Ajeet/caucasian_african_pt_dec_2023/488_2162174_Imposter.jpg,1,1,0,0
/home/ajeet/codework/datasets/Training_Validation_Dataset_2024_Ajeet-20241107T105545Z-001/Training_Validation_Dataset_2024_Ajeet/caucasian_african_pt_dec_2023/2662_2165275_Imposter.jpg,1,1,0,0
/home/ajeet/codework/datasets/Training_Validation_Dataset_2024_Ajeet-20241107T105545Z-001/Training_Validation_Dataset_2024_Ajeet/caucasian_african_pt_dec_2023/2638_2165275_Imposter.jpg,1,1,0,0
/home/ajeet/codework/datasets/Training_Validation_Dataset_2024_Ajeet-20241107T105545Z-001/Training_Validation_Dataset_2024_Ajeet/caucasian_african_pt_dec_2023/2165_2165005_Imposter.jpg,1,1,0,1
/home/ajeet/codework/datasets/Training_Validation_Dataset_2024_Ajeet-20241107T105545Z-001/Training_Validation_Dataset_2024_Ajeet/caucasian_african_pt_dec_2023/1934_2164953_Imposter.jpg,1,1,0,0
/home/ajeet/codework/datasets/Training_Validation_Dataset_2024_Ajeet-20241107T105545Z-001/Training_Validation_Dataset_2024_Ajeet/caucasian_african_pt_dec_2023/652_2162297_Imposter.jpg,1,1,0,0
/home/ajeet/codework/datasets/Training_Validation_Dataset_2024_Ajeet-20241107T105545Z-001/Training_Validation_Dataset_2024_Ajeet/caucasian_african_pt_dec_2023/2143_2164999_Mobile Camera.jpg,1,1,0,1
/home/ajeet/codework/datasets/Training_Validation_Dataset_2024_Ajeet-20241107T105545Z-001/Training_Validation_Dataset_2024_Ajeet/caucasian_african_pt_dec_2023/1935_2164953_Imposter.jpg,1,1,0,0
/home/ajeet/codework/datasets/Training_Validation_Dataset_2024_Ajeet-20241107T105545Z-001/Training_Validation_Dataset_2024_Ajeet/caucasian_african_pt_dec_2023/753_2162304_Imposter.jpg,1,1,0,0
/home/ajeet/codework/datasets/Training_Validation_Dataset_2024_Ajeet-20241107T105545Z-001/Training_Validation_Dataset_2024_Ajeet/caucasian_african_pt_dec_2023/1617_2163655_Imposter.jpg,1,1,0,1
/home/ajeet/codework/datasets/Training_Validation_Dataset_2024_Ajeet-20241107T105545Z-001/Training_Validation_Dataset_2024_Ajeet/caucasian_african_pt_dec_2023/2681_2165285_Mobile Camera.jpg,1,1,0,1
/home/ajeet/codework/datasets/Training_Validation_Dataset_2024_Ajeet-20241107T105545Z-001/Training_Validation_Dataset_2024_Ajeet/caucasian_african_pt_dec_2023/2829_2165415_FVE - No Face Detected.jpg,1,1,1,1
/home/ajeet/codework/datasets/Training_Validation_Dataset_2024_Ajeet-20241107T105545Z-001/Training_Validation_Dataset_2024_Ajeet/caucasian_african_pt_dec_2023/2560_2165272_Mobile Camera.jpg,1,1,1,1
/home/ajeet/codework/datasets/Training_Validation_Dataset_2024_Ajeet-20241107T105545Z-001/Training_Validation_Dataset_2024_Ajeet/caucasian_african_pt_dec_2023/1985_2164972_Mobile Camera.jpg,1,1,1,1
/home/ajeet/codework/datasets/Training_Validation_Dataset_2024_Ajeet-20241107T105545Z-001/Training_Validation_Dataset_2024_Ajeet/caucasian_african_pt_dec_2023/604_2162283_Mobile Camera.jpg,0,1,0,1
/home/ajeet/codework/datasets/Training_Validation_Dataset_2024_Ajeet-20241107T105545Z-001/Training_Validation_Dataset_2024_Ajeet/caucasian_african_pt_dec_2023/2006_2164972_FVE - No Face Detected.jpg,1,1,0,0
/home/ajeet/codework/datasets/Training_Validation_Dataset_2024_Ajeet-20241107T105545Z-001/Training_Validation_Dataset_2024_Ajeet/caucasian_african_pt_dec_2023/2076_2164994_Imposter.jpg,1,1,0,0
/home/ajeet/codework/datasets/Training_Validation_Dataset_2024_Ajeet-20241107T105545Z-001/Training_Validation_Dataset_2024_Ajeet/caucasian_african_pt_dec_2023/1088_2162650_Imposter.jpg,1,1,0,0
/home/ajeet/codework/datasets/Training_Validation_Dataset_2024_Ajeet-20241107T105545Z-001/Training_Validation_Dataset_2024_Ajeet/caucasian_african_pt_dec_2023/1964_2164956_Imposter.jpg,1,1,0,0
/home/ajeet/codework/datasets/Training_Validation_Dataset_2024_Ajeet-20241107T105545Z-001/Training_Validation_Dataset_2024_Ajeet/caucasian_african_pt_dec_2023/1058_2162526_Mobile Camera.jpg,1,0,1,1
/home/ajeet/codework/datasets/Training_Validation_Dataset_2024_Ajeet-20241107T105545Z-001/Training_Validation_Dataset_2024_Ajeet/caucasian_african_pt_dec_2023/1632_2163656_Imposter.jpg,1,0,0,1
/home/ajeet/codework/datasets/Training_Validation_Dataset_2024_Ajeet-20241107T105545Z-001/Training_Validation_Dataset_2024_Ajeet/caucasian_african_pt_dec_2023/2600_2165275_Imposter.jpg,1,1,0,0
/home/ajeet/codework/datasets/Training_Validation_Dataset_2024_Ajeet-20241107T105545Z-001/Training_Validation_Dataset_2024_Ajeet/caucasian_african_pt_dec_2023/2293_2165059_FVE - No Face Detected.jpg,1,1,0,0
/home/ajeet/codework/datasets/Training_Validation_Dataset_2024_Ajeet-20241107T105545Z-001/Training_Validation_Dataset_2024_Ajeet/caucasian_african_pt_dec_2023/1300_2163250_Imposter.jpg,1,1,0,1
/home/ajeet/codework/datasets/Training_Validation_Dataset_2024_Ajeet-20241107T105545Z-001/Training_Validation_Dataset_2024_Ajeet/caucasian_african_pt_dec_2023/1818_2164903_Imposter.jpg,0,1,0,0
/home/ajeet/codework/datasets/Training_Validation_Dataset_2024_Ajeet-20241107T105545Z-001/Training_Validation_Dataset_2024_Ajeet/caucasian_african_pt_dec_2023/1725_2163956_Imposter.jpg,0,1,0,0
/home/ajeet/codework/datasets/Training_Validation_Dataset_2024_Ajeet-20241107T105545Z-001/Training_Validation_Dataset_2024_Ajeet/caucasian_african_pt_dec_2023/1265_2163240_Imposter.jpg,1,1,0,0
/home/ajeet/codework/datasets/Training_Validation_Dataset_2024_Ajeet-20241107T105545Z-001/Training_Validation_Dataset_2024_Ajeet/caucasian_african_pt_dec_2023/2014_2164976_Mobile Camera.jpg,1,1,0,1
/home/ajeet/codework/datasets/Training_Validation_Dataset_2024_Ajeet-20241107T105545Z-001/Training_Validation_Dataset_2024_Ajeet/caucasian_african_pt_dec_2023/729_2162304_Imposter.jpg,1,1,0,0
/home/ajeet/codework/datasets/Training_Validation_Dataset_2024_Ajeet-20241107T105545Z-001/Training_Validation_Dataset_2024_Ajeet/caucasian_african_pt_dec_2023/615_2162288_Imposter.jpg,1,1,0,0
/home/ajeet/codework/datasets/Training_Validation_Dataset_2024_Ajeet-20241107T105545Z-001/Training_Validation_Dataset_2024_Ajeet/caucasian_african_pt_dec_2023/2550_2165269_Mobile Camera.jpg,0,1,0,1
/home/ajeet/codework/datasets/Training_Validation_Dataset_2024_Ajeet-20241107T105545Z-001/Training_Validation_Dataset_2024_Ajeet/caucasian_african_pt_dec_2023/1410_2163381_Imposter.jpg,0,1,0,0
/home/ajeet/codework/datasets/Training_Validation_Dataset_2024_Ajeet-20241107T105545Z-001/Training_Validation_Dataset_2024_Ajeet/caucasian_african_pt_dec_2023/963_2162442_Mobile Camera.jpg,1,1,0,1
/home/ajeet/codework/datasets/Training_Validation_Dataset_2024_Ajeet-20241107T105545Z-001/Training_Validation_Dataset_2024_Ajeet/caucasian_african_pt_dec_2023/445_2162134_Mobile Camera.jpg,0,1,1,0
/home/ajeet/codework/datasets/Training_Validation_Dataset_2024_Ajeet-20241107T105545Z-001/Training_Validation_Dataset_2024_Ajeet/caucasian_african_pt_dec_2023/2429_2165189_Mobile Camera.jpg,0,1,0,1
/home/ajeet/codework/datasets/Training_Validation_Dataset_2024_Ajeet-20241107T105545Z-001/Training_Validation_Dataset_2024_Ajeet/caucasian_african_pt_dec_2023/1865_2164915_Mobile Camera.jpg,1,1,0,1
/home/ajeet/codework/datasets/Training_Validation_Dataset_2024_Ajeet-20241107T105545Z-001/Training_Validation_Dataset_2024_Ajeet/caucasian_african_pt_dec_2023/1032_2162503_Mobile Camera.jpg,1,1,0,0
/home/ajeet/codework/datasets/Training_Validation_Dataset_2024_Ajeet-20241107T105545Z-001/Training_Validation_Dataset_2024_Ajeet/caucasian_african_pt_dec_2023/1999_2164972_Mobile Camera.jpg,1,1,1,1
/home/ajeet/codework/datasets/Training_Validation_Dataset_2024_Ajeet-20241107T105545Z-001/Training_Validation_Dataset_2024_Ajeet/caucasian_african_pt_dec_2023/2402_2165169_Imposter.jpg,0,1,0,0
/home/ajeet/codework/datasets/Training_Validation_Dataset_2024_Ajeet-20241107T105545Z-001/Training_Validation_Dataset_2024_Ajeet/caucasian_african_pt_dec_2023/1635_2163656_Multiple people.jpg,1,1,0,0
/home/ajeet/codework/datasets/Training_Validation_Dataset_2024_Ajeet-20241107T105545Z-001/Training_Validation_Dataset_2024_Ajeet/caucasian_african_pt_dec_2023/1696_2163743_Mobile Camera.jpg,1,1,0,1
/home/ajeet/codework/datasets/Training_Validation_Dataset_2024_Ajeet-20241107T105545Z-001/Training_Validation_Dataset_2024_Ajeet/caucasian_african_pt_dec_2023/19_2162037_Mobile Camera.jpg,0,1,0,1
/home/ajeet/codework/datasets/Training_Validation_Dataset_2024_Ajeet-20241107T105545Z-001/Training_Validation_Dataset_2024_Ajeet/caucasian_african_pt_dec_2023/2004_2164972_Mobile Camera.jpg,1,1,1,1
/home/ajeet/codework/datasets/Training_Validation_Dataset_2024_Ajeet-20241107T105545Z-001/Training_Validation_Dataset_2024_Ajeet/caucasian_african_pt_dec_2023/768_2162304_Imposter.jpg,0,1,0,0
/home/ajeet/codework/datasets/Training_Validation_Dataset_2024_Ajeet-20241107T105545Z-001/Training_Validation_Dataset_2024_Ajeet/caucasian_african_pt_dec_2023/1674_2163737_Imposter.jpg,1,1,0,0
/home/ajeet/codework/datasets/Training_Validation_Dataset_2024_Ajeet-20241107T105545Z-001/Training_Validation_Dataset_2024_Ajeet/caucasian_african_pt_dec_2023/63_2162050_Imposter.jpg,0,1,0,0
/home/ajeet/codework/datasets/Training_Validation_Dataset_2024_Ajeet-20241107T105545Z-001/Training_Validation_Dataset_2024_Ajeet/caucasian_african_pt_dec_2023/1573_2163621_Mobile Camera.jpg,1,1,1,1
/home/ajeet/codework/datasets/Training_Validation_Dataset_2024_Ajeet-20241107T105545Z-001/Training_Validation_Dataset_2024_Ajeet/caucasian_african_pt_dec_2023/1912_2164945_FVE - No Face Detected.jpg,1,1,0,0
/home/ajeet/codework/datasets/Training_Validation_Dataset_2024_Ajeet-20241107T105545Z-001/Training_Validation_Dataset_2024_Ajeet/caucasian_african_pt_dec_2023/513_2162213_FVE - No Face Detected.jpg,1,1,0,0
/home/ajeet/codework/datasets/Training_Validation_Dataset_2024_Ajeet-20241107T105545Z-001/Training_Validation_Dataset_2024_Ajeet/caucasian_african_pt_dec_2023/1358_2163295_Imposter.jpg,1,1,0,0
/home/ajeet/codework/datasets/Training_Validation_Dataset_2024_Ajeet-20241107T105545Z-001/Training_Validation_Dataset_2024_Ajeet/caucasian_african_pt_dec_2023/2201_2165013_Mobile Camera.jpg,1,1,0,1
/home/ajeet/codework/datasets/Training_Validation_Dataset_2024_Ajeet-20241107T105545Z-001/Training_Validation_Dataset_2024_Ajeet/caucasian_african_pt_dec_2023/22_2162037_Mobile Camera.jpg,1,1,0,1
/home/ajeet/codework/datasets/Training_Validation_Dataset_2024_Ajeet-20241107T105545Z-001/Training_Validation_Dataset_2024_Ajeet/caucasian_african_pt_dec_2023/118_2162064_Mobile Camera.jpg,1,0,1,1
/home/ajeet/codework/datasets/Training_Validation_Dataset_2024_Ajeet-20241107T105545Z-001/Training_Validation_Dataset_2024_Ajeet/caucasian_african_pt_dec_2023/1196_2163051_Imposter.jpg,0,1,0,0
/home/ajeet/codework/datasets/Training_Validation_Dataset_2024_Ajeet-20241107T105545Z-001/Training_Validation_Dataset_2024_Ajeet/caucasian_african_pt_dec_2023/534_2162224_Imposter.jpg,1,1,0,0
/home/ajeet/codework/datasets/Training_Validation_Dataset_2024_Ajeet-20241107T105545Z-001/Training_Validation_Dataset_2024_Ajeet/caucasian_african_pt_dec_2023/1478_2163473_Mobile Camera.jpg,1,0,1,1
/home/ajeet/codework/datasets/Training_Validation_Dataset_2024_Ajeet-20241107T105545Z-001/Training_Validation_Dataset_2024_Ajeet/caucasian_african_pt_dec_2023/1752_2164152_Imposter.jpg,0,1,0,0
/home/ajeet/codework/datasets/Training_Validation_Dataset_2024_Ajeet-20241107T105545Z-001/Training_Validation_Dataset_2024_Ajeet/caucasian_african_pt_dec_2023/2146_2164999_Mobile Camera.jpg,0,1,0,1
/home/ajeet/codework/datasets/Training_Validation_Dataset_2024_Ajeet-20241107T105545Z-001/Training_Validation_Dataset_2024_Ajeet/caucasian_african_pt_dec_2023/950_2162433_Imposter.jpg,0,1,0,0
/home/ajeet/codework/datasets/Training_Validation_Dataset_2024_Ajeet-20241107T105545Z-001/Training_Validation_Dataset_2024_Ajeet/caucasian_african_pt_dec_2023/2535_2165267_Mobile Camera.jpg,1,1,0,1
/home/ajeet/codework/datasets/Training_Validation_Dataset_2024_Ajeet-20241107T105545Z-001/Training_Validation_Dataset_2024_Ajeet/caucasian_african_pt_dec_2023/2677_2165285_Mobile Camera.jpg,1,1,0,1
/home/ajeet/codework/datasets/Training_Validation_Dataset_2024_Ajeet-20241107T105545Z-001/Training_Validation_Dataset_2024_Ajeet/caucasian_african_pt_dec_2023/2628_2165275_Imposter.jpg,1,1,0,0
/home/ajeet/codework/datasets/Training_Validation_Dataset_2024_Ajeet-20241107T105545Z-001/Training_Validation_Dataset_2024_Ajeet/caucasian_african_pt_dec_2023/320_2162121_Mobile Camera.jpg,1,1,1,0
/home/ajeet/codework/datasets/Training_Validation_Dataset_2024_Ajeet-20241107T105545Z-001/Training_Validation_Dataset_2024_Ajeet/caucasian_african_pt_dec_2023/457_2162149_Imposter.jpg,1,1,0,1
/home/ajeet/codework/datasets/Training_Validation_Dataset_2024_Ajeet-20241107T105545Z-001/Training_Validation_Dataset_2024_Ajeet/caucasian_african_pt_dec_2023/1587_2163632_Imposter.jpg,1,1,0,0
/home/ajeet/codework/datasets/Training_Validation_Dataset_2024_Ajeet-20241107T105545Z-001/Training_Validation_Dataset_2024_Ajeet/caucasian_african_pt_dec_2023/1493_2163502_Multiple people.jpg,1,1,0,1
/home/ajeet/codework/datasets/Training_Validation_Dataset_2024_Ajeet-20241107T105545Z-001/Training_Validation_Dataset_2024_Ajeet/caucasian_african_pt_dec_2023/1421_2163397_Mobile Camera.jpg,1,1,0,1
/home/ajeet/codework/datasets/Training_Validation_Dataset_2024_Ajeet-20241107T105545Z-001/Training_Validation_Dataset_2024_Ajeet/caucasian_african_pt_dec_2023/151_2162067_Imposter.jpg,1,1,0,0
/home/ajeet/codework/datasets/Training_Validation_Dataset_2024_Ajeet-20241107T105545Z-001/Training_Validation_Dataset_2024_Ajeet/caucasian_african_pt_dec_2023/1904_2164945_Imposter.jpg,0,1,0,1
/home/ajeet/codework/datasets/Training_Validation_Dataset_2024_Ajeet-20241107T105545Z-001/Training_Validation_Dataset_2024_Ajeet/caucasian_african_pt_dec_2023/2522_2165263_Imposter.jpg,1,1,0,0
/home/ajeet/codework/datasets/Training_Validation_Dataset_2024_Ajeet-20241107T105545Z-001/Training_Validation_Dataset_2024_Ajeet/caucasian_african_pt_dec_2023/735_2162304_Imposter.jpg,1,1,0,1
/home/ajeet/codework/datasets/Training_Validation_Dataset_2024_Ajeet-20241107T105545Z-001/Training_Validation_Dataset_2024_Ajeet/caucasian_african_pt_dec_2023/1502_2163510_Imposter.jpg,1,1,0,0
/home/ajeet/codework/datasets/Training_Validation_Dataset_2024_Ajeet-20241107T105545Z-001/Training_Validation_Dataset_2024_Ajeet/caucasian_african_pt_dec_2023/29_2162050_Imposter.jpg,0,1,0,0
/home/ajeet/codework/datasets/Training_Validation_Dataset_2024_Ajeet-20241107T105545Z-001/Training_Validation_Dataset_2024_Ajeet/caucasian_african_pt_dec_2023/1942_2164955_Mobile Camera.jpg,1,1,0,1
/home/ajeet/codework/datasets/Training_Validation_Dataset_2024_Ajeet-20241107T105545Z-001/Training_Validation_Dataset_2024_Ajeet/caucasian_african_pt_dec_2023/2389_2165120_Mobile Camera.jpg,0,0,1,1
/home/ajeet/codework/datasets/Training_Validation_Dataset_2024_Ajeet-20241107T105545Z-001/Training_Validation_Dataset_2024_Ajeet/caucasian_african_pt_dec_2023/1633_2163656_Imposter.jpg,1,0,0,1
/home/ajeet/codework/datasets/Training_Validation_Dataset_2024_Ajeet-20241107T105545Z-001/Training_Validation_Dataset_2024_Ajeet/caucasian_african_pt_dec_2023/1744_2164112_FVE - No Face Detected.jpg,1,1,0,0
/home/ajeet/codework/datasets/Training_Validation_Dataset_2024_Ajeet-20241107T105545Z-001/Training_Validation_Dataset_2024_Ajeet/caucasian_african_pt_dec_2023/1393_2163380_Mobile Camera.jpg,0,1,0,0
/home/ajeet/codework/datasets/Training_Validation_Dataset_2024_Ajeet-20241107T105545Z-001/Training_Validation_Dataset_2024_Ajeet/caucasian_african_pt_dec_2023/1953_2164956_Mobile Camera.jpg,1,1,0,1
/home/ajeet/codework/datasets/Training_Validation_Dataset_2024_Ajeet-20241107T105545Z-001/Training_Validation_Dataset_2024_Ajeet/caucasian_african_pt_dec_2023/201_2162093_Mobile Camera.jpg,1,1,1,0
/home/ajeet/codework/datasets/Training_Validation_Dataset_2024_Ajeet-20241107T105545Z-001/Training_Validation_Dataset_2024_Ajeet/caucasian_african_pt_dec_2023/2303_2165084_Imposter.jpg,1,1,0,0
/home/ajeet/codework/datasets/Training_Validation_Dataset_2024_Ajeet-20241107T105545Z-001/Training_Validation_Dataset_2024_Ajeet/caucasian_african_pt_dec_2023/2532_2165267_Mobile Camera.jpg,1,1,0,1
/home/ajeet/codework/datasets/Training_Validation_Dataset_2024_Ajeet-20241107T105545Z-001/Training_Validation_Dataset_2024_Ajeet/caucasian_african_pt_dec_2023/1486_2163496_Mobile Camera.jpg,0,1,0,1
/home/ajeet/codework/datasets/Training_Validation_Dataset_2024_Ajeet-20241107T105545Z-001/Training_Validation_Dataset_2024_Ajeet/caucasian_african_pt_dec_2023/160_2162073_Imposter.jpg,0,1,0,0
/home/ajeet/codework/datasets/Training_Validation_Dataset_2024_Ajeet-20241107T105545Z-001/Training_Validation_Dataset_2024_Ajeet/caucasian_african_pt_dec_2023/1800_2164835_Mobile Camera.jpg,0,0,1,1
/home/ajeet/codework/datasets/Training_Validation_Dataset_2024_Ajeet-20241107T105545Z-001/Training_Validation_Dataset_2024_Ajeet/caucasian_african_pt_dec_2023/2029_2164987_Mobile Camera.jpg,1,1,0,1
/home/ajeet/codework/datasets/Training_Validation_Dataset_2024_Ajeet-20241107T105545Z-001/Training_Validation_Dataset_2024_Ajeet/caucasian_african_pt_dec_2023/1127_2162945_Multiple people.jpg,1,1,0,1
/home/ajeet/codework/datasets/Training_Validation_Dataset_2024_Ajeet-20241107T105545Z-001/Training_Validation_Dataset_2024_Ajeet/caucasian_african_pt_dec_2023/799_2162304_Imposter.jpg,1,1,0,0
/home/ajeet/codework/datasets/Training_Validation_Dataset_2024_Ajeet-20241107T105545Z-001/Training_Validation_Dataset_2024_Ajeet/caucasian_african_pt_dec_2023/1920_2164951_Mobile Camera.jpg,0,1,0,0
/home/ajeet/codework/datasets/Training_Validation_Dataset_2024_Ajeet-20241107T105545Z-001/Training_Validation_Dataset_2024_Ajeet/caucasian_african_pt_dec_2023/4_2162025_Imposter.jpg,1,1,0,1
/home/ajeet/codework/datasets/Training_Validation_Dataset_2024_Ajeet-20241107T105545Z-001/Training_Validation_Dataset_2024_Ajeet/caucasian_african_pt_dec_2023/687_2162304_Imposter.jpg,1,1,0,0
/home/ajeet/codework/datasets/Training_Validation_Dataset_2024_Ajeet-20241107T105545Z-001/Training_Validation_Dataset_2024_Ajeet/caucasian_african_pt_dec_2023/673_2162304_Imposter.jpg,0,1,0,0
/home/ajeet/codework/datasets/Training_Validation_Dataset_2024_Ajeet-20241107T105545Z-001/Training_Validation_Dataset_2024_Ajeet/caucasian_african_pt_dec_2023/2173_2165007_Mobile Camera.jpg,1,1,1,1
/home/ajeet/codework/datasets/Training_Validation_Dataset_2024_Ajeet-20241107T105545Z-001/Training_Validation_Dataset_2024_Ajeet/caucasian_african_pt_dec_2023/2649_2165275_Imposter.jpg,1,1,0,0
/home/ajeet/codework/datasets/Training_Validation_Dataset_2024_Ajeet-20241107T105545Z-001/Training_Validation_Dataset_2024_Ajeet/caucasian_african_pt_dec_2023/1364_2163300_Mobile Camera.jpg,1,1,0,1
/home/ajeet/codework/datasets/Training_Validation_Dataset_2024_Ajeet-20241107T105545Z-001/Training_Validation_Dataset_2024_Ajeet/caucasian_african_pt_dec_2023/1107_2162743_Mobile Camera.jpg,1,1,1,1
/home/ajeet/codework/datasets/Training_Validation_Dataset_2024_Ajeet-20241107T105545Z-001/Training_Validation_Dataset_2024_Ajeet/caucasian_african_pt_dec_2023/1468_2163473_Mobile Camera.jpg,1,1,1,1
/home/ajeet/codework/datasets/Training_Validation_Dataset_2024_Ajeet-20241107T105545Z-001/Training_Validation_Dataset_2024_Ajeet/caucasian_african_pt_dec_2023/1780_2164676_FVE - No Face Detected.jpg,1,1,0,0
/home/ajeet/codework/datasets/Training_Validation_Dataset_2024_Ajeet-20241107T105545Z-001/Training_Validation_Dataset_2024_Ajeet/caucasian_african_pt_dec_2023/1404_2163381_Imposter.jpg,0,1,0,0
/home/ajeet/codework/datasets/Training_Validation_Dataset_2024_Ajeet-20241107T105545Z-001/Training_Validation_Dataset_2024_Ajeet/caucasian_african_pt_dec_2023/1062_2162551_Imposter.jpg,1,1,0,0
/home/ajeet/codework/datasets/Training_Validation_Dataset_2024_Ajeet-20241107T105545Z-001/Training_Validation_Dataset_2024_Ajeet/caucasian_african_pt_dec_2023/1607_2163655_Imposter.jpg,1,1,0,0
/home/ajeet/codework/datasets/Training_Validation_Dataset_2024_Ajeet-20241107T105545Z-001/Training_Validation_Dataset_2024_Ajeet/caucasian_african_pt_dec_2023/1946_2164955_Imposter.jpg,0,1,0,0
/home/ajeet/codework/datasets/Training_Validation_Dataset_2024_Ajeet-20241107T105545Z-001/Training_Validation_Dataset_2024_Ajeet/caucasian_african_pt_dec_2023/108_2162064_Mobile Camera.jpg,1,1,1,1
/home/ajeet/codework/datasets/Training_Validation_Dataset_2024_Ajeet-20241107T105545Z-001/Training_Validation_Dataset_2024_Ajeet/caucasian_african_pt_dec_2023/2365_2165106_FVE - No Face Detected.jpg,1,1,0,0
/home/ajeet/codework/datasets/Training_Validation_Dataset_2024_Ajeet-20241107T105545Z-001/Training_Validation_Dataset_2024_Ajeet/caucasian_african_pt_dec_2023/766_2162304_Imposter.jpg,1,1,0,0
/home/ajeet/codework/datasets/Training_Validation_Dataset_2024_Ajeet-20241107T105545Z-001/Training_Validation_Dataset_2024_Ajeet/caucasian_african_pt_dec_2023/736_2162304_Imposter.jpg,1,1,0,0
/home/ajeet/codework/datasets/Training_Validation_Dataset_2024_Ajeet-20241107T105545Z-001/Training_Validation_Dataset_2024_Ajeet/caucasian_african_pt_dec_2023/2827_2165415_Mobile Camera.jpg,1,1,1,1
/home/ajeet/codework/datasets/Training_Validation_Dataset_2024_Ajeet-20241107T105545Z-001/Training_Validation_Dataset_2024_Ajeet/caucasian_african_pt_dec_2023/1462_2163473_Mobile Camera.jpg,1,1,1,1
/home/ajeet/codework/datasets/Training_Validation_Dataset_2024_Ajeet-20241107T105545Z-001/Training_Validation_Dataset_2024_Ajeet/caucasian_african_pt_dec_2023/1448_2163443_Imposter.jpg,1,1,0,0
/home/ajeet/codework/datasets/Training_Validation_Dataset_2024_Ajeet-20241107T105545Z-001/Training_Validation_Dataset_2024_Ajeet/caucasian_african_pt_dec_2023/1257_2163240_Imposter.jpg,1,1,0,0
/home/ajeet/codework/datasets/Training_Validation_Dataset_2024_Ajeet-20241107T105545Z-001/Training_Validation_Dataset_2024_Ajeet/caucasian_african_pt_dec_2023/2342_2165096_Imposter.jpg,1,0,0,0
/home/ajeet/codework/datasets/Training_Validation_Dataset_2024_Ajeet-20241107T105545Z-001/Training_Validation_Dataset_2024_Ajeet/caucasian_african_pt_dec_2023/986_2162475_Mobile Camera.jpg,1,0,0,1
/home/ajeet/codework/datasets/Training_Validation_Dataset_2024_Ajeet-20241107T105545Z-001/Training_Validation_Dataset_2024_Ajeet/caucasian_african_pt_dec_2023/935_2162410_Imposter.jpg,1,1,0,0
/home/ajeet/codework/datasets/Training_Validation_Dataset_2024_Ajeet-20241107T105545Z-001/Training_Validation_Dataset_2024_Ajeet/caucasian_african_pt_dec_2023/1044_2162520_Mobile Camera.jpg,0,1,1,1
/home/ajeet/codework/datasets/Training_Validation_Dataset_2024_Ajeet-20241107T105545Z-001/Training_Validation_Dataset_2024_Ajeet/caucasian_african_pt_dec_2023/831_2162309_Imposter.jpg,0,1,0,0
/home/ajeet/codework/datasets/Training_Validation_Dataset_2024_Ajeet-20241107T105545Z-001/Training_Validation_Dataset_2024_Ajeet/caucasian_african_pt_dec_2023/720_2162304_Imposter.jpg,1,1,0,0
/home/ajeet/codework/datasets/Training_Validation_Dataset_2024_Ajeet-20241107T105545Z-001/Training_Validation_Dataset_2024_Ajeet/caucasian_african_pt_dec_2023/2718_2165326_Imposter.jpg,1,1,0,0
/home/ajeet/codework/datasets/Training_Validation_Dataset_2024_Ajeet-20241107T105545Z-001/Training_Validation_Dataset_2024_Ajeet/caucasian_african_pt_dec_2023/1000_2162483_Imposter.jpg,1,1,0,0
/home/ajeet/codework/datasets/Training_Validation_Dataset_2024_Ajeet-20241107T105545Z-001/Training_Validation_Dataset_2024_Ajeet/caucasian_african_pt_dec_2023/967_2162442_Mobile Camera.jpg,0,1,0,1
/home/ajeet/codework/datasets/Training_Validation_Dataset_2024_Ajeet-20241107T105545Z-001/Training_Validation_Dataset_2024_Ajeet/caucasian_african_pt_dec_2023/1540_2163597_Imposter.jpg,1,1,0,0
/home/ajeet/codework/datasets/Training_Validation_Dataset_2024_Ajeet-20241107T105545Z-001/Training_Validation_Dataset_2024_Ajeet/caucasian_african_pt_dec_2023/812_2162309_Imposter.jpg,0,1,0,0
/home/ajeet/codework/datasets/Training_Validation_Dataset_2024_Ajeet-20241107T105545Z-001/Training_Validation_Dataset_2024_Ajeet/caucasian_african_pt_dec_2023/1710_2163773_Imposter.jpg,1,1,0,0
/home/ajeet/codework/datasets/Training_Validation_Dataset_2024_Ajeet-20241107T105545Z-001/Training_Validation_Dataset_2024_Ajeet/caucasian_african_pt_dec_2023/2127_2164997_Imposter.jpg,1,1,0,0
/home/ajeet/codework/datasets/Training_Validation_Dataset_2024_Ajeet-20241107T105545Z-001/Training_Validation_Dataset_2024_Ajeet/caucasian_african_pt_dec_2023/1159_2162989_FVE - No Face Detected.jpg,1,1,0,0
/home/ajeet/codework/datasets/Training_Validation_Dataset_2024_Ajeet-20241107T105545Z-001/Training_Validation_Dataset_2024_Ajeet/caucasian_african_pt_dec_2023/1599_2163652_Mobile Camera.jpg,0,0,1,1
/home/ajeet/codework/datasets/Training_Validation_Dataset_2024_Ajeet-20241107T105545Z-001/Training_Validation_Dataset_2024_Ajeet/caucasian_african_pt_dec_2023/2316_2165084_Imposter.jpg,1,1,0,0
/home/ajeet/codework/datasets/Training_Validation_Dataset_2024_Ajeet-20241107T105545Z-001/Training_Validation_Dataset_2024_Ajeet/caucasian_african_pt_dec_2023/1675_2163737_Imposter.jpg,1,1,0,0
/home/ajeet/codework/datasets/Training_Validation_Dataset_2024_Ajeet-20241107T105545Z-001/Training_Validation_Dataset_2024_Ajeet/caucasian_african_pt_dec_2023/1174_2163030_Mobile Camera.jpg,0,0,1,1
/home/ajeet/codework/datasets/Training_Validation_Dataset_2024_Ajeet-20241107T105545Z-001/Training_Validation_Dataset_2024_Ajeet/caucasian_african_pt_dec_2023/1460_2163460_Imposter.jpg,1,1,0,0
/home/ajeet/codework/datasets/Training_Validation_Dataset_2024_Ajeet-20241107T105545Z-001/Training_Validation_Dataset_2024_Ajeet/caucasian_african_pt_dec_2023/1319_2163271_Imposter.jpg,0,1,0,0
/home/ajeet/codework/datasets/Training_Validation_Dataset_2024_Ajeet-20241107T105545Z-001/Training_Validation_Dataset_2024_Ajeet/caucasian_african_pt_dec_2023/1292_2163250_Imposter.jpg,1,1,0,0
/home/ajeet/codework/datasets/Training_Validation_Dataset_2024_Ajeet-20241107T105545Z-001/Training_Validation_Dataset_2024_Ajeet/caucasian_african_pt_dec_2023/2745_2165327_Mobile Camera.jpg,1,1,0,1
/home/ajeet/codework/datasets/Training_Validation_Dataset_2024_Ajeet-20241107T105545Z-001/Training_Validation_Dataset_2024_Ajeet/caucasian_african_pt_dec_2023/860_2162330_Mobile Camera.jpg,1,1,0,1
/home/ajeet/codework/datasets/Training_Validation_Dataset_2024_Ajeet-20241107T105545Z-001/Training_Validation_Dataset_2024_Ajeet/caucasian_african_pt_dec_2023/1290_2163250_Imposter.jpg,1,1,0,0
/home/ajeet/codework/datasets/Training_Validation_Dataset_2024_Ajeet-20241107T105545Z-001/Training_Validation_Dataset_2024_Ajeet/caucasian_african_pt_dec_2023/1525_2163586_Mobile Camera.jpg,1,1,0,1
/home/ajeet/codework/datasets/Training_Validation_Dataset_2024_Ajeet-20241107T105545Z-001/Training_Validation_Dataset_2024_Ajeet/caucasian_african_pt_dec_2023/2186_2165010_Imposter.jpg,1,1,0,0
/home/ajeet/codework/datasets/Training_Validation_Dataset_2024_Ajeet-20241107T105545Z-001/Training_Validation_Dataset_2024_Ajeet/caucasian_african_pt_dec_2023/2804_2165386_Imposter.jpg,1,1,0,0
/home/ajeet/codework/datasets/Training_Validation_Dataset_2024_Ajeet-20241107T105545Z-001/Training_Validation_Dataset_2024_Ajeet/caucasian_african_pt_dec_2023/1712_2163773_Imposter.jpg,1,1,0,0
/home/ajeet/codework/datasets/Training_Validation_Dataset_2024_Ajeet-20241107T105545Z-001/Training_Validation_Dataset_2024_Ajeet/caucasian_african_pt_dec_2023/2226_2165018_Mobile Camera.jpg,1,0,0,0
/home/ajeet/codework/datasets/Training_Validation_Dataset_2024_Ajeet-20241107T105545Z-001/Training_Validation_Dataset_2024_Ajeet/caucasian_african_pt_dec_2023/1295_2163250_Imposter.jpg,1,1,0,0
/home/ajeet/codework/datasets/Training_Validation_Dataset_2024_Ajeet-20241107T105545Z-001/Training_Validation_Dataset_2024_Ajeet/caucasian_african_pt_dec_2023/1631_2163656_Imposter.jpg,1,0,0,1
/home/ajeet/codework/datasets/Training_Validation_Dataset_2024_Ajeet-20241107T105545Z-001/Training_Validation_Dataset_2024_Ajeet/caucasian_african_pt_dec_2023/2344_2165096_Imposter.jpg,1,0,0,0
/home/ajeet/codework/datasets/Training_Validation_Dataset_2024_Ajeet-20241107T105545Z-001/Training_Validation_Dataset_2024_Ajeet/caucasian_african_pt_dec_2023/738_2162304_Imposter.jpg,1,1,0,0
/home/ajeet/codework/datasets/Training_Validation_Dataset_2024_Ajeet-20241107T105545Z-001/Training_Validation_Dataset_2024_Ajeet/caucasian_african_pt_dec_2023/111_2162064_Mobile Camera.jpg,1,1,1,1
/home/ajeet/codework/datasets/Training_Validation_Dataset_2024_Ajeet-20241107T105545Z-001/Training_Validation_Dataset_2024_Ajeet/caucasian_african_pt_dec_2023/2482_2165263_Imposter.jpg,1,1,0,0
/home/ajeet/codework/datasets/Training_Validation_Dataset_2024_Ajeet-20241107T105545Z-001/Training_Validation_Dataset_2024_Ajeet/caucasian_african_pt_dec_2023/2485_2165263_Imposter.jpg,1,1,0,0
/home/ajeet/codework/datasets/Training_Validation_Dataset_2024_Ajeet-20241107T105545Z-001/Training_Validation_Dataset_2024_Ajeet/caucasian_african_pt_dec_2023/2652_2165275_Imposter.jpg,1,1,0,0
/home/ajeet/codework/datasets/Training_Validation_Dataset_2024_Ajeet-20241107T105545Z-001/Training_Validation_Dataset_2024_Ajeet/caucasian_african_pt_dec_2023/2277_2165034_Mobile Camera.jpg,1,1,0,1
/home/ajeet/codework/datasets/Training_Validation_Dataset_2024_Ajeet-20241107T105545Z-001/Training_Validation_Dataset_2024_Ajeet/caucasian_african_pt_dec_2023/809_2162304_Imposter.jpg,0,1,0,0
/home/ajeet/codework/datasets/Training_Validation_Dataset_2024_Ajeet-20241107T105545Z-001/Training_Validation_Dataset_2024_Ajeet/caucasian_african_pt_dec_2023/2455_2165214_Imposter.jpg,0,1,0,0
/home/ajeet/codework/datasets/Training_Validation_Dataset_2024_Ajeet-20241107T105545Z-001/Training_Validation_Dataset_2024_Ajeet/caucasian_african_pt_dec_2023/2597_2165275_Imposter.jpg,1,1,0,0
/home/ajeet/codework/datasets/Training_Validation_Dataset_2024_Ajeet-20241107T105545Z-001/Training_Validation_Dataset_2024_Ajeet/caucasian_african_pt_dec_2023/748_2162304_Imposter.jpg,1,1,0,0
/home/ajeet/codework/datasets/Training_Validation_Dataset_2024_Ajeet-20241107T105545Z-001/Training_Validation_Dataset_2024_Ajeet/caucasian_african_pt_dec_2023/2507_2165263_Imposter.jpg,1,1,0,0
/home/ajeet/codework/datasets/Training_Validation_Dataset_2024_Ajeet-20241107T105545Z-001/Training_Validation_Dataset_2024_Ajeet/caucasian_african_pt_dec_2023/1225_2163142_Imposter.jpg,1,1,0,0
/home/ajeet/codework/datasets/Training_Validation_Dataset_2024_Ajeet-20241107T105545Z-001/Training_Validation_Dataset_2024_Ajeet/caucasian_african_pt_dec_2023/517_2162214_FVE - No Face Detected.jpg,1,1,0,0
/home/ajeet/codework/datasets/Training_Validation_Dataset_2024_Ajeet-20241107T105545Z-001/Training_Validation_Dataset_2024_Ajeet/caucasian_african_pt_dec_2023/2177_2165009_Imposter.jpg,0,1,0,0
/home/ajeet/codework/datasets/Training_Validation_Dataset_2024_Ajeet-20241107T105545Z-001/Training_Validation_Dataset_2024_Ajeet/caucasian_african_pt_dec_2023/655_2162297_Imposter.jpg,1,1,0,0
/home/ajeet/codework/datasets/Training_Validation_Dataset_2024_Ajeet-20241107T105545Z-001/Training_Validation_Dataset_2024_Ajeet/caucasian_african_pt_dec_2023/1716_2163773_Imposter.jpg,1,1,0,0
/home/ajeet/codework/datasets/Training_Validation_Dataset_2024_Ajeet-20241107T105545Z-001/Training_Validation_Dataset_2024_Ajeet/caucasian_african_pt_dec_2023/1052_2162522_Mobile Camera.jpg,0,1,0,0
/home/ajeet/codework/datasets/Training_Validation_Dataset_2024_Ajeet-20241107T105545Z-001/Training_Validation_Dataset_2024_Ajeet/caucasian_african_pt_dec_2023/2766_2165373_Imposter.jpg,1,1,0,1
/home/ajeet/codework/datasets/Training_Validation_Dataset_2024_Ajeet-20241107T105545Z-001/Training_Validation_Dataset_2024_Ajeet/caucasian_african_pt_dec_2023/1509_2163518_Mobile Camera.jpg,1,1,0,1
/home/ajeet/codework/datasets/Training_Validation_Dataset_2024_Ajeet-20241107T105545Z-001/Training_Validation_Dataset_2024_Ajeet/caucasian_african_pt_dec_2023/1529_2163597_Imposter.jpg,1,1,0,0
/home/ajeet/codework/datasets/Training_Validation_Dataset_2024_Ajeet-20241107T105545Z-001/Training_Validation_Dataset_2024_Ajeet/caucasian_african_pt_dec_2023/41_2162050_Imposter.jpg,0,1,0,0
/home/ajeet/codework/datasets/Training_Validation_Dataset_2024_Ajeet-20241107T105545Z-001/Training_Validation_Dataset_2024_Ajeet/caucasian_african_pt_dec_2023/542_2162224_Imposter.jpg,0,1,0,0
/home/ajeet/codework/datasets/Training_Validation_Dataset_2024_Ajeet-20241107T105545Z-001/Training_Validation_Dataset_2024_Ajeet/caucasian_african_pt_dec_2023/226_2162093_Imposter.jpg,1,1,0,0
/home/ajeet/codework/datasets/Training_Validation_Dataset_2024_Ajeet-20241107T105545Z-001/Training_Validation_Dataset_2024_Ajeet/caucasian_african_pt_dec_2023/1031_2162503_Imposter.jpg,1,1,0,0
/home/ajeet/codework/datasets/Training_Validation_Dataset_2024_Ajeet-20241107T105545Z-001/Training_Validation_Dataset_2024_Ajeet/caucasian_african_pt_dec_2023/2351_2165100_Mobile Camera.jpg,1,1,0,0
/home/ajeet/codework/datasets/Training_Validation_Dataset_2024_Ajeet-20241107T105545Z-001/Training_Validation_Dataset_2024_Ajeet/caucasian_african_pt_dec_2023/1473_2163473_Imposter.jpg,1,1,0,0
/home/ajeet/codework/datasets/Training_Validation_Dataset_2024_Ajeet-20241107T105545Z-001/Training_Validation_Dataset_2024_Ajeet/caucasian_african_pt_dec_2023/2013_2164976_FVE - No Face Detected.jpg,1,1,0,0
/home/ajeet/codework/datasets/Training_Validation_Dataset_2024_Ajeet-20241107T105545Z-001/Training_Validation_Dataset_2024_Ajeet/caucasian_african_pt_dec_2023/633_2162288_Imposter.jpg,0,1,0,0
/home/ajeet/codework/datasets/Training_Validation_Dataset_2024_Ajeet-20241107T105545Z-001/Training_Validation_Dataset_2024_Ajeet/caucasian_african_pt_dec_2023/1249_2163240_Imposter.jpg,1,1,0,0
/home/ajeet/codework/datasets/Training_Validation_Dataset_2024_Ajeet-20241107T105545Z-001/Training_Validation_Dataset_2024_Ajeet/caucasian_african_pt_dec_2023/2145_2164999_Imposter.jpg,1,1,0,1
/home/ajeet/codework/datasets/Training_Validation_Dataset_2024_Ajeet-20241107T105545Z-001/Training_Validation_Dataset_2024_Ajeet/caucasian_african_pt_dec_2023/666_2162304_Imposter.jpg,1,1,0,0
/home/ajeet/codework/datasets/Training_Validation_Dataset_2024_Ajeet-20241107T105545Z-001/Training_Validation_Dataset_2024_Ajeet/caucasian_african_pt_dec_2023/83_2162061_Imposter.jpg,1,1,0,1
/home/ajeet/codework/datasets/Training_Validation_Dataset_2024_Ajeet-20241107T105545Z-001/Training_Validation_Dataset_2024_Ajeet/caucasian_african_pt_dec_2023/2138_2164997_Imposter.jpg,1,1,0,0
/home/ajeet/codework/datasets/Training_Validation_Dataset_2024_Ajeet-20241107T105545Z-001/Training_Validation_Dataset_2024_Ajeet/caucasian_african_pt_dec_2023/834_2162312_Mobile Camera.jpg,1,1,1,1
/home/ajeet/codework/datasets/Training_Validation_Dataset_2024_Ajeet-20241107T105545Z-001/Training_Validation_Dataset_2024_Ajeet/caucasian_african_pt_dec_2023/387_2162129_Imposter.jpg,1,1,0,0
/home/ajeet/codework/datasets/Training_Validation_Dataset_2024_Ajeet-20241107T105545Z-001/Training_Validation_Dataset_2024_Ajeet/caucasian_african_pt_dec_2023/185_2162083_Imposter.jpg,0,1,0,0
/home/ajeet/codework/datasets/Training_Validation_Dataset_2024_Ajeet-20241107T105545Z-001/Training_Validation_Dataset_2024_Ajeet/caucasian_african_pt_dec_2023/1988_2164972_Imposter.jpg,1,1,0,0
/home/ajeet/codework/datasets/Training_Validation_Dataset_2024_Ajeet-20241107T105545Z-001/Training_Validation_Dataset_2024_Ajeet/caucasian_african_pt_dec_2023/1634_2163656_Multiple people.jpg,1,1,0,0
/home/ajeet/codework/datasets/Training_Validation_Dataset_2024_Ajeet-20241107T105545Z-001/Training_Validation_Dataset_2024_Ajeet/caucasian_african_pt_dec_2023/2001_2164972_Mobile Camera.jpg,1,1,1,1
/home/ajeet/codework/datasets/Training_Validation_Dataset_2024_Ajeet-20241107T105545Z-001/Training_Validation_Dataset_2024_Ajeet/caucasian_african_pt_dec_2023/2131_2164997_Imposter.jpg,1,1,0,0
/home/ajeet/codework/datasets/Training_Validation_Dataset_2024_Ajeet-20241107T105545Z-001/Training_Validation_Dataset_2024_Ajeet/caucasian_african_pt_dec_2023/45_2162050_Imposter.jpg,0,1,0,0
/home/ajeet/codework/datasets/Training_Validation_Dataset_2024_Ajeet-20241107T105545Z-001/Training_Validation_Dataset_2024_Ajeet/caucasian_african_pt_dec_2023/393_2162129_Imposter.jpg,1,1,0,0
/home/ajeet/codework/datasets/Training_Validation_Dataset_2024_Ajeet-20241107T105545Z-001/Training_Validation_Dataset_2024_Ajeet/caucasian_african_pt_dec_2023/504_2162177_Imposter.jpg,1,1,0,0
/home/ajeet/codework/datasets/Training_Validation_Dataset_2024_Ajeet-20241107T105545Z-001/Training_Validation_Dataset_2024_Ajeet/caucasian_african_pt_dec_2023/2375_2165110_FVE - No Face Detected.jpg,1,1,0,0
/home/ajeet/codework/datasets/Training_Validation_Dataset_2024_Ajeet-20241107T105545Z-001/Training_Validation_Dataset_2024_Ajeet/caucasian_african_pt_dec_2023/1084_2162604_Imposter.jpg,1,1,0,0
/home/ajeet/codework/datasets/Training_Validation_Dataset_2024_Ajeet-20241107T105545Z-001/Training_Validation_Dataset_2024_Ajeet/caucasian_african_pt_dec_2023/2686_2165285_Mobile Camera.jpg,1,1,0,1
/home/ajeet/codework/datasets/Training_Validation_Dataset_2024_Ajeet-20241107T105545Z-001/Training_Validation_Dataset_2024_Ajeet/caucasian_african_pt_dec_2023/366_2162129_Imposter.jpg,1,1,0,0
/home/ajeet/codework/datasets/Training_Validation_Dataset_2024_Ajeet-20241107T105545Z-001/Training_Validation_Dataset_2024_Ajeet/caucasian_african_pt_dec_2023/1828_2164903_Imposter.jpg,1,1,0,0
/home/ajeet/codework/datasets/Training_Validation_Dataset_2024_Ajeet-20241107T105545Z-001/Training_Validation_Dataset_2024_Ajeet/caucasian_african_pt_dec_2023/1050_2162522_Mobile Camera.jpg,0,1,0,0
/home/ajeet/codework/datasets/Training_Validation_Dataset_2024_Ajeet-20241107T105545Z-001/Training_Validation_Dataset_2024_Ajeet/caucasian_african_pt_dec_2023/851_2162324_Mobile Camera.jpg,0,1,0,1
/home/ajeet/codework/datasets/Training_Validation_Dataset_2024_Ajeet-20241107T105545Z-001/Training_Validation_Dataset_2024_Ajeet/caucasian_african_pt_dec_2023/1922_2164951_Imposter.jpg,1,1,0,1
/home/ajeet/codework/datasets/Training_Validation_Dataset_2024_Ajeet-20241107T105545Z-001/Training_Validation_Dataset_2024_Ajeet/caucasian_african_pt_dec_2023/383_2162129_Imposter.jpg,1,1,0,0
/home/ajeet/codework/datasets/Training_Validation_Dataset_2024_Ajeet-20241107T105545Z-001/Training_Validation_Dataset_2024_Ajeet/caucasian_african_pt_dec_2023/266_2162108_Imposter.jpg,0,1,0,0
/home/ajeet/codework/datasets/Training_Validation_Dataset_2024_Ajeet-20241107T105545Z-001/Training_Validation_Dataset_2024_Ajeet/caucasian_african_pt_dec_2023/2154_2165005_Mobile Camera.jpg,1,1,0,1
/home/ajeet/codework/datasets/Training_Validation_Dataset_2024_Ajeet-20241107T105545Z-001/Training_Validation_Dataset_2024_Ajeet/caucasian_african_pt_dec_2023/2434_2165189_Imposter.jpg,1,1,0,0
/home/ajeet/codework/datasets/Training_Validation_Dataset_2024_Ajeet-20241107T105545Z-001/Training_Validation_Dataset_2024_Ajeet/caucasian_african_pt_dec_2023/2040_2164992_Imposter.jpg,0,1,0,0
/home/ajeet/codework/datasets/Training_Validation_Dataset_2024_Ajeet-20241107T105545Z-001/Training_Validation_Dataset_2024_Ajeet/caucasian_african_pt_dec_2023/1431_2163413_FVE - No Face Detected.jpg,1,1,0,1
/home/ajeet/codework/datasets/Training_Validation_Dataset_2024_Ajeet-20241107T105545Z-001/Training_Validation_Dataset_2024_Ajeet/caucasian_african_pt_dec_2023/664_2162304_Imposter.jpg,1,1,0,0
/home/ajeet/codework/datasets/Training_Validation_Dataset_2024_Ajeet-20241107T105545Z-001/Training_Validation_Dataset_2024_Ajeet/caucasian_african_pt_dec_2023/2785_2165373_Imposter.jpg,1,1,0,0
/home/ajeet/codework/datasets/Training_Validation_Dataset_2024_Ajeet-20241107T105545Z-001/Training_Validation_Dataset_2024_Ajeet/caucasian_african_pt_dec_2023/712_2162304_Imposter.jpg,1,1,0,0
/home/ajeet/codework/datasets/Training_Validation_Dataset_2024_Ajeet-20241107T105545Z-001/Training_Validation_Dataset_2024_Ajeet/caucasian_african_pt_dec_2023/539_2162224_Mobile Camera.jpg,1,1,0,1
/home/ajeet/codework/datasets/Training_Validation_Dataset_2024_Ajeet-20241107T105545Z-001/Training_Validation_Dataset_2024_Ajeet/caucasian_african_pt_dec_2023/1508_2163518_Mobile Camera.jpg,0,1,1,1
/home/ajeet/codework/datasets/Training_Validation_Dataset_2024_Ajeet-20241107T105545Z-001/Training_Validation_Dataset_2024_Ajeet/caucasian_african_pt_dec_2023/2017_2164976_Imposter.jpg,1,1,0,0
/home/ajeet/codework/datasets/Training_Validation_Dataset_2024_Ajeet-20241107T105545Z-001/Training_Validation_Dataset_2024_Ajeet/caucasian_african_pt_dec_2023/286_2162115_Imposter.jpg,0,1,0,1
/home/ajeet/codework/datasets/Training_Validation_Dataset_2024_Ajeet-20241107T105545Z-001/Training_Validation_Dataset_2024_Ajeet/caucasian_african_pt_dec_2023/1557_2163597_Mobile Camera.jpg,1,1,0,1
/home/ajeet/codework/datasets/Training_Validation_Dataset_2024_Ajeet-20241107T105545Z-001/Training_Validation_Dataset_2024_Ajeet/caucasian_african_pt_dec_2023/1336_2163276_FVE - No Face Detected.jpg,0,1,0,0
/home/ajeet/codework/datasets/Training_Validation_Dataset_2024_Ajeet-20241107T105545Z-001/Training_Validation_Dataset_2024_Ajeet/caucasian_african_pt_dec_2023/2328_2165084_Imposter.jpg,1,1,0,0
/home/ajeet/codework/datasets/Training_Validation_Dataset_2024_Ajeet-20241107T105545Z-001/Training_Validation_Dataset_2024_Ajeet/caucasian_african_pt_dec_2023/2341_2165096_Mobile Camera.jpg,1,0,0,1
/home/ajeet/codework/datasets/Training_Validation_Dataset_2024_Ajeet-20241107T105545Z-001/Training_Validation_Dataset_2024_Ajeet/caucasian_african_pt_dec_2023/547_2162224_Imposter.jpg,0,1,0,0
/home/ajeet/codework/datasets/Training_Validation_Dataset_2024_Ajeet-20241107T105545Z-001/Training_Validation_Dataset_2024_Ajeet/caucasian_african_pt_dec_2023/2360_2165106_FVE - No Face Detected.jpg,1,1,0,0
/home/ajeet/codework/datasets/Training_Validation_Dataset_2024_Ajeet-20241107T105545Z-001/Training_Validation_Dataset_2024_Ajeet/caucasian_african_pt_dec_2023/1066_2162551_Mobile Camera.jpg,1,1,1,1
/home/ajeet/codework/datasets/Training_Validation_Dataset_2024_Ajeet-20241107T105545Z-001/Training_Validation_Dataset_2024_Ajeet/caucasian_african_pt_dec_2023/905_2162368_Imposter.jpg,0,1,0,0
/home/ajeet/codework/datasets/Training_Validation_Dataset_2024_Ajeet-20241107T105545Z-001/Training_Validation_Dataset_2024_Ajeet/caucasian_african_pt_dec_2023/786_2162304_Imposter.jpg,1,1,0,0
/home/ajeet/codework/datasets/Training_Validation_Dataset_2024_Ajeet-20241107T105545Z-001/Training_Validation_Dataset_2024_Ajeet/caucasian_african_pt_dec_2023/880_2162352_Mobile Camera.jpg,0,1,0,0
/home/ajeet/codework/datasets/Training_Validation_Dataset_2024_Ajeet-20241107T105545Z-001/Training_Validation_Dataset_2024_Ajeet/caucasian_african_pt_dec_2023/106_2162064_Mobile Camera.jpg,1,0,1,1
/home/ajeet/codework/datasets/Training_Validation_Dataset_2024_Ajeet-20241107T105545Z-001/Training_Validation_Dataset_2024_Ajeet/caucasian_african_pt_dec_2023/1986_2164972_Imposter.jpg,1,1,0,0
/home/ajeet/codework/datasets/Training_Validation_Dataset_2024_Ajeet-20241107T105545Z-001/Training_Validation_Dataset_2024_Ajeet/caucasian_african_pt_dec_2023/597_2162279_Mobile Camera.jpg,0,1,0,1
/home/ajeet/codework/datasets/Training_Validation_Dataset_2024_Ajeet-20241107T105545Z-001/Training_Validation_Dataset_2024_Ajeet/caucasian_african_pt_dec_2023/2623_2165275_Imposter.jpg,1,1,0,0
/home/ajeet/codework/datasets/Training_Validation_Dataset_2024_Ajeet-20241107T105545Z-001/Training_Validation_Dataset_2024_Ajeet/caucasian_african_pt_dec_2023/75_2162050_Imposter.jpg,0,1,0,0
/home/ajeet/codework/datasets/Training_Validation_Dataset_2024_Ajeet-20241107T105545Z-001/Training_Validation_Dataset_2024_Ajeet/caucasian_african_pt_dec_2023/1590_2163635_Mobile Camera.jpg,0,1,1,1
/home/ajeet/codework/datasets/Training_Validation_Dataset_2024_Ajeet-20241107T105545Z-001/Training_Validation_Dataset_2024_Ajeet/caucasian_african_pt_dec_2023/1204_2163077_Imposter.jpg,1,1,0,0
/home/ajeet/codework/datasets/Training_Validation_Dataset_2024_Ajeet-20241107T105545Z-001/Training_Validation_Dataset_2024_Ajeet/caucasian_african_pt_dec_2023/203_2162093_Imposter.jpg,1,1,0,0
/home/ajeet/codework/datasets/Training_Validation_Dataset_2024_Ajeet-20241107T105545Z-001/Training_Validation_Dataset_2024_Ajeet/caucasian_african_pt_dec_2023/2325_2165084_Imposter.jpg,1,1,0,0
/home/ajeet/codework/datasets/Training_Validation_Dataset_2024_Ajeet-20241107T105545Z-001/Training_Validation_Dataset_2024_Ajeet/caucasian_african_pt_dec_2023/2312_2165084_Imposter.jpg,1,1,0,1
/home/ajeet/codework/datasets/Training_Validation_Dataset_2024_Ajeet-20241107T105545Z-001/Training_Validation_Dataset_2024_Ajeet/caucasian_african_pt_dec_2023/854_2162324_Mobile Camera.jpg,0,1,0,1
/home/ajeet/codework/datasets/Training_Validation_Dataset_2024_Ajeet-20241107T105545Z-001/Training_Validation_Dataset_2024_Ajeet/caucasian_african_pt_dec_2023/1792_2164738_Mobile Camera.jpg,0,1,0,1
/home/ajeet/codework/datasets/Training_Validation_Dataset_2024_Ajeet-20241107T105545Z-001/Training_Validation_Dataset_2024_Ajeet/caucasian_african_pt_dec_2023/64_2162050_Imposter.jpg,0,1,0,0
/home/ajeet/codework/datasets/Training_Validation_Dataset_2024_Ajeet-20241107T105545Z-001/Training_Validation_Dataset_2024_Ajeet/caucasian_african_pt_dec_2023/1801_2164869_Imposter.jpg,1,0,0,0
/home/ajeet/codework/datasets/Training_Validation_Dataset_2024_Ajeet-20241107T105545Z-001/Training_Validation_Dataset_2024_Ajeet/caucasian_african_pt_dec_2023/1365_2163300_Mobile Camera.jpg,0,1,1,1
/home/ajeet/codework/datasets/Training_Validation_Dataset_2024_Ajeet-20241107T105545Z-001/Training_Validation_Dataset_2024_Ajeet/caucasian_african_pt_dec_2023/1194_2163051_Imposter.jpg,0,1,0,0
/home/ajeet/codework/datasets/Training_Validation_Dataset_2024_Ajeet-20241107T105545Z-001/Training_Validation_Dataset_2024_Ajeet/caucasian_african_pt_dec_2023/2340_2165096_Imposter.jpg,1,1,0,0
/home/ajeet/codework/datasets/Training_Validation_Dataset_2024_Ajeet-20241107T105545Z-001/Training_Validation_Dataset_2024_Ajeet/caucasian_african_pt_dec_2023/85_2162061_Mobile Camera.jpg,0,1,1,1
/home/ajeet/codework/datasets/Training_Validation_Dataset_2024_Ajeet-20241107T105545Z-001/Training_Validation_Dataset_2024_Ajeet/caucasian_african_pt_dec_2023/2025_2164978_FVE - No Face Detected.jpg,1,1,0,0
/home/ajeet/codework/datasets/Training_Validation_Dataset_2024_Ajeet-20241107T105545Z-001/Training_Validation_Dataset_2024_Ajeet/caucasian_african_pt_dec_2023/724_2162304_Imposter.jpg,1,1,0,0
/home/ajeet/codework/datasets/Training_Validation_Dataset_2024_Ajeet-20241107T105545Z-001/Training_Validation_Dataset_2024_Ajeet/caucasian_african_pt_dec_2023/780_2162304_Imposter.jpg,1,1,0,0
/home/ajeet/codework/datasets/Training_Validation_Dataset_2024_Ajeet-20241107T105545Z-001/Training_Validation_Dataset_2024_Ajeet/caucasian_african_pt_dec_2023/823_2162309_Imposter.jpg,1,1,0,0
/home/ajeet/codework/datasets/Training_Validation_Dataset_2024_Ajeet-20241107T105545Z-001/Training_Validation_Dataset_2024_Ajeet/caucasian_african_pt_dec_2023/868_2162334_Mobile Camera.jpg,1,1,0,1
/home/ajeet/codework/datasets/Training_Validation_Dataset_2024_Ajeet-20241107T105545Z-001/Training_Validation_Dataset_2024_Ajeet/caucasian_african_pt_dec_2023/346_2162125_Imposter.jpg,0,1,0,0
/home/ajeet/codework/datasets/Training_Validation_Dataset_2024_Ajeet-20241107T105545Z-001/Training_Validation_Dataset_2024_Ajeet/caucasian_african_pt_dec_2023/1020_2162492_Imposter.jpg,1,1,0,0
/home/ajeet/codework/datasets/Training_Validation_Dataset_2024_Ajeet-20241107T105545Z-001/Training_Validation_Dataset_2024_Ajeet/caucasian_african_pt_dec_2023/2609_2165275_Imposter.jpg,1,1,0,0
/home/ajeet/codework/datasets/Training_Validation_Dataset_2024_Ajeet-20241107T105545Z-001/Training_Validation_Dataset_2024_Ajeet/caucasian_african_pt_dec_2023/828_2162309_Imposter.jpg,1,1,0,0
/home/ajeet/codework/datasets/Training_Validation_Dataset_2024_Ajeet-20241107T105545Z-001/Training_Validation_Dataset_2024_Ajeet/caucasian_african_pt_dec_2023/1768_2164627_Imposter.jpg,0,1,0,0
/home/ajeet/codework/datasets/Training_Validation_Dataset_2024_Ajeet-20241107T105545Z-001/Training_Validation_Dataset_2024_Ajeet/caucasian_african_pt_dec_2023/525_2162224_Multiple people.jpg,1,1,0,0
/home/ajeet/codework/datasets/Training_Validation_Dataset_2024_Ajeet-20241107T105545Z-001/Training_Validation_Dataset_2024_Ajeet/caucasian_african_pt_dec_2023/344_2162125_Imposter.jpg,0,1,0,0
/home/ajeet/codework/datasets/Training_Validation_Dataset_2024_Ajeet-20241107T105545Z-001/Training_Validation_Dataset_2024_Ajeet/caucasian_african_pt_dec_2023/726_2162304_Imposter.jpg,1,1,0,0
/home/ajeet/codework/datasets/Training_Validation_Dataset_2024_Ajeet-20241107T105545Z-001/Training_Validation_Dataset_2024_Ajeet/caucasian_african_pt_dec_2023/751_2162304_Imposter.jpg,1,1,0,0
/home/ajeet/codework/datasets/Training_Validation_Dataset_2024_Ajeet-20241107T105545Z-001/Training_Validation_Dataset_2024_Ajeet/caucasian_african_pt_dec_2023/1740_2163956_Imposter.jpg,1,1,0,0
/home/ajeet/codework/datasets/Training_Validation_Dataset_2024_Ajeet-20241107T105545Z-001/Training_Validation_Dataset_2024_Ajeet/caucasian_african_pt_dec_2023/121_2162065_Multiple people.jpg,0,1,0,0
/home/ajeet/codework/datasets/Training_Validation_Dataset_2024_Ajeet-20241107T105545Z-001/Training_Validation_Dataset_2024_Ajeet/caucasian_african_pt_dec_2023/1028_2162494_Mobile Camera.jpg,1,1,1,1
/home/ajeet/codework/datasets/Training_Validation_Dataset_2024_Ajeet-20241107T105545Z-001/Training_Validation_Dataset_2024_Ajeet/caucasian_african_pt_dec_2023/2266_2165029_FVE - No Face Detected.jpg,1,1,0,0
/home/ajeet/codework/datasets/Training_Validation_Dataset_2024_Ajeet-20241107T105545Z-001/Training_Validation_Dataset_2024_Ajeet/caucasian_african_pt_dec_2023/522_2162216_Imposter.jpg,1,1,0,0
/home/ajeet/codework/datasets/Training_Validation_Dataset_2024_Ajeet-20241107T105545Z-001/Training_Validation_Dataset_2024_Ajeet/caucasian_african_pt_dec_2023/2000_2164972_Mobile Camera.jpg,1,1,1,1
/home/ajeet/codework/datasets/Training_Validation_Dataset_2024_Ajeet-20241107T105545Z-001/Training_Validation_Dataset_2024_Ajeet/caucasian_african_pt_dec_2023/1155_2162985_Imposter.jpg,1,1,0,0
/home/ajeet/codework/datasets/Training_Validation_Dataset_2024_Ajeet-20241107T105545Z-001/Training_Validation_Dataset_2024_Ajeet/caucasian_african_pt_dec_2023/156_2162072_Imposter.jpg,0,1,0,0
/home/ajeet/codework/datasets/Training_Validation_Dataset_2024_Ajeet-20241107T105545Z-001/Training_Validation_Dataset_2024_Ajeet/caucasian_african_pt_dec_2023/333_2162123_FVE - No Face Detected.jpg,1,1,0,0
/home/ajeet/codework/datasets/Training_Validation_Dataset_2024_Ajeet-20241107T105545Z-001/Training_Validation_Dataset_2024_Ajeet/caucasian_african_pt_dec_2023/825_2162309_Mobile Camera.jpg,1,1,1,0
/home/ajeet/codework/datasets/Training_Validation_Dataset_2024_Ajeet-20241107T105545Z-001/Training_Validation_Dataset_2024_Ajeet/caucasian_african_pt_dec_2023/2064_2164994_Imposter.jpg,1,1,0,0
/home/ajeet/codework/datasets/Training_Validation_Dataset_2024_Ajeet-20241107T105545Z-001/Training_Validation_Dataset_2024_Ajeet/caucasian_african_pt_dec_2023/1215_2163111_Imposter.jpg,1,1,0,0
/home/ajeet/codework/datasets/Training_Validation_Dataset_2024_Ajeet-20241107T105545Z-001/Training_Validation_Dataset_2024_Ajeet/caucasian_african_pt_dec_2023/336_2162123_Imposter.jpg,1,1,0,0
/home/ajeet/codework/datasets/Training_Validation_Dataset_2024_Ajeet-20241107T105545Z-001/Training_Validation_Dataset_2024_Ajeet/caucasian_african_pt_dec_2023/1429_2163413_Mobile Camera.jpg,1,1,1,1
/home/ajeet/codework/datasets/Training_Validation_Dataset_2024_Ajeet-20241107T105545Z-001/Training_Validation_Dataset_2024_Ajeet/caucasian_african_pt_dec_2023/2321_2165084_Imposter.jpg,1,1,0,0
/home/ajeet/codework/datasets/Training_Validation_Dataset_2024_Ajeet-20241107T105545Z-001/Training_Validation_Dataset_2024_Ajeet/caucasian_african_pt_dec_2023/2472_2165261_Imposter.jpg,1,1,0,0
/home/ajeet/codework/datasets/Training_Validation_Dataset_2024_Ajeet-20241107T105545Z-001/Training_Validation_Dataset_2024_Ajeet/caucasian_african_pt_dec_2023/1371_2163352_Mobile Camera.jpg,0,0,0,1
/home/ajeet/codework/datasets/Training_Validation_Dataset_2024_Ajeet-20241107T105545Z-001/Training_Validation_Dataset_2024_Ajeet/caucasian_african_pt_dec_2023/2292_2165058_Mobile Camera.jpg,0,0,0,1
/home/ajeet/codework/datasets/Training_Validation_Dataset_2024_Ajeet-20241107T105545Z-001/Training_Validation_Dataset_2024_Ajeet/caucasian_african_pt_dec_2023/37_2162050_Imposter.jpg,0,1,0,0
/home/ajeet/codework/datasets/Training_Validation_Dataset_2024_Ajeet-20241107T105545Z-001/Training_Validation_Dataset_2024_Ajeet/caucasian_african_pt_dec_2023/659_2162303_Imposter.jpg,1,1,0,0
/home/ajeet/codework/datasets/Training_Validation_Dataset_2024_Ajeet-20241107T105545Z-001/Training_Validation_Dataset_2024_Ajeet/caucasian_african_pt_dec_2023/278_2162108_Imposter.jpg,0,1,0,0
/home/ajeet/codework/datasets/Training_Validation_Dataset_2024_Ajeet-20241107T105545Z-001/Training_Validation_Dataset_2024_Ajeet/caucasian_african_pt_dec_2023/52_2162050_Imposter.jpg,1,1,0,0
/home/ajeet/codework/datasets/Training_Validation_Dataset_2024_Ajeet-20241107T105545Z-001/Training_Validation_Dataset_2024_Ajeet/caucasian_african_pt_dec_2023/101_2162064_Mobile Camera.jpg,1,1,1,1
/home/ajeet/codework/datasets/Training_Validation_Dataset_2024_Ajeet-20241107T105545Z-001/Training_Validation_Dataset_2024_Ajeet/caucasian_african_pt_dec_2023/2033_2164987_Multiple people.jpg,1,1,0,0
/home/ajeet/codework/datasets/Training_Validation_Dataset_2024_Ajeet-20241107T105545Z-001/Training_Validation_Dataset_2024_Ajeet/caucasian_african_pt_dec_2023/1511_2163518_Mobile Camera.jpg,1,0,1,1
/home/ajeet/codework/datasets/Training_Validation_Dataset_2024_Ajeet-20241107T105545Z-001/Training_Validation_Dataset_2024_Ajeet/caucasian_african_pt_dec_2023/491_2162174_Imposter.jpg,1,1,0,0
/home/ajeet/codework/datasets/Training_Validation_Dataset_2024_Ajeet-20241107T105545Z-001/Training_Validation_Dataset_2024_Ajeet/caucasian_african_pt_dec_2023/2280_2165053_Mobile Camera.jpg,1,1,0,1
/home/ajeet/codework/datasets/Training_Validation_Dataset_2024_Ajeet-20241107T105545Z-001/Training_Validation_Dataset_2024_Ajeet/caucasian_african_pt_dec_2023/2304_2165084_Imposter.jpg,1,1,0,0
/home/ajeet/codework/datasets/Training_Validation_Dataset_2024_Ajeet-20241107T105545Z-001/Training_Validation_Dataset_2024_Ajeet/caucasian_african_pt_dec_2023/1550_2163597_Imposter.jpg,0,1,0,0
/home/ajeet/codework/datasets/Training_Validation_Dataset_2024_Ajeet-20241107T105545Z-001/Training_Validation_Dataset_2024_Ajeet/caucasian_african_pt_dec_2023/1389_2163380_Imposter.jpg,1,0,0,0
/home/ajeet/codework/datasets/Training_Validation_Dataset_2024_Ajeet-20241107T105545Z-001/Training_Validation_Dataset_2024_Ajeet/caucasian_african_pt_dec_2023/487_2162174_Imposter.jpg,1,1,0,0
/home/ajeet/codework/datasets/Training_Validation_Dataset_2024_Ajeet-20241107T105545Z-001/Training_Validation_Dataset_2024_Ajeet/caucasian_african_pt_dec_2023/813_2162309_Mobile Camera.jpg,0,1,1,0
/home/ajeet/codework/datasets/Training_Validation_Dataset_2024_Ajeet-20241107T105545Z-001/Training_Validation_Dataset_2024_Ajeet/caucasian_african_pt_dec_2023/2824_2165405_Mobile Camera.jpg,1,0,0,1
/home/ajeet/codework/datasets/Training_Validation_Dataset_2024_Ajeet-20241107T105545Z-001/Training_Validation_Dataset_2024_Ajeet/caucasian_african_pt_dec_2023/2232_2165021_Imposter.jpg,1,1,0,0
/home/ajeet/codework/datasets/Training_Validation_Dataset_2024_Ajeet-20241107T105545Z-001/Training_Validation_Dataset_2024_Ajeet/caucasian_african_pt_dec_2023/1555_2163597_Mobile Camera.jpg,1,1,1,1
/home/ajeet/codework/datasets/Training_Validation_Dataset_2024_Ajeet-20241107T105545Z-001/Training_Validation_Dataset_2024_Ajeet/caucasian_african_pt_dec_2023/182_2162083_Imposter.jpg,1,1,0,0
/home/ajeet/codework/datasets/Training_Validation_Dataset_2024_Ajeet-20241107T105545Z-001/Training_Validation_Dataset_2024_Ajeet/caucasian_african_pt_dec_2023/660_2162303_Imposter.jpg,1,1,0,0
/home/ajeet/codework/datasets/Training_Validation_Dataset_2024_Ajeet-20241107T105545Z-001/Training_Validation_Dataset_2024_Ajeet/caucasian_african_pt_dec_2023/2650_2165275_Imposter.jpg,1,1,0,0
/home/ajeet/codework/datasets/Training_Validation_Dataset_2024_Ajeet-20241107T105545Z-001/Training_Validation_Dataset_2024_Ajeet/caucasian_african_pt_dec_2023/2468_2165234_FVE - Multiple Users Detected.jpg,1,1,0,0
/home/ajeet/codework/datasets/Training_Validation_Dataset_2024_Ajeet-20241107T105545Z-001/Training_Validation_Dataset_2024_Ajeet/caucasian_african_pt_dec_2023/2500_2165263_Imposter.jpg,1,1,0,0
/home/ajeet/codework/datasets/Training_Validation_Dataset_2024_Ajeet-20241107T105545Z-001/Training_Validation_Dataset_2024_Ajeet/caucasian_african_pt_dec_2023/1419_2163397_Multiple people.jpg,1,1,1,1
/home/ajeet/codework/datasets/Training_Validation_Dataset_2024_Ajeet-20241107T105545Z-001/Training_Validation_Dataset_2024_Ajeet/caucasian_african_pt_dec_2023/1687_2163741_Imposter.jpg,0,1,0,0
/home/ajeet/codework/datasets/Training_Validation_Dataset_2024_Ajeet-20241107T105545Z-001/Training_Validation_Dataset_2024_Ajeet/caucasian_african_pt_dec_2023/130_2162065_Imposter.jpg,0,1,0,0
/home/ajeet/codework/datasets/Training_Validation_Dataset_2024_Ajeet-20241107T105545Z-001/Training_Validation_Dataset_2024_Ajeet/caucasian_african_pt_dec_2023/310_2162120_Mobile Camera.jpg,1,1,1,1
/home/ajeet/codework/datasets/Training_Validation_Dataset_2024_Ajeet-20241107T105545Z-001/Training_Validation_Dataset_2024_Ajeet/caucasian_african_pt_dec_2023/1331_2163276_FVE - No Face Detected.jpg,0,1,0,0
/home/ajeet/codework/datasets/Training_Validation_Dataset_2024_Ajeet-20241107T105545Z-001/Training_Validation_Dataset_2024_Ajeet/caucasian_african_pt_dec_2023/1214_2163111_Imposter.jpg,1,1,0,0
/home/ajeet/codework/datasets/Training_Validation_Dataset_2024_Ajeet-20241107T105545Z-001/Training_Validation_Dataset_2024_Ajeet/caucasian_african_pt_dec_2023/1115_2162762_FVE - No Face Detected.jpg,1,1,0,0
/home/ajeet/codework/datasets/Training_Validation_Dataset_2024_Ajeet-20241107T105545Z-001/Training_Validation_Dataset_2024_Ajeet/caucasian_african_pt_dec_2023/2540_2165267_Mobile Camera.jpg,1,1,0,1
/home/ajeet/codework/datasets/Training_Validation_Dataset_2024_Ajeet-20241107T105545Z-001/Training_Validation_Dataset_2024_Ajeet/caucasian_african_pt_dec_2023/1930_2164953_Imposter.jpg,1,1,0,0
/home/ajeet/codework/datasets/Training_Validation_Dataset_2024_Ajeet-20241107T105545Z-001/Training_Validation_Dataset_2024_Ajeet/caucasian_african_pt_dec_2023/140_2162067_Imposter.jpg,1,1,0,1
/home/ajeet/codework/datasets/Training_Validation_Dataset_2024_Ajeet-20241107T105545Z-001/Training_Validation_Dataset_2024_Ajeet/caucasian_african_pt_dec_2023/1553_2163597_Imposter.jpg,0,1,0,0
/home/ajeet/codework/datasets/Training_Validation_Dataset_2024_Ajeet-20241107T105545Z-001/Training_Validation_Dataset_2024_Ajeet/caucasian_african_pt_dec_2023/2094_2164994_Imposter.jpg,1,1,0,0
/home/ajeet/codework/datasets/Training_Validation_Dataset_2024_Ajeet-20241107T105545Z-001/Training_Validation_Dataset_2024_Ajeet/caucasian_african_pt_dec_2023/2329_2165084_Imposter.jpg,1,1,0,0
/home/ajeet/codework/datasets/Training_Validation_Dataset_2024_Ajeet-20241107T105545Z-001/Training_Validation_Dataset_2024_Ajeet/caucasian_african_pt_dec_2023/2010_2164976_Imposter.jpg,1,1,0,0
/home/ajeet/codework/datasets/Training_Validation_Dataset_2024_Ajeet-20241107T105545Z-001/Training_Validation_Dataset_2024_Ajeet/caucasian_african_pt_dec_2023/1289_2163250_Imposter.jpg,1,1,0,0
/home/ajeet/codework/datasets/Training_Validation_Dataset_2024_Ajeet-20241107T105545Z-001/Training_Validation_Dataset_2024_Ajeet/caucasian_african_pt_dec_2023/1411_2163381_Mobile Camera.jpg,0,0,1,0
/home/ajeet/codework/datasets/Training_Validation_Dataset_2024_Ajeet-20241107T105545Z-001/Training_Validation_Dataset_2024_Ajeet/caucasian_african_pt_dec_2023/1732_2163956_Imposter.jpg,1,1,0,0
/home/ajeet/codework/datasets/Training_Validation_Dataset_2024_Ajeet-20241107T105545Z-001/Training_Validation_Dataset_2024_Ajeet/caucasian_african_pt_dec_2023/2234_2165025_Mobile Camera.jpg,1,1,0,1
/home/ajeet/codework/datasets/Training_Validation_Dataset_2024_Ajeet-20241107T105545Z-001/Training_Validation_Dataset_2024_Ajeet/caucasian_african_pt_dec_2023/1299_2163250_Imposter.jpg,1,1,0,1
/home/ajeet/codework/datasets/Training_Validation_Dataset_2024_Ajeet-20241107T105545Z-001/Training_Validation_Dataset_2024_Ajeet/caucasian_african_pt_dec_2023/1579_2163626_Imposter.jpg,0,1,0,0
/home/ajeet/codework/datasets/Training_Validation_Dataset_2024_Ajeet-20241107T105545Z-001/Training_Validation_Dataset_2024_Ajeet/caucasian_african_pt_dec_2023/2379_2165110_Imposter.jpg,1,1,0,0
/home/ajeet/codework/datasets/Training_Validation_Dataset_2024_Ajeet-20241107T105545Z-001/Training_Validation_Dataset_2024_Ajeet/caucasian_african_pt_dec_2023/1172_2163030_Multiple people.jpg,1,1,1,1
/home/ajeet/codework/datasets/Training_Validation_Dataset_2024_Ajeet-20241107T105545Z-001/Training_Validation_Dataset_2024_Ajeet/caucasian_african_pt_dec_2023/1933_2164953_Imposter.jpg,1,1,0,0
/home/ajeet/codework/datasets/Training_Validation_Dataset_2024_Ajeet-20241107T105545Z-001/Training_Validation_Dataset_2024_Ajeet/caucasian_african_pt_dec_2023/903_2162368_Imposter.jpg,1,0,0,0
/home/ajeet/codework/datasets/Training_Validation_Dataset_2024_Ajeet-20241107T105545Z-001/Training_Validation_Dataset_2024_Ajeet/caucasian_african_pt_dec_2023/1695_2163743_Mobile Camera.jpg,0,1,0,1
/home/ajeet/codework/datasets/Training_Validation_Dataset_2024_Ajeet-20241107T105545Z-001/Training_Validation_Dataset_2024_Ajeet/caucasian_african_pt_dec_2023/568_2162255_Imposter.jpg,1,1,0,0
/home/ajeet/codework/datasets/Training_Validation_Dataset_2024_Ajeet-20241107T105545Z-001/Training_Validation_Dataset_2024_Ajeet/caucasian_african_pt_dec_2023/2646_2165275_Imposter.jpg,1,1,0,0
/home/ajeet/codework/datasets/Training_Validation_Dataset_2024_Ajeet-20241107T105545Z-001/Training_Validation_Dataset_2024_Ajeet/caucasian_african_pt_dec_2023/1430_2163413_FVE - No Face Detected.jpg,1,1,0,0
/home/ajeet/codework/datasets/Training_Validation_Dataset_2024_Ajeet-20241107T105545Z-001/Training_Validation_Dataset_2024_Ajeet/caucasian_african_pt_dec_2023/1133_2162970_Imposter.jpg,0,1,0,0
/home/ajeet/codework/datasets/Training_Validation_Dataset_2024_Ajeet-20241107T105545Z-001/Training_Validation_Dataset_2024_Ajeet/caucasian_african_pt_dec_2023/865_2162330_Imposter.jpg,1,1,0,0
/home/ajeet/codework/datasets/Training_Validation_Dataset_2024_Ajeet-20241107T105545Z-001/Training_Validation_Dataset_2024_Ajeet/caucasian_african_pt_dec_2023/398_2162129_Imposter.jpg,1,1,0,0
/home/ajeet/codework/datasets/Training_Validation_Dataset_2024_Ajeet-20241107T105545Z-001/Training_Validation_Dataset_2024_Ajeet/caucasian_african_pt_dec_2023/740_2162304_Imposter.jpg,1,1,0,0
/home/ajeet/codework/datasets/Training_Validation_Dataset_2024_Ajeet-20241107T105545Z-001/Training_Validation_Dataset_2024_Ajeet/caucasian_african_pt_dec_2023/2162_2165005_Imposter.jpg,1,1,0,0
/home/ajeet/codework/datasets/Training_Validation_Dataset_2024_Ajeet-20241107T105545Z-001/Training_Validation_Dataset_2024_Ajeet/caucasian_african_pt_dec_2023/2041_2164992_Imposter.jpg,0,1,0,0
/home/ajeet/codework/datasets/Training_Validation_Dataset_2024_Ajeet-20241107T105545Z-001/Training_Validation_Dataset_2024_Ajeet/caucasian_african_pt_dec_2023/392_2162129_Mobile Camera.jpg,0,1,0,1
/home/ajeet/codework/datasets/Training_Validation_Dataset_2024_Ajeet-20241107T105545Z-001/Training_Validation_Dataset_2024_Ajeet/caucasian_african_pt_dec_2023/2515_2165263_Imposter.jpg,1,1,0,0
/home/ajeet/codework/datasets/Training_Validation_Dataset_2024_Ajeet-20241107T105545Z-001/Training_Validation_Dataset_2024_Ajeet/caucasian_african_pt_dec_2023/983_2162475_Mobile Camera.jpg,1,0,0,1
/home/ajeet/codework/datasets/Training_Validation_Dataset_2024_Ajeet-20241107T105545Z-001/Training_Validation_Dataset_2024_Ajeet/caucasian_african_pt_dec_2023/263_2162108_Imposter.jpg,0,1,0,0
/home/ajeet/codework/datasets/Training_Validation_Dataset_2024_Ajeet-20241107T105545Z-001/Training_Validation_Dataset_2024_Ajeet/caucasian_african_pt_dec_2023/1207_2163095_Imposter.jpg,1,1,0,1
/home/ajeet/codework/datasets/Training_Validation_Dataset_2024_Ajeet-20241107T105545Z-001/Training_Validation_Dataset_2024_Ajeet/caucasian_african_pt_dec_2023/2645_2165275_Imposter.jpg,1,1,0,0
/home/ajeet/codework/datasets/Training_Validation_Dataset_2024_Ajeet-20241107T105545Z-001/Training_Validation_Dataset_2024_Ajeet/caucasian_african_pt_dec_2023/1516_2163557_Mobile Camera.jpg,1,1,1,1
/home/ajeet/codework/datasets/Training_Validation_Dataset_2024_Ajeet-20241107T105545Z-001/Training_Validation_Dataset_2024_Ajeet/caucasian_african_pt_dec_2023/1676_2163737_Imposter.jpg,1,1,0,1
/home/ajeet/codework/datasets/Training_Validation_Dataset_2024_Ajeet-20241107T105545Z-001/Training_Validation_Dataset_2024_Ajeet/caucasian_african_pt_dec_2023/1948_2164955_Imposter.jpg,0,1,0,0
/home/ajeet/codework/datasets/Training_Validation_Dataset_2024_Ajeet-20241107T105545Z-001/Training_Validation_Dataset_2024_Ajeet/caucasian_african_pt_dec_2023/1085_2162628_Mobile Camera.jpg,0,1,1,0
/home/ajeet/codework/datasets/Training_Validation_Dataset_2024_Ajeet-20241107T105545Z-001/Training_Validation_Dataset_2024_Ajeet/caucasian_african_pt_dec_2023/638_2162288_Imposter.jpg,1,0,0,0
/home/ajeet/codework/datasets/Training_Validation_Dataset_2024_Ajeet-20241107T105545Z-001/Training_Validation_Dataset_2024_Ajeet/caucasian_african_pt_dec_2023/2416_2165175_Imposter.jpg,1,1,0,1
/home/ajeet/codework/datasets/Training_Validation_Dataset_2024_Ajeet-20241107T105545Z-001/Training_Validation_Dataset_2024_Ajeet/caucasian_african_pt_dec_2023/38_2162050_Imposter.jpg,0,1,0,1
/home/ajeet/codework/datasets/Training_Validation_Dataset_2024_Ajeet-20241107T105545Z-001/Training_Validation_Dataset_2024_Ajeet/caucasian_african_pt_dec_2023/1936_2164953_Imposter.jpg,1,1,0,0
/home/ajeet/codework/datasets/Training_Validation_Dataset_2024_Ajeet-20241107T105545Z-001/Training_Validation_Dataset_2024_Ajeet/caucasian_african_pt_dec_2023/290_2162115_Imposter.jpg,0,1,0,1
/home/ajeet/codework/datasets/Training_Validation_Dataset_2024_Ajeet-20241107T105545Z-001/Training_Validation_Dataset_2024_Ajeet/caucasian_african_pt_dec_2023/2502_2165263_Imposter.jpg,1,1,0,0
/home/ajeet/codework/datasets/Training_Validation_Dataset_2024_Ajeet-20241107T105545Z-001/Training_Validation_Dataset_2024_Ajeet/caucasian_african_pt_dec_2023/339_2162123_FVE - No Face Detected.jpg,1,1,0,0
/home/ajeet/codework/datasets/Training_Validation_Dataset_2024_Ajeet-20241107T105545Z-001/Training_Validation_Dataset_2024_Ajeet/caucasian_african_pt_dec_2023/2408_2165169_Imposter.jpg,0,1,0,0
/home/ajeet/codework/datasets/Training_Validation_Dataset_2024_Ajeet-20241107T105545Z-001/Training_Validation_Dataset_2024_Ajeet/caucasian_african_pt_dec_2023/2158_2165005_Mobile Camera.jpg,1,1,0,1
/home/ajeet/codework/datasets/Training_Validation_Dataset_2024_Ajeet-20241107T105545Z-001/Training_Validation_Dataset_2024_Ajeet/caucasian_african_pt_dec_2023/562_2162224_Imposter.jpg,0,1,0,0
/home/ajeet/codework/datasets/Training_Validation_Dataset_2024_Ajeet-20241107T105545Z-001/Training_Validation_Dataset_2024_Ajeet/caucasian_african_pt_dec_2023/2761_2165338_Mobile Camera.jpg,1,1,1,1
/home/ajeet/codework/datasets/Training_Validation_Dataset_2024_Ajeet-20241107T105545Z-001/Training_Validation_Dataset_2024_Ajeet/caucasian_african_pt_dec_2023/2470_2165234_Mobile Camera.jpg,1,1,0,1
/home/ajeet/codework/datasets/Training_Validation_Dataset_2024_Ajeet-20241107T105545Z-001/Training_Validation_Dataset_2024_Ajeet/caucasian_african_pt_dec_2023/1804_2164869_Imposter.jpg,1,1,0,0
/home/ajeet/codework/datasets/Training_Validation_Dataset_2024_Ajeet-20241107T105545Z-001/Training_Validation_Dataset_2024_Ajeet/caucasian_african_pt_dec_2023/34_2162050_Imposter.jpg,0,1,0,0
/home/ajeet/codework/datasets/Training_Validation_Dataset_2024_Ajeet-20241107T105545Z-001/Training_Validation_Dataset_2024_Ajeet/caucasian_african_pt_dec_2023/1303_2163250_Mobile Camera.jpg,1,1,0,0
/home/ajeet/codework/datasets/Training_Validation_Dataset_2024_Ajeet-20241107T105545Z-001/Training_Validation_Dataset_2024_Ajeet/caucasian_african_pt_dec_2023/2831_2165415_Mobile Camera.jpg,0,1,1,1
/home/ajeet/codework/datasets/Training_Validation_Dataset_2024_Ajeet-20241107T105545Z-001/Training_Validation_Dataset_2024_Ajeet/caucasian_african_pt_dec_2023/1829_2164903_Imposter.jpg,0,1,0,0
/home/ajeet/codework/datasets/Training_Validation_Dataset_2024_Ajeet-20241107T105545Z-001/Training_Validation_Dataset_2024_Ajeet/caucasian_african_pt_dec_2023/1945_2164955_Mobile Camera.jpg,0,1,0,1
/home/ajeet/codework/datasets/Training_Validation_Dataset_2024_Ajeet-20241107T105545Z-001/Training_Validation_Dataset_2024_Ajeet/caucasian_african_pt_dec_2023/2777_2165373_Imposter.jpg,1,1,0,1
/home/ajeet/codework/datasets/Training_Validation_Dataset_2024_Ajeet-20241107T105545Z-001/Training_Validation_Dataset_2024_Ajeet/caucasian_african_pt_dec_2023/2058_2164993_Mobile Camera.jpg,1,0,0,1
/home/ajeet/codework/datasets/Training_Validation_Dataset_2024_Ajeet-20241107T105545Z-001/Training_Validation_Dataset_2024_Ajeet/caucasian_african_pt_dec_2023/2671_2165275_Imposter.jpg,1,1,0,0
/home/ajeet/codework/datasets/Training_Validation_Dataset_2024_Ajeet-20241107T105545Z-001/Training_Validation_Dataset_2024_Ajeet/caucasian_african_pt_dec_2023/257_2162108_Imposter.jpg,0,1,0,0
/home/ajeet/codework/datasets/Training_Validation_Dataset_2024_Ajeet-20241107T105545Z-001/Training_Validation_Dataset_2024_Ajeet/caucasian_african_pt_dec_2023/1584_2163632_Imposter.jpg,1,1,0,0
/home/ajeet/codework/datasets/Training_Validation_Dataset_2024_Ajeet-20241107T105545Z-001/Training_Validation_Dataset_2024_Ajeet/caucasian_african_pt_dec_2023/1273_2163243_FVE - No Face Detected.jpg,1,1,0,0
/home/ajeet/codework/datasets/Training_Validation_Dataset_2024_Ajeet-20241107T105545Z-001/Training_Validation_Dataset_2024_Ajeet/caucasian_african_pt_dec_2023/202_2162093_Imposter.jpg,1,1,0,0
/home/ajeet/codework/datasets/Training_Validation_Dataset_2024_Ajeet-20241107T105545Z-001/Training_Validation_Dataset_2024_Ajeet/caucasian_african_pt_dec_2023/1938_2164955_Mobile Camera.jpg,1,1,0,1
/home/ajeet/codework/datasets/Training_Validation_Dataset_2024_Ajeet-20241107T105545Z-001/Training_Validation_Dataset_2024_Ajeet/caucasian_african_pt_dec_2023/1900_2164935_FVE - No Face Detected.jpg,1,1,0,1
/home/ajeet/codework/datasets/Training_Validation_Dataset_2024_Ajeet-20241107T105545Z-001/Training_Validation_Dataset_2024_Ajeet/caucasian_african_pt_dec_2023/1093_2162651_Imposter.jpg,0,1,0,0
/home/ajeet/codework/datasets/Training_Validation_Dataset_2024_Ajeet-20241107T105545Z-001/Training_Validation_Dataset_2024_Ajeet/caucasian_african_pt_dec_2023/1126_2162945_Imposter.jpg,1,1,0,0
/home/ajeet/codework/datasets/Training_Validation_Dataset_2024_Ajeet-20241107T105545Z-001/Training_Validation_Dataset_2024_Ajeet/caucasian_african_pt_dec_2023/2095_2164994_Imposter.jpg,1,1,0,0
/home/ajeet/codework/datasets/Training_Validation_Dataset_2024_Ajeet-20241107T105545Z-001/Training_Validation_Dataset_2024_Ajeet/caucasian_african_pt_dec_2023/959_2162434_Multiple people.jpg,1,1,0,1
/home/ajeet/codework/datasets/Training_Validation_Dataset_2024_Ajeet-20241107T105545Z-001/Training_Validation_Dataset_2024_Ajeet/caucasian_african_pt_dec_2023/2098_2164994_Imposter.jpg,1,1,0,0
/home/ajeet/codework/datasets/Training_Validation_Dataset_2024_Ajeet-20241107T105545Z-001/Training_Validation_Dataset_2024_Ajeet/caucasian_african_pt_dec_2023/2392_2165123_Imposter.jpg,0,1,0,0
/home/ajeet/codework/datasets/Training_Validation_Dataset_2024_Ajeet-20241107T105545Z-001/Training_Validation_Dataset_2024_Ajeet/caucasian_african_pt_dec_2023/1762_2164578_Mobile Camera.jpg,1,1,0,1
/home/ajeet/codework/datasets/Training_Validation_Dataset_2024_Ajeet-20241107T105545Z-001/Training_Validation_Dataset_2024_Ajeet/caucasian_african_pt_dec_2023/186_2162083_Imposter.jpg,1,1,0,0
/home/ajeet/codework/datasets/Training_Validation_Dataset_2024_Ajeet-20241107T105545Z-001/Training_Validation_Dataset_2024_Ajeet/caucasian_african_pt_dec_2023/1604_2163655_Imposter.jpg,1,1,0,0
/home/ajeet/codework/datasets/Training_Validation_Dataset_2024_Ajeet-20241107T105545Z-001/Training_Validation_Dataset_2024_Ajeet/caucasian_african_pt_dec_2023/2383_2165114_Mobile Camera.jpg,1,1,0,1
/home/ajeet/codework/datasets/Training_Validation_Dataset_2024_Ajeet-20241107T105545Z-001/Training_Validation_Dataset_2024_Ajeet/caucasian_african_pt_dec_2023/197_2162093_Mobile Camera.jpg,1,1,1,1
/home/ajeet/codework/datasets/Training_Validation_Dataset_2024_Ajeet-20241107T105545Z-001/Training_Validation_Dataset_2024_Ajeet/caucasian_african_pt_dec_2023/1881_2164929_Mobile Camera.jpg,1,1,1,1
/home/ajeet/codework/datasets/Training_Validation_Dataset_2024_Ajeet-20241107T105545Z-001/Training_Validation_Dataset_2024_Ajeet/caucasian_african_pt_dec_2023/593_2162279_FVE - No Face Detected.jpg,1,1,0,0
/home/ajeet/codework/datasets/Training_Validation_Dataset_2024_Ajeet-20241107T105545Z-001/Training_Validation_Dataset_2024_Ajeet/caucasian_african_pt_dec_2023/2291_2165058_Imposter.jpg,1,1,0,0
/home/ajeet/codework/datasets/Training_Validation_Dataset_2024_Ajeet-20241107T105545Z-001/Training_Validation_Dataset_2024_Ajeet/caucasian_african_pt_dec_2023/78_2162052_Imposter.jpg,1,1,0,1
/home/ajeet/codework/datasets/Training_Validation_Dataset_2024_Ajeet-20241107T105545Z-001/Training_Validation_Dataset_2024_Ajeet/caucasian_african_pt_dec_2023/2620_2165275_Imposter.jpg,1,1,0,0
/home/ajeet/codework/datasets/Training_Validation_Dataset_2024_Ajeet-20241107T105545Z-001/Training_Validation_Dataset_2024_Ajeet/caucasian_african_pt_dec_2023/109_2162064_Mobile Camera.jpg,1,1,1,1
/home/ajeet/codework/datasets/Training_Validation_Dataset_2024_Ajeet-20241107T105545Z-001/Training_Validation_Dataset_2024_Ajeet/caucasian_african_pt_dec_2023/1520_2163560_Mobile Camera.jpg,1,0,1,1
/home/ajeet/codework/datasets/Training_Validation_Dataset_2024_Ajeet-20241107T105545Z-001/Training_Validation_Dataset_2024_Ajeet/caucasian_african_pt_dec_2023/2251_2165029_Imposter.jpg,0,1,0,0
/home/ajeet/codework/datasets/Training_Validation_Dataset_2024_Ajeet-20241107T105545Z-001/Training_Validation_Dataset_2024_Ajeet/caucasian_african_pt_dec_2023/710_2162304_Imposter.jpg,1,1,0,0
/home/ajeet/codework/datasets/Training_Validation_Dataset_2024_Ajeet-20241107T105545Z-001/Training_Validation_Dataset_2024_Ajeet/caucasian_african_pt_dec_2023/2725_2165327_Imposter.jpg,1,1,0,1
/home/ajeet/codework/datasets/Training_Validation_Dataset_2024_Ajeet-20241107T105545Z-001/Training_Validation_Dataset_2024_Ajeet/caucasian_african_pt_dec_2023/2779_2165373_Imposter.jpg,1,1,0,0
/home/ajeet/codework/datasets/Training_Validation_Dataset_2024_Ajeet-20241107T105545Z-001/Training_Validation_Dataset_2024_Ajeet/caucasian_african_pt_dec_2023/1019_2162492_Mobile Camera.jpg,1,1,0,1
/home/ajeet/codework/datasets/Training_Validation_Dataset_2024_Ajeet-20241107T105545Z-001/Training_Validation_Dataset_2024_Ajeet/caucasian_african_pt_dec_2023/2249_2165027_Imposter.jpg,1,1,0,0
/home/ajeet/codework/datasets/Training_Validation_Dataset_2024_Ajeet-20241107T105545Z-001/Training_Validation_Dataset_2024_Ajeet/caucasian_african_pt_dec_2023/150_2162067_Imposter.jpg,1,1,0,0
/home/ajeet/codework/datasets/Training_Validation_Dataset_2024_Ajeet-20241107T105545Z-001/Training_Validation_Dataset_2024_Ajeet/caucasian_african_pt_dec_2023/2347_2165096_Imposter.jpg,1,0,0,0
/home/ajeet/codework/datasets/Training_Validation_Dataset_2024_Ajeet-20241107T105545Z-001/Training_Validation_Dataset_2024_Ajeet/caucasian_african_pt_dec_2023/25_2162045_Mobile Camera.jpg,0,1,0,1
/home/ajeet/codework/datasets/Training_Validation_Dataset_2024_Ajeet-20241107T105545Z-001/Training_Validation_Dataset_2024_Ajeet/caucasian_african_pt_dec_2023/1498_2163503_Mobile Camera.jpg,0,1,0,1
/home/ajeet/codework/datasets/Training_Validation_Dataset_2024_Ajeet-20241107T105545Z-001/Training_Validation_Dataset_2024_Ajeet/caucasian_african_pt_dec_2023/1013_2162490_Multiple people.jpg,0,1,0,0
/home/ajeet/codework/datasets/Training_Validation_Dataset_2024_Ajeet-20241107T105545Z-001/Training_Validation_Dataset_2024_Ajeet/caucasian_african_pt_dec_2023/382_2162129_Imposter.jpg,1,1,0,0
/home/ajeet/codework/datasets/Training_Validation_Dataset_2024_Ajeet-20241107T105545Z-001/Training_Validation_Dataset_2024_Ajeet/caucasian_african_pt_dec_2023/1376_2163361_Mobile Camera.jpg,0,1,1,1
/home/ajeet/codework/datasets/Training_Validation_Dataset_2024_Ajeet-20241107T105545Z-001/Training_Validation_Dataset_2024_Ajeet/caucasian_african_pt_dec_2023/1201_2163051_Imposter.jpg,0,1,0,0
/home/ajeet/codework/datasets/Training_Validation_Dataset_2024_Ajeet-20241107T105545Z-001/Training_Validation_Dataset_2024_Ajeet/caucasian_african_pt_dec_2023/2678_2165285_Imposter.jpg,1,1,0,0
/home/ajeet/codework/datasets/Training_Validation_Dataset_2024_Ajeet-20241107T105545Z-001/Training_Validation_Dataset_2024_Ajeet/caucasian_african_pt_dec_2023/1033_2162503_Imposter.jpg,1,1,0,0
/home/ajeet/codework/datasets/Training_Validation_Dataset_2024_Ajeet-20241107T105545Z-001/Training_Validation_Dataset_2024_Ajeet/caucasian_african_pt_dec_2023/299_2162117_Imposter.jpg,1,1,0,0
/home/ajeet/codework/datasets/Training_Validation_Dataset_2024_Ajeet-20241107T105545Z-001/Training_Validation_Dataset_2024_Ajeet/caucasian_african_pt_dec_2023/1024_2162492_Mobile Camera.jpg,1,1,0,1
/home/ajeet/codework/datasets/Training_Validation_Dataset_2024_Ajeet-20241107T105545Z-001/Training_Validation_Dataset_2024_Ajeet/caucasian_african_pt_dec_2023/2475_2165263_Imposter.jpg,1,1,0,0
/home/ajeet/codework/datasets/Training_Validation_Dataset_2024_Ajeet-20241107T105545Z-001/Training_Validation_Dataset_2024_Ajeet/caucasian_african_pt_dec_2023/2366_2165106_FVE - No Face Detected.jpg,1,1,0,0
/home/ajeet/codework/datasets/Training_Validation_Dataset_2024_Ajeet-20241107T105545Z-001/Training_Validation_Dataset_2024_Ajeet/caucasian_african_pt_dec_2023/2330_2165084_Imposter.jpg,1,1,0,0
/home/ajeet/codework/datasets/Training_Validation_Dataset_2024_Ajeet-20241107T105545Z-001/Training_Validation_Dataset_2024_Ajeet/caucasian_african_pt_dec_2023/1626_2163656_Imposter.jpg,1,1,0,0
/home/ajeet/codework/datasets/Training_Validation_Dataset_2024_Ajeet-20241107T105545Z-001/Training_Validation_Dataset_2024_Ajeet/caucasian_african_pt_dec_2023/2701_2165289_FVE - No Face Detected.jpg,1,1,0,0
/home/ajeet/codework/datasets/Training_Validation_Dataset_2024_Ajeet-20241107T105545Z-001/Training_Validation_Dataset_2024_Ajeet/caucasian_african_pt_dec_2023/2090_2164994_Imposter.jpg,1,1,0,0
/home/ajeet/codework/datasets/Training_Validation_Dataset_2024_Ajeet-20241107T105545Z-001/Training_Validation_Dataset_2024_Ajeet/caucasian_african_pt_dec_2023/2183_2165010_Imposter.jpg,1,1,0,0
/home/ajeet/codework/datasets/Training_Validation_Dataset_2024_Ajeet-20241107T105545Z-001/Training_Validation_Dataset_2024_Ajeet/caucasian_african_pt_dec_2023/1641_2163681_Imposter.jpg,0,1,0,0
/home/ajeet/codework/datasets/Training_Validation_Dataset_2024_Ajeet-20241107T105545Z-001/Training_Validation_Dataset_2024_Ajeet/caucasian_african_pt_dec_2023/370_2162129_Imposter.jpg,1,0,0,0
/home/ajeet/codework/datasets/Training_Validation_Dataset_2024_Ajeet-20241107T105545Z-001/Training_Validation_Dataset_2024_Ajeet/caucasian_african_pt_dec_2023/2521_2165263_Imposter.jpg,1,0,0,0
/home/ajeet/codework/datasets/Training_Validation_Dataset_2024_Ajeet-20241107T105545Z-001/Training_Validation_Dataset_2024_Ajeet/caucasian_african_pt_dec_2023/2071_2164994_FVE - No Face Detected.jpg,1,1,0,0
/home/ajeet/codework/datasets/Training_Validation_Dataset_2024_Ajeet-20241107T105545Z-001/Training_Validation_Dataset_2024_Ajeet/caucasian_african_pt_dec_2023/2309_2165084_Imposter.jpg,1,1,0,1
/home/ajeet/codework/datasets/Training_Validation_Dataset_2024_Ajeet-20241107T105545Z-001/Training_Validation_Dataset_2024_Ajeet/caucasian_african_pt_dec_2023/674_2162304_Imposter.jpg,1,1,0,0
/home/ajeet/codework/datasets/Training_Validation_Dataset_2024_Ajeet-20241107T105545Z-001/Training_Validation_Dataset_2024_Ajeet/caucasian_african_pt_dec_2023/2607_2165275_Imposter.jpg,1,1,0,0
/home/ajeet/codework/datasets/Training_Validation_Dataset_2024_Ajeet-20241107T105545Z-001/Training_Validation_Dataset_2024_Ajeet/caucasian_african_pt_dec_2023/757_2162304_Imposter.jpg,1,1,0,0
/home/ajeet/codework/datasets/Training_Validation_Dataset_2024_Ajeet-20241107T105545Z-001/Training_Validation_Dataset_2024_Ajeet/caucasian_african_pt_dec_2023/2760_2165338_FVE - No Face Detected.jpg,1,1,0,0
/home/ajeet/codework/datasets/Training_Validation_Dataset_2024_Ajeet-20241107T105545Z-001/Training_Validation_Dataset_2024_Ajeet/caucasian_african_pt_dec_2023/708_2162304_Imposter.jpg,1,1,0,0
/home/ajeet/codework/datasets/Training_Validation_Dataset_2024_Ajeet-20241107T105545Z-001/Training_Validation_Dataset_2024_Ajeet/caucasian_african_pt_dec_2023/1747_2164152_Imposter.jpg,0,1,0,0
/home/ajeet/codework/datasets/Training_Validation_Dataset_2024_Ajeet-20241107T105545Z-001/Training_Validation_Dataset_2024_Ajeet/caucasian_african_pt_dec_2023/302_2162117_Imposter.jpg,0,1,0,0
/home/ajeet/codework/datasets/Training_Validation_Dataset_2024_Ajeet-20241107T105545Z-001/Training_Validation_Dataset_2024_Ajeet/caucasian_african_pt_dec_2023/1149_2162985_Imposter.jpg,1,1,0,0
/home/ajeet/codework/datasets/Training_Validation_Dataset_2024_Ajeet-20241107T105545Z-001/Training_Validation_Dataset_2024_Ajeet/caucasian_african_pt_dec_2023/2160_2165005_Mobile Camera.jpg,1,1,0,0
/home/ajeet/codework/datasets/Training_Validation_Dataset_2024_Ajeet-20241107T105545Z-001/Training_Validation_Dataset_2024_Ajeet/caucasian_african_pt_dec_2023/1925_2164951_Imposter.jpg,0,1,0,1
/home/ajeet/codework/datasets/Training_Validation_Dataset_2024_Ajeet-20241107T105545Z-001/Training_Validation_Dataset_2024_Ajeet/caucasian_african_pt_dec_2023/229_2162093_Mobile Camera.jpg,1,1,1,1
/home/ajeet/codework/datasets/Training_Validation_Dataset_2024_Ajeet-20241107T105545Z-001/Training_Validation_Dataset_2024_Ajeet/caucasian_african_pt_dec_2023/1463_2163473_Imposter.jpg,1,1,0,0
/home/ajeet/codework/datasets/Training_Validation_Dataset_2024_Ajeet-20241107T105545Z-001/Training_Validation_Dataset_2024_Ajeet/caucasian_african_pt_dec_2023/48_2162050_Imposter.jpg,0,1,0,0
/home/ajeet/codework/datasets/Training_Validation_Dataset_2024_Ajeet-20241107T105545Z-001/Training_Validation_Dataset_2024_Ajeet/caucasian_african_pt_dec_2023/960_2162434_Imposter.jpg,1,1,0,0
/home/ajeet/codework/datasets/Training_Validation_Dataset_2024_Ajeet-20241107T105545Z-001/Training_Validation_Dataset_2024_Ajeet/caucasian_african_pt_dec_2023/1001_2162483_Imposter.jpg,1,1,0,0
/home/ajeet/codework/datasets/Training_Validation_Dataset_2024_Ajeet-20241107T105545Z-001/Training_Validation_Dataset_2024_Ajeet/caucasian_african_pt_dec_2023/1549_2163597_Imposter.jpg,0,1,0,0
/home/ajeet/codework/datasets/Training_Validation_Dataset_2024_Ajeet-20241107T105545Z-001/Training_Validation_Dataset_2024_Ajeet/caucasian_african_pt_dec_2023/744_2162304_Imposter.jpg,1,1,0,0
/home/ajeet/codework/datasets/Training_Validation_Dataset_2024_Ajeet-20241107T105545Z-001/Training_Validation_Dataset_2024_Ajeet/caucasian_african_pt_dec_2023/1338_2163276_Imposter.jpg,0,1,0,0
/home/ajeet/codework/datasets/Training_Validation_Dataset_2024_Ajeet-20241107T105545Z-001/Training_Validation_Dataset_2024_Ajeet/caucasian_african_pt_dec_2023/1552_2163597_Imposter.jpg,0,1,0,0
/home/ajeet/codework/datasets/Training_Validation_Dataset_2024_Ajeet-20241107T105545Z-001/Training_Validation_Dataset_2024_Ajeet/caucasian_african_pt_dec_2023/577_2162255_Imposter.jpg,1,1,0,0
/home/ajeet/codework/datasets/Training_Validation_Dataset_2024_Ajeet-20241107T105545Z-001/Training_Validation_Dataset_2024_Ajeet/caucasian_african_pt_dec_2023/66_2162050_Imposter.jpg,1,1,0,0
/home/ajeet/codework/datasets/Training_Validation_Dataset_2024_Ajeet-20241107T105545Z-001/Training_Validation_Dataset_2024_Ajeet/caucasian_african_pt_dec_2023/1929_2164953_Imposter.jpg,0,1,0,0
/home/ajeet/codework/datasets/Training_Validation_Dataset_2024_Ajeet-20241107T105545Z-001/Training_Validation_Dataset_2024_Ajeet/caucasian_african_pt_dec_2023/974_2162449_Imposter.jpg,1,1,0,0
/home/ajeet/codework/datasets/Training_Validation_Dataset_2024_Ajeet-20241107T105545Z-001/Training_Validation_Dataset_2024_Ajeet/caucasian_african_pt_dec_2023/1958_2164956_Mobile Camera.jpg,1,1,0,0
/home/ajeet/codework/datasets/Training_Validation_Dataset_2024_Ajeet-20241107T105545Z-001/Training_Validation_Dataset_2024_Ajeet/caucasian_african_pt_dec_2023/56_2162050_Imposter.jpg,1,1,0,0
/home/ajeet/codework/datasets/Training_Validation_Dataset_2024_Ajeet-20241107T105545Z-001/Training_Validation_Dataset_2024_Ajeet/caucasian_african_pt_dec_2023/1075_2162597_Imposter.jpg,0,1,0,0
/home/ajeet/codework/datasets/Training_Validation_Dataset_2024_Ajeet-20241107T105545Z-001/Training_Validation_Dataset_2024_Ajeet/caucasian_african_pt_dec_2023/1785_2164738_Mobile Camera.jpg,0,1,0,1
/home/ajeet/codework/datasets/Training_Validation_Dataset_2024_Ajeet-20241107T105545Z-001/Training_Validation_Dataset_2024_Ajeet/caucasian_african_pt_dec_2023/2072_2164994_Imposter.jpg,1,1,0,0
/home/ajeet/codework/datasets/Training_Validation_Dataset_2024_Ajeet-20241107T105545Z-001/Training_Validation_Dataset_2024_Ajeet/caucasian_african_pt_dec_2023/8_2162025_Mobile Camera.jpg,1,1,0,1
/home/ajeet/codework/datasets/Training_Validation_Dataset_2024_Ajeet-20241107T105545Z-001/Training_Validation_Dataset_2024_Ajeet/caucasian_african_pt_dec_2023/2683_2165285_Mobile Camera.jpg,1,1,0,1
/home/ajeet/codework/datasets/Training_Validation_Dataset_2024_Ajeet-20241107T105545Z-001/Training_Validation_Dataset_2024_Ajeet/caucasian_african_pt_dec_2023/2152_2165005_Imposter.jpg,1,1,0,0
/home/ajeet/codework/datasets/Training_Validation_Dataset_2024_Ajeet-20241107T105545Z-001/Training_Validation_Dataset_2024_Ajeet/caucasian_african_pt_dec_2023/213_2162093_Imposter.jpg,1,1,0,0
/home/ajeet/codework/datasets/Training_Validation_Dataset_2024_Ajeet-20241107T105545Z-001/Training_Validation_Dataset_2024_Ajeet/caucasian_african_pt_dec_2023/1041_2162503_Imposter.jpg,1,1,0,0
/home/ajeet/codework/datasets/Training_Validation_Dataset_2024_Ajeet-20241107T105545Z-001/Training_Validation_Dataset_2024_Ajeet/caucasian_african_pt_dec_2023/2073_2164994_Imposter.jpg,1,1,0,0
/home/ajeet/codework/datasets/Training_Validation_Dataset_2024_Ajeet-20241107T105545Z-001/Training_Validation_Dataset_2024_Ajeet/caucasian_african_pt_dec_2023/1974_2164971_Mobile Camera.jpg,0,0,0,1
/home/ajeet/codework/datasets/Training_Validation_Dataset_2024_Ajeet-20241107T105545Z-001/Training_Validation_Dataset_2024_Ajeet/caucasian_african_pt_dec_2023/1748_2164152_Imposter.jpg,0,1,0,0
/home/ajeet/codework/datasets/Training_Validation_Dataset_2024_Ajeet-20241107T105545Z-001/Training_Validation_Dataset_2024_Ajeet/caucasian_african_pt_dec_2023/1451_2163443_Imposter.jpg,1,1,0,0
/home/ajeet/codework/datasets/Training_Validation_Dataset_2024_Ajeet-20241107T105545Z-001/Training_Validation_Dataset_2024_Ajeet/caucasian_african_pt_dec_2023/681_2162304_Imposter.jpg,1,1,0,0
/home/ajeet/codework/datasets/Training_Validation_Dataset_2024_Ajeet-20241107T105545Z-001/Training_Validation_Dataset_2024_Ajeet/caucasian_african_pt_dec_2023/964_2162442_Mobile Camera.jpg,1,1,0,1
/home/ajeet/codework/datasets/Training_Validation_Dataset_2024_Ajeet-20241107T105545Z-001/Training_Validation_Dataset_2024_Ajeet/caucasian_african_pt_dec_2023/848_2162324_Mobile Camera.jpg,0,1,0,1
/home/ajeet/codework/datasets/Training_Validation_Dataset_2024_Ajeet-20241107T105545Z-001/Training_Validation_Dataset_2024_Ajeet/caucasian_african_pt_dec_2023/2520_2165263_Imposter.jpg,1,1,0,0
/home/ajeet/codework/datasets/Training_Validation_Dataset_2024_Ajeet-20241107T105545Z-001/Training_Validation_Dataset_2024_Ajeet/caucasian_african_pt_dec_2023/2397_2165161_FVE - No Face Detected.jpg,1,1,0,0
/home/ajeet/codework/datasets/Training_Validation_Dataset_2024_Ajeet-20241107T105545Z-001/Training_Validation_Dataset_2024_Ajeet/caucasian_african_pt_dec_2023/1361_2163300_Mobile Camera.jpg,0,1,0,1
/home/ajeet/codework/datasets/Training_Validation_Dataset_2024_Ajeet-20241107T105545Z-001/Training_Validation_Dataset_2024_Ajeet/caucasian_african_pt_dec_2023/1624_2163656_Imposter.jpg,1,1,0,1
/home/ajeet/codework/datasets/Training_Validation_Dataset_2024_Ajeet-20241107T105545Z-001/Training_Validation_Dataset_2024_Ajeet/caucasian_african_pt_dec_2023/553_2162224_Imposter.jpg,1,1,0,0
/home/ajeet/codework/datasets/Training_Validation_Dataset_2024_Ajeet-20241107T105545Z-001/Training_Validation_Dataset_2024_Ajeet/caucasian_african_pt_dec_2023/39_2162050_Imposter.jpg,0,1,0,1
/home/ajeet/codework/datasets/Training_Validation_Dataset_2024_Ajeet-20241107T105545Z-001/Training_Validation_Dataset_2024_Ajeet/caucasian_african_pt_dec_2023/1325_2163276_Imposter.jpg,0,1,0,0
/home/ajeet/codework/datasets/Training_Validation_Dataset_2024_Ajeet-20241107T105545Z-001/Training_Validation_Dataset_2024_Ajeet/caucasian_african_pt_dec_2023/2243_2165027_Mobile Camera.jpg,0,1,0,0
/home/ajeet/codework/datasets/Training_Validation_Dataset_2024_Ajeet-20241107T105545Z-001/Training_Validation_Dataset_2024_Ajeet/caucasian_african_pt_dec_2023/2208_2165014_Mobile Camera.jpg,1,1,0,0
/home/ajeet/codework/datasets/Training_Validation_Dataset_2024_Ajeet-20241107T105545Z-001/Training_Validation_Dataset_2024_Ajeet/caucasian_african_pt_dec_2023/569_2162255_Imposter.jpg,1,1,0,0
/home/ajeet/codework/datasets/Training_Validation_Dataset_2024_Ajeet-20241107T105545Z-001/Training_Validation_Dataset_2024_Ajeet/caucasian_african_pt_dec_2023/305_2162117_Imposter.jpg,0,1,0,0
/home/ajeet/codework/datasets/Training_Validation_Dataset_2024_Ajeet-20241107T105545Z-001/Training_Validation_Dataset_2024_Ajeet/caucasian_african_pt_dec_2023/183_2162083_Imposter.jpg,1,1,0,0
/home/ajeet/codework/datasets/Training_Validation_Dataset_2024_Ajeet-20241107T105545Z-001/Training_Validation_Dataset_2024_Ajeet/caucasian_african_pt_dec_2023/1770_2164627_Imposter.jpg,0,1,0,0
/home/ajeet/codework/datasets/Training_Validation_Dataset_2024_Ajeet-20241107T105545Z-001/Training_Validation_Dataset_2024_Ajeet/caucasian_african_pt_dec_2023/410_2162129_Imposter.jpg,0,1,0,0
/home/ajeet/codework/datasets/Training_Validation_Dataset_2024_Ajeet-20241107T105545Z-001/Training_Validation_Dataset_2024_Ajeet/caucasian_african_pt_dec_2023/1556_2163597_Mobile Camera.jpg,1,1,0,1
/home/ajeet/codework/datasets/Training_Validation_Dataset_2024_Ajeet-20241107T105545Z-001/Training_Validation_Dataset_2024_Ajeet/caucasian_african_pt_dec_2023/1235_2163233_FVE - No Face Detected.jpg,1,1,0,0
/home/ajeet/codework/datasets/Training_Validation_Dataset_2024_Ajeet-20241107T105545Z-001/Training_Validation_Dataset_2024_Ajeet/caucasian_african_pt_dec_2023/591_2162276_Imposter.jpg,0,1,0,0
/home/ajeet/codework/datasets/Training_Validation_Dataset_2024_Ajeet-20241107T105545Z-001/Training_Validation_Dataset_2024_Ajeet/caucasian_african_pt_dec_2023/74_2162050_Imposter.jpg,1,1,0,0
/home/ajeet/codework/datasets/Training_Validation_Dataset_2024_Ajeet-20241107T105545Z-001/Training_Validation_Dataset_2024_Ajeet/caucasian_african_pt_dec_2023/116_2162064_Mobile Camera.jpg,1,1,1,1
/home/ajeet/codework/datasets/Training_Validation_Dataset_2024_Ajeet-20241107T105545Z-001/Training_Validation_Dataset_2024_Ajeet/caucasian_african_pt_dec_2023/1313_2163262_Imposter.jpg,0,1,0,0
/home/ajeet/codework/datasets/Training_Validation_Dataset_2024_Ajeet-20241107T105545Z-001/Training_Validation_Dataset_2024_Ajeet/caucasian_african_pt_dec_2023/2229_2165018_Mobile Camera.jpg,1,1,1,1
/home/ajeet/codework/datasets/Training_Validation_Dataset_2024_Ajeet-20241107T105545Z-001/Training_Validation_Dataset_2024_Ajeet/caucasian_african_pt_dec_2023/1059_2162549_Imposter.jpg,1,1,0,0
/home/ajeet/codework/datasets/Training_Validation_Dataset_2024_Ajeet-20241107T105545Z-001/Training_Validation_Dataset_2024_Ajeet/caucasian_african_pt_dec_2023/2457_2165214_Mobile Camera.jpg,1,1,1,1
/home/ajeet/codework/datasets/Training_Validation_Dataset_2024_Ajeet-20241107T105545Z-001/Training_Validation_Dataset_2024_Ajeet/caucasian_african_pt_dec_2023/1228_2163173_Imposter.jpg,1,1,0,0
/home/ajeet/codework/datasets/Training_Validation_Dataset_2024_Ajeet-20241107T105545Z-001/Training_Validation_Dataset_2024_Ajeet/caucasian_african_pt_dec_2023/649_2162291_Imposter.jpg,0,1,0,0
/home/ajeet/codework/datasets/Training_Validation_Dataset_2024_Ajeet-20241107T105545Z-001/Training_Validation_Dataset_2024_Ajeet/caucasian_african_pt_dec_2023/2664_2165275_Imposter.jpg,1,1,0,0
/home/ajeet/codework/datasets/Training_Validation_Dataset_2024_Ajeet-20241107T105545Z-001/Training_Validation_Dataset_2024_Ajeet/caucasian_african_pt_dec_2023/698_2162304_Imposter.jpg,1,1,0,0
/home/ajeet/codework/datasets/Training_Validation_Dataset_2024_Ajeet-20241107T105545Z-001/Training_Validation_Dataset_2024_Ajeet/caucasian_african_pt_dec_2023/910_2162368_Imposter.jpg,1,1,0,0
/home/ajeet/codework/datasets/Training_Validation_Dataset_2024_Ajeet-20241107T105545Z-001/Training_Validation_Dataset_2024_Ajeet/caucasian_african_pt_dec_2023/456_2162149_Imposter.jpg,1,1,0,1
/home/ajeet/codework/datasets/Training_Validation_Dataset_2024_Ajeet-20241107T105545Z-001/Training_Validation_Dataset_2024_Ajeet/caucasian_african_pt_dec_2023/1717_2163773_Imposter.jpg,1,1,0,0
/home/ajeet/codework/datasets/Training_Validation_Dataset_2024_Ajeet-20241107T105545Z-001/Training_Validation_Dataset_2024_Ajeet/caucasian_african_pt_dec_2023/280_2162108_Imposter.jpg,0,1,0,0
/home/ajeet/codework/datasets/Training_Validation_Dataset_2024_Ajeet-20241107T105545Z-001/Training_Validation_Dataset_2024_Ajeet/caucasian_african_pt_dec_2023/1200_2163051_Mobile Camera.jpg,1,0,1,0
/home/ajeet/codework/datasets/Training_Validation_Dataset_2024_Ajeet-20241107T105545Z-001/Training_Validation_Dataset_2024_Ajeet/caucasian_african_pt_dec_2023/1079_2162604_Imposter.jpg,1,1,0,0
/home/ajeet/codework/datasets/Training_Validation_Dataset_2024_Ajeet-20241107T105545Z-001/Training_Validation_Dataset_2024_Ajeet/caucasian_african_pt_dec_2023/2169_2165007_Mobile Camera.jpg,1,1,1,1
/home/ajeet/codework/datasets/Training_Validation_Dataset_2024_Ajeet-20241107T105545Z-001/Training_Validation_Dataset_2024_Ajeet/caucasian_african_pt_dec_2023/289_2162115_Imposter.jpg,0,1,0,0
/home/ajeet/codework/datasets/Training_Validation_Dataset_2024_Ajeet-20241107T105545Z-001/Training_Validation_Dataset_2024_Ajeet/caucasian_african_pt_dec_2023/2178_2165009_Imposter.jpg,0,1,0,0
/home/ajeet/codework/datasets/Training_Validation_Dataset_2024_Ajeet-20241107T105545Z-001/Training_Validation_Dataset_2024_Ajeet/caucasian_african_pt_dec_2023/1425_2163413_FVE - Imposter Detected.jpg,1,1,0,0
/home/ajeet/codework/datasets/Training_Validation_Dataset_2024_Ajeet-20241107T105545Z-001/Training_Validation_Dataset_2024_Ajeet/caucasian_african_pt_dec_2023/2836_2165418_Imposter.jpg,1,1,0,0
/home/ajeet/codework/datasets/Training_Validation_Dataset_2024_Ajeet-20241107T105545Z-001/Training_Validation_Dataset_2024_Ajeet/caucasian_african_pt_dec_2023/86_2162061_Mobile Camera.jpg,1,1,0,1
/home/ajeet/codework/datasets/Training_Validation_Dataset_2024_Ajeet-20241107T105545Z-001/Training_Validation_Dataset_2024_Ajeet/caucasian_african_pt_dec_2023/148_2162067_Imposter.jpg,1,1,0,1
/home/ajeet/codework/datasets/Training_Validation_Dataset_2024_Ajeet-20241107T105545Z-001/Training_Validation_Dataset_2024_Ajeet/caucasian_african_pt_dec_2023/2452_2165210_Imposter.jpg,1,1,0,0
/home/ajeet/codework/datasets/Training_Validation_Dataset_2024_Ajeet-20241107T105545Z-001/Training_Validation_Dataset_2024_Ajeet/caucasian_african_pt_dec_2023/1169_2163030_Multiple people.jpg,1,1,0,0
/home/ajeet/codework/datasets/Training_Validation_Dataset_2024_Ajeet-20241107T105545Z-001/Training_Validation_Dataset_2024_Ajeet/caucasian_african_pt_dec_2023/277_2162108_Imposter.jpg,0,1,0,0
/home/ajeet/codework/datasets/Training_Validation_Dataset_2024_Ajeet-20241107T105545Z-001/Training_Validation_Dataset_2024_Ajeet/caucasian_african_pt_dec_2023/1063_2162551_Imposter.jpg,1,1,0,0
/home/ajeet/codework/datasets/Training_Validation_Dataset_2024_Ajeet-20241107T105545Z-001/Training_Validation_Dataset_2024_Ajeet/caucasian_african_pt_dec_2023/1963_2164956_Imposter.jpg,1,1,0,0
/home/ajeet/codework/datasets/Training_Validation_Dataset_2024_Ajeet-20241107T105545Z-001/Training_Validation_Dataset_2024_Ajeet/caucasian_african_pt_dec_2023/2536_2165267_Imposter.jpg,1,1,0,0
/home/ajeet/codework/datasets/Training_Validation_Dataset_2024_Ajeet-20241107T105545Z-001/Training_Validation_Dataset_2024_Ajeet/caucasian_african_pt_dec_2023/1649_2163686_Mobile Camera.jpg,0,1,0,1
/home/ajeet/codework/datasets/Training_Validation_Dataset_2024_Ajeet-20241107T105545Z-001/Training_Validation_Dataset_2024_Ajeet/caucasian_african_pt_dec_2023/2259_2165029_Mobile Camera.jpg,1,1,0,0
/home/ajeet/codework/datasets/Training_Validation_Dataset_2024_Ajeet-20241107T105545Z-001/Training_Validation_Dataset_2024_Ajeet/caucasian_african_pt_dec_2023/2356_2165100_FVE - No Face Detected.jpg,1,1,0,0
/home/ajeet/codework/datasets/Training_Validation_Dataset_2024_Ajeet-20241107T105545Z-001/Training_Validation_Dataset_2024_Ajeet/caucasian_african_pt_dec_2023/110_2162064_Mobile Camera.jpg,1,1,1,0
/home/ajeet/codework/datasets/Training_Validation_Dataset_2024_Ajeet-20241107T105545Z-001/Training_Validation_Dataset_2024_Ajeet/caucasian_african_pt_dec_2023/2438_2165189_Mobile Camera.jpg,1,1,0,1
/home/ajeet/codework/datasets/Training_Validation_Dataset_2024_Ajeet-20241107T105545Z-001/Training_Validation_Dataset_2024_Ajeet/caucasian_african_pt_dec_2023/2743_2165327_Imposter.jpg,1,1,0,0
/home/ajeet/codework/datasets/Training_Validation_Dataset_2024_Ajeet-20241107T105545Z-001/Training_Validation_Dataset_2024_Ajeet/caucasian_african_pt_dec_2023/2350_2165096_Imposter.jpg,1,0,0,0
/home/ajeet/codework/datasets/Training_Validation_Dataset_2024_Ajeet-20241107T105545Z-001/Training_Validation_Dataset_2024_Ajeet/caucasian_african_pt_dec_2023/1878_2164929_Mobile Camera.jpg,1,1,0,1
/home/ajeet/codework/datasets/Training_Validation_Dataset_2024_Ajeet-20241107T105545Z-001/Training_Validation_Dataset_2024_Ajeet/caucasian_african_pt_dec_2023/881_2162352_Mobile Camera.jpg,0,1,0,1
/home/ajeet/codework/datasets/Training_Validation_Dataset_2024_Ajeet-20241107T105545Z-001/Training_Validation_Dataset_2024_Ajeet/caucasian_african_pt_dec_2023/359_2162125_Imposter.jpg,0,1,0,0
/home/ajeet/codework/datasets/Training_Validation_Dataset_2024_Ajeet-20241107T105545Z-001/Training_Validation_Dataset_2024_Ajeet/caucasian_african_pt_dec_2023/357_2162125_Imposter.jpg,0,1,0,0
/home/ajeet/codework/datasets/Training_Validation_Dataset_2024_Ajeet-20241107T105545Z-001/Training_Validation_Dataset_2024_Ajeet/caucasian_african_pt_dec_2023/1305_2163250_Imposter.jpg,1,1,0,1
/home/ajeet/codework/datasets/Training_Validation_Dataset_2024_Ajeet-20241107T105545Z-001/Training_Validation_Dataset_2024_Ajeet/caucasian_african_pt_dec_2023/842_2162323_Mobile Camera.jpg,1,1,0,1
/home/ajeet/codework/datasets/Training_Validation_Dataset_2024_Ajeet-20241107T105545Z-001/Training_Validation_Dataset_2024_Ajeet/caucasian_african_pt_dec_2023/563_2162224_Imposter.jpg,1,1,0,0
/home/ajeet/codework/datasets/Training_Validation_Dataset_2024_Ajeet-20241107T105545Z-001/Training_Validation_Dataset_2024_Ajeet/caucasian_african_pt_dec_2023/843_2162324_Mobile Camera.jpg,1,1,0,1
/home/ajeet/codework/datasets/Training_Validation_Dataset_2024_Ajeet-20241107T105545Z-001/Training_Validation_Dataset_2024_Ajeet/caucasian_african_pt_dec_2023/767_2162304_Imposter.jpg,1,1,0,0
/home/ajeet/codework/datasets/Training_Validation_Dataset_2024_Ajeet-20241107T105545Z-001/Training_Validation_Dataset_2024_Ajeet/caucasian_african_pt_dec_2023/2252_2165029_Imposter.jpg,1,1,0,0
/home/ajeet/codework/datasets/Training_Validation_Dataset_2024_Ajeet-20241107T105545Z-001/Training_Validation_Dataset_2024_Ajeet/caucasian_african_pt_dec_2023/1613_2163655_Imposter.jpg,1,1,0,0
/home/ajeet/codework/datasets/Training_Validation_Dataset_2024_Ajeet-20241107T105545Z-001/Training_Validation_Dataset_2024_Ajeet/caucasian_african_pt_dec_2023/2735_2165327_Imposter.jpg,1,1,0,1
/home/ajeet/codework/datasets/Training_Validation_Dataset_2024_Ajeet-20241107T105545Z-001/Training_Validation_Dataset_2024_Ajeet/caucasian_african_pt_dec_2023/1673_2163737_Mobile Camera.jpg,1,1,0,1
/home/ajeet/codework/datasets/Training_Validation_Dataset_2024_Ajeet-20241107T105545Z-001/Training_Validation_Dataset_2024_Ajeet/caucasian_african_pt_dec_2023/911_2162368_FVE - No Face Detected.jpg,1,1,0,0
/home/ajeet/codework/datasets/Training_Validation_Dataset_2024_Ajeet-20241107T105545Z-001/Training_Validation_Dataset_2024_Ajeet/caucasian_african_pt_dec_2023/713_2162304_Imposter.jpg,1,1,0,0
/home/ajeet/codework/datasets/Training_Validation_Dataset_2024_Ajeet-20241107T105545Z-001/Training_Validation_Dataset_2024_Ajeet/caucasian_african_pt_dec_2023/1746_2164152_Imposter.jpg,0,1,0,0
/home/ajeet/codework/datasets/Training_Validation_Dataset_2024_Ajeet-20241107T105545Z-001/Training_Validation_Dataset_2024_Ajeet/caucasian_african_pt_dec_2023/1956_2164956_Mobile Camera.jpg,1,1,0,1
/home/ajeet/codework/datasets/Training_Validation_Dataset_2024_Ajeet-20241107T105545Z-001/Training_Validation_Dataset_2024_Ajeet/caucasian_african_pt_dec_2023/1141_2162976_Imposter.jpg,1,1,0,0
/home/ajeet/codework/datasets/Training_Validation_Dataset_2024_Ajeet-20241107T105545Z-001/Training_Validation_Dataset_2024_Ajeet/caucasian_african_pt_dec_2023/2629_2165275_Imposter.jpg,1,1,0,0
/home/ajeet/codework/datasets/Training_Validation_Dataset_2024_Ajeet-20241107T105545Z-001/Training_Validation_Dataset_2024_Ajeet/caucasian_african_pt_dec_2023/1639_2163665_Imposter.jpg,0,1,0,0
/home/ajeet/codework/datasets/Training_Validation_Dataset_2024_Ajeet-20241107T105545Z-001/Training_Validation_Dataset_2024_Ajeet/caucasian_african_pt_dec_2023/2050_2164993_Mobile Camera.jpg,1,1,0,1
/home/ajeet/codework/datasets/Training_Validation_Dataset_2024_Ajeet-20241107T105545Z-001/Training_Validation_Dataset_2024_Ajeet/caucasian_african_pt_dec_2023/2255_2165029_FVE - No Face Detected.jpg,1,1,0,0
/home/ajeet/codework/datasets/Training_Validation_Dataset_2024_Ajeet-20241107T105545Z-001/Training_Validation_Dataset_2024_Ajeet/caucasian_african_pt_dec_2023/775_2162304_Imposter.jpg,1,1,0,0
/home/ajeet/codework/datasets/Training_Validation_Dataset_2024_Ajeet-20241107T105545Z-001/Training_Validation_Dataset_2024_Ajeet/caucasian_african_pt_dec_2023/494_2162174_Imposter.jpg,1,1,0,0
/home/ajeet/codework/datasets/Training_Validation_Dataset_2024_Ajeet-20241107T105545Z-001/Training_Validation_Dataset_2024_Ajeet/caucasian_african_pt_dec_2023/579_2162265_Multiple people.jpg,1,1,0,0
/home/ajeet/codework/datasets/Training_Validation_Dataset_2024_Ajeet-20241107T105545Z-001/Training_Validation_Dataset_2024_Ajeet/caucasian_african_pt_dec_2023/205_2162093_Imposter.jpg,0,1,0,1
/home/ajeet/codework/datasets/Training_Validation_Dataset_2024_Ajeet-20241107T105545Z-001/Training_Validation_Dataset_2024_Ajeet/caucasian_african_pt_dec_2023/686_2162304_Imposter.jpg,1,1,0,1
/home/ajeet/codework/datasets/Training_Validation_Dataset_2024_Ajeet-20241107T105545Z-001/Training_Validation_Dataset_2024_Ajeet/caucasian_african_pt_dec_2023/2241_2165026_Imposter.jpg,1,1,0,1
/home/ajeet/codework/datasets/Training_Validation_Dataset_2024_Ajeet-20241107T105545Z-001/Training_Validation_Dataset_2024_Ajeet/caucasian_african_pt_dec_2023/67_2162050_Imposter.jpg,1,1,0,0
/home/ajeet/codework/datasets/Training_Validation_Dataset_2024_Ajeet-20241107T105545Z-001/Training_Validation_Dataset_2024_Ajeet/caucasian_african_pt_dec_2023/1870_2164929_Mobile Camera.jpg,0,1,0,1
/home/ajeet/codework/datasets/Training_Validation_Dataset_2024_Ajeet-20241107T105545Z-001/Training_Validation_Dataset_2024_Ajeet/caucasian_african_pt_dec_2023/1901_2164935_Imposter.jpg,1,1,0,1
/home/ajeet/codework/datasets/Training_Validation_Dataset_2024_Ajeet-20241107T105545Z-001/Training_Validation_Dataset_2024_Ajeet/caucasian_african_pt_dec_2023/2820_2165388_Imposter.jpg,1,1,0,0
/home/ajeet/codework/datasets/Training_Validation_Dataset_2024_Ajeet-20241107T105545Z-001/Training_Validation_Dataset_2024_Ajeet/caucasian_african_pt_dec_2023/1199_2163051_Imposter.jpg,0,1,0,0
/home/ajeet/codework/datasets/Training_Validation_Dataset_2024_Ajeet-20241107T105545Z-001/Training_Validation_Dataset_2024_Ajeet/caucasian_african_pt_dec_2023/2538_2165267_Imposter.jpg,1,1,0,0
/home/ajeet/codework/datasets/Training_Validation_Dataset_2024_Ajeet-20241107T105545Z-001/Training_Validation_Dataset_2024_Ajeet/caucasian_african_pt_dec_2023/2_2162025_Mobile Camera.jpg,1,1,0,1
/home/ajeet/codework/datasets/Training_Validation_Dataset_2024_Ajeet-20241107T105545Z-001/Training_Validation_Dataset_2024_Ajeet/caucasian_african_pt_dec_2023/36_2162050_Imposter.jpg,1,1,0,0
/home/ajeet/codework/datasets/Training_Validation_Dataset_2024_Ajeet-20241107T105545Z-001/Training_Validation_Dataset_2024_Ajeet/caucasian_african_pt_dec_2023/1029_2162503_Mobile Camera.jpg,0,1,0,0
/home/ajeet/codework/datasets/Training_Validation_Dataset_2024_Ajeet-20241107T105545Z-001/Training_Validation_Dataset_2024_Ajeet/caucasian_african_pt_dec_2023/1670_2163736_Mobile Camera.jpg,1,1,0,1
/home/ajeet/codework/datasets/Training_Validation_Dataset_2024_Ajeet-20241107T105545Z-001/Training_Validation_Dataset_2024_Ajeet/caucasian_african_pt_dec_2023/2248_2165027_Imposter.jpg,0,1,0,0
/home/ajeet/codework/datasets/Training_Validation_Dataset_2024_Ajeet-20241107T105545Z-001/Training_Validation_Dataset_2024_Ajeet/caucasian_african_pt_dec_2023/2166_2165005_Imposter.jpg,1,1,0,0
/home/ajeet/codework/datasets/Training_Validation_Dataset_2024_Ajeet-20241107T105545Z-001/Training_Validation_Dataset_2024_Ajeet/caucasian_african_pt_dec_2023/2061_2164994_Imposter.jpg,1,1,0,0
/home/ajeet/codework/datasets/Training_Validation_Dataset_2024_Ajeet-20241107T105545Z-001/Training_Validation_Dataset_2024_Ajeet/caucasian_african_pt_dec_2023/639_2162288_Imposter.jpg,1,1,0,0
/home/ajeet/codework/datasets/Training_Validation_Dataset_2024_Ajeet-20241107T105545Z-001/Training_Validation_Dataset_2024_Ajeet/caucasian_african_pt_dec_2023/2132_2164997_Imposter.jpg,1,1,0,0
/home/ajeet/codework/datasets/Training_Validation_Dataset_2024_Ajeet-20241107T105545Z-001/Training_Validation_Dataset_2024_Ajeet/caucasian_african_pt_dec_2023/1869_2164922_Mobile Camera.jpg,1,1,0,1
/home/ajeet/codework/datasets/Training_Validation_Dataset_2024_Ajeet-20241107T105545Z-001/Training_Validation_Dataset_2024_Ajeet/caucasian_african_pt_dec_2023/1754_2164301_FVE - No Face Detected.jpg,1,1,0,0
/home/ajeet/codework/datasets/Training_Validation_Dataset_2024_Ajeet-20241107T105545Z-001/Training_Validation_Dataset_2024_Ajeet/caucasian_african_pt_dec_2023/381_2162129_Imposter.jpg,1,1,0,0
/home/ajeet/codework/datasets/Training_Validation_Dataset_2024_Ajeet-20241107T105545Z-001/Training_Validation_Dataset_2024_Ajeet/caucasian_african_pt_dec_2023/1916_2164945_Imposter.jpg,0,1,0,0
/home/ajeet/codework/datasets/Training_Validation_Dataset_2024_Ajeet-20241107T105545Z-001/Training_Validation_Dataset_2024_Ajeet/caucasian_african_pt_dec_2023/2734_2165327_Imposter.jpg,1,1,0,0
/home/ajeet/codework/datasets/Training_Validation_Dataset_2024_Ajeet-20241107T105545Z-001/Training_Validation_Dataset_2024_Ajeet/caucasian_african_pt_dec_2023/2111_2164994_Imposter.jpg,1,1,0,0
/home/ajeet/codework/datasets/Training_Validation_Dataset_2024_Ajeet-20241107T105545Z-001/Training_Validation_Dataset_2024_Ajeet/caucasian_african_pt_dec_2023/2257_2165029_FVE - No Face Detected.jpg,1,1,0,0
/home/ajeet/codework/datasets/Training_Validation_Dataset_2024_Ajeet-20241107T105545Z-001/Training_Validation_Dataset_2024_Ajeet/caucasian_african_pt_dec_2023/2842_2165418_Imposter.jpg,1,1,0,0
/home/ajeet/codework/datasets/Training_Validation_Dataset_2024_Ajeet-20241107T105545Z-001/Training_Validation_Dataset_2024_Ajeet/caucasian_african_pt_dec_2023/1452_2163443_Imposter.jpg,1,1,0,0
/home/ajeet/codework/datasets/Training_Validation_Dataset_2024_Ajeet-20241107T105545Z-001/Training_Validation_Dataset_2024_Ajeet/caucasian_african_pt_dec_2023/1890_2164935_FVE - No Face Detected.jpg,1,1,0,0
/home/ajeet/codework/datasets/Training_Validation_Dataset_2024_Ajeet-20241107T105545Z-001/Training_Validation_Dataset_2024_Ajeet/caucasian_african_pt_dec_2023/869_2162334_Mobile Camera.jpg,1,1,1,0
/home/ajeet/codework/datasets/Training_Validation_Dataset_2024_Ajeet-20241107T105545Z-001/Training_Validation_Dataset_2024_Ajeet/caucasian_african_pt_dec_2023/1398_2163380_Mobile Camera.jpg,0,1,0,0
