filename,person,face,cellphone,hand
/home/ajeet/codework/datasets/Training_Validation_Dataset_2024_Ajeet-20241107T105545Z-001/Training_Validation_Dataset_2024_Ajeet/FTI_BM_MP_2022/Shubham_FTI_BM_MP/619586_11_2022-02-16.jpeg,1,1,0,0
/home/ajeet/codework/datasets/Training_Validation_Dataset_2024_Ajeet-20241107T105545Z-001/Training_Validation_Dataset_2024_Ajeet/FTI_BM_MP_2022/Shubham_FTI_BM_MP/615626_76_2022-02-13.jpeg,1,1,0,0
/home/ajeet/codework/datasets/Training_Validation_Dataset_2024_Ajeet-20241107T105545Z-001/Training_Validation_Dataset_2024_Ajeet/FTI_BM_MP_2022/Shubham_FTI_BM_MP/596463_105_2022-02-03.jpeg,1,1,0,0
/home/ajeet/codework/datasets/Training_Validation_Dataset_2024_Ajeet-20241107T105545Z-001/Training_Validation_Dataset_2024_Ajeet/FTI_BM_MP_2022/Shubham_FTI_BM_MP/627024_122_2022-02-21.jpeg,1,1,0,0
/home/ajeet/codework/datasets/Training_Validation_Dataset_2024_Ajeet-20241107T105545Z-001/Training_Validation_Dataset_2024_Ajeet/FTI_BM_MP_2022/Shubham_FTI_BM_MP/626358_13_2022-02-21.jpeg,1,1,0,0
/home/ajeet/codework/datasets/Training_Validation_Dataset_2024_Ajeet-20241107T105545Z-001/Training_Validation_Dataset_2024_Ajeet/FTI_BM_MP_2022/Shubham_FTI_BM_MP/625183_99_2022-02-18.jpeg,1,1,0,0
/home/ajeet/codework/datasets/Training_Validation_Dataset_2024_Ajeet-20241107T105545Z-001/Training_Validation_Dataset_2024_Ajeet/FTI_BM_MP_2022/Shubham_FTI_BM_MP/597835_122_2022-02-03.jpeg,1,1,0,0
/home/ajeet/codework/datasets/Training_Validation_Dataset_2024_Ajeet-20241107T105545Z-001/Training_Validation_Dataset_2024_Ajeet/FTI_BM_MP_2022/Shubham_FTI_BM_MP/600790_173_2022-02-04.jpeg,1,1,0,0
/home/ajeet/codework/datasets/Training_Validation_Dataset_2024_Ajeet-20241107T105545Z-001/Training_Validation_Dataset_2024_Ajeet/FTI_BM_MP_2022/Shubham_FTI_BM_MP/595473_171_2022-02-02.jpeg,1,1,0,0
/home/ajeet/codework/datasets/Training_Validation_Dataset_2024_Ajeet-20241107T105545Z-001/Training_Validation_Dataset_2024_Ajeet/FTI_BM_MP_2022/Shubham_FTI_BM_MP/617995_135_2022-02-14.jpeg,1,1,0,1
/home/ajeet/codework/datasets/Training_Validation_Dataset_2024_Ajeet-20241107T105545Z-001/Training_Validation_Dataset_2024_Ajeet/FTI_BM_MP_2022/Shubham_FTI_BM_MP/619374_170_2022-02-15.jpeg,1,1,0,0
/home/ajeet/codework/datasets/Training_Validation_Dataset_2024_Ajeet-20241107T105545Z-001/Training_Validation_Dataset_2024_Ajeet/FTI_BM_MP_2022/Shubham_FTI_BM_MP/604181_34_2022-02-07.jpeg,1,1,0,0
/home/ajeet/codework/datasets/Training_Validation_Dataset_2024_Ajeet-20241107T105545Z-001/Training_Validation_Dataset_2024_Ajeet/FTI_BM_MP_2022/Shubham_FTI_BM_MP/614118_77_2022-02-11.jpeg,1,1,0,0
/home/ajeet/codework/datasets/Training_Validation_Dataset_2024_Ajeet-20241107T105545Z-001/Training_Validation_Dataset_2024_Ajeet/FTI_BM_MP_2022/Shubham_FTI_BM_MP/599243_53_2022-02-03.jpeg,1,1,0,1
/home/ajeet/codework/datasets/Training_Validation_Dataset_2024_Ajeet-20241107T105545Z-001/Training_Validation_Dataset_2024_Ajeet/FTI_BM_MP_2022/Shubham_FTI_BM_MP/621415_189_2022-02-16.jpeg,1,1,0,1
/home/ajeet/codework/datasets/Training_Validation_Dataset_2024_Ajeet-20241107T105545Z-001/Training_Validation_Dataset_2024_Ajeet/FTI_BM_MP_2022/Shubham_FTI_BM_MP/595318_179_2022-02-03.jpeg,1,1,0,0
/home/ajeet/codework/datasets/Training_Validation_Dataset_2024_Ajeet-20241107T105545Z-001/Training_Validation_Dataset_2024_Ajeet/FTI_BM_MP_2022/Shubham_FTI_BM_MP/619241_28_2022-02-15.jpeg,1,1,0,0
/home/ajeet/codework/datasets/Training_Validation_Dataset_2024_Ajeet-20241107T105545Z-001/Training_Validation_Dataset_2024_Ajeet/FTI_BM_MP_2022/Shubham_FTI_BM_MP/601301_184_2022-02-04.jpeg,1,1,0,0
/home/ajeet/codework/datasets/Training_Validation_Dataset_2024_Ajeet-20241107T105545Z-001/Training_Validation_Dataset_2024_Ajeet/FTI_BM_MP_2022/Shubham_FTI_BM_MP/596005_92_2022-02-02.jpeg,1,1,0,0
/home/ajeet/codework/datasets/Training_Validation_Dataset_2024_Ajeet-20241107T105545Z-001/Training_Validation_Dataset_2024_Ajeet/FTI_BM_MP_2022/Shubham_FTI_BM_MP/598775_80_2022-02-03.jpeg,1,1,0,0
/home/ajeet/codework/datasets/Training_Validation_Dataset_2024_Ajeet-20241107T105545Z-001/Training_Validation_Dataset_2024_Ajeet/FTI_BM_MP_2022/Shubham_FTI_BM_MP/612073_51_2022-02-10.jpeg,1,1,1,0
/home/ajeet/codework/datasets/Training_Validation_Dataset_2024_Ajeet-20241107T105545Z-001/Training_Validation_Dataset_2024_Ajeet/FTI_BM_MP_2022/Shubham_FTI_BM_MP/611667_115_2022-02-10.jpeg,1,1,0,0
/home/ajeet/codework/datasets/Training_Validation_Dataset_2024_Ajeet-20241107T105545Z-001/Training_Validation_Dataset_2024_Ajeet/FTI_BM_MP_2022/Shubham_FTI_BM_MP/605289_124_2022-02-07.jpeg,1,1,0,0
/home/ajeet/codework/datasets/Training_Validation_Dataset_2024_Ajeet-20241107T105545Z-001/Training_Validation_Dataset_2024_Ajeet/FTI_BM_MP_2022/Shubham_FTI_BM_MP/621195_47_2022-02-16.jpeg,1,1,0,1
/home/ajeet/codework/datasets/Training_Validation_Dataset_2024_Ajeet-20241107T105545Z-001/Training_Validation_Dataset_2024_Ajeet/FTI_BM_MP_2022/Shubham_FTI_BM_MP/611284_146_2022-02-10.jpeg,1,1,0,1
/home/ajeet/codework/datasets/Training_Validation_Dataset_2024_Ajeet-20241107T105545Z-001/Training_Validation_Dataset_2024_Ajeet/FTI_BM_MP_2022/Shubham_FTI_BM_MP/605289_198_2022-02-07.jpeg,1,1,0,0
/home/ajeet/codework/datasets/Training_Validation_Dataset_2024_Ajeet-20241107T105545Z-001/Training_Validation_Dataset_2024_Ajeet/FTI_BM_MP_2022/Shubham_FTI_BM_MP/621434_136_2022-02-16.jpeg,1,1,0,0
/home/ajeet/codework/datasets/Training_Validation_Dataset_2024_Ajeet-20241107T105545Z-001/Training_Validation_Dataset_2024_Ajeet/FTI_BM_MP_2022/Shubham_FTI_BM_MP/624180_123_2022-02-18.jpeg,1,1,0,0
/home/ajeet/codework/datasets/Training_Validation_Dataset_2024_Ajeet-20241107T105545Z-001/Training_Validation_Dataset_2024_Ajeet/FTI_BM_MP_2022/Shubham_FTI_BM_MP/612160_190_2022-02-10.jpeg,1,1,0,1
/home/ajeet/codework/datasets/Training_Validation_Dataset_2024_Ajeet-20241107T105545Z-001/Training_Validation_Dataset_2024_Ajeet/FTI_BM_MP_2022/Shubham_FTI_BM_MP/599243_105_2022-02-03.jpeg,1,1,0,1
/home/ajeet/codework/datasets/Training_Validation_Dataset_2024_Ajeet-20241107T105545Z-001/Training_Validation_Dataset_2024_Ajeet/FTI_BM_MP_2022/Shubham_FTI_BM_MP/625271_24_2022-02-18.jpeg,1,1,0,1
/home/ajeet/codework/datasets/Training_Validation_Dataset_2024_Ajeet-20241107T105545Z-001/Training_Validation_Dataset_2024_Ajeet/FTI_BM_MP_2022/Shubham_FTI_BM_MP/617438_43_2022-02-15.jpeg,1,1,0,0
/home/ajeet/codework/datasets/Training_Validation_Dataset_2024_Ajeet-20241107T105545Z-001/Training_Validation_Dataset_2024_Ajeet/FTI_BM_MP_2022/Shubham_FTI_BM_MP/595116_11_2022-02-02.jpeg,1,1,0,0
/home/ajeet/codework/datasets/Training_Validation_Dataset_2024_Ajeet-20241107T105545Z-001/Training_Validation_Dataset_2024_Ajeet/FTI_BM_MP_2022/Shubham_FTI_BM_MP/627114_98_2022-02-20.jpeg,1,1,0,0
/home/ajeet/codework/datasets/Training_Validation_Dataset_2024_Ajeet-20241107T105545Z-001/Training_Validation_Dataset_2024_Ajeet/FTI_BM_MP_2022/Shubham_FTI_BM_MP/611381_26_2022-02-10.jpeg,1,1,0,0
/home/ajeet/codework/datasets/Training_Validation_Dataset_2024_Ajeet-20241107T105545Z-001/Training_Validation_Dataset_2024_Ajeet/FTI_BM_MP_2022/Shubham_FTI_BM_MP/593905_39_2022-02-01.jpeg,1,1,0,1
/home/ajeet/codework/datasets/Training_Validation_Dataset_2024_Ajeet-20241107T105545Z-001/Training_Validation_Dataset_2024_Ajeet/FTI_BM_MP_2022/Shubham_FTI_BM_MP/595112_99_2022-02-02.jpeg,1,1,0,0
/home/ajeet/codework/datasets/Training_Validation_Dataset_2024_Ajeet-20241107T105545Z-001/Training_Validation_Dataset_2024_Ajeet/FTI_BM_MP_2022/Shubham_FTI_BM_MP/602618_159_2022-02-05.jpeg,1,1,0,0
/home/ajeet/codework/datasets/Training_Validation_Dataset_2024_Ajeet-20241107T105545Z-001/Training_Validation_Dataset_2024_Ajeet/FTI_BM_MP_2022/Shubham_FTI_BM_MP/627138_175_2022-02-20.jpeg,1,1,0,0
/home/ajeet/codework/datasets/Training_Validation_Dataset_2024_Ajeet-20241107T105545Z-001/Training_Validation_Dataset_2024_Ajeet/FTI_BM_MP_2022/Shubham_FTI_BM_MP/621183_85_2022-02-16.jpeg,1,1,0,0
/home/ajeet/codework/datasets/Training_Validation_Dataset_2024_Ajeet-20241107T105545Z-001/Training_Validation_Dataset_2024_Ajeet/FTI_BM_MP_2022/Shubham_FTI_BM_MP/592612_121_2022-02-01.jpeg,1,1,0,1
/home/ajeet/codework/datasets/Training_Validation_Dataset_2024_Ajeet-20241107T105545Z-001/Training_Validation_Dataset_2024_Ajeet/FTI_BM_MP_2022/Shubham_FTI_BM_MP/621295_2_2022-02-16.jpeg,1,1,0,0
/home/ajeet/codework/datasets/Training_Validation_Dataset_2024_Ajeet-20241107T105545Z-001/Training_Validation_Dataset_2024_Ajeet/FTI_BM_MP_2022/Shubham_FTI_BM_MP/600890_41_2022-02-04.jpeg,1,1,0,0
/home/ajeet/codework/datasets/Training_Validation_Dataset_2024_Ajeet-20241107T105545Z-001/Training_Validation_Dataset_2024_Ajeet/FTI_BM_MP_2022/Shubham_FTI_BM_MP/627794_174_2022-02-21.jpeg,1,1,0,0
/home/ajeet/codework/datasets/Training_Validation_Dataset_2024_Ajeet-20241107T105545Z-001/Training_Validation_Dataset_2024_Ajeet/FTI_BM_MP_2022/Shubham_FTI_BM_MP/598775_165_2022-02-03.jpeg,1,1,0,0
/home/ajeet/codework/datasets/Training_Validation_Dataset_2024_Ajeet-20241107T105545Z-001/Training_Validation_Dataset_2024_Ajeet/FTI_BM_MP_2022/Shubham_FTI_BM_MP/618917_94_2022-02-15.jpeg,1,1,0,1
/home/ajeet/codework/datasets/Training_Validation_Dataset_2024_Ajeet-20241107T105545Z-001/Training_Validation_Dataset_2024_Ajeet/FTI_BM_MP_2022/Shubham_FTI_BM_MP/625631_47_2022-02-18.jpeg,1,1,0,0
/home/ajeet/codework/datasets/Training_Validation_Dataset_2024_Ajeet-20241107T105545Z-001/Training_Validation_Dataset_2024_Ajeet/FTI_BM_MP_2022/Shubham_FTI_BM_MP/599243_74_2022-02-03.jpeg,1,1,0,0
/home/ajeet/codework/datasets/Training_Validation_Dataset_2024_Ajeet-20241107T105545Z-001/Training_Validation_Dataset_2024_Ajeet/FTI_BM_MP_2022/Shubham_FTI_BM_MP/601066_99_2022-02-04.jpeg,1,1,0,0
/home/ajeet/codework/datasets/Training_Validation_Dataset_2024_Ajeet-20241107T105545Z-001/Training_Validation_Dataset_2024_Ajeet/FTI_BM_MP_2022/Shubham_FTI_BM_MP/592672_147_2022-02-01.jpeg,1,1,0,0
/home/ajeet/codework/datasets/Training_Validation_Dataset_2024_Ajeet-20241107T105545Z-001/Training_Validation_Dataset_2024_Ajeet/FTI_BM_MP_2022/Shubham_FTI_BM_MP/605289_154_2022-02-07.jpeg,1,1,0,0
/home/ajeet/codework/datasets/Training_Validation_Dataset_2024_Ajeet-20241107T105545Z-001/Training_Validation_Dataset_2024_Ajeet/FTI_BM_MP_2022/Shubham_FTI_BM_MP/604661_177_2022-02-07.jpeg,1,1,0,0
/home/ajeet/codework/datasets/Training_Validation_Dataset_2024_Ajeet-20241107T105545Z-001/Training_Validation_Dataset_2024_Ajeet/FTI_BM_MP_2022/Shubham_FTI_BM_MP/607424_12_2022-02-08.jpeg,1,1,0,0
/home/ajeet/codework/datasets/Training_Validation_Dataset_2024_Ajeet-20241107T105545Z-001/Training_Validation_Dataset_2024_Ajeet/FTI_BM_MP_2022/Shubham_FTI_BM_MP/595473_79_2022-02-02.jpeg,1,1,0,0
/home/ajeet/codework/datasets/Training_Validation_Dataset_2024_Ajeet-20241107T105545Z-001/Training_Validation_Dataset_2024_Ajeet/FTI_BM_MP_2022/Shubham_FTI_BM_MP/615705_87_2022-02-13.jpeg,1,1,0,0
/home/ajeet/codework/datasets/Training_Validation_Dataset_2024_Ajeet-20241107T105545Z-001/Training_Validation_Dataset_2024_Ajeet/FTI_BM_MP_2022/Shubham_FTI_BM_MP/606463_44_2022-02-08.jpeg,1,1,0,0
/home/ajeet/codework/datasets/Training_Validation_Dataset_2024_Ajeet-20241107T105545Z-001/Training_Validation_Dataset_2024_Ajeet/FTI_BM_MP_2022/Shubham_FTI_BM_MP/619795_168_2022-02-16.jpeg,1,1,0,1
/home/ajeet/codework/datasets/Training_Validation_Dataset_2024_Ajeet-20241107T105545Z-001/Training_Validation_Dataset_2024_Ajeet/FTI_BM_MP_2022/Shubham_FTI_BM_MP/625907_125_2022-02-18.jpeg,1,1,0,1
/home/ajeet/codework/datasets/Training_Validation_Dataset_2024_Ajeet-20241107T105545Z-001/Training_Validation_Dataset_2024_Ajeet/FTI_BM_MP_2022/Shubham_FTI_BM_MP/612118_68_2022-02-10.jpeg,1,1,0,0
/home/ajeet/codework/datasets/Training_Validation_Dataset_2024_Ajeet-20241107T105545Z-001/Training_Validation_Dataset_2024_Ajeet/FTI_BM_MP_2022/Shubham_FTI_BM_MP/622949_104_2022-02-17.jpeg,1,1,0,0
/home/ajeet/codework/datasets/Training_Validation_Dataset_2024_Ajeet-20241107T105545Z-001/Training_Validation_Dataset_2024_Ajeet/FTI_BM_MP_2022/Shubham_FTI_BM_MP/601487_53_2022-02-04.jpeg,1,1,0,0
/home/ajeet/codework/datasets/Training_Validation_Dataset_2024_Ajeet-20241107T105545Z-001/Training_Validation_Dataset_2024_Ajeet/FTI_BM_MP_2022/Shubham_FTI_BM_MP/624180_26_2022-02-18.jpeg,1,1,0,0
/home/ajeet/codework/datasets/Training_Validation_Dataset_2024_Ajeet-20241107T105545Z-001/Training_Validation_Dataset_2024_Ajeet/FTI_BM_MP_2022/Shubham_FTI_BM_MP/621029_56_2022-02-16.jpeg,1,1,0,1
/home/ajeet/codework/datasets/Training_Validation_Dataset_2024_Ajeet-20241107T105545Z-001/Training_Validation_Dataset_2024_Ajeet/FTI_BM_MP_2022/Shubham_FTI_BM_MP/622948_0_2022-02-17.jpeg,1,0,0,0
/home/ajeet/codework/datasets/Training_Validation_Dataset_2024_Ajeet-20241107T105545Z-001/Training_Validation_Dataset_2024_Ajeet/FTI_BM_MP_2022/Shubham_FTI_BM_MP/612073_148_2022-02-10.jpeg,1,1,0,0
/home/ajeet/codework/datasets/Training_Validation_Dataset_2024_Ajeet-20241107T105545Z-001/Training_Validation_Dataset_2024_Ajeet/FTI_BM_MP_2022/Shubham_FTI_BM_MP/607663_29_2022-02-08.jpeg,1,1,0,1
/home/ajeet/codework/datasets/Training_Validation_Dataset_2024_Ajeet-20241107T105545Z-001/Training_Validation_Dataset_2024_Ajeet/FTI_BM_MP_2022/Shubham_FTI_BM_MP/620953_187_2022-02-16.jpeg,1,1,0,1
/home/ajeet/codework/datasets/Training_Validation_Dataset_2024_Ajeet-20241107T105545Z-001/Training_Validation_Dataset_2024_Ajeet/FTI_BM_MP_2022/Shubham_FTI_BM_MP/614889_103_2022-02-14.jpeg,1,1,0,0
/home/ajeet/codework/datasets/Training_Validation_Dataset_2024_Ajeet-20241107T105545Z-001/Training_Validation_Dataset_2024_Ajeet/FTI_BM_MP_2022/Shubham_FTI_BM_MP/599243_149_2022-02-03.jpeg,1,1,0,0
/home/ajeet/codework/datasets/Training_Validation_Dataset_2024_Ajeet-20241107T105545Z-001/Training_Validation_Dataset_2024_Ajeet/FTI_BM_MP_2022/Shubham_FTI_BM_MP/607581_38_2022-02-08.jpeg,1,1,0,0
/home/ajeet/codework/datasets/Training_Validation_Dataset_2024_Ajeet-20241107T105545Z-001/Training_Validation_Dataset_2024_Ajeet/FTI_BM_MP_2022/Shubham_FTI_BM_MP/621029_43_2022-02-16.jpeg,1,1,0,1
/home/ajeet/codework/datasets/Training_Validation_Dataset_2024_Ajeet-20241107T105545Z-001/Training_Validation_Dataset_2024_Ajeet/FTI_BM_MP_2022/Shubham_FTI_BM_MP/625354_189_2022-02-18.jpeg,1,1,0,0
/home/ajeet/codework/datasets/Training_Validation_Dataset_2024_Ajeet-20241107T105545Z-001/Training_Validation_Dataset_2024_Ajeet/FTI_BM_MP_2022/Shubham_FTI_BM_MP/626665_114_2022-02-19.jpeg,1,1,0,0
/home/ajeet/codework/datasets/Training_Validation_Dataset_2024_Ajeet-20241107T105545Z-001/Training_Validation_Dataset_2024_Ajeet/FTI_BM_MP_2022/Shubham_FTI_BM_MP/611284_90_2022-02-10.jpeg,1,1,0,1
/home/ajeet/codework/datasets/Training_Validation_Dataset_2024_Ajeet-20241107T105545Z-001/Training_Validation_Dataset_2024_Ajeet/FTI_BM_MP_2022/Shubham_FTI_BM_MP/625504_133_2022-02-18.jpeg,1,1,0,0
/home/ajeet/codework/datasets/Training_Validation_Dataset_2024_Ajeet-20241107T105545Z-001/Training_Validation_Dataset_2024_Ajeet/FTI_BM_MP_2022/Shubham_FTI_BM_MP/619266_86_2022-02-15.jpeg,1,1,0,0
/home/ajeet/codework/datasets/Training_Validation_Dataset_2024_Ajeet-20241107T105545Z-001/Training_Validation_Dataset_2024_Ajeet/FTI_BM_MP_2022/Shubham_FTI_BM_MP/615606_23_2022-02-13.jpeg,1,1,0,0
/home/ajeet/codework/datasets/Training_Validation_Dataset_2024_Ajeet-20241107T105545Z-001/Training_Validation_Dataset_2024_Ajeet/FTI_BM_MP_2022/Shubham_FTI_BM_MP/628192_157_2022-02-21.jpeg,1,1,0,0
/home/ajeet/codework/datasets/Training_Validation_Dataset_2024_Ajeet-20241107T105545Z-001/Training_Validation_Dataset_2024_Ajeet/FTI_BM_MP_2022/Shubham_FTI_BM_MP/624180_25_2022-02-17.jpeg,1,1,0,0
/home/ajeet/codework/datasets/Training_Validation_Dataset_2024_Ajeet-20241107T105545Z-001/Training_Validation_Dataset_2024_Ajeet/FTI_BM_MP_2022/Shubham_FTI_BM_MP/607153_70_2022-02-08.jpeg,1,1,0,0
/home/ajeet/codework/datasets/Training_Validation_Dataset_2024_Ajeet-20241107T105545Z-001/Training_Validation_Dataset_2024_Ajeet/FTI_BM_MP_2022/Shubham_FTI_BM_MP/619366_155_2022-02-16.jpeg,1,1,0,0
/home/ajeet/codework/datasets/Training_Validation_Dataset_2024_Ajeet-20241107T105545Z-001/Training_Validation_Dataset_2024_Ajeet/FTI_BM_MP_2022/Shubham_FTI_BM_MP/598775_86_2022-02-03.jpeg,1,1,0,0
/home/ajeet/codework/datasets/Training_Validation_Dataset_2024_Ajeet-20241107T105545Z-001/Training_Validation_Dataset_2024_Ajeet/FTI_BM_MP_2022/Shubham_FTI_BM_MP/628022_54_2022-02-21.jpeg,1,1,0,0
/home/ajeet/codework/datasets/Training_Validation_Dataset_2024_Ajeet-20241107T105545Z-001/Training_Validation_Dataset_2024_Ajeet/FTI_BM_MP_2022/Shubham_FTI_BM_MP/618739_76_2022-02-15.jpeg,1,1,0,0
/home/ajeet/codework/datasets/Training_Validation_Dataset_2024_Ajeet-20241107T105545Z-001/Training_Validation_Dataset_2024_Ajeet/FTI_BM_MP_2022/Shubham_FTI_BM_MP/625515_81_2022-02-18.jpeg,1,1,0,0
/home/ajeet/codework/datasets/Training_Validation_Dataset_2024_Ajeet-20241107T105545Z-001/Training_Validation_Dataset_2024_Ajeet/FTI_BM_MP_2022/Shubham_FTI_BM_MP/596956_58_2022-02-03.jpeg,1,1,0,0
/home/ajeet/codework/datasets/Training_Validation_Dataset_2024_Ajeet-20241107T105545Z-001/Training_Validation_Dataset_2024_Ajeet/FTI_BM_MP_2022/Shubham_FTI_BM_MP/611144_39_2022-02-10.jpeg,1,1,0,0
/home/ajeet/codework/datasets/Training_Validation_Dataset_2024_Ajeet-20241107T105545Z-001/Training_Validation_Dataset_2024_Ajeet/FTI_BM_MP_2022/Shubham_FTI_BM_MP/616637_7_2022-02-14.jpeg,1,1,0,0
/home/ajeet/codework/datasets/Training_Validation_Dataset_2024_Ajeet-20241107T105545Z-001/Training_Validation_Dataset_2024_Ajeet/FTI_BM_MP_2022/Shubham_FTI_BM_MP/609557_190_2022-02-09.jpeg,1,1,0,0
/home/ajeet/codework/datasets/Training_Validation_Dataset_2024_Ajeet-20241107T105545Z-001/Training_Validation_Dataset_2024_Ajeet/FTI_BM_MP_2022/Shubham_FTI_BM_MP/593343_95_2022-02-01.jpeg,1,1,0,0
/home/ajeet/codework/datasets/Training_Validation_Dataset_2024_Ajeet-20241107T105545Z-001/Training_Validation_Dataset_2024_Ajeet/FTI_BM_MP_2022/Shubham_FTI_BM_MP/617451_189_2022-02-14.jpeg,1,1,0,0
/home/ajeet/codework/datasets/Training_Validation_Dataset_2024_Ajeet-20241107T105545Z-001/Training_Validation_Dataset_2024_Ajeet/FTI_BM_MP_2022/Shubham_FTI_BM_MP/623633_91_2022-02-18.jpeg,1,1,0,0
/home/ajeet/codework/datasets/Training_Validation_Dataset_2024_Ajeet-20241107T105545Z-001/Training_Validation_Dataset_2024_Ajeet/FTI_BM_MP_2022/Shubham_FTI_BM_MP/606654_46_2022-02-08.jpeg,1,1,0,1
/home/ajeet/codework/datasets/Training_Validation_Dataset_2024_Ajeet-20241107T105545Z-001/Training_Validation_Dataset_2024_Ajeet/FTI_BM_MP_2022/Shubham_FTI_BM_MP/598368_28_2022-02-03.jpeg,1,1,0,0
/home/ajeet/codework/datasets/Training_Validation_Dataset_2024_Ajeet-20241107T105545Z-001/Training_Validation_Dataset_2024_Ajeet/FTI_BM_MP_2022/Shubham_FTI_BM_MP/595660_155_2022-02-03.jpeg,1,1,0,0
/home/ajeet/codework/datasets/Training_Validation_Dataset_2024_Ajeet-20241107T105545Z-001/Training_Validation_Dataset_2024_Ajeet/FTI_BM_MP_2022/Shubham_FTI_BM_MP/601575_36_2022-02-05.jpeg,1,1,0,0
/home/ajeet/codework/datasets/Training_Validation_Dataset_2024_Ajeet-20241107T105545Z-001/Training_Validation_Dataset_2024_Ajeet/FTI_BM_MP_2022/Shubham_FTI_BM_MP/614623_15_2022-02-11.jpeg,1,1,0,1
/home/ajeet/codework/datasets/Training_Validation_Dataset_2024_Ajeet-20241107T105545Z-001/Training_Validation_Dataset_2024_Ajeet/FTI_BM_MP_2022/Shubham_FTI_BM_MP/593272_100_2022-02-01.jpeg,1,1,0,0
/home/ajeet/codework/datasets/Training_Validation_Dataset_2024_Ajeet-20241107T105545Z-001/Training_Validation_Dataset_2024_Ajeet/FTI_BM_MP_2022/Shubham_FTI_BM_MP/604124_189_2022-02-07.jpeg,1,1,0,0
/home/ajeet/codework/datasets/Training_Validation_Dataset_2024_Ajeet-20241107T105545Z-001/Training_Validation_Dataset_2024_Ajeet/FTI_BM_MP_2022/Shubham_FTI_BM_MP/619538_180_2022-02-15.jpeg,1,1,0,0
/home/ajeet/codework/datasets/Training_Validation_Dataset_2024_Ajeet-20241107T105545Z-001/Training_Validation_Dataset_2024_Ajeet/FTI_BM_MP_2022/Shubham_FTI_BM_MP/612073_139_2022-02-10.jpeg,1,1,0,0
/home/ajeet/codework/datasets/Training_Validation_Dataset_2024_Ajeet-20241107T105545Z-001/Training_Validation_Dataset_2024_Ajeet/FTI_BM_MP_2022/Shubham_FTI_BM_MP/620104_134_2022-02-15.jpeg,1,1,0,1
/home/ajeet/codework/datasets/Training_Validation_Dataset_2024_Ajeet-20241107T105545Z-001/Training_Validation_Dataset_2024_Ajeet/FTI_BM_MP_2022/Shubham_FTI_BM_MP/592761_65_2022-02-01.jpeg,1,1,0,0
/home/ajeet/codework/datasets/Training_Validation_Dataset_2024_Ajeet-20241107T105545Z-001/Training_Validation_Dataset_2024_Ajeet/FTI_BM_MP_2022/Shubham_FTI_BM_MP/592810_14_2022-02-01.jpeg,1,1,0,0
/home/ajeet/codework/datasets/Training_Validation_Dataset_2024_Ajeet-20241107T105545Z-001/Training_Validation_Dataset_2024_Ajeet/FTI_BM_MP_2022/Shubham_FTI_BM_MP/626147_121_2022-02-21.jpeg,1,1,0,0
/home/ajeet/codework/datasets/Training_Validation_Dataset_2024_Ajeet-20241107T105545Z-001/Training_Validation_Dataset_2024_Ajeet/FTI_BM_MP_2022/Shubham_FTI_BM_MP/618618_80_2022-02-15.jpeg,1,1,0,1
/home/ajeet/codework/datasets/Training_Validation_Dataset_2024_Ajeet-20241107T105545Z-001/Training_Validation_Dataset_2024_Ajeet/FTI_BM_MP_2022/Shubham_FTI_BM_MP/604124_35_2022-02-07.jpeg,1,1,0,1
/home/ajeet/codework/datasets/Training_Validation_Dataset_2024_Ajeet-20241107T105545Z-001/Training_Validation_Dataset_2024_Ajeet/FTI_BM_MP_2022/Shubham_FTI_BM_MP/606784_104_2022-02-08.jpeg,1,1,1,1
/home/ajeet/codework/datasets/Training_Validation_Dataset_2024_Ajeet-20241107T105545Z-001/Training_Validation_Dataset_2024_Ajeet/FTI_BM_MP_2022/Shubham_FTI_BM_MP/623141_137_2022-02-17.jpeg,1,1,0,0
/home/ajeet/codework/datasets/Training_Validation_Dataset_2024_Ajeet-20241107T105545Z-001/Training_Validation_Dataset_2024_Ajeet/FTI_BM_MP_2022/Shubham_FTI_BM_MP/597821_52_2022-02-03.jpeg,1,1,0,0
/home/ajeet/codework/datasets/Training_Validation_Dataset_2024_Ajeet-20241107T105545Z-001/Training_Validation_Dataset_2024_Ajeet/FTI_BM_MP_2022/Shubham_FTI_BM_MP/595779_187_2022-02-02.jpeg,1,1,0,1
/home/ajeet/codework/datasets/Training_Validation_Dataset_2024_Ajeet-20241107T105545Z-001/Training_Validation_Dataset_2024_Ajeet/FTI_BM_MP_2022/Shubham_FTI_BM_MP/609490_112_2022-02-09.jpeg,1,1,0,0
/home/ajeet/codework/datasets/Training_Validation_Dataset_2024_Ajeet-20241107T105545Z-001/Training_Validation_Dataset_2024_Ajeet/FTI_BM_MP_2022/Shubham_FTI_BM_MP/622948_1_2022-02-17.jpeg,1,1,0,0
/home/ajeet/codework/datasets/Training_Validation_Dataset_2024_Ajeet-20241107T105545Z-001/Training_Validation_Dataset_2024_Ajeet/FTI_BM_MP_2022/Shubham_FTI_BM_MP/613397_196_2022-02-11.jpeg,1,1,0,0
/home/ajeet/codework/datasets/Training_Validation_Dataset_2024_Ajeet-20241107T105545Z-001/Training_Validation_Dataset_2024_Ajeet/FTI_BM_MP_2022/Shubham_FTI_BM_MP/627808_142_2022-02-21.jpeg,1,1,0,1
/home/ajeet/codework/datasets/Training_Validation_Dataset_2024_Ajeet-20241107T105545Z-001/Training_Validation_Dataset_2024_Ajeet/FTI_BM_MP_2022/Shubham_FTI_BM_MP/621458_154_2022-02-16.jpeg,1,1,0,0
/home/ajeet/codework/datasets/Training_Validation_Dataset_2024_Ajeet-20241107T105545Z-001/Training_Validation_Dataset_2024_Ajeet/FTI_BM_MP_2022/Shubham_FTI_BM_MP/617451_113_2022-02-14.jpeg,1,1,0,1
/home/ajeet/codework/datasets/Training_Validation_Dataset_2024_Ajeet-20241107T105545Z-001/Training_Validation_Dataset_2024_Ajeet/FTI_BM_MP_2022/Shubham_FTI_BM_MP/592885_16_2022-02-01.jpeg,1,1,0,0
/home/ajeet/codework/datasets/Training_Validation_Dataset_2024_Ajeet-20241107T105545Z-001/Training_Validation_Dataset_2024_Ajeet/FTI_BM_MP_2022/Shubham_FTI_BM_MP/603031_153_2022-02-06.jpeg,1,1,1,1
/home/ajeet/codework/datasets/Training_Validation_Dataset_2024_Ajeet-20241107T105545Z-001/Training_Validation_Dataset_2024_Ajeet/FTI_BM_MP_2022/Shubham_FTI_BM_MP/614148_31_2022-02-11.jpeg,1,1,0,0
/home/ajeet/codework/datasets/Training_Validation_Dataset_2024_Ajeet-20241107T105545Z-001/Training_Validation_Dataset_2024_Ajeet/FTI_BM_MP_2022/Shubham_FTI_BM_MP/627387_127_2022-02-21.jpeg,1,1,0,1
/home/ajeet/codework/datasets/Training_Validation_Dataset_2024_Ajeet-20241107T105545Z-001/Training_Validation_Dataset_2024_Ajeet/FTI_BM_MP_2022/Shubham_FTI_BM_MP/623588_168_2022-02-17.jpeg,1,1,0,0
/home/ajeet/codework/datasets/Training_Validation_Dataset_2024_Ajeet-20241107T105545Z-001/Training_Validation_Dataset_2024_Ajeet/FTI_BM_MP_2022/Shubham_FTI_BM_MP/599243_72_2022-02-03.jpeg,1,1,0,1
/home/ajeet/codework/datasets/Training_Validation_Dataset_2024_Ajeet-20241107T105545Z-001/Training_Validation_Dataset_2024_Ajeet/FTI_BM_MP_2022/Shubham_FTI_BM_MP/627277_179_2022-02-20.jpeg,1,1,0,0
/home/ajeet/codework/datasets/Training_Validation_Dataset_2024_Ajeet-20241107T105545Z-001/Training_Validation_Dataset_2024_Ajeet/FTI_BM_MP_2022/Shubham_FTI_BM_MP/624180_93_2022-02-18.jpeg,1,1,0,0
/home/ajeet/codework/datasets/Training_Validation_Dataset_2024_Ajeet-20241107T105545Z-001/Training_Validation_Dataset_2024_Ajeet/FTI_BM_MP_2022/Shubham_FTI_BM_MP/628050_105_2022-02-21.jpeg,1,1,0,0
/home/ajeet/codework/datasets/Training_Validation_Dataset_2024_Ajeet-20241107T105545Z-001/Training_Validation_Dataset_2024_Ajeet/FTI_BM_MP_2022/Shubham_FTI_BM_MP/611390_138_2022-02-10.jpeg,1,1,0,0
/home/ajeet/codework/datasets/Training_Validation_Dataset_2024_Ajeet-20241107T105545Z-001/Training_Validation_Dataset_2024_Ajeet/FTI_BM_MP_2022/Shubham_FTI_BM_MP/618859_119_2022-02-15.jpeg,1,1,0,0
/home/ajeet/codework/datasets/Training_Validation_Dataset_2024_Ajeet-20241107T105545Z-001/Training_Validation_Dataset_2024_Ajeet/FTI_BM_MP_2022/Shubham_FTI_BM_MP/623455_104_2022-02-17.jpeg,1,1,0,0
/home/ajeet/codework/datasets/Training_Validation_Dataset_2024_Ajeet-20241107T105545Z-001/Training_Validation_Dataset_2024_Ajeet/FTI_BM_MP_2022/Shubham_FTI_BM_MP/600684_177_2022-02-04.jpeg,1,1,0,1
/home/ajeet/codework/datasets/Training_Validation_Dataset_2024_Ajeet-20241107T105545Z-001/Training_Validation_Dataset_2024_Ajeet/FTI_BM_MP_2022/Shubham_FTI_BM_MP/601575_21_2022-02-04.jpeg,1,1,0,1
/home/ajeet/codework/datasets/Training_Validation_Dataset_2024_Ajeet-20241107T105545Z-001/Training_Validation_Dataset_2024_Ajeet/FTI_BM_MP_2022/Shubham_FTI_BM_MP/606982_29_2022-02-08.jpeg,1,1,0,0
/home/ajeet/codework/datasets/Training_Validation_Dataset_2024_Ajeet-20241107T105545Z-001/Training_Validation_Dataset_2024_Ajeet/FTI_BM_MP_2022/Shubham_FTI_BM_MP/600790_78_2022-02-04.jpeg,1,1,0,0
/home/ajeet/codework/datasets/Training_Validation_Dataset_2024_Ajeet-20241107T105545Z-001/Training_Validation_Dataset_2024_Ajeet/FTI_BM_MP_2022/Shubham_FTI_BM_MP/619241_2_2022-02-15.jpeg,1,1,0,0
/home/ajeet/codework/datasets/Training_Validation_Dataset_2024_Ajeet-20241107T105545Z-001/Training_Validation_Dataset_2024_Ajeet/FTI_BM_MP_2022/Shubham_FTI_BM_MP/595779_124_2022-02-02.jpeg,1,1,0,0
/home/ajeet/codework/datasets/Training_Validation_Dataset_2024_Ajeet-20241107T105545Z-001/Training_Validation_Dataset_2024_Ajeet/FTI_BM_MP_2022/Shubham_FTI_BM_MP/611284_95_2022-02-10.jpeg,1,1,0,1
/home/ajeet/codework/datasets/Training_Validation_Dataset_2024_Ajeet-20241107T105545Z-001/Training_Validation_Dataset_2024_Ajeet/FTI_BM_MP_2022/Shubham_FTI_BM_MP/617306_150_2022-02-14.jpeg,1,1,0,0
/home/ajeet/codework/datasets/Training_Validation_Dataset_2024_Ajeet-20241107T105545Z-001/Training_Validation_Dataset_2024_Ajeet/FTI_BM_MP_2022/Shubham_FTI_BM_MP/604063_161_2022-02-07.jpeg,1,1,0,0
/home/ajeet/codework/datasets/Training_Validation_Dataset_2024_Ajeet-20241107T105545Z-001/Training_Validation_Dataset_2024_Ajeet/FTI_BM_MP_2022/Shubham_FTI_BM_MP/605259_80_2022-02-08.jpeg,1,1,0,0
/home/ajeet/codework/datasets/Training_Validation_Dataset_2024_Ajeet-20241107T105545Z-001/Training_Validation_Dataset_2024_Ajeet/FTI_BM_MP_2022/Shubham_FTI_BM_MP/618835_31_2022-02-15.jpeg,1,1,0,0
/home/ajeet/codework/datasets/Training_Validation_Dataset_2024_Ajeet-20241107T105545Z-001/Training_Validation_Dataset_2024_Ajeet/FTI_BM_MP_2022/Shubham_FTI_BM_MP/618618_110_2022-02-15.jpeg,1,1,0,1
/home/ajeet/codework/datasets/Training_Validation_Dataset_2024_Ajeet-20241107T105545Z-001/Training_Validation_Dataset_2024_Ajeet/FTI_BM_MP_2022/Shubham_FTI_BM_MP/594178_62_2022-02-02.jpeg,1,1,0,0
/home/ajeet/codework/datasets/Training_Validation_Dataset_2024_Ajeet-20241107T105545Z-001/Training_Validation_Dataset_2024_Ajeet/FTI_BM_MP_2022/Shubham_FTI_BM_MP/621209_136_2022-02-16.jpeg,1,1,0,0
/home/ajeet/codework/datasets/Training_Validation_Dataset_2024_Ajeet-20241107T105545Z-001/Training_Validation_Dataset_2024_Ajeet/FTI_BM_MP_2022/Shubham_FTI_BM_MP/609490_150_2022-02-10.jpeg,1,1,0,0
/home/ajeet/codework/datasets/Training_Validation_Dataset_2024_Ajeet-20241107T105545Z-001/Training_Validation_Dataset_2024_Ajeet/FTI_BM_MP_2022/Shubham_FTI_BM_MP/613397_21_2022-02-11.jpeg,1,1,0,0
/home/ajeet/codework/datasets/Training_Validation_Dataset_2024_Ajeet-20241107T105545Z-001/Training_Validation_Dataset_2024_Ajeet/FTI_BM_MP_2022/Shubham_FTI_BM_MP/593131_54_2022-02-01.jpeg,1,1,0,0
/home/ajeet/codework/datasets/Training_Validation_Dataset_2024_Ajeet-20241107T105545Z-001/Training_Validation_Dataset_2024_Ajeet/FTI_BM_MP_2022/Shubham_FTI_BM_MP/621434_82_2022-02-16.jpeg,1,1,0,0
/home/ajeet/codework/datasets/Training_Validation_Dataset_2024_Ajeet-20241107T105545Z-001/Training_Validation_Dataset_2024_Ajeet/FTI_BM_MP_2022/Shubham_FTI_BM_MP/622278_27_2022-02-17.jpeg,1,1,0,0
/home/ajeet/codework/datasets/Training_Validation_Dataset_2024_Ajeet-20241107T105545Z-001/Training_Validation_Dataset_2024_Ajeet/FTI_BM_MP_2022/Shubham_FTI_BM_MP/617451_38_2022-02-14.jpeg,1,1,0,0
/home/ajeet/codework/datasets/Training_Validation_Dataset_2024_Ajeet-20241107T105545Z-001/Training_Validation_Dataset_2024_Ajeet/FTI_BM_MP_2022/Shubham_FTI_BM_MP/595473_50_2022-02-02.jpeg,1,1,0,1
/home/ajeet/codework/datasets/Training_Validation_Dataset_2024_Ajeet-20241107T105545Z-001/Training_Validation_Dataset_2024_Ajeet/FTI_BM_MP_2022/Shubham_FTI_BM_MP/595779_149_2022-02-02.jpeg,1,1,0,1
/home/ajeet/codework/datasets/Training_Validation_Dataset_2024_Ajeet-20241107T105545Z-001/Training_Validation_Dataset_2024_Ajeet/FTI_BM_MP_2022/Shubham_FTI_BM_MP/590685_112_2022-02-01.jpeg,1,1,0,0
/home/ajeet/codework/datasets/Training_Validation_Dataset_2024_Ajeet-20241107T105545Z-001/Training_Validation_Dataset_2024_Ajeet/FTI_BM_MP_2022/Shubham_FTI_BM_MP/621291_135_2022-02-16.jpeg,1,1,0,1
/home/ajeet/codework/datasets/Training_Validation_Dataset_2024_Ajeet-20241107T105545Z-001/Training_Validation_Dataset_2024_Ajeet/FTI_BM_MP_2022/Shubham_FTI_BM_MP/600790_92_2022-02-04.jpeg,1,1,0,0
/home/ajeet/codework/datasets/Training_Validation_Dataset_2024_Ajeet-20241107T105545Z-001/Training_Validation_Dataset_2024_Ajeet/FTI_BM_MP_2022/Shubham_FTI_BM_MP/607675_107_2022-02-08.jpeg,1,1,0,0
/home/ajeet/codework/datasets/Training_Validation_Dataset_2024_Ajeet-20241107T105545Z-001/Training_Validation_Dataset_2024_Ajeet/FTI_BM_MP_2022/Shubham_FTI_BM_MP/623455_116_2022-02-17.jpeg,1,1,0,0
/home/ajeet/codework/datasets/Training_Validation_Dataset_2024_Ajeet-20241107T105545Z-001/Training_Validation_Dataset_2024_Ajeet/FTI_BM_MP_2022/Shubham_FTI_BM_MP/595786_40_2022-02-02.jpeg,1,1,0,0
/home/ajeet/codework/datasets/Training_Validation_Dataset_2024_Ajeet-20241107T105545Z-001/Training_Validation_Dataset_2024_Ajeet/FTI_BM_MP_2022/Shubham_FTI_BM_MP/595660_177_2022-02-02.jpeg,1,1,0,0
/home/ajeet/codework/datasets/Training_Validation_Dataset_2024_Ajeet-20241107T105545Z-001/Training_Validation_Dataset_2024_Ajeet/FTI_BM_MP_2022/Shubham_FTI_BM_MP/606766_69_2022-02-08.jpeg,1,1,0,0
/home/ajeet/codework/datasets/Training_Validation_Dataset_2024_Ajeet-20241107T105545Z-001/Training_Validation_Dataset_2024_Ajeet/FTI_BM_MP_2022/Shubham_FTI_BM_MP/603202_121_2022-02-06.jpeg,1,1,0,0
/home/ajeet/codework/datasets/Training_Validation_Dataset_2024_Ajeet-20241107T105545Z-001/Training_Validation_Dataset_2024_Ajeet/FTI_BM_MP_2022/Shubham_FTI_BM_MP/624180_34_2022-02-18.jpeg,1,1,0,0
/home/ajeet/codework/datasets/Training_Validation_Dataset_2024_Ajeet-20241107T105545Z-001/Training_Validation_Dataset_2024_Ajeet/FTI_BM_MP_2022/Shubham_FTI_BM_MP/619442_109_2022-02-15.jpeg,1,1,0,0
/home/ajeet/codework/datasets/Training_Validation_Dataset_2024_Ajeet-20241107T105545Z-001/Training_Validation_Dataset_2024_Ajeet/FTI_BM_MP_2022/Shubham_FTI_BM_MP/627387_149_2022-02-21.jpeg,1,1,0,1
/home/ajeet/codework/datasets/Training_Validation_Dataset_2024_Ajeet-20241107T105545Z-001/Training_Validation_Dataset_2024_Ajeet/FTI_BM_MP_2022/Shubham_FTI_BM_MP/618076_141_2022-02-16.jpeg,1,1,0,0
/home/ajeet/codework/datasets/Training_Validation_Dataset_2024_Ajeet-20241107T105545Z-001/Training_Validation_Dataset_2024_Ajeet/FTI_BM_MP_2022/Shubham_FTI_BM_MP/618664_137_2022-02-15.jpeg,1,1,0,1
/home/ajeet/codework/datasets/Training_Validation_Dataset_2024_Ajeet-20241107T105545Z-001/Training_Validation_Dataset_2024_Ajeet/FTI_BM_MP_2022/Shubham_FTI_BM_MP/621209_93_2022-02-16.jpeg,1,1,0,1
/home/ajeet/codework/datasets/Training_Validation_Dataset_2024_Ajeet-20241107T105545Z-001/Training_Validation_Dataset_2024_Ajeet/FTI_BM_MP_2022/Shubham_FTI_BM_MP/604499_9_2022-02-07.jpeg,1,1,0,0
/home/ajeet/codework/datasets/Training_Validation_Dataset_2024_Ajeet-20241107T105545Z-001/Training_Validation_Dataset_2024_Ajeet/FTI_BM_MP_2022/Shubham_FTI_BM_MP/625320_37_2022-02-18.jpeg,1,1,0,0
/home/ajeet/codework/datasets/Training_Validation_Dataset_2024_Ajeet-20241107T105545Z-001/Training_Validation_Dataset_2024_Ajeet/FTI_BM_MP_2022/Shubham_FTI_BM_MP/612118_102_2022-02-10.jpeg,1,1,0,0
/home/ajeet/codework/datasets/Training_Validation_Dataset_2024_Ajeet-20241107T105545Z-001/Training_Validation_Dataset_2024_Ajeet/FTI_BM_MP_2022/Shubham_FTI_BM_MP/621209_174_2022-02-16.jpeg,1,1,0,0
/home/ajeet/codework/datasets/Training_Validation_Dataset_2024_Ajeet-20241107T105545Z-001/Training_Validation_Dataset_2024_Ajeet/FTI_BM_MP_2022/Shubham_FTI_BM_MP/599672_147_2022-02-03.jpeg,1,1,0,0
/home/ajeet/codework/datasets/Training_Validation_Dataset_2024_Ajeet-20241107T105545Z-001/Training_Validation_Dataset_2024_Ajeet/FTI_BM_MP_2022/Shubham_FTI_BM_MP/621195_16_2022-02-16.jpeg,1,1,0,0
/home/ajeet/codework/datasets/Training_Validation_Dataset_2024_Ajeet-20241107T105545Z-001/Training_Validation_Dataset_2024_Ajeet/FTI_BM_MP_2022/Shubham_FTI_BM_MP/613559_90_2022-02-11.jpeg,1,1,0,1
/home/ajeet/codework/datasets/Training_Validation_Dataset_2024_Ajeet-20241107T105545Z-001/Training_Validation_Dataset_2024_Ajeet/FTI_BM_MP_2022/Shubham_FTI_BM_MP/608822_69_2022-02-09.jpeg,1,1,0,1
/home/ajeet/codework/datasets/Training_Validation_Dataset_2024_Ajeet-20241107T105545Z-001/Training_Validation_Dataset_2024_Ajeet/FTI_BM_MP_2022/Shubham_FTI_BM_MP/623426_47_2022-02-17.jpeg,1,1,0,0
/home/ajeet/codework/datasets/Training_Validation_Dataset_2024_Ajeet-20241107T105545Z-001/Training_Validation_Dataset_2024_Ajeet/FTI_BM_MP_2022/Shubham_FTI_BM_MP/624180_10_2022-02-18.jpeg,1,1,0,0
/home/ajeet/codework/datasets/Training_Validation_Dataset_2024_Ajeet-20241107T105545Z-001/Training_Validation_Dataset_2024_Ajeet/FTI_BM_MP_2022/Shubham_FTI_BM_MP/603202_61_2022-02-06.jpeg,1,1,1,1
/home/ajeet/codework/datasets/Training_Validation_Dataset_2024_Ajeet-20241107T105545Z-001/Training_Validation_Dataset_2024_Ajeet/FTI_BM_MP_2022/Shubham_FTI_BM_MP/608822_66_2022-02-09.jpeg,1,1,0,1
/home/ajeet/codework/datasets/Training_Validation_Dataset_2024_Ajeet-20241107T105545Z-001/Training_Validation_Dataset_2024_Ajeet/FTI_BM_MP_2022/Shubham_FTI_BM_MP/601273_94_2022-02-04.jpeg,1,1,0,0
/home/ajeet/codework/datasets/Training_Validation_Dataset_2024_Ajeet-20241107T105545Z-001/Training_Validation_Dataset_2024_Ajeet/FTI_BM_MP_2022/Shubham_FTI_BM_MP/614049_44_2022-02-12.jpeg,1,1,0,0
/home/ajeet/codework/datasets/Training_Validation_Dataset_2024_Ajeet-20241107T105545Z-001/Training_Validation_Dataset_2024_Ajeet/FTI_BM_MP_2022/Shubham_FTI_BM_MP/608328_84_2022-02-09.jpeg,1,1,0,0
/home/ajeet/codework/datasets/Training_Validation_Dataset_2024_Ajeet-20241107T105545Z-001/Training_Validation_Dataset_2024_Ajeet/FTI_BM_MP_2022/Shubham_FTI_BM_MP/601273_68_2022-02-04.jpeg,1,1,0,0
/home/ajeet/codework/datasets/Training_Validation_Dataset_2024_Ajeet-20241107T105545Z-001/Training_Validation_Dataset_2024_Ajeet/FTI_BM_MP_2022/Shubham_FTI_BM_MP/619442_102_2022-02-15.jpeg,1,1,0,0
/home/ajeet/codework/datasets/Training_Validation_Dataset_2024_Ajeet-20241107T105545Z-001/Training_Validation_Dataset_2024_Ajeet/FTI_BM_MP_2022/Shubham_FTI_BM_MP/621458_191_2022-02-16.jpeg,1,1,0,1
/home/ajeet/codework/datasets/Training_Validation_Dataset_2024_Ajeet-20241107T105545Z-001/Training_Validation_Dataset_2024_Ajeet/FTI_BM_MP_2022/Shubham_FTI_BM_MP/612118_170_2022-02-10.jpeg,1,1,0,0
/home/ajeet/codework/datasets/Training_Validation_Dataset_2024_Ajeet-20241107T105545Z-001/Training_Validation_Dataset_2024_Ajeet/FTI_BM_MP_2022/Shubham_FTI_BM_MP/600713_49_2022-02-04.jpeg,1,1,0,0
/home/ajeet/codework/datasets/Training_Validation_Dataset_2024_Ajeet-20241107T105545Z-001/Training_Validation_Dataset_2024_Ajeet/FTI_BM_MP_2022/Shubham_FTI_BM_MP/599243_71_2022-02-03.jpeg,1,1,0,1
/home/ajeet/codework/datasets/Training_Validation_Dataset_2024_Ajeet-20241107T105545Z-001/Training_Validation_Dataset_2024_Ajeet/FTI_BM_MP_2022/Shubham_FTI_BM_MP/592761_132_2022-02-01.jpeg,1,1,0,1
/home/ajeet/codework/datasets/Training_Validation_Dataset_2024_Ajeet-20241107T105545Z-001/Training_Validation_Dataset_2024_Ajeet/FTI_BM_MP_2022/Shubham_FTI_BM_MP/599672_143_2022-02-03.jpeg,1,1,0,0
/home/ajeet/codework/datasets/Training_Validation_Dataset_2024_Ajeet-20241107T105545Z-001/Training_Validation_Dataset_2024_Ajeet/FTI_BM_MP_2022/Shubham_FTI_BM_MP/623455_163_2022-02-17.jpeg,1,1,0,0
/home/ajeet/codework/datasets/Training_Validation_Dataset_2024_Ajeet-20241107T105545Z-001/Training_Validation_Dataset_2024_Ajeet/FTI_BM_MP_2022/Shubham_FTI_BM_MP/626241_40_2022-02-18.jpeg,1,1,1,1
/home/ajeet/codework/datasets/Training_Validation_Dataset_2024_Ajeet-20241107T105545Z-001/Training_Validation_Dataset_2024_Ajeet/FTI_BM_MP_2022/Shubham_FTI_BM_MP/621434_185_2022-02-16.jpeg,1,1,0,0
/home/ajeet/codework/datasets/Training_Validation_Dataset_2024_Ajeet-20241107T105545Z-001/Training_Validation_Dataset_2024_Ajeet/FTI_BM_MP_2022/Shubham_FTI_BM_MP/604470_45_2022-02-08.jpeg,1,1,1,1
/home/ajeet/codework/datasets/Training_Validation_Dataset_2024_Ajeet-20241107T105545Z-001/Training_Validation_Dataset_2024_Ajeet/FTI_BM_MP_2022/Shubham_FTI_BM_MP/593131_70_2022-02-01.jpeg,1,1,0,0
/home/ajeet/codework/datasets/Training_Validation_Dataset_2024_Ajeet-20241107T105545Z-001/Training_Validation_Dataset_2024_Ajeet/FTI_BM_MP_2022/Shubham_FTI_BM_MP/612073_80_2022-02-10.jpeg,1,1,0,0
/home/ajeet/codework/datasets/Training_Validation_Dataset_2024_Ajeet-20241107T105545Z-001/Training_Validation_Dataset_2024_Ajeet/FTI_BM_MP_2022/Shubham_FTI_BM_MP/610030_199_2022-02-10.jpeg,1,1,0,0
/home/ajeet/codework/datasets/Training_Validation_Dataset_2024_Ajeet-20241107T105545Z-001/Training_Validation_Dataset_2024_Ajeet/FTI_BM_MP_2022/Shubham_FTI_BM_MP/624180_73_2022-02-18.jpeg,1,1,0,0
/home/ajeet/codework/datasets/Training_Validation_Dataset_2024_Ajeet-20241107T105545Z-001/Training_Validation_Dataset_2024_Ajeet/FTI_BM_MP_2022/Shubham_FTI_BM_MP/612073_85_2022-02-10.jpeg,1,1,0,1
/home/ajeet/codework/datasets/Training_Validation_Dataset_2024_Ajeet-20241107T105545Z-001/Training_Validation_Dataset_2024_Ajeet/FTI_BM_MP_2022/Shubham_FTI_BM_MP/607921_67_2022-02-08.jpeg,1,1,1,1
/home/ajeet/codework/datasets/Training_Validation_Dataset_2024_Ajeet-20241107T105545Z-001/Training_Validation_Dataset_2024_Ajeet/FTI_BM_MP_2022/Shubham_FTI_BM_MP/617451_112_2022-02-14.jpeg,1,1,0,1
/home/ajeet/codework/datasets/Training_Validation_Dataset_2024_Ajeet-20241107T105545Z-001/Training_Validation_Dataset_2024_Ajeet/FTI_BM_MP_2022/Shubham_FTI_BM_MP/606896_119_2022-02-08.jpeg,1,1,0,0
/home/ajeet/codework/datasets/Training_Validation_Dataset_2024_Ajeet-20241107T105545Z-001/Training_Validation_Dataset_2024_Ajeet/FTI_BM_MP_2022/Shubham_FTI_BM_MP/626241_139_2022-02-18.jpeg,1,1,0,0
/home/ajeet/codework/datasets/Training_Validation_Dataset_2024_Ajeet-20241107T105545Z-001/Training_Validation_Dataset_2024_Ajeet/FTI_BM_MP_2022/Shubham_FTI_BM_MP/617451_182_2022-02-14.jpeg,1,1,0,1
/home/ajeet/codework/datasets/Training_Validation_Dataset_2024_Ajeet-20241107T105545Z-001/Training_Validation_Dataset_2024_Ajeet/FTI_BM_MP_2022/Shubham_FTI_BM_MP/611200_56_2022-02-10.jpeg,1,1,0,0
/home/ajeet/codework/datasets/Training_Validation_Dataset_2024_Ajeet-20241107T105545Z-001/Training_Validation_Dataset_2024_Ajeet/FTI_BM_MP_2022/Shubham_FTI_BM_MP/601237_156_2022-02-04.jpeg,1,1,0,1
/home/ajeet/codework/datasets/Training_Validation_Dataset_2024_Ajeet-20241107T105545Z-001/Training_Validation_Dataset_2024_Ajeet/FTI_BM_MP_2022/Shubham_FTI_BM_MP/621667_166_2022-02-16.jpeg,1,1,0,1
/home/ajeet/codework/datasets/Training_Validation_Dataset_2024_Ajeet-20241107T105545Z-001/Training_Validation_Dataset_2024_Ajeet/FTI_BM_MP_2022/Shubham_FTI_BM_MP/615678_75_2022-02-13.jpeg,1,1,0,0
/home/ajeet/codework/datasets/Training_Validation_Dataset_2024_Ajeet-20241107T105545Z-001/Training_Validation_Dataset_2024_Ajeet/FTI_BM_MP_2022/Shubham_FTI_BM_MP/619241_44_2022-02-15.jpeg,1,1,0,0
/home/ajeet/codework/datasets/Training_Validation_Dataset_2024_Ajeet-20241107T105545Z-001/Training_Validation_Dataset_2024_Ajeet/FTI_BM_MP_2022/Shubham_FTI_BM_MP/607877_104_2022-02-09.jpeg,1,1,0,1
/home/ajeet/codework/datasets/Training_Validation_Dataset_2024_Ajeet-20241107T105545Z-001/Training_Validation_Dataset_2024_Ajeet/FTI_BM_MP_2022/Shubham_FTI_BM_MP/625592_105_2022-02-18.jpeg,1,1,0,0
/home/ajeet/codework/datasets/Training_Validation_Dataset_2024_Ajeet-20241107T105545Z-001/Training_Validation_Dataset_2024_Ajeet/FTI_BM_MP_2022/Shubham_FTI_BM_MP/627578_26_2022-02-21.jpeg,1,1,0,0
/home/ajeet/codework/datasets/Training_Validation_Dataset_2024_Ajeet-20241107T105545Z-001/Training_Validation_Dataset_2024_Ajeet/FTI_BM_MP_2022/Shubham_FTI_BM_MP/618664_25_2022-02-15.jpeg,1,1,0,0
/home/ajeet/codework/datasets/Training_Validation_Dataset_2024_Ajeet-20241107T105545Z-001/Training_Validation_Dataset_2024_Ajeet/FTI_BM_MP_2022/Shubham_FTI_BM_MP/617451_115_2022-02-14.jpeg,1,1,0,1
/home/ajeet/codework/datasets/Training_Validation_Dataset_2024_Ajeet-20241107T105545Z-001/Training_Validation_Dataset_2024_Ajeet/FTI_BM_MP_2022/Shubham_FTI_BM_MP/595473_73_2022-02-02.jpeg,1,1,0,0
/home/ajeet/codework/datasets/Training_Validation_Dataset_2024_Ajeet-20241107T105545Z-001/Training_Validation_Dataset_2024_Ajeet/FTI_BM_MP_2022/Shubham_FTI_BM_MP/598042_36_2022-02-03.jpeg,1,1,0,0
/home/ajeet/codework/datasets/Training_Validation_Dataset_2024_Ajeet-20241107T105545Z-001/Training_Validation_Dataset_2024_Ajeet/FTI_BM_MP_2022/Shubham_FTI_BM_MP/622948_200_2022-02-17.jpeg,1,1,0,0
/home/ajeet/codework/datasets/Training_Validation_Dataset_2024_Ajeet-20241107T105545Z-001/Training_Validation_Dataset_2024_Ajeet/FTI_BM_MP_2022/Shubham_FTI_BM_MP/617690_143_2022-02-15.jpeg,1,1,0,0
/home/ajeet/codework/datasets/Training_Validation_Dataset_2024_Ajeet-20241107T105545Z-001/Training_Validation_Dataset_2024_Ajeet/FTI_BM_MP_2022/Shubham_FTI_BM_MP/622056_32_2022-02-17.jpeg,1,1,0,0
/home/ajeet/codework/datasets/Training_Validation_Dataset_2024_Ajeet-20241107T105545Z-001/Training_Validation_Dataset_2024_Ajeet/FTI_BM_MP_2022/Shubham_FTI_BM_MP/606766_132_2022-02-08.jpeg,1,1,1,1
/home/ajeet/codework/datasets/Training_Validation_Dataset_2024_Ajeet-20241107T105545Z-001/Training_Validation_Dataset_2024_Ajeet/FTI_BM_MP_2022/Shubham_FTI_BM_MP/615071_52_2022-02-12.jpeg,1,1,0,0
/home/ajeet/codework/datasets/Training_Validation_Dataset_2024_Ajeet-20241107T105545Z-001/Training_Validation_Dataset_2024_Ajeet/FTI_BM_MP_2022/Shubham_FTI_BM_MP/628378_92_2022-02-21.jpeg,1,1,0,0
/home/ajeet/codework/datasets/Training_Validation_Dataset_2024_Ajeet-20241107T105545Z-001/Training_Validation_Dataset_2024_Ajeet/FTI_BM_MP_2022/Shubham_FTI_BM_MP/615064_166_2022-02-12.jpeg,1,1,0,0
/home/ajeet/codework/datasets/Training_Validation_Dataset_2024_Ajeet-20241107T105545Z-001/Training_Validation_Dataset_2024_Ajeet/FTI_BM_MP_2022/Shubham_FTI_BM_MP/592831_146_2022-02-01.jpeg,1,1,0,0
/home/ajeet/codework/datasets/Training_Validation_Dataset_2024_Ajeet-20241107T105545Z-001/Training_Validation_Dataset_2024_Ajeet/FTI_BM_MP_2022/Shubham_FTI_BM_MP/606938_10_2022-02-08.jpeg,1,1,0,0
/home/ajeet/codework/datasets/Training_Validation_Dataset_2024_Ajeet-20241107T105545Z-001/Training_Validation_Dataset_2024_Ajeet/FTI_BM_MP_2022/Shubham_FTI_BM_MP/614889_164_2022-02-14.jpeg,1,1,0,0
/home/ajeet/codework/datasets/Training_Validation_Dataset_2024_Ajeet-20241107T105545Z-001/Training_Validation_Dataset_2024_Ajeet/FTI_BM_MP_2022/Shubham_FTI_BM_MP/627322_116_2022-02-21.jpeg,1,1,0,1
/home/ajeet/codework/datasets/Training_Validation_Dataset_2024_Ajeet-20241107T105545Z-001/Training_Validation_Dataset_2024_Ajeet/FTI_BM_MP_2022/Shubham_FTI_BM_MP/596776_130_2022-02-02.jpeg,1,1,0,0
/home/ajeet/codework/datasets/Training_Validation_Dataset_2024_Ajeet-20241107T105545Z-001/Training_Validation_Dataset_2024_Ajeet/FTI_BM_MP_2022/Shubham_FTI_BM_MP/614049_87_2022-02-12.jpeg,1,1,0,0
/home/ajeet/codework/datasets/Training_Validation_Dataset_2024_Ajeet-20241107T105545Z-001/Training_Validation_Dataset_2024_Ajeet/FTI_BM_MP_2022/Shubham_FTI_BM_MP/607424_134_2022-02-08.jpeg,1,1,0,0
/home/ajeet/codework/datasets/Training_Validation_Dataset_2024_Ajeet-20241107T105545Z-001/Training_Validation_Dataset_2024_Ajeet/FTI_BM_MP_2022/Shubham_FTI_BM_MP/611144_55_2022-02-10.jpeg,1,1,0,1
/home/ajeet/codework/datasets/Training_Validation_Dataset_2024_Ajeet-20241107T105545Z-001/Training_Validation_Dataset_2024_Ajeet/FTI_BM_MP_2022/Shubham_FTI_BM_MP/623588_23_2022-02-17.jpeg,1,1,0,0
/home/ajeet/codework/datasets/Training_Validation_Dataset_2024_Ajeet-20241107T105545Z-001/Training_Validation_Dataset_2024_Ajeet/FTI_BM_MP_2022/Shubham_FTI_BM_MP/595118_168_2022-02-02.jpeg,1,1,0,1
/home/ajeet/codework/datasets/Training_Validation_Dataset_2024_Ajeet-20241107T105545Z-001/Training_Validation_Dataset_2024_Ajeet/FTI_BM_MP_2022/Shubham_FTI_BM_MP/627719_172_2022-02-21.jpeg,1,1,0,0
/home/ajeet/codework/datasets/Training_Validation_Dataset_2024_Ajeet-20241107T105545Z-001/Training_Validation_Dataset_2024_Ajeet/FTI_BM_MP_2022/Shubham_FTI_BM_MP/602660_194_2022-02-05.jpeg,1,1,0,0
/home/ajeet/codework/datasets/Training_Validation_Dataset_2024_Ajeet-20241107T105545Z-001/Training_Validation_Dataset_2024_Ajeet/FTI_BM_MP_2022/Shubham_FTI_BM_MP/621434_49_2022-02-16.jpeg,1,1,0,0
/home/ajeet/codework/datasets/Training_Validation_Dataset_2024_Ajeet-20241107T105545Z-001/Training_Validation_Dataset_2024_Ajeet/FTI_BM_MP_2022/Shubham_FTI_BM_MP/612073_89_2022-02-10.jpeg,1,1,0,1
/home/ajeet/codework/datasets/Training_Validation_Dataset_2024_Ajeet-20241107T105545Z-001/Training_Validation_Dataset_2024_Ajeet/FTI_BM_MP_2022/Shubham_FTI_BM_MP/599672_193_2022-02-03.jpeg,1,1,0,1
/home/ajeet/codework/datasets/Training_Validation_Dataset_2024_Ajeet-20241107T105545Z-001/Training_Validation_Dataset_2024_Ajeet/FTI_BM_MP_2022/Shubham_FTI_BM_MP/612073_121_2022-02-10.jpeg,1,1,0,1
/home/ajeet/codework/datasets/Training_Validation_Dataset_2024_Ajeet-20241107T105545Z-001/Training_Validation_Dataset_2024_Ajeet/FTI_BM_MP_2022/Shubham_FTI_BM_MP/605539_97_2022-02-08.jpeg,1,1,0,1
/home/ajeet/codework/datasets/Training_Validation_Dataset_2024_Ajeet-20241107T105545Z-001/Training_Validation_Dataset_2024_Ajeet/FTI_BM_MP_2022/Shubham_FTI_BM_MP/593779_152_2022-02-01.jpeg,1,1,0,1
/home/ajeet/codework/datasets/Training_Validation_Dataset_2024_Ajeet-20241107T105545Z-001/Training_Validation_Dataset_2024_Ajeet/FTI_BM_MP_2022/Shubham_FTI_BM_MP/612073_67_2022-02-10.jpeg,1,1,0,0
/home/ajeet/codework/datasets/Training_Validation_Dataset_2024_Ajeet-20241107T105545Z-001/Training_Validation_Dataset_2024_Ajeet/FTI_BM_MP_2022/Shubham_FTI_BM_MP/604408_44_2022-02-07.jpeg,1,1,0,0
/home/ajeet/codework/datasets/Training_Validation_Dataset_2024_Ajeet-20241107T105545Z-001/Training_Validation_Dataset_2024_Ajeet/FTI_BM_MP_2022/Shubham_FTI_BM_MP/612494_163_2022-02-10.jpeg,1,1,0,1
/home/ajeet/codework/datasets/Training_Validation_Dataset_2024_Ajeet-20241107T105545Z-001/Training_Validation_Dataset_2024_Ajeet/FTI_BM_MP_2022/Shubham_FTI_BM_MP/606517_40_2022-02-08.jpeg,1,1,0,1
/home/ajeet/codework/datasets/Training_Validation_Dataset_2024_Ajeet-20241107T105545Z-001/Training_Validation_Dataset_2024_Ajeet/FTI_BM_MP_2022/Shubham_FTI_BM_MP/624180_175_2022-02-18.jpeg,1,1,0,0
/home/ajeet/codework/datasets/Training_Validation_Dataset_2024_Ajeet-20241107T105545Z-001/Training_Validation_Dataset_2024_Ajeet/FTI_BM_MP_2022/Shubham_FTI_BM_MP/611463_155_2022-02-10.jpeg,1,1,0,0
/home/ajeet/codework/datasets/Training_Validation_Dataset_2024_Ajeet-20241107T105545Z-001/Training_Validation_Dataset_2024_Ajeet/FTI_BM_MP_2022/Shubham_FTI_BM_MP/600790_185_2022-02-04.jpeg,1,1,0,1
/home/ajeet/codework/datasets/Training_Validation_Dataset_2024_Ajeet-20241107T105545Z-001/Training_Validation_Dataset_2024_Ajeet/FTI_BM_MP_2022/Shubham_FTI_BM_MP/608712_138_2022-02-09.jpeg,1,1,0,0
/home/ajeet/codework/datasets/Training_Validation_Dataset_2024_Ajeet-20241107T105545Z-001/Training_Validation_Dataset_2024_Ajeet/FTI_BM_MP_2022/Shubham_FTI_BM_MP/618722_181_2022-02-15.jpeg,1,1,0,1
/home/ajeet/codework/datasets/Training_Validation_Dataset_2024_Ajeet-20241107T105545Z-001/Training_Validation_Dataset_2024_Ajeet/FTI_BM_MP_2022/Shubham_FTI_BM_MP/606440_26_2022-02-09.jpeg,1,1,1,1
/home/ajeet/codework/datasets/Training_Validation_Dataset_2024_Ajeet-20241107T105545Z-001/Training_Validation_Dataset_2024_Ajeet/FTI_BM_MP_2022/Shubham_FTI_BM_MP/618618_138_2022-02-15.jpeg,1,1,0,1
/home/ajeet/codework/datasets/Training_Validation_Dataset_2024_Ajeet-20241107T105545Z-001/Training_Validation_Dataset_2024_Ajeet/FTI_BM_MP_2022/Shubham_FTI_BM_MP/601604_51_2022-02-04.jpeg,1,1,0,0
/home/ajeet/codework/datasets/Training_Validation_Dataset_2024_Ajeet-20241107T105545Z-001/Training_Validation_Dataset_2024_Ajeet/FTI_BM_MP_2022/Shubham_FTI_BM_MP/615802_117_2022-02-13.jpeg,1,1,0,1
/home/ajeet/codework/datasets/Training_Validation_Dataset_2024_Ajeet-20241107T105545Z-001/Training_Validation_Dataset_2024_Ajeet/FTI_BM_MP_2022/Shubham_FTI_BM_MP/626681_19_2022-02-19.jpeg,1,1,0,0
/home/ajeet/codework/datasets/Training_Validation_Dataset_2024_Ajeet-20241107T105545Z-001/Training_Validation_Dataset_2024_Ajeet/FTI_BM_MP_2022/Shubham_FTI_BM_MP/614073_96_2022-02-11.jpeg,1,1,0,0
/home/ajeet/codework/datasets/Training_Validation_Dataset_2024_Ajeet-20241107T105545Z-001/Training_Validation_Dataset_2024_Ajeet/FTI_BM_MP_2022/Shubham_FTI_BM_MP/617306_85_2022-02-14.jpeg,1,1,0,0
/home/ajeet/codework/datasets/Training_Validation_Dataset_2024_Ajeet-20241107T105545Z-001/Training_Validation_Dataset_2024_Ajeet/FTI_BM_MP_2022/Shubham_FTI_BM_MP/620953_75_2022-02-16.jpeg,1,1,0,0
/home/ajeet/codework/datasets/Training_Validation_Dataset_2024_Ajeet-20241107T105545Z-001/Training_Validation_Dataset_2024_Ajeet/FTI_BM_MP_2022/Shubham_FTI_BM_MP/601604_107_2022-02-04.jpeg,1,1,0,0
/home/ajeet/codework/datasets/Training_Validation_Dataset_2024_Ajeet-20241107T105545Z-001/Training_Validation_Dataset_2024_Ajeet/FTI_BM_MP_2022/Shubham_FTI_BM_MP/593204_28_2022-02-01.jpeg,1,1,0,0
/home/ajeet/codework/datasets/Training_Validation_Dataset_2024_Ajeet-20241107T105545Z-001/Training_Validation_Dataset_2024_Ajeet/FTI_BM_MP_2022/Shubham_FTI_BM_MP/597733_173_2022-02-03.jpeg,1,1,0,1
/home/ajeet/codework/datasets/Training_Validation_Dataset_2024_Ajeet-20241107T105545Z-001/Training_Validation_Dataset_2024_Ajeet/FTI_BM_MP_2022/Shubham_FTI_BM_MP/619795_113_2022-02-16.jpeg,1,1,0,1
/home/ajeet/codework/datasets/Training_Validation_Dataset_2024_Ajeet-20241107T105545Z-001/Training_Validation_Dataset_2024_Ajeet/FTI_BM_MP_2022/Shubham_FTI_BM_MP/609490_144_2022-02-10.jpeg,1,1,0,0
/home/ajeet/codework/datasets/Training_Validation_Dataset_2024_Ajeet-20241107T105545Z-001/Training_Validation_Dataset_2024_Ajeet/FTI_BM_MP_2022/Shubham_FTI_BM_MP/609490_176_2022-02-09.jpeg,1,1,0,0
/home/ajeet/codework/datasets/Training_Validation_Dataset_2024_Ajeet-20241107T105545Z-001/Training_Validation_Dataset_2024_Ajeet/FTI_BM_MP_2022/Shubham_FTI_BM_MP/614389_20_2022-02-11.jpeg,1,1,0,0
/home/ajeet/codework/datasets/Training_Validation_Dataset_2024_Ajeet-20241107T105545Z-001/Training_Validation_Dataset_2024_Ajeet/FTI_BM_MP_2022/Shubham_FTI_BM_MP/625803_3_2022-02-18.jpeg,1,1,0,0
/home/ajeet/codework/datasets/Training_Validation_Dataset_2024_Ajeet-20241107T105545Z-001/Training_Validation_Dataset_2024_Ajeet/FTI_BM_MP_2022/Shubham_FTI_BM_MP/623345_68_2022-02-17.jpeg,1,1,0,0
/home/ajeet/codework/datasets/Training_Validation_Dataset_2024_Ajeet-20241107T105545Z-001/Training_Validation_Dataset_2024_Ajeet/FTI_BM_MP_2022/Shubham_FTI_BM_MP/617451_137_2022-02-14.jpeg,1,1,0,1
/home/ajeet/codework/datasets/Training_Validation_Dataset_2024_Ajeet-20241107T105545Z-001/Training_Validation_Dataset_2024_Ajeet/FTI_BM_MP_2022/Shubham_FTI_BM_MP/623345_92_2022-02-17.jpeg,1,1,0,0
/home/ajeet/codework/datasets/Training_Validation_Dataset_2024_Ajeet-20241107T105545Z-001/Training_Validation_Dataset_2024_Ajeet/FTI_BM_MP_2022/Shubham_FTI_BM_MP/613849_127_2022-02-11.jpeg,1,1,0,1
/home/ajeet/codework/datasets/Training_Validation_Dataset_2024_Ajeet-20241107T105545Z-001/Training_Validation_Dataset_2024_Ajeet/FTI_BM_MP_2022/Shubham_FTI_BM_MP/601273_162_2022-02-04.jpeg,1,1,0,0
/home/ajeet/codework/datasets/Training_Validation_Dataset_2024_Ajeet-20241107T105545Z-001/Training_Validation_Dataset_2024_Ajeet/FTI_BM_MP_2022/Shubham_FTI_BM_MP/614148_189_2022-02-11.jpeg,1,1,0,0
/home/ajeet/codework/datasets/Training_Validation_Dataset_2024_Ajeet-20241107T105545Z-001/Training_Validation_Dataset_2024_Ajeet/FTI_BM_MP_2022/Shubham_FTI_BM_MP/603081_197_2022-02-08.jpeg,1,1,0,1
/home/ajeet/codework/datasets/Training_Validation_Dataset_2024_Ajeet-20241107T105545Z-001/Training_Validation_Dataset_2024_Ajeet/FTI_BM_MP_2022/Shubham_FTI_BM_MP/621666_123_2022-02-17.jpeg,1,1,0,0
/home/ajeet/codework/datasets/Training_Validation_Dataset_2024_Ajeet-20241107T105545Z-001/Training_Validation_Dataset_2024_Ajeet/FTI_BM_MP_2022/Shubham_FTI_BM_MP/619241_84_2022-02-15.jpeg,1,1,0,0
/home/ajeet/codework/datasets/Training_Validation_Dataset_2024_Ajeet-20241107T105545Z-001/Training_Validation_Dataset_2024_Ajeet/FTI_BM_MP_2022/Shubham_FTI_BM_MP/625803_189_2022-02-18.jpeg,1,1,0,0
/home/ajeet/codework/datasets/Training_Validation_Dataset_2024_Ajeet-20241107T105545Z-001/Training_Validation_Dataset_2024_Ajeet/FTI_BM_MP_2022/Shubham_FTI_BM_MP/599511_157_2022-02-03.jpeg,1,1,0,0
/home/ajeet/codework/datasets/Training_Validation_Dataset_2024_Ajeet-20241107T105545Z-001/Training_Validation_Dataset_2024_Ajeet/FTI_BM_MP_2022/Shubham_FTI_BM_MP/611284_21_2022-02-10.jpeg,1,1,0,1
/home/ajeet/codework/datasets/Training_Validation_Dataset_2024_Ajeet-20241107T105545Z-001/Training_Validation_Dataset_2024_Ajeet/FTI_BM_MP_2022/Shubham_FTI_BM_MP/593131_59_2022-02-01.jpeg,1,1,0,0
/home/ajeet/codework/datasets/Training_Validation_Dataset_2024_Ajeet-20241107T105545Z-001/Training_Validation_Dataset_2024_Ajeet/FTI_BM_MP_2022/Shubham_FTI_BM_MP/611463_166_2022-02-11.jpeg,1,1,0,0
/home/ajeet/codework/datasets/Training_Validation_Dataset_2024_Ajeet-20241107T105545Z-001/Training_Validation_Dataset_2024_Ajeet/FTI_BM_MP_2022/Shubham_FTI_BM_MP/604382_36_2022-02-07.jpeg,1,1,0,0
/home/ajeet/codework/datasets/Training_Validation_Dataset_2024_Ajeet-20241107T105545Z-001/Training_Validation_Dataset_2024_Ajeet/FTI_BM_MP_2022/Shubham_FTI_BM_MP/595473_19_2022-02-02.jpeg,1,1,0,0
/home/ajeet/codework/datasets/Training_Validation_Dataset_2024_Ajeet-20241107T105545Z-001/Training_Validation_Dataset_2024_Ajeet/FTI_BM_MP_2022/Shubham_FTI_BM_MP/600790_84_2022-02-04.jpeg,1,1,0,1
/home/ajeet/codework/datasets/Training_Validation_Dataset_2024_Ajeet-20241107T105545Z-001/Training_Validation_Dataset_2024_Ajeet/FTI_BM_MP_2022/Shubham_FTI_BM_MP/625048_74_2022-02-18.jpeg,1,1,0,0
/home/ajeet/codework/datasets/Training_Validation_Dataset_2024_Ajeet-20241107T105545Z-001/Training_Validation_Dataset_2024_Ajeet/FTI_BM_MP_2022/Shubham_FTI_BM_MP/621209_45_2022-02-16.jpeg,1,1,0,0
/home/ajeet/codework/datasets/Training_Validation_Dataset_2024_Ajeet-20241107T105545Z-001/Training_Validation_Dataset_2024_Ajeet/FTI_BM_MP_2022/Shubham_FTI_BM_MP/625458_12_2022-02-19.jpeg,1,1,0,0
/home/ajeet/codework/datasets/Training_Validation_Dataset_2024_Ajeet-20241107T105545Z-001/Training_Validation_Dataset_2024_Ajeet/FTI_BM_MP_2022/Shubham_FTI_BM_MP/607675_104_2022-02-08.jpeg,1,1,0,0
/home/ajeet/codework/datasets/Training_Validation_Dataset_2024_Ajeet-20241107T105545Z-001/Training_Validation_Dataset_2024_Ajeet/FTI_BM_MP_2022/Shubham_FTI_BM_MP/625320_195_2022-02-18.jpeg,1,1,0,1
/home/ajeet/codework/datasets/Training_Validation_Dataset_2024_Ajeet-20241107T105545Z-001/Training_Validation_Dataset_2024_Ajeet/FTI_BM_MP_2022/Shubham_FTI_BM_MP/623770_178_2022-02-17.jpeg,1,1,0,0
/home/ajeet/codework/datasets/Training_Validation_Dataset_2024_Ajeet-20241107T105545Z-001/Training_Validation_Dataset_2024_Ajeet/FTI_BM_MP_2022/Shubham_FTI_BM_MP/627583_148_2022-02-21.jpeg,1,1,0,1
/home/ajeet/codework/datasets/Training_Validation_Dataset_2024_Ajeet-20241107T105545Z-001/Training_Validation_Dataset_2024_Ajeet/FTI_BM_MP_2022/Shubham_FTI_BM_MP/623588_136_2022-02-17.jpeg,1,1,0,0
/home/ajeet/codework/datasets/Training_Validation_Dataset_2024_Ajeet-20241107T105545Z-001/Training_Validation_Dataset_2024_Ajeet/FTI_BM_MP_2022/Shubham_FTI_BM_MP/593131_35_2022-02-01.jpeg,1,1,0,0
/home/ajeet/codework/datasets/Training_Validation_Dataset_2024_Ajeet-20241107T105545Z-001/Training_Validation_Dataset_2024_Ajeet/FTI_BM_MP_2022/Shubham_FTI_BM_MP/607683_134_2022-02-08.jpeg,1,1,0,0
/home/ajeet/codework/datasets/Training_Validation_Dataset_2024_Ajeet-20241107T105545Z-001/Training_Validation_Dataset_2024_Ajeet/FTI_BM_MP_2022/Shubham_FTI_BM_MP/619442_162_2022-02-15.jpeg,1,1,0,0
/home/ajeet/codework/datasets/Training_Validation_Dataset_2024_Ajeet-20241107T105545Z-001/Training_Validation_Dataset_2024_Ajeet/FTI_BM_MP_2022/Shubham_FTI_BM_MP/595786_165_2022-02-02.jpeg,1,1,0,0
/home/ajeet/codework/datasets/Training_Validation_Dataset_2024_Ajeet-20241107T105545Z-001/Training_Validation_Dataset_2024_Ajeet/FTI_BM_MP_2022/Shubham_FTI_BM_MP/606859_146_2022-02-08.jpeg,1,1,0,0
/home/ajeet/codework/datasets/Training_Validation_Dataset_2024_Ajeet-20241107T105545Z-001/Training_Validation_Dataset_2024_Ajeet/FTI_BM_MP_2022/Shubham_FTI_BM_MP/598844_119_2022-02-03.jpeg,1,1,0,0
/home/ajeet/codework/datasets/Training_Validation_Dataset_2024_Ajeet-20241107T105545Z-001/Training_Validation_Dataset_2024_Ajeet/FTI_BM_MP_2022/Shubham_FTI_BM_MP/613424_15_2022-02-11.jpeg,1,1,0,0
/home/ajeet/codework/datasets/Training_Validation_Dataset_2024_Ajeet-20241107T105545Z-001/Training_Validation_Dataset_2024_Ajeet/FTI_BM_MP_2022/Shubham_FTI_BM_MP/616551_16_2022-02-14.jpeg,1,1,0,0
/home/ajeet/codework/datasets/Training_Validation_Dataset_2024_Ajeet-20241107T105545Z-001/Training_Validation_Dataset_2024_Ajeet/FTI_BM_MP_2022/Shubham_FTI_BM_MP/607424_141_2022-02-08.jpeg,1,1,0,0
/home/ajeet/codework/datasets/Training_Validation_Dataset_2024_Ajeet-20241107T105545Z-001/Training_Validation_Dataset_2024_Ajeet/FTI_BM_MP_2022/Shubham_FTI_BM_MP/609256_34_2022-02-09.jpeg,1,1,0,0
/home/ajeet/codework/datasets/Training_Validation_Dataset_2024_Ajeet-20241107T105545Z-001/Training_Validation_Dataset_2024_Ajeet/FTI_BM_MP_2022/Shubham_FTI_BM_MP/601301_37_2022-02-05.jpeg,1,1,0,1
/home/ajeet/codework/datasets/Training_Validation_Dataset_2024_Ajeet-20241107T105545Z-001/Training_Validation_Dataset_2024_Ajeet/FTI_BM_MP_2022/Shubham_FTI_BM_MP/619241_195_2022-02-15.jpeg,1,1,0,1
/home/ajeet/codework/datasets/Training_Validation_Dataset_2024_Ajeet-20241107T105545Z-001/Training_Validation_Dataset_2024_Ajeet/FTI_BM_MP_2022/Shubham_FTI_BM_MP/627716_42_2022-02-21.jpeg,1,1,0,0
/home/ajeet/codework/datasets/Training_Validation_Dataset_2024_Ajeet-20241107T105545Z-001/Training_Validation_Dataset_2024_Ajeet/FTI_BM_MP_2022/Shubham_FTI_BM_MP/611284_76_2022-02-10.jpeg,1,1,0,0
/home/ajeet/codework/datasets/Training_Validation_Dataset_2024_Ajeet-20241107T105545Z-001/Training_Validation_Dataset_2024_Ajeet/FTI_BM_MP_2022/Shubham_FTI_BM_MP/623345_67_2022-02-17.jpeg,1,1,0,0
/home/ajeet/codework/datasets/Training_Validation_Dataset_2024_Ajeet-20241107T105545Z-001/Training_Validation_Dataset_2024_Ajeet/FTI_BM_MP_2022/Shubham_FTI_BM_MP/628192_172_2022-02-22.jpeg,1,1,0,1
/home/ajeet/codework/datasets/Training_Validation_Dataset_2024_Ajeet-20241107T105545Z-001/Training_Validation_Dataset_2024_Ajeet/FTI_BM_MP_2022/Shubham_FTI_BM_MP/600790_10_2022-02-04.jpeg,1,1,0,0
/home/ajeet/codework/datasets/Training_Validation_Dataset_2024_Ajeet-20241107T105545Z-001/Training_Validation_Dataset_2024_Ajeet/FTI_BM_MP_2022/Shubham_FTI_BM_MP/602641_87_2022-02-05.jpeg,1,1,0,1
/home/ajeet/codework/datasets/Training_Validation_Dataset_2024_Ajeet-20241107T105545Z-001/Training_Validation_Dataset_2024_Ajeet/FTI_BM_MP_2022/Shubham_FTI_BM_MP/615713_139_2022-02-13.jpeg,1,1,0,0
/home/ajeet/codework/datasets/Training_Validation_Dataset_2024_Ajeet-20241107T105545Z-001/Training_Validation_Dataset_2024_Ajeet/FTI_BM_MP_2022/Shubham_FTI_BM_MP/615163_63_2022-02-12.jpeg,1,1,0,0
/home/ajeet/codework/datasets/Training_Validation_Dataset_2024_Ajeet-20241107T105545Z-001/Training_Validation_Dataset_2024_Ajeet/FTI_BM_MP_2022/Shubham_FTI_BM_MP/592600_12_2022-02-01.jpeg,1,1,1,1
/home/ajeet/codework/datasets/Training_Validation_Dataset_2024_Ajeet-20241107T105545Z-001/Training_Validation_Dataset_2024_Ajeet/FTI_BM_MP_2022/Shubham_FTI_BM_MP/606950_30_2022-02-08.jpeg,1,1,0,0
/home/ajeet/codework/datasets/Training_Validation_Dataset_2024_Ajeet-20241107T105545Z-001/Training_Validation_Dataset_2024_Ajeet/FTI_BM_MP_2022/Shubham_FTI_BM_MP/625803_154_2022-02-18.jpeg,1,1,0,0
/home/ajeet/codework/datasets/Training_Validation_Dataset_2024_Ajeet-20241107T105545Z-001/Training_Validation_Dataset_2024_Ajeet/FTI_BM_MP_2022/Shubham_FTI_BM_MP/598327_121_2022-02-03.jpeg,1,1,0,0
/home/ajeet/codework/datasets/Training_Validation_Dataset_2024_Ajeet-20241107T105545Z-001/Training_Validation_Dataset_2024_Ajeet/FTI_BM_MP_2022/Shubham_FTI_BM_MP/626681_135_2022-02-19.jpeg,1,1,0,0
/home/ajeet/codework/datasets/Training_Validation_Dataset_2024_Ajeet-20241107T105545Z-001/Training_Validation_Dataset_2024_Ajeet/FTI_BM_MP_2022/Shubham_FTI_BM_MP/598233_57_2022-02-03.jpeg,1,1,0,1
/home/ajeet/codework/datasets/Training_Validation_Dataset_2024_Ajeet-20241107T105545Z-001/Training_Validation_Dataset_2024_Ajeet/FTI_BM_MP_2022/Shubham_FTI_BM_MP/608827_163_2022-02-09.jpeg,1,1,0,0
/home/ajeet/codework/datasets/Training_Validation_Dataset_2024_Ajeet-20241107T105545Z-001/Training_Validation_Dataset_2024_Ajeet/FTI_BM_MP_2022/Shubham_FTI_BM_MP/625592_117_2022-02-18.jpeg,1,1,0,0
/home/ajeet/codework/datasets/Training_Validation_Dataset_2024_Ajeet-20241107T105545Z-001/Training_Validation_Dataset_2024_Ajeet/FTI_BM_MP_2022/Shubham_FTI_BM_MP/625691_194_2022-02-18.jpeg,1,1,0,1
/home/ajeet/codework/datasets/Training_Validation_Dataset_2024_Ajeet-20241107T105545Z-001/Training_Validation_Dataset_2024_Ajeet/FTI_BM_MP_2022/Shubham_FTI_BM_MP/619266_60_2022-02-15.jpeg,1,1,0,0
/home/ajeet/codework/datasets/Training_Validation_Dataset_2024_Ajeet-20241107T105545Z-001/Training_Validation_Dataset_2024_Ajeet/FTI_BM_MP_2022/Shubham_FTI_BM_MP/613531_116_2022-02-11.jpeg,1,1,0,0
/home/ajeet/codework/datasets/Training_Validation_Dataset_2024_Ajeet-20241107T105545Z-001/Training_Validation_Dataset_2024_Ajeet/FTI_BM_MP_2022/Shubham_FTI_BM_MP/615255_126_2022-02-12.jpeg,1,1,0,1
/home/ajeet/codework/datasets/Training_Validation_Dataset_2024_Ajeet-20241107T105545Z-001/Training_Validation_Dataset_2024_Ajeet/FTI_BM_MP_2022/Shubham_FTI_BM_MP/598816_179_2022-02-03.jpeg,1,1,0,1
/home/ajeet/codework/datasets/Training_Validation_Dataset_2024_Ajeet-20241107T105545Z-001/Training_Validation_Dataset_2024_Ajeet/FTI_BM_MP_2022/Shubham_FTI_BM_MP/592761_40_2022-02-01.jpeg,1,1,0,0
/home/ajeet/codework/datasets/Training_Validation_Dataset_2024_Ajeet-20241107T105545Z-001/Training_Validation_Dataset_2024_Ajeet/FTI_BM_MP_2022/Shubham_FTI_BM_MP/604881_37_2022-02-07.jpeg,1,1,0,0
/home/ajeet/codework/datasets/Training_Validation_Dataset_2024_Ajeet-20241107T105545Z-001/Training_Validation_Dataset_2024_Ajeet/FTI_BM_MP_2022/Shubham_FTI_BM_MP/621343_161_2022-02-16.jpeg,1,1,0,0
/home/ajeet/codework/datasets/Training_Validation_Dataset_2024_Ajeet-20241107T105545Z-001/Training_Validation_Dataset_2024_Ajeet/FTI_BM_MP_2022/Shubham_FTI_BM_MP/599243_17_2022-02-03.jpeg,1,1,0,1
/home/ajeet/codework/datasets/Training_Validation_Dataset_2024_Ajeet-20241107T105545Z-001/Training_Validation_Dataset_2024_Ajeet/FTI_BM_MP_2022/Shubham_FTI_BM_MP/623268_36_2022-02-17.jpeg,1,1,0,0
/home/ajeet/codework/datasets/Training_Validation_Dataset_2024_Ajeet-20241107T105545Z-001/Training_Validation_Dataset_2024_Ajeet/FTI_BM_MP_2022/Shubham_FTI_BM_MP/608827_57_2022-02-09.jpeg,1,1,0,0
/home/ajeet/codework/datasets/Training_Validation_Dataset_2024_Ajeet-20241107T105545Z-001/Training_Validation_Dataset_2024_Ajeet/FTI_BM_MP_2022/Shubham_FTI_BM_MP/619163_112_2022-02-15.jpeg,1,1,0,0
/home/ajeet/codework/datasets/Training_Validation_Dataset_2024_Ajeet-20241107T105545Z-001/Training_Validation_Dataset_2024_Ajeet/FTI_BM_MP_2022/Shubham_FTI_BM_MP/611472_38_2022-02-10.jpeg,1,1,0,0
/home/ajeet/codework/datasets/Training_Validation_Dataset_2024_Ajeet-20241107T105545Z-001/Training_Validation_Dataset_2024_Ajeet/FTI_BM_MP_2022/Shubham_FTI_BM_MP/608890_34_2022-02-09.jpeg,1,1,0,1
/home/ajeet/codework/datasets/Training_Validation_Dataset_2024_Ajeet-20241107T105545Z-001/Training_Validation_Dataset_2024_Ajeet/FTI_BM_MP_2022/Shubham_FTI_BM_MP/622201_145_2022-02-17.jpeg,1,1,0,1
/home/ajeet/codework/datasets/Training_Validation_Dataset_2024_Ajeet-20241107T105545Z-001/Training_Validation_Dataset_2024_Ajeet/FTI_BM_MP_2022/Shubham_FTI_BM_MP/621629_147_2022-02-16.jpeg,1,1,0,0
/home/ajeet/codework/datasets/Training_Validation_Dataset_2024_Ajeet-20241107T105545Z-001/Training_Validation_Dataset_2024_Ajeet/FTI_BM_MP_2022/Shubham_FTI_BM_MP/618618_127_2022-02-15.jpeg,1,1,0,1
/home/ajeet/codework/datasets/Training_Validation_Dataset_2024_Ajeet-20241107T105545Z-001/Training_Validation_Dataset_2024_Ajeet/FTI_BM_MP_2022/Shubham_FTI_BM_MP/603202_103_2022-02-06.jpeg,1,1,0,0
/home/ajeet/codework/datasets/Training_Validation_Dataset_2024_Ajeet-20241107T105545Z-001/Training_Validation_Dataset_2024_Ajeet/FTI_BM_MP_2022/Shubham_FTI_BM_MP/596669_4_2022-02-02.jpeg,1,1,0,0
/home/ajeet/codework/datasets/Training_Validation_Dataset_2024_Ajeet-20241107T105545Z-001/Training_Validation_Dataset_2024_Ajeet/FTI_BM_MP_2022/Shubham_FTI_BM_MP/618076_136_2022-02-15.jpeg,1,1,0,1
/home/ajeet/codework/datasets/Training_Validation_Dataset_2024_Ajeet-20241107T105545Z-001/Training_Validation_Dataset_2024_Ajeet/FTI_BM_MP_2022/Shubham_FTI_BM_MP/627718_168_2022-02-21.jpeg,1,1,0,0
/home/ajeet/codework/datasets/Training_Validation_Dataset_2024_Ajeet-20241107T105545Z-001/Training_Validation_Dataset_2024_Ajeet/FTI_BM_MP_2022/Shubham_FTI_BM_MP/624338_178_2022-02-17.jpeg,1,1,0,1
/home/ajeet/codework/datasets/Training_Validation_Dataset_2024_Ajeet-20241107T105545Z-001/Training_Validation_Dataset_2024_Ajeet/FTI_BM_MP_2022/Shubham_FTI_BM_MP/604482_174_2022-02-07.jpeg,1,1,0,1
/home/ajeet/codework/datasets/Training_Validation_Dataset_2024_Ajeet-20241107T105545Z-001/Training_Validation_Dataset_2024_Ajeet/FTI_BM_MP_2022/Shubham_FTI_BM_MP/621029_127_2022-02-16.jpeg,1,1,0,1
/home/ajeet/codework/datasets/Training_Validation_Dataset_2024_Ajeet-20241107T105545Z-001/Training_Validation_Dataset_2024_Ajeet/FTI_BM_MP_2022/Shubham_FTI_BM_MP/604661_188_2022-02-07.jpeg,1,1,0,0
/home/ajeet/codework/datasets/Training_Validation_Dataset_2024_Ajeet-20241107T105545Z-001/Training_Validation_Dataset_2024_Ajeet/FTI_BM_MP_2022/Shubham_FTI_BM_MP/608928_109_2022-02-09.jpeg,1,1,0,1
/home/ajeet/codework/datasets/Training_Validation_Dataset_2024_Ajeet-20241107T105545Z-001/Training_Validation_Dataset_2024_Ajeet/FTI_BM_MP_2022/Shubham_FTI_BM_MP/612073_41_2022-02-10.jpeg,1,1,0,0
/home/ajeet/codework/datasets/Training_Validation_Dataset_2024_Ajeet-20241107T105545Z-001/Training_Validation_Dataset_2024_Ajeet/FTI_BM_MP_2022/Shubham_FTI_BM_MP/625631_148_2022-02-18.jpeg,1,1,1,1
/home/ajeet/codework/datasets/Training_Validation_Dataset_2024_Ajeet-20241107T105545Z-001/Training_Validation_Dataset_2024_Ajeet/FTI_BM_MP_2022/Shubham_FTI_BM_MP/598775_193_2022-02-03.jpeg,1,1,0,0
/home/ajeet/codework/datasets/Training_Validation_Dataset_2024_Ajeet-20241107T105545Z-001/Training_Validation_Dataset_2024_Ajeet/FTI_BM_MP_2022/Shubham_FTI_BM_MP/625592_158_2022-02-18.jpeg,1,1,0,0
/home/ajeet/codework/datasets/Training_Validation_Dataset_2024_Ajeet-20241107T105545Z-001/Training_Validation_Dataset_2024_Ajeet/FTI_BM_MP_2022/Shubham_FTI_BM_MP/590685_176_2022-02-01.jpeg,1,1,0,0
/home/ajeet/codework/datasets/Training_Validation_Dataset_2024_Ajeet-20241107T105545Z-001/Training_Validation_Dataset_2024_Ajeet/FTI_BM_MP_2022/Shubham_FTI_BM_MP/624180_138_2022-02-17.jpeg,1,1,0,0
/home/ajeet/codework/datasets/Training_Validation_Dataset_2024_Ajeet-20241107T105545Z-001/Training_Validation_Dataset_2024_Ajeet/FTI_BM_MP_2022/Shubham_FTI_BM_MP/622859_65_2022-02-17.jpeg,1,1,0,0
/home/ajeet/codework/datasets/Training_Validation_Dataset_2024_Ajeet-20241107T105545Z-001/Training_Validation_Dataset_2024_Ajeet/FTI_BM_MP_2022/Shubham_FTI_BM_MP/601301_120_2022-02-05.jpeg,1,1,0,0
/home/ajeet/codework/datasets/Training_Validation_Dataset_2024_Ajeet-20241107T105545Z-001/Training_Validation_Dataset_2024_Ajeet/FTI_BM_MP_2022/Shubham_FTI_BM_MP/612641_97_2022-02-10.jpeg,1,1,0,0
/home/ajeet/codework/datasets/Training_Validation_Dataset_2024_Ajeet-20241107T105545Z-001/Training_Validation_Dataset_2024_Ajeet/FTI_BM_MP_2022/Shubham_FTI_BM_MP/596522_64_2022-02-02.jpeg,1,1,0,0
/home/ajeet/codework/datasets/Training_Validation_Dataset_2024_Ajeet-20241107T105545Z-001/Training_Validation_Dataset_2024_Ajeet/FTI_BM_MP_2022/Shubham_FTI_BM_MP/616551_106_2022-02-14.jpeg,1,1,0,0
/home/ajeet/codework/datasets/Training_Validation_Dataset_2024_Ajeet-20241107T105545Z-001/Training_Validation_Dataset_2024_Ajeet/FTI_BM_MP_2022/Shubham_FTI_BM_MP/611463_1_2022-02-10.jpeg,1,1,0,1
/home/ajeet/codework/datasets/Training_Validation_Dataset_2024_Ajeet-20241107T105545Z-001/Training_Validation_Dataset_2024_Ajeet/FTI_BM_MP_2022/Shubham_FTI_BM_MP/608806_174_2022-02-09.jpeg,1,1,0,1
/home/ajeet/codework/datasets/Training_Validation_Dataset_2024_Ajeet-20241107T105545Z-001/Training_Validation_Dataset_2024_Ajeet/FTI_BM_MP_2022/Shubham_FTI_BM_MP/628050_121_2022-02-21.jpeg,1,1,0,1
/home/ajeet/codework/datasets/Training_Validation_Dataset_2024_Ajeet-20241107T105545Z-001/Training_Validation_Dataset_2024_Ajeet/FTI_BM_MP_2022/Shubham_FTI_BM_MP/601000_92_2022-02-04.jpeg,1,1,0,0
/home/ajeet/codework/datasets/Training_Validation_Dataset_2024_Ajeet-20241107T105545Z-001/Training_Validation_Dataset_2024_Ajeet/FTI_BM_MP_2022/Shubham_FTI_BM_MP/602458_118_2022-02-07.jpeg,1,1,0,0
/home/ajeet/codework/datasets/Training_Validation_Dataset_2024_Ajeet-20241107T105545Z-001/Training_Validation_Dataset_2024_Ajeet/FTI_BM_MP_2022/Shubham_FTI_BM_MP/609172_154_2022-02-09.jpeg,1,1,0,0
/home/ajeet/codework/datasets/Training_Validation_Dataset_2024_Ajeet-20241107T105545Z-001/Training_Validation_Dataset_2024_Ajeet/FTI_BM_MP_2022/Shubham_FTI_BM_MP/592681_18_2022-02-01.jpeg,1,1,0,0
/home/ajeet/codework/datasets/Training_Validation_Dataset_2024_Ajeet-20241107T105545Z-001/Training_Validation_Dataset_2024_Ajeet/FTI_BM_MP_2022/Shubham_FTI_BM_MP/596138_118_2022-02-02.jpeg,1,1,0,0
/home/ajeet/codework/datasets/Training_Validation_Dataset_2024_Ajeet-20241107T105545Z-001/Training_Validation_Dataset_2024_Ajeet/FTI_BM_MP_2022/Shubham_FTI_BM_MP/624106_147_2022-02-17.jpeg,1,1,0,0
/home/ajeet/codework/datasets/Training_Validation_Dataset_2024_Ajeet-20241107T105545Z-001/Training_Validation_Dataset_2024_Ajeet/FTI_BM_MP_2022/Shubham_FTI_BM_MP/627078_27_2022-02-20.jpeg,1,1,0,0
/home/ajeet/codework/datasets/Training_Validation_Dataset_2024_Ajeet-20241107T105545Z-001/Training_Validation_Dataset_2024_Ajeet/FTI_BM_MP_2022/Shubham_FTI_BM_MP/602608_151_2022-02-05.jpeg,1,1,0,1
/home/ajeet/codework/datasets/Training_Validation_Dataset_2024_Ajeet-20241107T105545Z-001/Training_Validation_Dataset_2024_Ajeet/FTI_BM_MP_2022/Shubham_FTI_BM_MP/613295_181_2022-02-11.jpeg,1,1,0,0
/home/ajeet/codework/datasets/Training_Validation_Dataset_2024_Ajeet-20241107T105545Z-001/Training_Validation_Dataset_2024_Ajeet/FTI_BM_MP_2022/Shubham_FTI_BM_MP/611144_137_2022-02-10.jpeg,1,1,0,0
/home/ajeet/codework/datasets/Training_Validation_Dataset_2024_Ajeet-20241107T105545Z-001/Training_Validation_Dataset_2024_Ajeet/FTI_BM_MP_2022/Shubham_FTI_BM_MP/608890_8_2022-02-09.jpeg,1,1,0,1
/home/ajeet/codework/datasets/Training_Validation_Dataset_2024_Ajeet-20241107T105545Z-001/Training_Validation_Dataset_2024_Ajeet/FTI_BM_MP_2022/Shubham_FTI_BM_MP/626241_117_2022-02-18.jpeg,1,1,1,0
/home/ajeet/codework/datasets/Training_Validation_Dataset_2024_Ajeet-20241107T105545Z-001/Training_Validation_Dataset_2024_Ajeet/FTI_BM_MP_2022/Shubham_FTI_BM_MP/601066_76_2022-02-04.jpeg,1,1,0,1
/home/ajeet/codework/datasets/Training_Validation_Dataset_2024_Ajeet-20241107T105545Z-001/Training_Validation_Dataset_2024_Ajeet/FTI_BM_MP_2022/Shubham_FTI_BM_MP/592885_124_2022-02-01.jpeg,1,1,0,1
/home/ajeet/codework/datasets/Training_Validation_Dataset_2024_Ajeet-20241107T105545Z-001/Training_Validation_Dataset_2024_Ajeet/FTI_BM_MP_2022/Shubham_FTI_BM_MP/595779_31_2022-02-02.jpeg,1,1,0,1
/home/ajeet/codework/datasets/Training_Validation_Dataset_2024_Ajeet-20241107T105545Z-001/Training_Validation_Dataset_2024_Ajeet/FTI_BM_MP_2022/Shubham_FTI_BM_MP/612073_13_2022-02-10.jpeg,1,1,0,1
/home/ajeet/codework/datasets/Training_Validation_Dataset_2024_Ajeet-20241107T105545Z-001/Training_Validation_Dataset_2024_Ajeet/FTI_BM_MP_2022/Shubham_FTI_BM_MP/625354_4_2022-02-18.jpeg,1,1,0,0
/home/ajeet/codework/datasets/Training_Validation_Dataset_2024_Ajeet-20241107T105545Z-001/Training_Validation_Dataset_2024_Ajeet/FTI_BM_MP_2022/Shubham_FTI_BM_MP/617306_24_2022-02-14.jpeg,1,1,0,1
/home/ajeet/codework/datasets/Training_Validation_Dataset_2024_Ajeet-20241107T105545Z-001/Training_Validation_Dataset_2024_Ajeet/FTI_BM_MP_2022/Shubham_FTI_BM_MP/624480_108_2022-02-18.jpeg,1,1,0,0
/home/ajeet/codework/datasets/Training_Validation_Dataset_2024_Ajeet-20241107T105545Z-001/Training_Validation_Dataset_2024_Ajeet/FTI_BM_MP_2022/Shubham_FTI_BM_MP/623235_61_2022-02-17.jpeg,1,1,0,0
/home/ajeet/codework/datasets/Training_Validation_Dataset_2024_Ajeet-20241107T105545Z-001/Training_Validation_Dataset_2024_Ajeet/FTI_BM_MP_2022/Shubham_FTI_BM_MP/592810_66_2022-02-01.jpeg,1,1,0,0
/home/ajeet/codework/datasets/Training_Validation_Dataset_2024_Ajeet-20241107T105545Z-001/Training_Validation_Dataset_2024_Ajeet/FTI_BM_MP_2022/Shubham_FTI_BM_MP/599511_152_2022-02-03.jpeg,1,1,0,1
/home/ajeet/codework/datasets/Training_Validation_Dataset_2024_Ajeet-20241107T105545Z-001/Training_Validation_Dataset_2024_Ajeet/FTI_BM_MP_2022/Shubham_FTI_BM_MP/619241_177_2022-02-15.jpeg,1,1,0,1
/home/ajeet/codework/datasets/Training_Validation_Dataset_2024_Ajeet-20241107T105545Z-001/Training_Validation_Dataset_2024_Ajeet/FTI_BM_MP_2022/Shubham_FTI_BM_MP/622239_30_2022-02-16.jpeg,1,1,0,0
/home/ajeet/codework/datasets/Training_Validation_Dataset_2024_Ajeet-20241107T105545Z-001/Training_Validation_Dataset_2024_Ajeet/FTI_BM_MP_2022/Shubham_FTI_BM_MP/615064_0_2022-02-12.jpeg,1,1,0,1
/home/ajeet/codework/datasets/Training_Validation_Dataset_2024_Ajeet-20241107T105545Z-001/Training_Validation_Dataset_2024_Ajeet/FTI_BM_MP_2022/Shubham_FTI_BM_MP/624180_38_2022-02-18.jpeg,1,1,0,0
/home/ajeet/codework/datasets/Training_Validation_Dataset_2024_Ajeet-20241107T105545Z-001/Training_Validation_Dataset_2024_Ajeet/FTI_BM_MP_2022/Shubham_FTI_BM_MP/594129_116_2022-02-02.jpeg,1,1,0,0
/home/ajeet/codework/datasets/Training_Validation_Dataset_2024_Ajeet-20241107T105545Z-001/Training_Validation_Dataset_2024_Ajeet/FTI_BM_MP_2022/Shubham_FTI_BM_MP/628387_137_2022-02-21.jpeg,1,1,0,0
/home/ajeet/codework/datasets/Training_Validation_Dataset_2024_Ajeet-20241107T105545Z-001/Training_Validation_Dataset_2024_Ajeet/FTI_BM_MP_2022/Shubham_FTI_BM_MP/618917_85_2022-02-15.jpeg,1,1,0,0
/home/ajeet/codework/datasets/Training_Validation_Dataset_2024_Ajeet-20241107T105545Z-001/Training_Validation_Dataset_2024_Ajeet/FTI_BM_MP_2022/Shubham_FTI_BM_MP/614389_23_2022-02-11.jpeg,1,1,0,0
/home/ajeet/codework/datasets/Training_Validation_Dataset_2024_Ajeet-20241107T105545Z-001/Training_Validation_Dataset_2024_Ajeet/FTI_BM_MP_2022/Shubham_FTI_BM_MP/613559_135_2022-02-11.jpeg,1,1,0,1
/home/ajeet/codework/datasets/Training_Validation_Dataset_2024_Ajeet-20241107T105545Z-001/Training_Validation_Dataset_2024_Ajeet/FTI_BM_MP_2022/Shubham_FTI_BM_MP/598076_54_2022-02-03.jpeg,1,1,0,1
/home/ajeet/codework/datasets/Training_Validation_Dataset_2024_Ajeet-20241107T105545Z-001/Training_Validation_Dataset_2024_Ajeet/FTI_BM_MP_2022/Shubham_FTI_BM_MP/618722_112_2022-02-15.jpeg,1,1,0,1
/home/ajeet/codework/datasets/Training_Validation_Dataset_2024_Ajeet-20241107T105545Z-001/Training_Validation_Dataset_2024_Ajeet/FTI_BM_MP_2022/Shubham_FTI_BM_MP/617438_118_2022-02-14.jpeg,1,1,0,1
/home/ajeet/codework/datasets/Training_Validation_Dataset_2024_Ajeet-20241107T105545Z-001/Training_Validation_Dataset_2024_Ajeet/FTI_BM_MP_2022/Shubham_FTI_BM_MP/623426_101_2022-02-17.jpeg,1,1,0,0
/home/ajeet/codework/datasets/Training_Validation_Dataset_2024_Ajeet-20241107T105545Z-001/Training_Validation_Dataset_2024_Ajeet/FTI_BM_MP_2022/Shubham_FTI_BM_MP/599243_87_2022-02-03.jpeg,1,1,0,0
/home/ajeet/codework/datasets/Training_Validation_Dataset_2024_Ajeet-20241107T105545Z-001/Training_Validation_Dataset_2024_Ajeet/FTI_BM_MP_2022/Shubham_FTI_BM_MP/626409_171_2022-02-19.jpeg,1,1,0,1
/home/ajeet/codework/datasets/Training_Validation_Dataset_2024_Ajeet-20241107T105545Z-001/Training_Validation_Dataset_2024_Ajeet/FTI_BM_MP_2022/Shubham_FTI_BM_MP/593131_121_2022-02-01.jpeg,1,1,0,0
/home/ajeet/codework/datasets/Training_Validation_Dataset_2024_Ajeet-20241107T105545Z-001/Training_Validation_Dataset_2024_Ajeet/FTI_BM_MP_2022/Shubham_FTI_BM_MP/623836_122_2022-02-17.jpeg,1,1,0,1
/home/ajeet/codework/datasets/Training_Validation_Dataset_2024_Ajeet-20241107T105545Z-001/Training_Validation_Dataset_2024_Ajeet/FTI_BM_MP_2022/Shubham_FTI_BM_MP/601330_156_2022-02-04.jpeg,1,1,0,0
/home/ajeet/codework/datasets/Training_Validation_Dataset_2024_Ajeet-20241107T105545Z-001/Training_Validation_Dataset_2024_Ajeet/FTI_BM_MP_2022/Shubham_FTI_BM_MP/604482_64_2022-02-07.jpeg,1,1,0,0
/home/ajeet/codework/datasets/Training_Validation_Dataset_2024_Ajeet-20241107T105545Z-001/Training_Validation_Dataset_2024_Ajeet/FTI_BM_MP_2022/Shubham_FTI_BM_MP/615606_116_2022-02-13.jpeg,1,1,0,1
/home/ajeet/codework/datasets/Training_Validation_Dataset_2024_Ajeet-20241107T105545Z-001/Training_Validation_Dataset_2024_Ajeet/FTI_BM_MP_2022/Shubham_FTI_BM_MP/596463_33_2022-02-03.jpeg,1,1,0,0
/home/ajeet/codework/datasets/Training_Validation_Dataset_2024_Ajeet-20241107T105545Z-001/Training_Validation_Dataset_2024_Ajeet/FTI_BM_MP_2022/Shubham_FTI_BM_MP/596669_15_2022-02-02.jpeg,1,1,0,0
/home/ajeet/codework/datasets/Training_Validation_Dataset_2024_Ajeet-20241107T105545Z-001/Training_Validation_Dataset_2024_Ajeet/FTI_BM_MP_2022/Shubham_FTI_BM_MP/610492_13_2022-02-10.jpeg,1,1,0,0
/home/ajeet/codework/datasets/Training_Validation_Dataset_2024_Ajeet-20241107T105545Z-001/Training_Validation_Dataset_2024_Ajeet/FTI_BM_MP_2022/Shubham_FTI_BM_MP/627730_31_2022-02-21.jpeg,1,1,0,0
/home/ajeet/codework/datasets/Training_Validation_Dataset_2024_Ajeet-20241107T105545Z-001/Training_Validation_Dataset_2024_Ajeet/FTI_BM_MP_2022/Shubham_FTI_BM_MP/608906_200_2022-02-09.jpeg,1,1,0,0
/home/ajeet/codework/datasets/Training_Validation_Dataset_2024_Ajeet-20241107T105545Z-001/Training_Validation_Dataset_2024_Ajeet/FTI_BM_MP_2022/Shubham_FTI_BM_MP/611483_189_2022-02-10.jpeg,1,1,0,0
/home/ajeet/codework/datasets/Training_Validation_Dataset_2024_Ajeet-20241107T105545Z-001/Training_Validation_Dataset_2024_Ajeet/FTI_BM_MP_2022/Shubham_FTI_BM_MP/600790_142_2022-02-04.jpeg,1,1,0,0
/home/ajeet/codework/datasets/Training_Validation_Dataset_2024_Ajeet-20241107T105545Z-001/Training_Validation_Dataset_2024_Ajeet/FTI_BM_MP_2022/Shubham_FTI_BM_MP/597944_36_2022-02-03.jpeg,1,1,0,1
/home/ajeet/codework/datasets/Training_Validation_Dataset_2024_Ajeet-20241107T105545Z-001/Training_Validation_Dataset_2024_Ajeet/FTI_BM_MP_2022/Shubham_FTI_BM_MP/601066_155_2022-02-04.jpeg,1,1,0,1
/home/ajeet/codework/datasets/Training_Validation_Dataset_2024_Ajeet-20241107T105545Z-001/Training_Validation_Dataset_2024_Ajeet/FTI_BM_MP_2022/Shubham_FTI_BM_MP/607921_40_2022-02-08.jpeg,1,1,0,1
/home/ajeet/codework/datasets/Training_Validation_Dataset_2024_Ajeet-20241107T105545Z-001/Training_Validation_Dataset_2024_Ajeet/FTI_BM_MP_2022/Shubham_FTI_BM_MP/617306_179_2022-02-14.jpeg,1,1,0,0
/home/ajeet/codework/datasets/Training_Validation_Dataset_2024_Ajeet-20241107T105545Z-001/Training_Validation_Dataset_2024_Ajeet/FTI_BM_MP_2022/Shubham_FTI_BM_MP/613418_78_2022-02-11.jpeg,1,1,0,0
/home/ajeet/codework/datasets/Training_Validation_Dataset_2024_Ajeet-20241107T105545Z-001/Training_Validation_Dataset_2024_Ajeet/FTI_BM_MP_2022/Shubham_FTI_BM_MP/614148_58_2022-02-11.jpeg,1,1,0,0
/home/ajeet/codework/datasets/Training_Validation_Dataset_2024_Ajeet-20241107T105545Z-001/Training_Validation_Dataset_2024_Ajeet/FTI_BM_MP_2022/Shubham_FTI_BM_MP/615802_102_2022-02-13.jpeg,1,1,0,0
/home/ajeet/codework/datasets/Training_Validation_Dataset_2024_Ajeet-20241107T105545Z-001/Training_Validation_Dataset_2024_Ajeet/FTI_BM_MP_2022/Shubham_FTI_BM_MP/593141_164_2022-02-01.jpeg,1,1,0,0
/home/ajeet/codework/datasets/Training_Validation_Dataset_2024_Ajeet-20241107T105545Z-001/Training_Validation_Dataset_2024_Ajeet/FTI_BM_MP_2022/Shubham_FTI_BM_MP/623588_129_2022-02-17.jpeg,1,1,0,0
/home/ajeet/codework/datasets/Training_Validation_Dataset_2024_Ajeet-20241107T105545Z-001/Training_Validation_Dataset_2024_Ajeet/FTI_BM_MP_2022/Shubham_FTI_BM_MP/628065_169_2022-02-21.jpeg,1,1,0,0
/home/ajeet/codework/datasets/Training_Validation_Dataset_2024_Ajeet-20241107T105545Z-001/Training_Validation_Dataset_2024_Ajeet/FTI_BM_MP_2022/Shubham_FTI_BM_MP/617685_58_2022-02-14.jpeg,1,1,0,1
/home/ajeet/codework/datasets/Training_Validation_Dataset_2024_Ajeet-20241107T105545Z-001/Training_Validation_Dataset_2024_Ajeet/FTI_BM_MP_2022/Shubham_FTI_BM_MP/613424_13_2022-02-11.jpeg,1,1,0,1
/home/ajeet/codework/datasets/Training_Validation_Dataset_2024_Ajeet-20241107T105545Z-001/Training_Validation_Dataset_2024_Ajeet/FTI_BM_MP_2022/Shubham_FTI_BM_MP/606654_177_2022-02-08.jpeg,1,1,0,1
/home/ajeet/codework/datasets/Training_Validation_Dataset_2024_Ajeet-20241107T105545Z-001/Training_Validation_Dataset_2024_Ajeet/FTI_BM_MP_2022/Shubham_FTI_BM_MP/592810_87_2022-02-01.jpeg,1,1,0,1
/home/ajeet/codework/datasets/Training_Validation_Dataset_2024_Ajeet-20241107T105545Z-001/Training_Validation_Dataset_2024_Ajeet/FTI_BM_MP_2022/Shubham_FTI_BM_MP/611472_109_2022-02-10.jpeg,1,1,0,0
/home/ajeet/codework/datasets/Training_Validation_Dataset_2024_Ajeet-20241107T105545Z-001/Training_Validation_Dataset_2024_Ajeet/FTI_BM_MP_2022/Shubham_FTI_BM_MP/618973_133_2022-02-16.jpeg,1,1,0,0
/home/ajeet/codework/datasets/Training_Validation_Dataset_2024_Ajeet-20241107T105545Z-001/Training_Validation_Dataset_2024_Ajeet/FTI_BM_MP_2022/Shubham_FTI_BM_MP/611144_104_2022-02-10.jpeg,1,1,0,0
/home/ajeet/codework/datasets/Training_Validation_Dataset_2024_Ajeet-20241107T105545Z-001/Training_Validation_Dataset_2024_Ajeet/FTI_BM_MP_2022/Shubham_FTI_BM_MP/611215_152_2022-02-10.jpeg,1,1,0,0
/home/ajeet/codework/datasets/Training_Validation_Dataset_2024_Ajeet-20241107T105545Z-001/Training_Validation_Dataset_2024_Ajeet/FTI_BM_MP_2022/Shubham_FTI_BM_MP/603941_171_2022-02-07.jpeg,1,1,0,0
/home/ajeet/codework/datasets/Training_Validation_Dataset_2024_Ajeet-20241107T105545Z-001/Training_Validation_Dataset_2024_Ajeet/FTI_BM_MP_2022/Shubham_FTI_BM_MP/612073_104_2022-02-10.jpeg,1,1,0,0
/home/ajeet/codework/datasets/Training_Validation_Dataset_2024_Ajeet-20241107T105545Z-001/Training_Validation_Dataset_2024_Ajeet/FTI_BM_MP_2022/Shubham_FTI_BM_MP/618618_122_2022-02-15.jpeg,1,1,0,1
/home/ajeet/codework/datasets/Training_Validation_Dataset_2024_Ajeet-20241107T105545Z-001/Training_Validation_Dataset_2024_Ajeet/FTI_BM_MP_2022/Shubham_FTI_BM_MP/592672_1_2022-02-01.jpeg,1,1,0,1
/home/ajeet/codework/datasets/Training_Validation_Dataset_2024_Ajeet-20241107T105545Z-001/Training_Validation_Dataset_2024_Ajeet/FTI_BM_MP_2022/Shubham_FTI_BM_MP/601604_57_2022-02-04.jpeg,1,1,0,0
/home/ajeet/codework/datasets/Training_Validation_Dataset_2024_Ajeet-20241107T105545Z-001/Training_Validation_Dataset_2024_Ajeet/FTI_BM_MP_2022/Shubham_FTI_BM_MP/613451_129_2022-02-11.jpeg,1,1,0,0
/home/ajeet/codework/datasets/Training_Validation_Dataset_2024_Ajeet-20241107T105545Z-001/Training_Validation_Dataset_2024_Ajeet/FTI_BM_MP_2022/Shubham_FTI_BM_MP/604408_101_2022-02-07.jpeg,1,1,0,0
/home/ajeet/codework/datasets/Training_Validation_Dataset_2024_Ajeet-20241107T105545Z-001/Training_Validation_Dataset_2024_Ajeet/FTI_BM_MP_2022/Shubham_FTI_BM_MP/601301_166_2022-02-04.jpeg,1,1,1,0
/home/ajeet/codework/datasets/Training_Validation_Dataset_2024_Ajeet-20241107T105545Z-001/Training_Validation_Dataset_2024_Ajeet/FTI_BM_MP_2022/Shubham_FTI_BM_MP/608890_190_2022-02-09.jpeg,1,1,0,1
/home/ajeet/codework/datasets/Training_Validation_Dataset_2024_Ajeet-20241107T105545Z-001/Training_Validation_Dataset_2024_Ajeet/FTI_BM_MP_2022/Shubham_FTI_BM_MP/601820_0_2022-02-05.jpeg,1,1,0,0
/home/ajeet/codework/datasets/Training_Validation_Dataset_2024_Ajeet-20241107T105545Z-001/Training_Validation_Dataset_2024_Ajeet/FTI_BM_MP_2022/Shubham_FTI_BM_MP/592810_151_2022-02-01.jpeg,1,1,0,0
/home/ajeet/codework/datasets/Training_Validation_Dataset_2024_Ajeet-20241107T105545Z-001/Training_Validation_Dataset_2024_Ajeet/FTI_BM_MP_2022/Shubham_FTI_BM_MP/592761_91_2022-02-01.jpeg,1,1,0,0
/home/ajeet/codework/datasets/Training_Validation_Dataset_2024_Ajeet-20241107T105545Z-001/Training_Validation_Dataset_2024_Ajeet/FTI_BM_MP_2022/Shubham_FTI_BM_MP/626156_33_2022-02-18.jpeg,1,1,0,0
/home/ajeet/codework/datasets/Training_Validation_Dataset_2024_Ajeet-20241107T105545Z-001/Training_Validation_Dataset_2024_Ajeet/FTI_BM_MP_2022/Shubham_FTI_BM_MP/601575_89_2022-02-04.jpeg,1,1,0,1
/home/ajeet/codework/datasets/Training_Validation_Dataset_2024_Ajeet-20241107T105545Z-001/Training_Validation_Dataset_2024_Ajeet/FTI_BM_MP_2022/Shubham_FTI_BM_MP/600890_24_2022-02-04.jpeg,1,1,0,1
/home/ajeet/codework/datasets/Training_Validation_Dataset_2024_Ajeet-20241107T105545Z-001/Training_Validation_Dataset_2024_Ajeet/FTI_BM_MP_2022/Shubham_FTI_BM_MP/616422_198_2022-02-14.jpeg,1,1,0,0
/home/ajeet/codework/datasets/Training_Validation_Dataset_2024_Ajeet-20241107T105545Z-001/Training_Validation_Dataset_2024_Ajeet/FTI_BM_MP_2022/Shubham_FTI_BM_MP/611472_186_2022-02-10.jpeg,1,1,0,0
/home/ajeet/codework/datasets/Training_Validation_Dataset_2024_Ajeet-20241107T105545Z-001/Training_Validation_Dataset_2024_Ajeet/FTI_BM_MP_2022/Shubham_FTI_BM_MP/601301_53_2022-02-05.jpeg,1,1,0,0
/home/ajeet/codework/datasets/Training_Validation_Dataset_2024_Ajeet-20241107T105545Z-001/Training_Validation_Dataset_2024_Ajeet/FTI_BM_MP_2022/Shubham_FTI_BM_MP/625111_56_2022-02-18.jpeg,1,1,0,0
/home/ajeet/codework/datasets/Training_Validation_Dataset_2024_Ajeet-20241107T105545Z-001/Training_Validation_Dataset_2024_Ajeet/FTI_BM_MP_2022/Shubham_FTI_BM_MP/615064_66_2022-02-12.jpeg,1,1,0,0
/home/ajeet/codework/datasets/Training_Validation_Dataset_2024_Ajeet-20241107T105545Z-001/Training_Validation_Dataset_2024_Ajeet/FTI_BM_MP_2022/Shubham_FTI_BM_MP/602660_93_2022-02-05.jpeg,1,1,0,0
/home/ajeet/codework/datasets/Training_Validation_Dataset_2024_Ajeet-20241107T105545Z-001/Training_Validation_Dataset_2024_Ajeet/FTI_BM_MP_2022/Shubham_FTI_BM_MP/621029_35_2022-02-17.jpeg,1,1,0,1
/home/ajeet/codework/datasets/Training_Validation_Dataset_2024_Ajeet-20241107T105545Z-001/Training_Validation_Dataset_2024_Ajeet/FTI_BM_MP_2022/Shubham_FTI_BM_MP/628093_151_2022-02-22.jpeg,1,1,0,0
/home/ajeet/codework/datasets/Training_Validation_Dataset_2024_Ajeet-20241107T105545Z-001/Training_Validation_Dataset_2024_Ajeet/FTI_BM_MP_2022/Shubham_FTI_BM_MP/626742_23_2022-02-19.jpeg,1,1,0,0
/home/ajeet/codework/datasets/Training_Validation_Dataset_2024_Ajeet-20241107T105545Z-001/Training_Validation_Dataset_2024_Ajeet/FTI_BM_MP_2022/Shubham_FTI_BM_MP/613353_129_2022-02-11.jpeg,1,1,1,1
/home/ajeet/codework/datasets/Training_Validation_Dataset_2024_Ajeet-20241107T105545Z-001/Training_Validation_Dataset_2024_Ajeet/FTI_BM_MP_2022/Shubham_FTI_BM_MP/604857_135_2022-02-08.jpeg,1,1,0,0
/home/ajeet/codework/datasets/Training_Validation_Dataset_2024_Ajeet-20241107T105545Z-001/Training_Validation_Dataset_2024_Ajeet/FTI_BM_MP_2022/Shubham_FTI_BM_MP/609490_167_2022-02-10.jpeg,1,1,0,0
/home/ajeet/codework/datasets/Training_Validation_Dataset_2024_Ajeet-20241107T105545Z-001/Training_Validation_Dataset_2024_Ajeet/FTI_BM_MP_2022/Shubham_FTI_BM_MP/624180_62_2022-02-17.jpeg,1,1,0,1
/home/ajeet/codework/datasets/Training_Validation_Dataset_2024_Ajeet-20241107T105545Z-001/Training_Validation_Dataset_2024_Ajeet/FTI_BM_MP_2022/Shubham_FTI_BM_MP/614118_150_2022-02-11.jpeg,1,1,0,0
/home/ajeet/codework/datasets/Training_Validation_Dataset_2024_Ajeet-20241107T105545Z-001/Training_Validation_Dataset_2024_Ajeet/FTI_BM_MP_2022/Shubham_FTI_BM_MP/592672_87_2022-02-01.jpeg,1,1,0,0
/home/ajeet/codework/datasets/Training_Validation_Dataset_2024_Ajeet-20241107T105545Z-001/Training_Validation_Dataset_2024_Ajeet/FTI_BM_MP_2022/Shubham_FTI_BM_MP/625803_37_2022-02-18.jpeg,1,1,0,1
/home/ajeet/codework/datasets/Training_Validation_Dataset_2024_Ajeet-20241107T105545Z-001/Training_Validation_Dataset_2024_Ajeet/FTI_BM_MP_2022/Shubham_FTI_BM_MP/598076_178_2022-02-03.jpeg,1,1,0,0
/home/ajeet/codework/datasets/Training_Validation_Dataset_2024_Ajeet-20241107T105545Z-001/Training_Validation_Dataset_2024_Ajeet/FTI_BM_MP_2022/Shubham_FTI_BM_MP/628050_57_2022-02-21.jpeg,1,1,0,0
/home/ajeet/codework/datasets/Training_Validation_Dataset_2024_Ajeet-20241107T105545Z-001/Training_Validation_Dataset_2024_Ajeet/FTI_BM_MP_2022/Shubham_FTI_BM_MP/613531_182_2022-02-11.jpeg,1,1,0,0
/home/ajeet/codework/datasets/Training_Validation_Dataset_2024_Ajeet-20241107T105545Z-001/Training_Validation_Dataset_2024_Ajeet/FTI_BM_MP_2022/Shubham_FTI_BM_MP/625683_176_2022-02-18.jpeg,1,1,0,0
/home/ajeet/codework/datasets/Training_Validation_Dataset_2024_Ajeet-20241107T105545Z-001/Training_Validation_Dataset_2024_Ajeet/FTI_BM_MP_2022/Shubham_FTI_BM_MP/609490_163_2022-02-09.jpeg,1,1,0,0
/home/ajeet/codework/datasets/Training_Validation_Dataset_2024_Ajeet-20241107T105545Z-001/Training_Validation_Dataset_2024_Ajeet/FTI_BM_MP_2022/Shubham_FTI_BM_MP/621183_146_2022-02-16.jpeg,1,1,0,1
/home/ajeet/codework/datasets/Training_Validation_Dataset_2024_Ajeet-20241107T105545Z-001/Training_Validation_Dataset_2024_Ajeet/FTI_BM_MP_2022/Shubham_FTI_BM_MP/611284_29_2022-02-10.jpeg,1,1,0,1
/home/ajeet/codework/datasets/Training_Validation_Dataset_2024_Ajeet-20241107T105545Z-001/Training_Validation_Dataset_2024_Ajeet/FTI_BM_MP_2022/Shubham_FTI_BM_MP/618618_24_2022-02-15.jpeg,1,1,0,1
/home/ajeet/codework/datasets/Training_Validation_Dataset_2024_Ajeet-20241107T105545Z-001/Training_Validation_Dataset_2024_Ajeet/FTI_BM_MP_2022/Shubham_FTI_BM_MP/601066_71_2022-02-04.jpeg,1,1,0,1
/home/ajeet/codework/datasets/Training_Validation_Dataset_2024_Ajeet-20241107T105545Z-001/Training_Validation_Dataset_2024_Ajeet/FTI_BM_MP_2022/Shubham_FTI_BM_MP/625354_75_2022-02-18.jpeg,1,1,0,0
/home/ajeet/codework/datasets/Training_Validation_Dataset_2024_Ajeet-20241107T105545Z-001/Training_Validation_Dataset_2024_Ajeet/FTI_BM_MP_2022/Shubham_FTI_BM_MP/609490_48_2022-02-09.jpeg,1,1,0,1
/home/ajeet/codework/datasets/Training_Validation_Dataset_2024_Ajeet-20241107T105545Z-001/Training_Validation_Dataset_2024_Ajeet/FTI_BM_MP_2022/Shubham_FTI_BM_MP/624180_98_2022-02-17.jpeg,1,1,0,0
/home/ajeet/codework/datasets/Training_Validation_Dataset_2024_Ajeet-20241107T105545Z-001/Training_Validation_Dataset_2024_Ajeet/FTI_BM_MP_2022/Shubham_FTI_BM_MP/592449_71_2022-02-01.jpeg,1,1,0,1
/home/ajeet/codework/datasets/Training_Validation_Dataset_2024_Ajeet-20241107T105545Z-001/Training_Validation_Dataset_2024_Ajeet/FTI_BM_MP_2022/Shubham_FTI_BM_MP/625907_64_2022-02-18.jpeg,1,1,0,0
/home/ajeet/codework/datasets/Training_Validation_Dataset_2024_Ajeet-20241107T105545Z-001/Training_Validation_Dataset_2024_Ajeet/FTI_BM_MP_2022/Shubham_FTI_BM_MP/623633_38_2022-02-18.jpeg,1,1,0,0
/home/ajeet/codework/datasets/Training_Validation_Dataset_2024_Ajeet-20241107T105545Z-001/Training_Validation_Dataset_2024_Ajeet/FTI_BM_MP_2022/Shubham_FTI_BM_MP/599243_11_2022-02-03.jpeg,1,1,0,0
/home/ajeet/codework/datasets/Training_Validation_Dataset_2024_Ajeet-20241107T105545Z-001/Training_Validation_Dataset_2024_Ajeet/FTI_BM_MP_2022/Shubham_FTI_BM_MP/628192_122_2022-02-22.jpeg,1,1,0,0
/home/ajeet/codework/datasets/Training_Validation_Dataset_2024_Ajeet-20241107T105545Z-001/Training_Validation_Dataset_2024_Ajeet/FTI_BM_MP_2022/Shubham_FTI_BM_MP/608827_101_2022-02-09.jpeg,1,1,0,0
/home/ajeet/codework/datasets/Training_Validation_Dataset_2024_Ajeet-20241107T105545Z-001/Training_Validation_Dataset_2024_Ajeet/FTI_BM_MP_2022/Shubham_FTI_BM_MP/606895_117_2022-02-08.jpeg,1,1,0,0
/home/ajeet/codework/datasets/Training_Validation_Dataset_2024_Ajeet-20241107T105545Z-001/Training_Validation_Dataset_2024_Ajeet/FTI_BM_MP_2022/Shubham_FTI_BM_MP/615064_14_2022-02-12.jpeg,1,1,0,1
/home/ajeet/codework/datasets/Training_Validation_Dataset_2024_Ajeet-20241107T105545Z-001/Training_Validation_Dataset_2024_Ajeet/FTI_BM_MP_2022/Shubham_FTI_BM_MP/627578_7_2022-02-21.jpeg,1,1,0,1
/home/ajeet/codework/datasets/Training_Validation_Dataset_2024_Ajeet-20241107T105545Z-001/Training_Validation_Dataset_2024_Ajeet/FTI_BM_MP_2022/Shubham_FTI_BM_MP/612073_192_2022-02-10.jpeg,1,1,0,1
/home/ajeet/codework/datasets/Training_Validation_Dataset_2024_Ajeet-20241107T105545Z-001/Training_Validation_Dataset_2024_Ajeet/FTI_BM_MP_2022/Shubham_FTI_BM_MP/607897_185_2022-02-10.jpeg,1,1,0,0
/home/ajeet/codework/datasets/Training_Validation_Dataset_2024_Ajeet-20241107T105545Z-001/Training_Validation_Dataset_2024_Ajeet/FTI_BM_MP_2022/Shubham_FTI_BM_MP/611426_71_2022-02-10.jpeg,1,1,0,0
/home/ajeet/codework/datasets/Training_Validation_Dataset_2024_Ajeet-20241107T105545Z-001/Training_Validation_Dataset_2024_Ajeet/FTI_BM_MP_2022/Shubham_FTI_BM_MP/593446_191_2022-02-01.jpeg,1,1,0,0
/home/ajeet/codework/datasets/Training_Validation_Dataset_2024_Ajeet-20241107T105545Z-001/Training_Validation_Dataset_2024_Ajeet/FTI_BM_MP_2022/Shubham_FTI_BM_MP/592600_190_2022-02-01.jpeg,1,1,0,0
/home/ajeet/codework/datasets/Training_Validation_Dataset_2024_Ajeet-20241107T105545Z-001/Training_Validation_Dataset_2024_Ajeet/FTI_BM_MP_2022/Shubham_FTI_BM_MP/595473_93_2022-02-02.jpeg,1,1,0,0
/home/ajeet/codework/datasets/Training_Validation_Dataset_2024_Ajeet-20241107T105545Z-001/Training_Validation_Dataset_2024_Ajeet/FTI_BM_MP_2022/Shubham_FTI_BM_MP/594185_184_2022-02-02.jpeg,1,1,0,0
/home/ajeet/codework/datasets/Training_Validation_Dataset_2024_Ajeet-20241107T105545Z-001/Training_Validation_Dataset_2024_Ajeet/FTI_BM_MP_2022/Shubham_FTI_BM_MP/603941_159_2022-02-07.jpeg,1,1,0,0
/home/ajeet/codework/datasets/Training_Validation_Dataset_2024_Ajeet-20241107T105545Z-001/Training_Validation_Dataset_2024_Ajeet/FTI_BM_MP_2022/Shubham_FTI_BM_MP/605289_71_2022-02-07.jpeg,1,1,0,0
/home/ajeet/codework/datasets/Training_Validation_Dataset_2024_Ajeet-20241107T105545Z-001/Training_Validation_Dataset_2024_Ajeet/FTI_BM_MP_2022/Shubham_FTI_BM_MP/602704_109_2022-02-05.jpeg,1,1,0,0
/home/ajeet/codework/datasets/Training_Validation_Dataset_2024_Ajeet-20241107T105545Z-001/Training_Validation_Dataset_2024_Ajeet/FTI_BM_MP_2022/Shubham_FTI_BM_MP/606784_101_2022-02-08.jpeg,1,1,0,0
/home/ajeet/codework/datasets/Training_Validation_Dataset_2024_Ajeet-20241107T105545Z-001/Training_Validation_Dataset_2024_Ajeet/FTI_BM_MP_2022/Shubham_FTI_BM_MP/621098_160_2022-02-16.jpeg,1,1,0,1
/home/ajeet/codework/datasets/Training_Validation_Dataset_2024_Ajeet-20241107T105545Z-001/Training_Validation_Dataset_2024_Ajeet/FTI_BM_MP_2022/Shubham_FTI_BM_MP/608890_91_2022-02-09.jpeg,1,1,0,0
/home/ajeet/codework/datasets/Training_Validation_Dataset_2024_Ajeet-20241107T105545Z-001/Training_Validation_Dataset_2024_Ajeet/FTI_BM_MP_2022/Shubham_FTI_BM_MP/595439_189_2022-02-02.jpeg,1,1,0,1
/home/ajeet/codework/datasets/Training_Validation_Dataset_2024_Ajeet-20241107T105545Z-001/Training_Validation_Dataset_2024_Ajeet/FTI_BM_MP_2022/Shubham_FTI_BM_MP/602708_59_2022-02-05.jpeg,1,1,0,0
/home/ajeet/codework/datasets/Training_Validation_Dataset_2024_Ajeet-20241107T105545Z-001/Training_Validation_Dataset_2024_Ajeet/FTI_BM_MP_2022/Shubham_FTI_BM_MP/607424_138_2022-02-08.jpeg,1,1,0,0
/home/ajeet/codework/datasets/Training_Validation_Dataset_2024_Ajeet-20241107T105545Z-001/Training_Validation_Dataset_2024_Ajeet/FTI_BM_MP_2022/Shubham_FTI_BM_MP/608746_165_2022-02-09.jpeg,1,1,0,1
/home/ajeet/codework/datasets/Training_Validation_Dataset_2024_Ajeet-20241107T105545Z-001/Training_Validation_Dataset_2024_Ajeet/FTI_BM_MP_2022/Shubham_FTI_BM_MP/619241_6_2022-02-15.jpeg,1,1,0,0
/home/ajeet/codework/datasets/Training_Validation_Dataset_2024_Ajeet-20241107T105545Z-001/Training_Validation_Dataset_2024_Ajeet/FTI_BM_MP_2022/Shubham_FTI_BM_MP/604225_116_2022-02-07.jpeg,1,1,0,1
/home/ajeet/codework/datasets/Training_Validation_Dataset_2024_Ajeet-20241107T105545Z-001/Training_Validation_Dataset_2024_Ajeet/FTI_BM_MP_2022/Shubham_FTI_BM_MP/628192_72_2022-02-21.jpeg,1,1,0,1
/home/ajeet/codework/datasets/Training_Validation_Dataset_2024_Ajeet-20241107T105545Z-001/Training_Validation_Dataset_2024_Ajeet/FTI_BM_MP_2022/Shubham_FTI_BM_MP/602578_27_2022-02-05.jpeg,1,1,0,0
/home/ajeet/codework/datasets/Training_Validation_Dataset_2024_Ajeet-20241107T105545Z-001/Training_Validation_Dataset_2024_Ajeet/FTI_BM_MP_2022/Shubham_FTI_BM_MP/609038_199_2022-02-09.jpeg,1,1,0,0
/home/ajeet/codework/datasets/Training_Validation_Dataset_2024_Ajeet-20241107T105545Z-001/Training_Validation_Dataset_2024_Ajeet/FTI_BM_MP_2022/Shubham_FTI_BM_MP/620748_61_2022-02-16.jpeg,1,1,0,0
/home/ajeet/codework/datasets/Training_Validation_Dataset_2024_Ajeet-20241107T105545Z-001/Training_Validation_Dataset_2024_Ajeet/FTI_BM_MP_2022/Shubham_FTI_BM_MP/602458_160_2022-02-07.jpeg,1,1,0,0
/home/ajeet/codework/datasets/Training_Validation_Dataset_2024_Ajeet-20241107T105545Z-001/Training_Validation_Dataset_2024_Ajeet/FTI_BM_MP_2022/Shubham_FTI_BM_MP/610465_19_2022-02-10.jpeg,1,1,0,0
/home/ajeet/codework/datasets/Training_Validation_Dataset_2024_Ajeet-20241107T105545Z-001/Training_Validation_Dataset_2024_Ajeet/FTI_BM_MP_2022/Shubham_FTI_BM_MP/600750_54_2022-02-04.jpeg,1,1,0,0
/home/ajeet/codework/datasets/Training_Validation_Dataset_2024_Ajeet-20241107T105545Z-001/Training_Validation_Dataset_2024_Ajeet/FTI_BM_MP_2022/Shubham_FTI_BM_MP/617306_144_2022-02-14.jpeg,1,1,0,0
/home/ajeet/codework/datasets/Training_Validation_Dataset_2024_Ajeet-20241107T105545Z-001/Training_Validation_Dataset_2024_Ajeet/FTI_BM_MP_2022/Shubham_FTI_BM_MP/618722_40_2022-02-15.jpeg,1,1,0,0
/home/ajeet/codework/datasets/Training_Validation_Dataset_2024_Ajeet-20241107T105545Z-001/Training_Validation_Dataset_2024_Ajeet/FTI_BM_MP_2022/Shubham_FTI_BM_MP/605289_140_2022-02-07.jpeg,1,1,0,0
/home/ajeet/codework/datasets/Training_Validation_Dataset_2024_Ajeet-20241107T105545Z-001/Training_Validation_Dataset_2024_Ajeet/FTI_BM_MP_2022/Shubham_FTI_BM_MP/594227_200_2022-02-02.jpeg,1,1,0,1
/home/ajeet/codework/datasets/Training_Validation_Dataset_2024_Ajeet-20241107T105545Z-001/Training_Validation_Dataset_2024_Ajeet/FTI_BM_MP_2022/Shubham_FTI_BM_MP/612090_20_2022-02-10.jpeg,1,1,0,0
/home/ajeet/codework/datasets/Training_Validation_Dataset_2024_Ajeet-20241107T105545Z-001/Training_Validation_Dataset_2024_Ajeet/FTI_BM_MP_2022/Shubham_FTI_BM_MP/627691_120_2022-02-21.jpeg,1,1,0,0
/home/ajeet/codework/datasets/Training_Validation_Dataset_2024_Ajeet-20241107T105545Z-001/Training_Validation_Dataset_2024_Ajeet/FTI_BM_MP_2022/Shubham_FTI_BM_MP/616553_175_2022-02-14.jpeg,1,1,0,0
/home/ajeet/codework/datasets/Training_Validation_Dataset_2024_Ajeet-20241107T105545Z-001/Training_Validation_Dataset_2024_Ajeet/FTI_BM_MP_2022/Shubham_FTI_BM_MP/592600_156_2022-02-01.jpeg,1,1,0,1
/home/ajeet/codework/datasets/Training_Validation_Dataset_2024_Ajeet-20241107T105545Z-001/Training_Validation_Dataset_2024_Ajeet/FTI_BM_MP_2022/Shubham_FTI_BM_MP/612073_194_2022-02-10.jpeg,1,1,0,1
/home/ajeet/codework/datasets/Training_Validation_Dataset_2024_Ajeet-20241107T105545Z-001/Training_Validation_Dataset_2024_Ajeet/FTI_BM_MP_2022/Shubham_FTI_BM_MP/603031_170_2022-02-06.jpeg,1,1,0,0
/home/ajeet/codework/datasets/Training_Validation_Dataset_2024_Ajeet-20241107T105545Z-001/Training_Validation_Dataset_2024_Ajeet/FTI_BM_MP_2022/Shubham_FTI_BM_MP/623426_198_2022-02-17.jpeg,1,1,0,0
/home/ajeet/codework/datasets/Training_Validation_Dataset_2024_Ajeet-20241107T105545Z-001/Training_Validation_Dataset_2024_Ajeet/FTI_BM_MP_2022/Shubham_FTI_BM_MP/597733_138_2022-02-03.jpeg,1,1,0,0
/home/ajeet/codework/datasets/Training_Validation_Dataset_2024_Ajeet-20241107T105545Z-001/Training_Validation_Dataset_2024_Ajeet/FTI_BM_MP_2022/Shubham_FTI_BM_MP/611472_23_2022-02-10.jpeg,1,1,0,0
/home/ajeet/codework/datasets/Training_Validation_Dataset_2024_Ajeet-20241107T105545Z-001/Training_Validation_Dataset_2024_Ajeet/FTI_BM_MP_2022/Shubham_FTI_BM_MP/602615_117_2022-02-05.jpeg,1,1,0,0
/home/ajeet/codework/datasets/Training_Validation_Dataset_2024_Ajeet-20241107T105545Z-001/Training_Validation_Dataset_2024_Ajeet/FTI_BM_MP_2022/Shubham_FTI_BM_MP/623770_62_2022-02-17.jpeg,1,1,0,0
/home/ajeet/codework/datasets/Training_Validation_Dataset_2024_Ajeet-20241107T105545Z-001/Training_Validation_Dataset_2024_Ajeet/FTI_BM_MP_2022/Shubham_FTI_BM_MP/596956_131_2022-02-02.jpeg,1,1,0,0
/home/ajeet/codework/datasets/Training_Validation_Dataset_2024_Ajeet-20241107T105545Z-001/Training_Validation_Dataset_2024_Ajeet/FTI_BM_MP_2022/Shubham_FTI_BM_MP/625226_131_2022-02-18.jpeg,1,1,0,0
/home/ajeet/codework/datasets/Training_Validation_Dataset_2024_Ajeet-20241107T105545Z-001/Training_Validation_Dataset_2024_Ajeet/FTI_BM_MP_2022/Shubham_FTI_BM_MP/596522_37_2022-02-02.jpeg,1,1,0,1
/home/ajeet/codework/datasets/Training_Validation_Dataset_2024_Ajeet-20241107T105545Z-001/Training_Validation_Dataset_2024_Ajeet/FTI_BM_MP_2022/Shubham_FTI_BM_MP/626358_100_2022-02-21.jpeg,1,1,0,1
/home/ajeet/codework/datasets/Training_Validation_Dataset_2024_Ajeet-20241107T105545Z-001/Training_Validation_Dataset_2024_Ajeet/FTI_BM_MP_2022/Shubham_FTI_BM_MP/627216_92_2022-02-20.jpeg,1,1,0,1
/home/ajeet/codework/datasets/Training_Validation_Dataset_2024_Ajeet-20241107T105545Z-001/Training_Validation_Dataset_2024_Ajeet/FTI_BM_MP_2022/Shubham_FTI_BM_MP/625408_105_2022-02-18.jpeg,1,1,0,0
/home/ajeet/codework/datasets/Training_Validation_Dataset_2024_Ajeet-20241107T105545Z-001/Training_Validation_Dataset_2024_Ajeet/FTI_BM_MP_2022/Shubham_FTI_BM_MP/615064_60_2022-02-12.jpeg,1,1,0,0
/home/ajeet/codework/datasets/Training_Validation_Dataset_2024_Ajeet-20241107T105545Z-001/Training_Validation_Dataset_2024_Ajeet/FTI_BM_MP_2022/Shubham_FTI_BM_MP/626681_42_2022-02-19.jpeg,1,1,0,1
/home/ajeet/codework/datasets/Training_Validation_Dataset_2024_Ajeet-20241107T105545Z-001/Training_Validation_Dataset_2024_Ajeet/FTI_BM_MP_2022/Shubham_FTI_BM_MP/628004_18_2022-02-21.jpeg,1,1,0,0
/home/ajeet/codework/datasets/Training_Validation_Dataset_2024_Ajeet-20241107T105545Z-001/Training_Validation_Dataset_2024_Ajeet/FTI_BM_MP_2022/Shubham_FTI_BM_MP/623345_97_2022-02-17.jpeg,1,1,0,1
/home/ajeet/codework/datasets/Training_Validation_Dataset_2024_Ajeet-20241107T105545Z-001/Training_Validation_Dataset_2024_Ajeet/FTI_BM_MP_2022/Shubham_FTI_BM_MP/621343_158_2022-02-16.jpeg,1,1,0,0
/home/ajeet/codework/datasets/Training_Validation_Dataset_2024_Ajeet-20241107T105545Z-001/Training_Validation_Dataset_2024_Ajeet/FTI_BM_MP_2022/Shubham_FTI_BM_MP/627643_17_2022-02-21.jpeg,1,1,0,0
/home/ajeet/codework/datasets/Training_Validation_Dataset_2024_Ajeet-20241107T105545Z-001/Training_Validation_Dataset_2024_Ajeet/FTI_BM_MP_2022/Shubham_FTI_BM_MP/604181_45_2022-02-07.jpeg,1,1,0,1
/home/ajeet/codework/datasets/Training_Validation_Dataset_2024_Ajeet-20241107T105545Z-001/Training_Validation_Dataset_2024_Ajeet/FTI_BM_MP_2022/Shubham_FTI_BM_MP/595779_162_2022-02-02.jpeg,1,1,0,0
/home/ajeet/codework/datasets/Training_Validation_Dataset_2024_Ajeet-20241107T105545Z-001/Training_Validation_Dataset_2024_Ajeet/FTI_BM_MP_2022/Shubham_FTI_BM_MP/612776_58_2022-02-11.jpeg,1,1,0,0
/home/ajeet/codework/datasets/Training_Validation_Dataset_2024_Ajeet-20241107T105545Z-001/Training_Validation_Dataset_2024_Ajeet/FTI_BM_MP_2022/Shubham_FTI_BM_MP/606289_133_2022-02-08.jpeg,1,1,0,0
/home/ajeet/codework/datasets/Training_Validation_Dataset_2024_Ajeet-20241107T105545Z-001/Training_Validation_Dataset_2024_Ajeet/FTI_BM_MP_2022/Shubham_FTI_BM_MP/599672_96_2022-02-03.jpeg,1,1,0,0
/home/ajeet/codework/datasets/Training_Validation_Dataset_2024_Ajeet-20241107T105545Z-001/Training_Validation_Dataset_2024_Ajeet/FTI_BM_MP_2022/Shubham_FTI_BM_MP/595692_65_2022-02-02.jpeg,1,1,0,1
/home/ajeet/codework/datasets/Training_Validation_Dataset_2024_Ajeet-20241107T105545Z-001/Training_Validation_Dataset_2024_Ajeet/FTI_BM_MP_2022/Shubham_FTI_BM_MP/602842_142_2022-02-05.jpeg,1,1,0,0
/home/ajeet/codework/datasets/Training_Validation_Dataset_2024_Ajeet-20241107T105545Z-001/Training_Validation_Dataset_2024_Ajeet/FTI_BM_MP_2022/Shubham_FTI_BM_MP/619053_189_2022-02-15.jpeg,1,1,0,0
/home/ajeet/codework/datasets/Training_Validation_Dataset_2024_Ajeet-20241107T105545Z-001/Training_Validation_Dataset_2024_Ajeet/FTI_BM_MP_2022/Shubham_FTI_BM_MP/621183_46_2022-02-16.jpeg,1,1,0,0
/home/ajeet/codework/datasets/Training_Validation_Dataset_2024_Ajeet-20241107T105545Z-001/Training_Validation_Dataset_2024_Ajeet/FTI_BM_MP_2022/Shubham_FTI_BM_MP/613531_142_2022-02-11.jpeg,1,1,0,0
/home/ajeet/codework/datasets/Training_Validation_Dataset_2024_Ajeet-20241107T105545Z-001/Training_Validation_Dataset_2024_Ajeet/FTI_BM_MP_2022/Shubham_FTI_BM_MP/598775_140_2022-02-03.jpeg,1,1,0,0
/home/ajeet/codework/datasets/Training_Validation_Dataset_2024_Ajeet-20241107T105545Z-001/Training_Validation_Dataset_2024_Ajeet/FTI_BM_MP_2022/Shubham_FTI_BM_MP/618755_55_2022-02-15.jpeg,1,1,0,0
/home/ajeet/codework/datasets/Training_Validation_Dataset_2024_Ajeet-20241107T105545Z-001/Training_Validation_Dataset_2024_Ajeet/FTI_BM_MP_2022/Shubham_FTI_BM_MP/591696_143_2022-02-01.jpeg,1,1,0,0
/home/ajeet/codework/datasets/Training_Validation_Dataset_2024_Ajeet-20241107T105545Z-001/Training_Validation_Dataset_2024_Ajeet/FTI_BM_MP_2022/Shubham_FTI_BM_MP/624180_97_2022-02-18.jpeg,1,1,0,0
/home/ajeet/codework/datasets/Training_Validation_Dataset_2024_Ajeet-20241107T105545Z-001/Training_Validation_Dataset_2024_Ajeet/FTI_BM_MP_2022/Shubham_FTI_BM_MP/623526_84_2022-02-17.jpeg,1,1,0,0
/home/ajeet/codework/datasets/Training_Validation_Dataset_2024_Ajeet-20241107T105545Z-001/Training_Validation_Dataset_2024_Ajeet/FTI_BM_MP_2022/Shubham_FTI_BM_MP/592612_194_2022-02-01.jpeg,1,1,0,1
/home/ajeet/codework/datasets/Training_Validation_Dataset_2024_Ajeet-20241107T105545Z-001/Training_Validation_Dataset_2024_Ajeet/FTI_BM_MP_2022/Shubham_FTI_BM_MP/627387_7_2022-02-21.jpeg,1,1,0,0
/home/ajeet/codework/datasets/Training_Validation_Dataset_2024_Ajeet-20241107T105545Z-001/Training_Validation_Dataset_2024_Ajeet/FTI_BM_MP_2022/Shubham_FTI_BM_MP/617451_123_2022-02-14.jpeg,1,1,0,0
/home/ajeet/codework/datasets/Training_Validation_Dataset_2024_Ajeet-20241107T105545Z-001/Training_Validation_Dataset_2024_Ajeet/FTI_BM_MP_2022/Shubham_FTI_BM_MP/621137_186_2022-02-16.jpeg,1,1,0,1
/home/ajeet/codework/datasets/Training_Validation_Dataset_2024_Ajeet-20241107T105545Z-001/Training_Validation_Dataset_2024_Ajeet/FTI_BM_MP_2022/Shubham_FTI_BM_MP/627114_186_2022-02-20.jpeg,1,1,0,0
/home/ajeet/codework/datasets/Training_Validation_Dataset_2024_Ajeet-20241107T105545Z-001/Training_Validation_Dataset_2024_Ajeet/FTI_BM_MP_2022/Shubham_FTI_BM_MP/607424_7_2022-02-08.jpeg,1,1,0,0
/home/ajeet/codework/datasets/Training_Validation_Dataset_2024_Ajeet-20241107T105545Z-001/Training_Validation_Dataset_2024_Ajeet/FTI_BM_MP_2022/Shubham_FTI_BM_MP/615255_141_2022-02-12.jpeg,1,1,0,0
/home/ajeet/codework/datasets/Training_Validation_Dataset_2024_Ajeet-20241107T105545Z-001/Training_Validation_Dataset_2024_Ajeet/FTI_BM_MP_2022/Shubham_FTI_BM_MP/619241_111_2022-02-15.jpeg,1,1,0,1
/home/ajeet/codework/datasets/Training_Validation_Dataset_2024_Ajeet-20241107T105545Z-001/Training_Validation_Dataset_2024_Ajeet/FTI_BM_MP_2022/Shubham_FTI_BM_MP/617306_130_2022-02-15.jpeg,1,1,0,0
/home/ajeet/codework/datasets/Training_Validation_Dataset_2024_Ajeet-20241107T105545Z-001/Training_Validation_Dataset_2024_Ajeet/FTI_BM_MP_2022/Shubham_FTI_BM_MP/595477_190_2022-02-02.jpeg,1,1,0,0
/home/ajeet/codework/datasets/Training_Validation_Dataset_2024_Ajeet-20241107T105545Z-001/Training_Validation_Dataset_2024_Ajeet/FTI_BM_MP_2022/Shubham_FTI_BM_MP/606795_143_2022-02-08.jpeg,1,1,0,0
/home/ajeet/codework/datasets/Training_Validation_Dataset_2024_Ajeet-20241107T105545Z-001/Training_Validation_Dataset_2024_Ajeet/FTI_BM_MP_2022/Shubham_FTI_BM_MP/625320_50_2022-02-18.jpeg,1,1,0,1
/home/ajeet/codework/datasets/Training_Validation_Dataset_2024_Ajeet-20241107T105545Z-001/Training_Validation_Dataset_2024_Ajeet/FTI_BM_MP_2022/Shubham_FTI_BM_MP/595779_54_2022-02-02.jpeg,1,1,0,0
/home/ajeet/codework/datasets/Training_Validation_Dataset_2024_Ajeet-20241107T105545Z-001/Training_Validation_Dataset_2024_Ajeet/FTI_BM_MP_2022/Shubham_FTI_BM_MP/618618_105_2022-02-15.jpeg,1,1,0,1
/home/ajeet/codework/datasets/Training_Validation_Dataset_2024_Ajeet-20241107T105545Z-001/Training_Validation_Dataset_2024_Ajeet/FTI_BM_MP_2022/Shubham_FTI_BM_MP/604901_157_2022-02-07.jpeg,1,1,0,1
/home/ajeet/codework/datasets/Training_Validation_Dataset_2024_Ajeet-20241107T105545Z-001/Training_Validation_Dataset_2024_Ajeet/FTI_BM_MP_2022/Shubham_FTI_BM_MP/623526_75_2022-02-17.jpeg,1,1,0,0
/home/ajeet/codework/datasets/Training_Validation_Dataset_2024_Ajeet-20241107T105545Z-001/Training_Validation_Dataset_2024_Ajeet/FTI_BM_MP_2022/Shubham_FTI_BM_MP/598194_121_2022-02-03.jpeg,1,1,0,1
/home/ajeet/codework/datasets/Training_Validation_Dataset_2024_Ajeet-20241107T105545Z-001/Training_Validation_Dataset_2024_Ajeet/FTI_BM_MP_2022/Shubham_FTI_BM_MP/627367_19_2022-02-21.jpeg,1,1,0,0
/home/ajeet/codework/datasets/Training_Validation_Dataset_2024_Ajeet-20241107T105545Z-001/Training_Validation_Dataset_2024_Ajeet/FTI_BM_MP_2022/Shubham_FTI_BM_MP/618664_76_2022-02-15.jpeg,1,1,0,0
/home/ajeet/codework/datasets/Training_Validation_Dataset_2024_Ajeet-20241107T105545Z-001/Training_Validation_Dataset_2024_Ajeet/FTI_BM_MP_2022/Shubham_FTI_BM_MP/613298_10_2022-02-11.jpeg,1,1,0,0
/home/ajeet/codework/datasets/Training_Validation_Dataset_2024_Ajeet-20241107T105545Z-001/Training_Validation_Dataset_2024_Ajeet/FTI_BM_MP_2022/Shubham_FTI_BM_MP/628192_113_2022-02-21.jpeg,1,1,0,1
/home/ajeet/codework/datasets/Training_Validation_Dataset_2024_Ajeet-20241107T105545Z-001/Training_Validation_Dataset_2024_Ajeet/FTI_BM_MP_2022/Shubham_FTI_BM_MP/604612_61_2022-02-07.jpeg,1,1,0,0
/home/ajeet/codework/datasets/Training_Validation_Dataset_2024_Ajeet-20241107T105545Z-001/Training_Validation_Dataset_2024_Ajeet/FTI_BM_MP_2022/Shubham_FTI_BM_MP/592885_167_2022-02-01.jpeg,1,1,0,0
/home/ajeet/codework/datasets/Training_Validation_Dataset_2024_Ajeet-20241107T105545Z-001/Training_Validation_Dataset_2024_Ajeet/FTI_BM_MP_2022/Shubham_FTI_BM_MP/604382_90_2022-02-07.jpeg,1,1,0,1
/home/ajeet/codework/datasets/Training_Validation_Dataset_2024_Ajeet-20241107T105545Z-001/Training_Validation_Dataset_2024_Ajeet/FTI_BM_MP_2022/Shubham_FTI_BM_MP/609557_82_2022-02-09.jpeg,1,1,0,0
/home/ajeet/codework/datasets/Training_Validation_Dataset_2024_Ajeet-20241107T105545Z-001/Training_Validation_Dataset_2024_Ajeet/FTI_BM_MP_2022/Shubham_FTI_BM_MP/625691_161_2022-02-18.jpeg,1,1,0,0
/home/ajeet/codework/datasets/Training_Validation_Dataset_2024_Ajeet-20241107T105545Z-001/Training_Validation_Dataset_2024_Ajeet/FTI_BM_MP_2022/Shubham_FTI_BM_MP/624180_39_2022-02-17.jpeg,1,1,0,0
/home/ajeet/codework/datasets/Training_Validation_Dataset_2024_Ajeet-20241107T105545Z-001/Training_Validation_Dataset_2024_Ajeet/FTI_BM_MP_2022/Shubham_FTI_BM_MP/618664_130_2022-02-15.jpeg,1,1,0,1
/home/ajeet/codework/datasets/Training_Validation_Dataset_2024_Ajeet-20241107T105545Z-001/Training_Validation_Dataset_2024_Ajeet/FTI_BM_MP_2022/Shubham_FTI_BM_MP/618973_76_2022-02-15.jpeg,1,1,0,0
/home/ajeet/codework/datasets/Training_Validation_Dataset_2024_Ajeet-20241107T105545Z-001/Training_Validation_Dataset_2024_Ajeet/FTI_BM_MP_2022/Shubham_FTI_BM_MP/596005_70_2022-02-02.jpeg,1,1,0,0
/home/ajeet/codework/datasets/Training_Validation_Dataset_2024_Ajeet-20241107T105545Z-001/Training_Validation_Dataset_2024_Ajeet/FTI_BM_MP_2022/Shubham_FTI_BM_MP/596005_152_2022-02-02.jpeg,1,1,0,0
/home/ajeet/codework/datasets/Training_Validation_Dataset_2024_Ajeet-20241107T105545Z-001/Training_Validation_Dataset_2024_Ajeet/FTI_BM_MP_2022/Shubham_FTI_BM_MP/595473_187_2022-02-02.jpeg,1,1,0,0
/home/ajeet/codework/datasets/Training_Validation_Dataset_2024_Ajeet-20241107T105545Z-001/Training_Validation_Dataset_2024_Ajeet/FTI_BM_MP_2022/Shubham_FTI_BM_MP/599243_34_2022-02-03.jpeg,1,1,0,0
/home/ajeet/codework/datasets/Training_Validation_Dataset_2024_Ajeet-20241107T105545Z-001/Training_Validation_Dataset_2024_Ajeet/FTI_BM_MP_2022/Shubham_FTI_BM_MP/606938_196_2022-02-08.jpeg,1,1,0,0
/home/ajeet/codework/datasets/Training_Validation_Dataset_2024_Ajeet-20241107T105545Z-001/Training_Validation_Dataset_2024_Ajeet/FTI_BM_MP_2022/Shubham_FTI_BM_MP/606766_150_2022-02-08.jpeg,1,1,0,0
/home/ajeet/codework/datasets/Training_Validation_Dataset_2024_Ajeet-20241107T105545Z-001/Training_Validation_Dataset_2024_Ajeet/FTI_BM_MP_2022/Shubham_FTI_BM_MP/597821_156_2022-02-03.jpeg,1,1,0,1
/home/ajeet/codework/datasets/Training_Validation_Dataset_2024_Ajeet-20241107T105545Z-001/Training_Validation_Dataset_2024_Ajeet/FTI_BM_MP_2022/Shubham_FTI_BM_MP/611284_166_2022-02-10.jpeg,1,1,0,0
/home/ajeet/codework/datasets/Training_Validation_Dataset_2024_Ajeet-20241107T105545Z-001/Training_Validation_Dataset_2024_Ajeet/FTI_BM_MP_2022/Shubham_FTI_BM_MP/599243_78_2022-02-03.jpeg,1,1,0,0
/home/ajeet/codework/datasets/Training_Validation_Dataset_2024_Ajeet-20241107T105545Z-001/Training_Validation_Dataset_2024_Ajeet/FTI_BM_MP_2022/Shubham_FTI_BM_MP/604881_81_2022-02-07.jpeg,1,1,0,0
/home/ajeet/codework/datasets/Training_Validation_Dataset_2024_Ajeet-20241107T105545Z-001/Training_Validation_Dataset_2024_Ajeet/FTI_BM_MP_2022/Shubham_FTI_BM_MP/611283_47_2022-02-10.jpeg,1,1,0,0
/home/ajeet/codework/datasets/Training_Validation_Dataset_2024_Ajeet-20241107T105545Z-001/Training_Validation_Dataset_2024_Ajeet/FTI_BM_MP_2022/Shubham_FTI_BM_MP/612073_138_2022-02-10.jpeg,1,1,0,0
/home/ajeet/codework/datasets/Training_Validation_Dataset_2024_Ajeet-20241107T105545Z-001/Training_Validation_Dataset_2024_Ajeet/FTI_BM_MP_2022/Shubham_FTI_BM_MP/619711_69_2022-02-15.jpeg,1,1,0,0
/home/ajeet/codework/datasets/Training_Validation_Dataset_2024_Ajeet-20241107T105545Z-001/Training_Validation_Dataset_2024_Ajeet/FTI_BM_MP_2022/Shubham_FTI_BM_MP/600790_153_2022-02-04.jpeg,1,1,0,1
/home/ajeet/codework/datasets/Training_Validation_Dataset_2024_Ajeet-20241107T105545Z-001/Training_Validation_Dataset_2024_Ajeet/FTI_BM_MP_2022/Shubham_FTI_BM_MP/623665_115_2022-02-17.jpeg,1,1,0,1
/home/ajeet/codework/datasets/Training_Validation_Dataset_2024_Ajeet-20241107T105545Z-001/Training_Validation_Dataset_2024_Ajeet/FTI_BM_MP_2022/Shubham_FTI_BM_MP/605289_160_2022-02-07.jpeg,1,1,0,0
/home/ajeet/codework/datasets/Training_Validation_Dataset_2024_Ajeet-20241107T105545Z-001/Training_Validation_Dataset_2024_Ajeet/FTI_BM_MP_2022/Shubham_FTI_BM_MP/603148_185_2022-02-06.jpeg,1,1,0,1
/home/ajeet/codework/datasets/Training_Validation_Dataset_2024_Ajeet-20241107T105545Z-001/Training_Validation_Dataset_2024_Ajeet/FTI_BM_MP_2022/Shubham_FTI_BM_MP/601301_22_2022-02-05.jpeg,1,1,0,0
/home/ajeet/codework/datasets/Training_Validation_Dataset_2024_Ajeet-20241107T105545Z-001/Training_Validation_Dataset_2024_Ajeet/FTI_BM_MP_2022/Shubham_FTI_BM_MP/595473_101_2022-02-02.jpeg,1,1,0,1
/home/ajeet/codework/datasets/Training_Validation_Dataset_2024_Ajeet-20241107T105545Z-001/Training_Validation_Dataset_2024_Ajeet/FTI_BM_MP_2022/Shubham_FTI_BM_MP/628192_120_2022-02-22.jpeg,1,1,0,0
/home/ajeet/codework/datasets/Training_Validation_Dataset_2024_Ajeet-20241107T105545Z-001/Training_Validation_Dataset_2024_Ajeet/FTI_BM_MP_2022/Shubham_FTI_BM_MP/623426_41_2022-02-17.jpeg,1,1,0,0
/home/ajeet/codework/datasets/Training_Validation_Dataset_2024_Ajeet-20241107T105545Z-001/Training_Validation_Dataset_2024_Ajeet/FTI_BM_MP_2022/Shubham_FTI_BM_MP/595660_113_2022-02-02.jpeg,1,1,0,0
/home/ajeet/codework/datasets/Training_Validation_Dataset_2024_Ajeet-20241107T105545Z-001/Training_Validation_Dataset_2024_Ajeet/FTI_BM_MP_2022/Shubham_FTI_BM_MP/617995_197_2022-02-14.jpeg,1,1,0,0
/home/ajeet/codework/datasets/Training_Validation_Dataset_2024_Ajeet-20241107T105545Z-001/Training_Validation_Dataset_2024_Ajeet/FTI_BM_MP_2022/Shubham_FTI_BM_MP/613397_111_2022-02-11.jpeg,1,1,0,0
/home/ajeet/codework/datasets/Training_Validation_Dataset_2024_Ajeet-20241107T105545Z-001/Training_Validation_Dataset_2024_Ajeet/FTI_BM_MP_2022/Shubham_FTI_BM_MP/613837_39_2022-02-11.jpeg,1,1,0,0
/home/ajeet/codework/datasets/Training_Validation_Dataset_2024_Ajeet-20241107T105545Z-001/Training_Validation_Dataset_2024_Ajeet/FTI_BM_MP_2022/Shubham_FTI_BM_MP/627718_1_2022-02-21.jpeg,1,1,0,0
/home/ajeet/codework/datasets/Training_Validation_Dataset_2024_Ajeet-20241107T105545Z-001/Training_Validation_Dataset_2024_Ajeet/FTI_BM_MP_2022/Shubham_FTI_BM_MP/618722_53_2022-02-15.jpeg,1,1,0,1
/home/ajeet/codework/datasets/Training_Validation_Dataset_2024_Ajeet-20241107T105545Z-001/Training_Validation_Dataset_2024_Ajeet/FTI_BM_MP_2022/Shubham_FTI_BM_MP/611463_72_2022-02-10.jpeg,1,1,0,0
/home/ajeet/codework/datasets/Training_Validation_Dataset_2024_Ajeet-20241107T105545Z-001/Training_Validation_Dataset_2024_Ajeet/FTI_BM_MP_2022/Shubham_FTI_BM_MP/609301_27_2022-02-09.jpeg,1,1,0,1
/home/ajeet/codework/datasets/Training_Validation_Dataset_2024_Ajeet-20241107T105545Z-001/Training_Validation_Dataset_2024_Ajeet/FTI_BM_MP_2022/Shubham_FTI_BM_MP/622948_161_2022-02-17.jpeg,1,1,0,1
/home/ajeet/codework/datasets/Training_Validation_Dataset_2024_Ajeet-20241107T105545Z-001/Training_Validation_Dataset_2024_Ajeet/FTI_BM_MP_2022/Shubham_FTI_BM_MP/601575_115_2022-02-05.jpeg,1,1,0,0
/home/ajeet/codework/datasets/Training_Validation_Dataset_2024_Ajeet-20241107T105545Z-001/Training_Validation_Dataset_2024_Ajeet/FTI_BM_MP_2022/Shubham_FTI_BM_MP/617451_47_2022-02-14.jpeg,1,1,0,1
/home/ajeet/codework/datasets/Training_Validation_Dataset_2024_Ajeet-20241107T105545Z-001/Training_Validation_Dataset_2024_Ajeet/FTI_BM_MP_2022/Shubham_FTI_BM_MP/626636_34_2022-02-19.jpeg,1,1,0,0
/home/ajeet/codework/datasets/Training_Validation_Dataset_2024_Ajeet-20241107T105545Z-001/Training_Validation_Dataset_2024_Ajeet/FTI_BM_MP_2022/Shubham_FTI_BM_MP/604661_111_2022-02-07.jpeg,1,1,0,0
/home/ajeet/codework/datasets/Training_Validation_Dataset_2024_Ajeet-20241107T105545Z-001/Training_Validation_Dataset_2024_Ajeet/FTI_BM_MP_2022/Shubham_FTI_BM_MP/605289_95_2022-02-07.jpeg,1,1,0,0
/home/ajeet/codework/datasets/Training_Validation_Dataset_2024_Ajeet-20241107T105545Z-001/Training_Validation_Dataset_2024_Ajeet/FTI_BM_MP_2022/Shubham_FTI_BM_MP/613397_26_2022-02-11.jpeg,1,1,0,1
/home/ajeet/codework/datasets/Training_Validation_Dataset_2024_Ajeet-20241107T105545Z-001/Training_Validation_Dataset_2024_Ajeet/FTI_BM_MP_2022/Shubham_FTI_BM_MP/611284_164_2022-02-10.jpeg,1,1,0,0
/home/ajeet/codework/datasets/Training_Validation_Dataset_2024_Ajeet-20241107T105545Z-001/Training_Validation_Dataset_2024_Ajeet/FTI_BM_MP_2022/Shubham_FTI_BM_MP/591858_132_2022-02-02.jpeg,1,1,0,1
/home/ajeet/codework/datasets/Training_Validation_Dataset_2024_Ajeet-20241107T105545Z-001/Training_Validation_Dataset_2024_Ajeet/FTI_BM_MP_2022/Shubham_FTI_BM_MP/600987_68_2022-02-04.jpeg,1,1,0,1
/home/ajeet/codework/datasets/Training_Validation_Dataset_2024_Ajeet-20241107T105545Z-001/Training_Validation_Dataset_2024_Ajeet/FTI_BM_MP_2022/Shubham_FTI_BM_MP/621434_41_2022-02-16.jpeg,1,1,0,0
/home/ajeet/codework/datasets/Training_Validation_Dataset_2024_Ajeet-20241107T105545Z-001/Training_Validation_Dataset_2024_Ajeet/FTI_BM_MP_2022/Shubham_FTI_BM_MP/604586_190_2022-02-07.jpeg,1,1,0,0
/home/ajeet/codework/datasets/Training_Validation_Dataset_2024_Ajeet-20241107T105545Z-001/Training_Validation_Dataset_2024_Ajeet/FTI_BM_MP_2022/Shubham_FTI_BM_MP/601066_102_2022-02-04.jpeg,1,1,0,1
/home/ajeet/codework/datasets/Training_Validation_Dataset_2024_Ajeet-20241107T105545Z-001/Training_Validation_Dataset_2024_Ajeet/FTI_BM_MP_2022/Shubham_FTI_BM_MP/611716_197_2022-02-10.jpeg,1,1,0,0
/home/ajeet/codework/datasets/Training_Validation_Dataset_2024_Ajeet-20241107T105545Z-001/Training_Validation_Dataset_2024_Ajeet/FTI_BM_MP_2022/Shubham_FTI_BM_MP/620980_36_2022-02-16.jpeg,1,1,0,1
/home/ajeet/codework/datasets/Training_Validation_Dataset_2024_Ajeet-20241107T105545Z-001/Training_Validation_Dataset_2024_Ajeet/FTI_BM_MP_2022/Shubham_FTI_BM_MP/606308_4_2022-02-08.jpeg,1,1,0,0
/home/ajeet/codework/datasets/Training_Validation_Dataset_2024_Ajeet-20241107T105545Z-001/Training_Validation_Dataset_2024_Ajeet/FTI_BM_MP_2022/Shubham_FTI_BM_MP/625907_63_2022-02-18.jpeg,1,1,0,1
/home/ajeet/codework/datasets/Training_Validation_Dataset_2024_Ajeet-20241107T105545Z-001/Training_Validation_Dataset_2024_Ajeet/FTI_BM_MP_2022/Shubham_FTI_BM_MP/593265_182_2022-02-01.jpeg,1,1,0,0
/home/ajeet/codework/datasets/Training_Validation_Dataset_2024_Ajeet-20241107T105545Z-001/Training_Validation_Dataset_2024_Ajeet/FTI_BM_MP_2022/Shubham_FTI_BM_MP/609490_43_2022-02-10.jpeg,1,1,0,0
/home/ajeet/codework/datasets/Training_Validation_Dataset_2024_Ajeet-20241107T105545Z-001/Training_Validation_Dataset_2024_Ajeet/FTI_BM_MP_2022/Shubham_FTI_BM_MP/606766_1_2022-02-08.jpeg,1,1,0,1
/home/ajeet/codework/datasets/Training_Validation_Dataset_2024_Ajeet-20241107T105545Z-001/Training_Validation_Dataset_2024_Ajeet/FTI_BM_MP_2022/Shubham_FTI_BM_MP/602571_195_2022-02-05.jpeg,1,1,0,0
/home/ajeet/codework/datasets/Training_Validation_Dataset_2024_Ajeet-20241107T105545Z-001/Training_Validation_Dataset_2024_Ajeet/FTI_BM_MP_2022/Shubham_FTI_BM_MP/616391_62_2022-02-14.jpeg,1,1,0,0
/home/ajeet/codework/datasets/Training_Validation_Dataset_2024_Ajeet-20241107T105545Z-001/Training_Validation_Dataset_2024_Ajeet/FTI_BM_MP_2022/Shubham_FTI_BM_MP/608890_88_2022-02-09.jpeg,1,1,0,1
/home/ajeet/codework/datasets/Training_Validation_Dataset_2024_Ajeet-20241107T105545Z-001/Training_Validation_Dataset_2024_Ajeet/FTI_BM_MP_2022/Shubham_FTI_BM_MP/627718_86_2022-02-21.jpeg,1,1,0,0
/home/ajeet/codework/datasets/Training_Validation_Dataset_2024_Ajeet-20241107T105545Z-001/Training_Validation_Dataset_2024_Ajeet/FTI_BM_MP_2022/Shubham_FTI_BM_MP/598698_169_2022-02-03.jpeg,1,1,1,1
/home/ajeet/codework/datasets/Training_Validation_Dataset_2024_Ajeet-20241107T105545Z-001/Training_Validation_Dataset_2024_Ajeet/FTI_BM_MP_2022/Shubham_FTI_BM_MP/618722_29_2022-02-15.jpeg,1,1,0,1
/home/ajeet/codework/datasets/Training_Validation_Dataset_2024_Ajeet-20241107T105545Z-001/Training_Validation_Dataset_2024_Ajeet/FTI_BM_MP_2022/Shubham_FTI_BM_MP/591696_151_2022-02-01.jpeg,1,1,0,0
/home/ajeet/codework/datasets/Training_Validation_Dataset_2024_Ajeet-20241107T105545Z-001/Training_Validation_Dataset_2024_Ajeet/FTI_BM_MP_2022/Shubham_FTI_BM_MP/599243_196_2022-02-03.jpeg,1,1,0,1
/home/ajeet/codework/datasets/Training_Validation_Dataset_2024_Ajeet-20241107T105545Z-001/Training_Validation_Dataset_2024_Ajeet/FTI_BM_MP_2022/Shubham_FTI_BM_MP/616391_182_2022-02-14.jpeg,1,1,0,1
/home/ajeet/codework/datasets/Training_Validation_Dataset_2024_Ajeet-20241107T105545Z-001/Training_Validation_Dataset_2024_Ajeet/FTI_BM_MP_2022/Shubham_FTI_BM_MP/613734_11_2022-02-11.jpeg,1,1,0,0
/home/ajeet/codework/datasets/Training_Validation_Dataset_2024_Ajeet-20241107T105545Z-001/Training_Validation_Dataset_2024_Ajeet/FTI_BM_MP_2022/Shubham_FTI_BM_MP/605259_171_2022-02-08.jpeg,1,1,0,1
/home/ajeet/codework/datasets/Training_Validation_Dataset_2024_Ajeet-20241107T105545Z-001/Training_Validation_Dataset_2024_Ajeet/FTI_BM_MP_2022/Shubham_FTI_BM_MP/600783_69_2022-02-04.jpeg,1,1,0,1
/home/ajeet/codework/datasets/Training_Validation_Dataset_2024_Ajeet-20241107T105545Z-001/Training_Validation_Dataset_2024_Ajeet/FTI_BM_MP_2022/Shubham_FTI_BM_MP/593255_19_2022-02-01.jpeg,1,1,0,1
/home/ajeet/codework/datasets/Training_Validation_Dataset_2024_Ajeet-20241107T105545Z-001/Training_Validation_Dataset_2024_Ajeet/FTI_BM_MP_2022/Shubham_FTI_BM_MP/627122_43_2022-02-20.jpeg,1,1,0,0
/home/ajeet/codework/datasets/Training_Validation_Dataset_2024_Ajeet-20241107T105545Z-001/Training_Validation_Dataset_2024_Ajeet/FTI_BM_MP_2022/Shubham_FTI_BM_MP/627844_174_2022-02-21.jpeg,1,1,0,0
/home/ajeet/codework/datasets/Training_Validation_Dataset_2024_Ajeet-20241107T105545Z-001/Training_Validation_Dataset_2024_Ajeet/FTI_BM_MP_2022/Shubham_FTI_BM_MP/601301_34_2022-02-05.jpeg,1,1,0,1
/home/ajeet/codework/datasets/Training_Validation_Dataset_2024_Ajeet-20241107T105545Z-001/Training_Validation_Dataset_2024_Ajeet/FTI_BM_MP_2022/Shubham_FTI_BM_MP/621183_9_2022-02-16.jpeg,1,1,0,0
/home/ajeet/codework/datasets/Training_Validation_Dataset_2024_Ajeet-20241107T105545Z-001/Training_Validation_Dataset_2024_Ajeet/FTI_BM_MP_2022/Shubham_FTI_BM_MP/606784_194_2022-02-08.jpeg,1,1,0,0
/home/ajeet/codework/datasets/Training_Validation_Dataset_2024_Ajeet-20241107T105545Z-001/Training_Validation_Dataset_2024_Ajeet/FTI_BM_MP_2022/Shubham_FTI_BM_MP/612475_83_2022-02-10.jpeg,1,1,0,0
