File,Predicted_Confidences,Predicted_Boxes,Ground_Truth_Boxes
b2045fbc_1708.jpg,[0.7996],"[[66, 139, 504, 360]]","[[61, 136, 485, 360]]"
b2045fbc_500.jpg,[0.962],"[[88, 82, 462, 359]]","[[87, 82, 460, 360]]"
f044cf1d_239.jpg,[0.88],"[[80, 51, 545, 359]]","[[80, 50, 552, 358]]"
b2045fbc_1184.jpg,[0.951],"[[56, 98, 480, 359]]","[[52, 97, 480, 358]]"
b2045fbc_572.jpg,[0.9189],"[[0, 1, 406, 359]]","[[0, 0, 407, 358]]"
b2045fbc_257.jpg,[0.9627],"[[87, 54, 519, 359]]","[[87, 53, 519, 358]]"
b2045fbc_1132.jpg,[],[],[]
9d47d182_298.jpg,[0.9197],"[[27, 64, 595, 359]]","[[39, 63, 605, 358]]"
b2045fbc_764.jpg,[0.822],"[[587, 44, 640, 360]]","[[588, 47, 640, 360]]"
b2045fbc_2054.jpg,[0.6826],"[[214, 143, 417, 360]]","[[214, 141, 417, 360]]"
b2045fbc_2027.jpg,"[0.9074, 0.4739]","[[0, 0, 210, 351], [21, 81, 526, 359]]","[[1, 1, 210, 360], [171, 91, 524, 360]]"
b2045fbc_82.jpg,[0.9611],"[[21, 149, 315, 360]]","[[20, 148, 316, 359]]"
b2045fbc_1857.jpg,[0.9598],"[[218, 95, 531, 359]]","[[217, 94, 531, 359]]"
f044cf1d_176.jpg,[0.8446],"[[38, 54, 574, 359]]","[[42, 55, 574, 360]]"
b2045fbc_348.jpg,[0.9659],"[[135, 64, 533, 359]]","[[134, 63, 532, 358]]"
9d47d182_301.jpg,[0.967],"[[51, 71, 458, 359]]","[[48, 69, 455, 358]]"
b2045fbc_167.jpg,"[0.9654, 0.3494]","[[150, 41, 499, 359], [0, 104, 49, 359]]","[[151, 41, 500, 359], [0, 122, 49, 358]]"
f044cf1d_139.jpg,[0.9065],"[[59, 58, 546, 360]]","[[56, 59, 544, 359]]"
b2045fbc_1110.jpg,[0.9515],"[[14, 11, 455, 359]]","[[13, 12, 454, 359]]"
b2045fbc_366.jpg,[0.9659],"[[93, 58, 517, 359]]","[[92, 57, 515, 359]]"
b2045fbc_1028.jpg,[0.9671],"[[63, 0, 533, 359]]","[[63, 0, 533, 358]]"
f044cf1d_38.jpg,[0.9524],"[[108, 43, 536, 359]]","[[107, 43, 536, 358]]"
b2045fbc_231.jpg,[0.9715],"[[127, 71, 510, 359]]","[[127, 70, 509, 358]]"
b2045fbc_1437.jpg,[],[],[]
b2045fbc_890.jpg,[0.971],"[[83, 47, 489, 359]]","[[83, 46, 489, 359]]"
b2045fbc_277.jpg,[0.9434],"[[115, 56, 520, 359]]","[[113, 56, 518, 360]]"
b2045fbc_735.jpg,[0.9599],"[[105, 62, 515, 359]]","[[104, 61, 515, 358]]"
b2045fbc_1957.jpg,[0.9641],"[[0, 57, 518, 360]]","[[1, 57, 522, 360]]"
f044cf1d_83.jpg,[0.9573],"[[65, 59, 484, 359]]","[[68, 59, 487, 359]]"
b2045fbc_1876.jpg,"[0.9654, 0.9363]","[[183, 105, 526, 359], [42, 37, 267, 360]]","[[182, 104, 526, 358], [42, 37, 269, 360]]"
b2045fbc_904.jpg,[0.9704],"[[85, 59, 483, 359]]","[[83, 58, 483, 359]]"
f044cf1d_284.jpg,[0.8884],"[[45, 55, 560, 357]]","[[54, 59, 558, 359]]"
b2045fbc_149.jpg,[0.9581],"[[162, 49, 503, 360]]","[[161, 48, 503, 359], [0, 109, 76, 359]]"
b2045fbc_711.jpg,[0.9382],"[[525, 16, 640, 359]]","[[525, 14, 639, 358]]"
9d47d182_100.jpg,[0.9498],"[[45, 68, 446, 359]]","[[48, 68, 454, 359]]"
b2045fbc_66.jpg,[0.9246],"[[0, 160, 316, 359]]","[[0, 159, 318, 358]]"
b2045fbc_1204.jpg,[0.8004],"[[0, 84, 341, 359]]","[[0, 84, 340, 359]]"
f044cf1d_160.jpg,[0.9424],"[[10, 63, 534, 359]]","[[8, 64, 531, 360]]"
f044cf1d_37.jpg,[0.9537],"[[109, 44, 535, 359]]","[[108, 43, 535, 358]]"
b2045fbc_1173.jpg,[0.9448],"[[60, 97, 481, 359]]","[[56, 96, 480, 358]]"
b2045fbc_306.jpg,[0.9617],"[[44, 39, 516, 359]]","[[40, 40, 520, 359]]"
b2045fbc_1536.jpg,[0.7073],"[[108, 131, 324, 359]]","[[107, 130, 324, 360]]"
f044cf1d_231.jpg,[0.8875],"[[80, 51, 545, 360]]","[[80, 50, 548, 358]]"
b2045fbc_1818.jpg,[0.9209],"[[142, 67, 571, 360]]","[[143, 66, 572, 359]]"
b2045fbc_1116.jpg,[0.4518],"[[181, 195, 373, 360]]",[]
b2045fbc_1513.jpg,[0.7585],"[[124, 143, 333, 359]]","[[122, 142, 334, 360]]"
b2045fbc_274.jpg,[0.95],"[[115, 57, 519, 359]]","[[115, 57, 517, 359]]"
b2045fbc_1134.jpg,[],[],[]
9d47d182_371.jpg,[0.9661],"[[54, 70, 460, 359]]","[[53, 68, 461, 358]]"
b2045fbc_932.jpg,[0.9713],"[[108, 80, 487, 359]]","[[107, 79, 485, 358]]"
9d47d182_45.jpg,[0.9471],"[[50, 66, 528, 359]]","[[53, 66, 530, 359]]"
f044cf1d_234.jpg,[0.8712],"[[79, 51, 547, 359]]","[[80, 50, 571, 359]]"
b2045fbc_731.jpg,[0.5587],"[[591, 25, 640, 360]]","[[589, 45, 639, 358]]"
b2045fbc_1961.jpg,[0.9624],"[[154, 87, 514, 360]]","[[153, 91, 517, 360]]"
b2045fbc_1461.jpg,[],[],[]
b2045fbc_1556.jpg,[0.6613],"[[121, 128, 332, 360]]",[]
9aa3bbb8_89.jpg,[0.9426],"[[112, 107, 580, 359]]","[[113, 105, 562, 358]]"
9d47d182_351.jpg,[0.915],"[[39, 65, 556, 359]]","[[35, 65, 553, 360]]"
b2045fbc_1866.jpg,"[0.9678, 0.9485]","[[191, 103, 531, 360], [31, 42, 282, 360]]","[[30, 42, 282, 358], [190, 103, 530, 359]]"
b2045fbc_346.jpg,[0.9649],"[[136, 65, 534, 359]]","[[135, 64, 533, 358]]"
9d47d182_235.jpg,[0.9567],"[[46, 68, 479, 359]]","[[44, 68, 478, 359]]"
b2045fbc_2036.jpg,[0.9597],"[[196, 88, 544, 360]]","[[196, 85, 544, 359]]"
9d47d182_363.jpg,[0.9657],"[[53, 70, 460, 359]]","[[53, 69, 461, 358]]"
b2045fbc_331.jpg,[0.9595],"[[39, 19, 420, 359]]","[[37, 19, 419, 360]]"
b2045fbc_639.jpg,[0.9209],"[[0, 24, 450, 359]]","[[0, 22, 448, 359]]"
b2045fbc_403.jpg,[0.966],"[[97, 71, 507, 359]]","[[97, 70, 509, 358]]"
b2045fbc_829.jpg,[0.9697],"[[85, 90, 471, 359]]","[[84, 90, 472, 360]]"
b2045fbc_1626.jpg,[0.8657],"[[83, 130, 396, 359]]","[[81, 129, 395, 359]]"
b2045fbc_502.jpg,[0.9674],"[[124, 65, 532, 359]]","[[123, 64, 532, 359]]"
9d47d182_37.jpg,[0.7719],"[[51, 67, 493, 359]]","[[50, 67, 402, 359]]"
9d47d182_191.jpg,[0.9631],"[[46, 66, 444, 359]]","[[43, 66, 444, 359]]"
b2045fbc_205.jpg,[0.9594],"[[148, 51, 483, 359]]","[[148, 49, 484, 359]]"
b2045fbc_983.jpg,[0.8452],"[[29, 57, 445, 359]]","[[27, 57, 445, 359]]"
b2045fbc_1315.jpg,[0.9543],"[[102, 97, 480, 360]]","[[104, 100, 479, 360]]"
b2045fbc_673.jpg,[],[],[]
ed2e9e4c_14.jpg,[0.9334],"[[125, 73, 604, 359]]","[[122, 72, 605, 358]]"
b2045fbc_1753.jpg,[0.8047],"[[58, 137, 454, 360]]","[[60, 136, 487, 360]]"
b2045fbc_845.jpg,[0.9743],"[[104, 86, 470, 359]]","[[103, 86, 469, 359]]"
b2045fbc_1633.jpg,[0.8663],"[[86, 131, 412, 360]]","[[85, 130, 411, 360]]"
f044cf1d_189.jpg,[0.942],"[[28, 54, 561, 359]]","[[39, 56, 560, 360]]"
b2045fbc_643.jpg,[0.9622],"[[74, 44, 501, 360]]","[[75, 43, 500, 360]]"
b2045fbc_1871.jpg,"[0.9695, 0.9626]","[[182, 103, 530, 360], [47, 37, 264, 360]]","[[45, 39, 263, 360], [184, 103, 530, 359]]"
b2045fbc_512.jpg,[0.8418],"[[102, 84, 483, 359]]","[[113, 85, 475, 359]]"
b2045fbc_1907.jpg,[0.9702],"[[248, 113, 512, 359]]","[[248, 112, 512, 360]]"
b2045fbc_1538.jpg,[0.7222],"[[112, 133, 327, 359]]","[[112, 132, 327, 360]]"
b2045fbc_1797.jpg,[0.9452],"[[119, 37, 592, 360]]","[[118, 37, 589, 360]]"
b2045fbc_1241.jpg,[],[],[]
b2045fbc_1909.jpg,[0.973],"[[220, 115, 483, 360]]","[[219, 113, 483, 359]]"
b2045fbc_1242.jpg,[],[],[]
b2045fbc_557.jpg,[0.9613],"[[108, 93, 471, 359]]","[[106, 94, 470, 359]]"
b2045fbc_886.jpg,[0.9433],"[[101, 46, 521, 360]]","[[101, 46, 522, 360]]"
b2045fbc_910.jpg,[0.9677],"[[83, 67, 480, 359]]","[[83, 67, 480, 359]]"
9d47d182_165.jpg,[0.967],"[[39, 68, 455, 359]]","[[38, 68, 454, 359]]"
b2045fbc_1678.jpg,[0.9461],"[[0, 2, 302, 359]]","[[0, 0, 304, 358]]"
b2045fbc_197.jpg,"[0.9733, 0.9621]","[[0, 116, 263, 360], [275, 53, 620, 360]]","[[0, 115, 264, 360], [275, 52, 619, 358]]"
b2045fbc_518.jpg,[0.7873],"[[102, 88, 475, 359]]","[[124, 87, 475, 358]]"
b2045fbc_1950.jpg,[0.964],"[[148, 83, 524, 360]]","[[151, 85, 524, 360]]"
f044cf1d_226.jpg,[0.9011],"[[81, 51, 545, 360]]","[[84, 50, 568, 358]]"
b2045fbc_2028.jpg,"[0.9604, 0.9555]","[[0, 0, 213, 359], [132, 89, 520, 360]]","[[0, 2, 212, 360], [134, 90, 518, 360]]"
9d47d182_309.jpg,[0.9122],"[[24, 64, 598, 359]]","[[37, 64, 595, 360]]"
b2045fbc_628.jpg,[],[],[]
f044cf1d_96.jpg,[0.9277],"[[35, 56, 567, 359]]","[[37, 58, 570, 360]]"
b2045fbc_270.jpg,[0.9165],"[[116, 57, 519, 359]]","[[115, 60, 412, 360]]"
9d47d182_404.jpg,[0.9275],"[[56, 68, 408, 359]]","[[60, 69, 402, 360]]"
f044cf1d_42.jpg,[0.898],"[[29, 52, 571, 359]]","[[31, 52, 568, 360]]"
9aa3bbb8_99.jpg,[0.9518],"[[113, 108, 569, 359]]","[[116, 108, 564, 358]]"
9d47d182_70.jpg,[0.9537],"[[52, 67, 394, 359]]","[[50, 66, 394, 359]]"
b2045fbc_1815.jpg,[0.953],"[[110, 43, 578, 359]]","[[110, 42, 578, 358]]"
9d47d182_52.jpg,[0.9268],"[[53, 67, 403, 359]]","[[51, 67, 400, 359]]"
b2045fbc_1087.jpg,[],[],[]
b2045fbc_95.jpg,"[0.9739, 0.9629]","[[290, 62, 639, 359], [0, 130, 289, 360]]","[[291, 60, 640, 358], [0, 130, 288, 359]]"
b2045fbc_944.jpg,[0.9617],"[[10, 1, 518, 359]]","[[10, 1, 513, 360]]"
b2045fbc_617.jpg,[],[],[]
b2045fbc_812.jpg,[0.9674],"[[106, 95, 469, 359]]","[[106, 94, 470, 359]]"
9d47d182_8.jpg,[0.9641],"[[58, 69, 460, 359]]","[[58, 68, 461, 358]]"
b2045fbc_701.jpg,[0.9715],"[[345, 53, 640, 360]]","[[345, 51, 639, 360]]"
f044cf1d_213.jpg,[0.9567],"[[94, 43, 519, 359]]","[[92, 41, 520, 359]]"
b2045fbc_888.jpg,[0.9458],"[[103, 45, 520, 360]]","[[101, 45, 523, 360]]"
9d47d182_347.jpg,[0.9173],"[[38, 65, 564, 359]]","[[35, 66, 557, 360]]"
b2045fbc_1041.jpg,[0.9638],"[[67, 1, 543, 359]]","[[65, 1, 543, 360]]"
b2045fbc_468.jpg,[0.9702],"[[93, 85, 467, 359]]","[[93, 85, 466, 359]]"
b2045fbc_1701.jpg,[0.9244],"[[74, 112, 369, 359]]","[[75, 112, 369, 359]]"
9d47d182_216.jpg,[0.8927],"[[42, 64, 556, 359]]","[[36, 64, 556, 358]]"
b2045fbc_352.jpg,[0.9601],"[[134, 71, 518, 359]]","[[132, 70, 520, 358]]"
b2045fbc_1598.jpg,[0.8857],"[[91, 117, 547, 360]]","[[89, 115, 543, 358]]"
9aa3bbb8_17.jpg,[0.9533],"[[125, 85, 612, 359]]","[[123, 84, 621, 359]]"
9d47d182_137.jpg,[0.968],"[[51, 68, 459, 359]]","[[48, 67, 459, 360]]"
b2045fbc_1235.jpg,"[0.9546, 0.4552]","[[152, 65, 487, 359], [0, 86, 110, 360]]","[[152, 63, 487, 358], [0, 82, 110, 360]]"
9d47d182_269.jpg,[0.9592],"[[28, 63, 460, 360]]","[[26, 61, 462, 360]]"
b2045fbc_1068.jpg,[0.9642],"[[128, 64, 538, 359]]","[[128, 63, 536, 358]]"
b2045fbc_1075.jpg,[0.9693],"[[17, 1, 508, 360]]","[[17, 0, 509, 360]]"
9d47d182_169.jpg,[0.9707],"[[49, 67, 457, 359]]","[[48, 67, 455, 359]]"
b2045fbc_1273.jpg,[0.9605],"[[91, 98, 435, 359]]","[[90, 98, 434, 358]]"
9d47d182_412.jpg,[0.8967],"[[55, 68, 405, 359]]","[[53, 68, 402, 359]]"
b2045fbc_1419.jpg,[],[],[]
b2045fbc_716.jpg,[],[],[]
b2045fbc_185.jpg,"[0.9786, 0.9726]","[[0, 103, 320, 360], [325, 39, 640, 360]]","[[0, 103, 320, 360], [324, 37, 640, 359]]"
b2045fbc_2016.jpg,"[0.9424, 0.5201]","[[0, 5, 223, 359], [127, 88, 524, 359]]","[[0, 4, 224, 359], [165, 90, 521, 360]]"
b2045fbc_1175.jpg,[0.9444],"[[60, 98, 480, 359]]","[[56, 97, 479, 358]]"
ed2e9e4c_19.jpg,[0.9559],"[[105, 43, 561, 359]]","[[105, 41, 559, 358]]"
b2045fbc_1213.jpg,"[0.957, 0.6241]","[[151, 71, 490, 359], [0, 94, 112, 360]]","[[151, 69, 489, 360], [0, 94, 111, 359]]"
9d47d182_4.jpg,[0.9676],"[[55, 69, 460, 359]]","[[55, 68, 461, 359]]"
b2045fbc_714.jpg,[],[],[]
b2045fbc_192.jpg,"[0.9719, 0.96]","[[0, 113, 262, 360], [275, 55, 618, 360]]","[[0, 112, 261, 360], [275, 53, 617, 360]]"
b2045fbc_1983.jpg,[0.9662],"[[142, 96, 501, 359]]","[[142, 95, 501, 358]]"
b2045fbc_1989.jpg,[0.9652],"[[173, 84, 534, 360]]","[[172, 83, 534, 360]]"
b2045fbc_1845.jpg,[0.876],"[[126, 117, 440, 359]]","[[127, 115, 440, 358]]"
9aa3bbb8_69.jpg,[0.9586],"[[165, 84, 625, 359]]","[[167, 82, 625, 359]]"
ed2e9e4c_61.jpg,[0.9268],"[[121, 63, 571, 359]]","[[124, 61, 576, 358]]"
ed2e9e4c_48.jpg,[0.9392],"[[122, 57, 581, 359]]","[[127, 57, 597, 359]]"
b2045fbc_1097.jpg,[],[],[]
b2045fbc_1284.jpg,[0.9129],"[[93, 104, 437, 360]]","[[92, 103, 435, 360]]"
b2045fbc_780.jpg,[0.9635],"[[130, 60, 540, 359]]","[[130, 59, 538, 358]]"
b2045fbc_937.jpg,[0.9639],"[[48, 0, 507, 359]]","[[48, 0, 508, 360]]"
b2045fbc_781.jpg,[0.9742],"[[113, 88, 475, 359]]","[[113, 87, 474, 358]]"
ed2e9e4c_75.jpg,[0.9283],"[[127, 62, 556, 359]]","[[128, 59, 556, 359]]"
b2045fbc_1077.jpg,[0.9687],"[[97, 86, 454, 359]]","[[97, 86, 454, 359]]"
9d47d182_423.jpg,[0.9665],"[[58, 69, 460, 359]]","[[58, 68, 461, 358]]"
9d47d182_319.jpg,[0.919],"[[40, 64, 597, 359]]","[[39, 64, 600, 358]]"
f044cf1d_23.jpg,[0.9546],"[[102, 55, 537, 360]]","[[100, 53, 536, 358]]"
b2045fbc_2026.jpg,"[0.9432, 0.6968]","[[0, 2, 215, 358], [27, 89, 529, 359]]","[[1, 4, 215, 360], [168, 90, 524, 360]]"
b2045fbc_1759.jpg,[0.9694],"[[112, 133, 438, 360]]","[[112, 131, 439, 359]]"
b2045fbc_676.jpg,[],[],[]
f044cf1d_184.jpg,[0.9394],"[[30, 54, 561, 359]]","[[43, 57, 561, 360]]"
9d47d182_421.jpg,[0.967],"[[56, 69, 460, 359]]","[[55, 68, 460, 358]]"
ed2e9e4c_12.jpg,[0.9349],"[[123, 72, 607, 360]]","[[124, 72, 608, 358]]"
b2045fbc_1416.jpg,[],[],[]
b2045fbc_788.jpg,[0.9739],"[[113, 90, 475, 359]]","[[113, 90, 474, 358]]"
b2045fbc_1923.jpg,[0.8677],"[[56, 117, 450, 359]]","[[61, 115, 450, 358]]"
b2045fbc_1585.jpg,[0.8498],"[[5, 116, 520, 360]]","[[3, 115, 521, 358]]"
b2045fbc_962.jpg,[0.9289],"[[48, 1, 518, 360]]","[[53, 1, 514, 360]]"
9d47d182_6.jpg,[0.9653],"[[57, 69, 460, 359]]","[[56, 68, 460, 358]]"
9d47d182_77.jpg,[0.9664],"[[53, 67, 424, 359]]","[[51, 67, 424, 359]]"
9d47d182_291.jpg,[0.9067],"[[39, 63, 462, 359]]","[[38, 61, 637, 358]]"
b2045fbc_897.jpg,[0.9679],"[[84, 60, 484, 359]]","[[83, 59, 484, 359]]"
b2045fbc_282.jpg,[0.9555],"[[119, 58, 537, 359]]","[[119, 57, 536, 359]]"
b2045fbc_152.jpg,[0.9701],"[[156, 41, 500, 359]]","[[155, 41, 500, 359]]"
b2045fbc_1178.jpg,[0.9539],"[[58, 98, 479, 359]]","[[55, 97, 477, 358]]"
b2045fbc_585.jpg,[0.9677],"[[107, 50, 507, 359]]","[[108, 49, 508, 359]]"
ed2e9e4c_23.jpg,[0.9297],"[[123, 73, 605, 359]]","[[123, 72, 605, 358]]"
b2045fbc_1052.jpg,[0.9664],"[[51, 0, 539, 359]]","[[53, 0, 539, 358]]"
ed2e9e4c_63.jpg,[0.9123],"[[135, 77, 595, 359]]","[[135, 77, 593, 358]]"
9d47d182_317.jpg,[0.9211],"[[38, 64, 597, 359]]","[[37, 63, 599, 358]]"
b2045fbc_368.jpg,[0.9648],"[[91, 63, 511, 359]]","[[91, 63, 512, 358]]"
b2045fbc_971.jpg,[0.8971],"[[40, 19, 492, 359]]","[[40, 20, 487, 360]]"
9aa3bbb8_41.jpg,[0.9501],"[[127, 56, 637, 359]]","[[129, 55, 634, 358]]"
f044cf1d_230.jpg,[0.8926],"[[81, 51, 545, 359]]","[[81, 50, 545, 358]]"
b2045fbc_1714.jpg,[0.8243],"[[63, 138, 448, 360]]","[[61, 138, 451, 360]]"
9aa3bbb8_79.jpg,[0.9386],"[[117, 84, 554, 359]]","[[117, 84, 554, 359]]"
b2045fbc_1124.jpg,[0.9723],"[[114, 64, 517, 359]]","[[113, 63, 517, 358]]"
b2045fbc_439.jpg,[0.9617],"[[57, 68, 478, 359]]","[[56, 68, 475, 359]]"
f044cf1d_198.jpg,[0.9413],"[[31, 54, 562, 359]]","[[38, 57, 561, 360]]"
b2045fbc_136.jpg,[0.9729],"[[126, 70, 510, 359]]","[[126, 69, 510, 358]]"
b2045fbc_345.jpg,[0.9639],"[[135, 64, 534, 359]]","[[135, 64, 533, 358]]"
9d47d182_283.jpg,[0.9638],"[[39, 66, 444, 359]]","[[38, 64, 445, 359]]"
b2045fbc_1412.jpg,[0.9301],"[[99, 71, 442, 359]]","[[98, 70, 444, 358]]"
b2045fbc_1705.jpg,[0.8864],"[[36, 138, 445, 360]]","[[43, 138, 456, 360]]"
b2045fbc_289.jpg,[0.9406],"[[67, 46, 516, 360]]","[[65, 43, 517, 360]]"
b2045fbc_2019.jpg,"[0.9408, 0.7502]","[[0, 2, 219, 359], [173, 89, 524, 359]]","[[1, 1, 217, 360], [165, 90, 518, 360]]"
b2045fbc_1981.jpg,[0.9522],"[[133, 96, 507, 359]]","[[133, 95, 506, 359]]"
9d47d182_399.jpg,[0.932],"[[55, 68, 407, 359]]","[[56, 69, 403, 360]]"
b2045fbc_959.jpg,[0.9542],"[[53, 1, 519, 360]]","[[54, 1, 509, 360]]"
b2045fbc_1670.jpg,[0.4757],"[[54, 27, 506, 359]]","[[54, 24, 502, 358]]"
b2045fbc_835.jpg,[0.9649],"[[131, 65, 544, 359]]","[[131, 64, 543, 359]]"
9aa3bbb8_34.jpg,[0.9197],"[[136, 54, 625, 359]]","[[136, 52, 624, 358]]"
b2045fbc_1654.jpg,[0.6067],"[[183, 224, 567, 359]]","[[182, 223, 566, 360]]"
b2045fbc_246.jpg,[0.9733],"[[119, 62, 517, 359]]","[[118, 60, 514, 358]]"
9d47d182_272.jpg,[0.9641],"[[38, 65, 444, 359]]","[[36, 64, 447, 359]]"
b2045fbc_1445.jpg,[],[],[]
b2045fbc_1583.jpg,[0.8589],"[[85, 112, 530, 360]]","[[82, 111, 526, 359]]"
b2045fbc_2045.jpg,[0.7686],"[[16, 80, 618, 360]]","[[15, 81, 625, 360]]"
b2045fbc_1183.jpg,[0.9458],"[[47, 99, 483, 359]]","[[51, 98, 480, 358]]"
b2045fbc_822.jpg,[0.9535],"[[0, 32, 367, 359]]","[[0, 30, 368, 360]]"
f044cf1d_170.jpg,[0.9579],"[[78, 60, 503, 359]]","[[75, 59, 504, 358]]"
b2045fbc_209.jpg,[0.9595],"[[150, 50, 484, 359]]","[[151, 49, 485, 359]]"
b2045fbc_1302.jpg,[0.9534],"[[129, 103, 486, 360]]","[[129, 102, 486, 359]]"
f044cf1d_240.jpg,[0.8856],"[[82, 51, 545, 359]]","[[82, 50, 548, 358]]"
b2045fbc_1492.jpg,[0.9184],"[[115, 141, 343, 359]]","[[114, 140, 338, 359]]"
b2045fbc_378.jpg,[0.962],"[[98, 66, 512, 359]]","[[97, 66, 510, 359]]"
b2045fbc_1180.jpg,[0.9472],"[[57, 98, 480, 359]]","[[51, 97, 480, 358]]"
f044cf1d_68.jpg,[0.9554],"[[95, 43, 517, 359]]","[[93, 41, 518, 358]]"
b2045fbc_1741.jpg,[0.8593],"[[64, 136, 451, 360]]","[[63, 135, 493, 360]]"
b2045fbc_519.jpg,[0.7741],"[[171, 86, 475, 359]]","[[133, 86, 474, 358]]"
b2045fbc_173.jpg,"[0.9694, 0.4585]","[[153, 43, 499, 360], [0, 111, 52, 360]]","[[153, 42, 499, 358], [0, 124, 51, 360]]"
b2045fbc_1624.jpg,[0.8486],"[[85, 130, 552, 359]]","[[87, 130, 548, 359]]"
b2045fbc_1817.jpg,[0.9467],"[[112, 51, 579, 359]]","[[113, 50, 578, 358]]"
b2045fbc_107.jpg,"[0.9696, 0.9635]","[[0, 132, 282, 360], [293, 73, 632, 360]]","[[0, 131, 281, 358], [293, 72, 631, 358]]"
b2045fbc_112.jpg,"[0.9755, 0.9438]","[[304, 48, 639, 359], [0, 133, 274, 360]]","[[304, 46, 639, 359], [0, 132, 273, 358]]"
b2045fbc_1953.jpg,[0.9631],"[[146, 85, 515, 360]]","[[146, 85, 514, 359]]"
b2045fbc_1025.jpg,[0.9634],"[[1, 1, 528, 360]]","[[18, 1, 525, 360]]"
f044cf1d_214.jpg,[0.9544],"[[97, 46, 522, 359]]","[[92, 46, 524, 358]]"
b2045fbc_1131.jpg,[],[],[]
b2045fbc_719.jpg,[],[],[]
9d47d182_422.jpg,[0.9665],"[[55, 69, 460, 359]]","[[55, 68, 460, 359]]"
b2045fbc_1369.jpg,[0.935],"[[93, 94, 454, 359]]","[[92, 94, 455, 360]]"
f044cf1d_209.jpg,[0.9415],"[[31, 54, 556, 359]]","[[40, 57, 556, 360]]"
f044cf1d_224.jpg,[0.9285],"[[83, 50, 548, 359]]","[[80, 50, 544, 359]]"
b2045fbc_850.jpg,[0.9678],"[[37, 0, 500, 359]]","[[36, 0, 499, 358]]"
b2045fbc_422.jpg,[0.9647],"[[113, 72, 510, 359]]","[[113, 72, 510, 358]]"
b2045fbc_1355.jpg,[0.9517],"[[118, 110, 475, 360]]","[[118, 109, 476, 360]]"
9d47d182_184.jpg,[0.9625],"[[45, 66, 441, 359]]","[[43, 66, 440, 359]]"
b2045fbc_1327.jpg,[0.9415],"[[102, 97, 483, 360]]","[[101, 95, 482, 358]]"
9d47d182_400.jpg,[0.928],"[[55, 68, 407, 359]]","[[52, 68, 404, 359]]"
b2045fbc_1143.jpg,[0.8257],"[[0, 70, 383, 359]]","[[0, 68, 383, 359]]"
f044cf1d_191.jpg,[0.9412],"[[27, 54, 560, 359]]","[[40, 53, 560, 360]]"
9d47d182_2.jpg,[0.963],"[[51, 71, 463, 359]]","[[48, 70, 462, 358]]"
b2045fbc_651.jpg,[],[],[]
b2045fbc_683.jpg,[],[],[]
f044cf1d_225.jpg,[0.9151],"[[82, 51, 546, 360]]","[[84, 50, 552, 359]]"
f044cf1d_36.jpg,[0.953],"[[108, 43, 535, 359]]","[[107, 42, 535, 358]]"
b2045fbc_865.jpg,[0.9684],"[[72, 0, 541, 360]]","[[72, 3, 540, 359]]"
b2045fbc_45.jpg,[0.97],"[[0, 66, 341, 359]]","[[0, 64, 342, 358]]"
b2045fbc_19.jpg,[0.9484],"[[79, 105, 482, 359]]","[[81, 104, 479, 359]]"
b2045fbc_1161.jpg,[0.9525],"[[51, 95, 482, 359]]","[[55, 95, 481, 359]]"
b2045fbc_1398.jpg,[0.8998],"[[0, 98, 324, 360]]","[[0, 98, 324, 360]]"
9d47d182_220.jpg,[0.9125],"[[40, 64, 557, 359]]","[[43, 64, 556, 358]]"
f044cf1d_155.jpg,[0.924],"[[3, 64, 534, 359]]","[[10, 63, 530, 360]]"
9d47d182_217.jpg,[0.8873],"[[42, 64, 553, 359]]","[[36, 64, 551, 358]]"
b2045fbc_1905.jpg,[0.9401],"[[178, 112, 443, 360]]","[[177, 112, 453, 359]]"
b2045fbc_1712.jpg,[0.9135],"[[58, 113, 369, 359]]","[[60, 113, 368, 359]]"
b2045fbc_543.jpg,[0.9551],"[[109, 91, 474, 359]]","[[106, 91, 474, 358]]"
b2045fbc_199.jpg,"[0.9535, 0.5414]","[[148, 49, 488, 359], [0, 123, 67, 360]]","[[147, 48, 489, 360], [0, 127, 68, 359]]"
b2045fbc_707.jpg,[0.8881],"[[521, 18, 640, 360]]","[[521, 16, 639, 358]]"
b2045fbc_527.jpg,[0.7288],"[[167, 90, 473, 359]]","[[153, 90, 471, 358]]"
b2045fbc_1486.jpg,[0.8231],"[[184, 244, 325, 360]]",[]
9aa3bbb8_3.jpg,[0.9588],"[[109, 104, 570, 359]]","[[110, 104, 565, 359]]"
b2045fbc_1978.jpg,"[0.943, 0.6252]","[[174, 76, 501, 359], [0, 78, 89, 360]]","[[174, 76, 502, 359], [0, 79, 88, 358]]"
9aa3bbb8_81.jpg,[0.9568],"[[115, 62, 557, 359]]","[[115, 63, 557, 358]]"
b2045fbc_110.jpg,"[0.9718, 0.9658]","[[299, 52, 632, 359], [0, 131, 275, 359]]","[[0, 130, 276, 359], [299, 51, 633, 358]]"
b2045fbc_1330.jpg,[0.9482],"[[107, 98, 483, 360]]","[[105, 100, 482, 360]]"
b2045fbc_365.jpg,[0.9648],"[[93, 57, 516, 359]]","[[93, 57, 514, 359]]"
b2045fbc_1650.jpg,[0.6281],"[[118, 175, 382, 359]]","[[118, 174, 381, 359]]"
b2045fbc_1286.jpg,[0.8784],"[[54, 105, 438, 360]]","[[55, 104, 437, 359]]"
ed2e9e4c_58.jpg,[0.9399],"[[125, 60, 579, 359]]","[[127, 60, 589, 358]]"
b2045fbc_1230.jpg,[],[],[]
f044cf1d_66.jpg,[0.8609],"[[0, 53, 580, 359]]","[[0, 53, 576, 360]]"
b2045fbc_1730.jpg,[0.8624],"[[65, 135, 502, 360]]","[[66, 133, 490, 358]]"
b2045fbc_582.jpg,[0.9692],"[[0, 0, 452, 359]]","[[0, 0, 452, 358]]"
9aa3bbb8_70.jpg,[0.9516],"[[172, 68, 616, 360]]","[[174, 67, 622, 359]]"
b2045fbc_1441.jpg,[],[],[]
9d47d182_121.jpg,[0.9173],"[[49, 66, 460, 359]]","[[48, 67, 459, 360]]"
b2045fbc_821.jpg,[0.7239],"[[0, 46, 319, 359]]","[[0, 46, 319, 359]]"
9d47d182_300.jpg,[0.8581],"[[41, 64, 613, 359]]","[[39, 64, 605, 358]]"
b2045fbc_178.jpg,[0.9649],"[[157, 47, 499, 359]]","[[157, 47, 498, 360], [0, 133, 62, 358]]"
9d47d182_336.jpg,[0.9295],"[[36, 65, 432, 359]]","[[33, 64, 435, 358]]"
b2045fbc_666.jpg,[],[],[]
b2045fbc_898.jpg,[0.9659],"[[84, 60, 481, 359]]","[[83, 59, 481, 358]]"
9aa3bbb8_35.jpg,[0.9504],"[[130, 54, 639, 359]]","[[130, 53, 638, 358]]"
f044cf1d_223.jpg,[0.919],"[[83, 50, 550, 359]]","[[79, 49, 557, 359]]"
b2045fbc_881.jpg,[0.9406],"[[93, 48, 507, 360]]","[[93, 47, 507, 360]]"
9aa3bbb8_105.jpg,[0.9578],"[[109, 103, 569, 359]]","[[110, 103, 565, 359]]"
9d47d182_224.jpg,[0.965],"[[51, 70, 464, 359]]","[[48, 68, 464, 358]]"
b2045fbc_1659.jpg,[0.7041],"[[107, 165, 383, 359]]","[[106, 165, 382, 360]]"
b2045fbc_1801.jpg,[0.8862],"[[124, 115, 442, 359]]","[[109, 113, 442, 358]]"
b2045fbc_235.jpg,[0.9721],"[[126, 71, 510, 359]]","[[125, 70, 511, 358]]"
b2045fbc_992.jpg,[0.9493],"[[16, 50, 455, 359]]","[[15, 49, 455, 359]]"
b2045fbc_361.jpg,[0.9666],"[[113, 65, 512, 359]]","[[113, 64, 510, 358]]"
9d47d182_161.jpg,[0.9701],"[[52, 67, 458, 359]]","[[50, 67, 458, 359]]"
b2045fbc_1892.jpg,"[0.9604, 0.9366]","[[224, 114, 490, 360], [0, 11, 102, 359]]","[[1, 10, 102, 360], [224, 114, 488, 360]]"
b2045fbc_537.jpg,[0.9525],"[[109, 89, 477, 359]]","[[108, 90, 476, 358]]"
b2045fbc_30.jpg,[0.831],"[[0, 46, 346, 360]]","[[0, 46, 344, 358]]"
b2045fbc_1237.jpg,[],[],[]
9d47d182_178.jpg,[0.9629],"[[45, 66, 449, 359]]","[[43, 66, 449, 359]]"
b2045fbc_1260.jpg,[0.7906],"[[0, 122, 382, 360]]","[[0, 121, 383, 360]]"
b2045fbc_976.jpg,[0.9662],"[[93, 41, 500, 359]]","[[92, 40, 500, 359]]"
b2045fbc_47.jpg,[0.9717],"[[124, 70, 512, 359]]","[[121, 69, 511, 358]]"
b2045fbc_506.jpg,[0.7542],"[[169, 81, 473, 359]]","[[116, 82, 471, 358]]"
f044cf1d_25.jpg,[0.9572],"[[104, 55, 534, 360]]","[[102, 55, 534, 358]]"
b2045fbc_797.jpg,[0.9709],"[[111, 96, 475, 359]]","[[111, 95, 473, 359]]"
f044cf1d_59.jpg,[0.6705],"[[39, 59, 400, 359]]","[[41, 58, 575, 359]]"
b2045fbc_756.jpg,[0.8404],"[[584, 37, 640, 360]]","[[582, 45, 640, 360]]"
b2045fbc_609.jpg,[0.9487],"[[0, 1, 402, 359]]","[[0, 1, 403, 359]]"
b2045fbc_483.jpg,[0.9708],"[[97, 88, 465, 359]]","[[97, 87, 465, 358]]"
9d47d182_17.jpg,[0.9664],"[[58, 69, 461, 359]]","[[55, 68, 460, 358]]"
9d47d182_281.jpg,[0.9647],"[[40, 65, 444, 359]]","[[38, 64, 446, 359]]"
b2045fbc_2052.jpg,[0.9496],"[[7, 2, 573, 359]]","[[2, 1, 570, 360]]"
b2045fbc_1215.jpg,[],[],[]
f044cf1d_55.jpg,[0.6262],"[[21, 57, 584, 359]]","[[35, 58, 580, 360]]"
f044cf1d_6.jpg,[0.8795],"[[47, 57, 560, 359]]","[[48, 59, 559, 359]]"
b2045fbc_1189.jpg,[0.942],"[[54, 101, 480, 359]]","[[53, 100, 475, 359]]"
b2045fbc_1853.jpg,[0.9657],"[[191, 97, 529, 360]]","[[190, 96, 529, 360]]"
b2045fbc_1385.jpg,[0.8633],"[[95, 102, 459, 359]]","[[94, 102, 458, 359]]"
b2045fbc_933.jpg,[0.9693],"[[106, 79, 486, 359]]","[[106, 78, 485, 358]]"
f044cf1d_86.jpg,[0.958],"[[64, 58, 485, 359]]","[[68, 58, 488, 358]]"
9d47d182_331.jpg,[0.931],"[[36, 65, 432, 359]]","[[35, 64, 433, 358]]"
b2045fbc_1018.jpg,[0.9516],"[[56, 18, 502, 359]]","[[69, 16, 503, 360]]"
b2045fbc_1407.jpg,[0.5973],"[[0, 113, 354, 360]]","[[0, 111, 355, 359]]"
b2045fbc_219.jpg,[0.962],"[[148, 50, 483, 359]]","[[148, 49, 483, 359]]"
9d47d182_279.jpg,[0.9632],"[[51, 72, 458, 359]]","[[48, 72, 459, 358]]"
b2045fbc_1105.jpg,[0.8926],"[[0, 14, 408, 359]]","[[0, 15, 408, 358]]"
9d47d182_179.jpg,[0.9488],"[[49, 68, 465, 359]]","[[47, 68, 465, 359]]"
9aa3bbb8_28.jpg,[0.9379],"[[132, 45, 580, 359]]","[[130, 46, 574, 358]]"
f044cf1d_81.jpg,[0.9576],"[[65, 59, 485, 359]]","[[68, 59, 487, 359]]"
9d47d182_38.jpg,[0.9261],"[[52, 67, 510, 359]]","[[50, 67, 502, 359]]"
b2045fbc_1974.jpg,[0.953],"[[113, 80, 537, 359]]","[[113, 79, 535, 360]]"
f044cf1d_28.jpg,[0.9528],"[[107, 55, 536, 359]]","[[107, 53, 535, 358]]"
9d47d182_292.jpg,[0.8597],"[[40, 63, 635, 360]]","[[38, 63, 634, 358]]"
f044cf1d_186.jpg,[0.9393],"[[29, 54, 560, 359]]","[[41, 57, 558, 360]]"
9d47d182_25.jpg,[0.9655],"[[51, 67, 456, 359]]","[[48, 67, 455, 360]]"
b2045fbc_1711.jpg,[0.8209],"[[65, 138, 446, 360]]","[[77, 139, 499, 360]]"
b2045fbc_143.jpg,"[0.9641, 0.9612]","[[231, 47, 581, 360], [0, 98, 224, 360]]","[[0, 96, 224, 360], [231, 46, 581, 359]]"
9d47d182_393.jpg,[0.8457],"[[57, 68, 421, 359]]","[[59, 69, 404, 360]]"
b2045fbc_2058.jpg,[0.964],"[[52, 2, 556, 359]]","[[50, 1, 557, 359]]"
f044cf1d_156.jpg,[0.9357],"[[4, 64, 533, 359]]","[[11, 65, 531, 360]]"
b2045fbc_1037.jpg,[0.9674],"[[69, 0, 543, 359]]","[[45, 1, 543, 360]]"
b2045fbc_1070.jpg,[0.9571],"[[6, 1, 469, 359]]","[[3, 1, 469, 358]]"
9d47d182_418.jpg,[0.9683],"[[56, 69, 460, 359]]","[[55, 68, 460, 358]]"
b2045fbc_1498.jpg,[0.7043],"[[118, 140, 337, 359]]","[[117, 139, 335, 359]]"
b2045fbc_418.jpg,[0.9677],"[[96, 72, 508, 359]]","[[96, 72, 510, 358]]"
b2045fbc_213.jpg,[0.9719],"[[126, 71, 511, 359]]","[[125, 69, 511, 360]]"
b2045fbc_180.jpg,[0.9725],"[[126, 71, 510, 359]]","[[124, 69, 508, 358]]"
b2045fbc_232.jpg,[0.9725],"[[126, 71, 510, 359]]","[[125, 70, 510, 358]]"
b2045fbc_1429.jpg,[],[],[]
b2045fbc_1198.jpg,[0.9489],"[[50, 99, 482, 359]]","[[51, 98, 483, 358]]"
b2045fbc_1541.jpg,[],[],[]
b2045fbc_1731.jpg,[0.8376],"[[65, 134, 454, 360]]","[[63, 132, 493, 360]]"
b2045fbc_1814.jpg,[0.9565],"[[111, 48, 573, 359]]","[[110, 48, 573, 359]]"
b2045fbc_1769.jpg,"[0.9352, 0.2993]","[[90, 32, 592, 359], [0, 94, 31, 359]]","[[89, 31, 594, 360]]"
9d47d182_43.jpg,[0.9268],"[[55, 67, 519, 359]]","[[51, 66, 515, 359]]"
b2045fbc_1452.jpg,[],[],[]
b2045fbc_434.jpg,[0.9622],"[[60, 76, 473, 359]]","[[59, 76, 473, 359]]"
b2045fbc_1699.jpg,[0.7961],"[[153, 261, 261, 359]]",[]
b2045fbc_492.jpg,[0.9696],"[[97, 87, 466, 359]]","[[97, 87, 466, 358]]"
f044cf1d_190.jpg,[0.9554],"[[93, 43, 519, 359]]","[[92, 41, 520, 359]]"
b2045fbc_176.jpg,"[0.9636, 0.4083]","[[152, 43, 498, 359], [0, 123, 48, 360]]","[[151, 42, 497, 358], [0, 130, 48, 359]]"
9d47d182_197.jpg,[0.885],"[[44, 65, 585, 359]]","[[40, 64, 576, 359]]"
9aa3bbb8_19.jpg,[0.9526],"[[122, 85, 605, 359]]","[[121, 85, 619, 359]]"
b2045fbc_1632.jpg,[0.8541],"[[85, 130, 409, 360]]","[[85, 130, 407, 359]]"
b2045fbc_1364.jpg,[0.8445],"[[91, 94, 453, 359]]","[[93, 94, 453, 360]]"
b2045fbc_916.jpg,[0.9679],"[[86, 71, 477, 359]]","[[86, 69, 477, 358]]"
b2045fbc_1887.jpg,"[0.9576, 0.9285]","[[215, 94, 465, 359], [0, 12, 95, 359]]","[[217, 93, 463, 360], [0, 10, 95, 360]]"
b2045fbc_1530.jpg,[0.7751],"[[104, 131, 320, 359]]","[[104, 130, 320, 359]]"
b2045fbc_1039.jpg,[0.9672],"[[63, 0, 547, 359]]","[[61, 1, 542, 360]]"
b2045fbc_553.jpg,[0.9571],"[[108, 83, 475, 360]]","[[108, 82, 474, 359]]"
b2045fbc_1406.jpg,[0.5314],"[[0, 112, 357, 360]]","[[0, 112, 357, 359]]"
9d47d182_282.jpg,[0.9649],"[[40, 65, 444, 359]]","[[38, 64, 446, 359]]"
b2045fbc_7.jpg,[0.948],"[[70, 102, 487, 359]]","[[75, 102, 481, 359]]"
b2045fbc_2059.jpg,[0.9542],"[[96, 65, 515, 359]]","[[95, 64, 517, 358]]"
b2045fbc_1504.jpg,[0.7688],"[[120, 142, 334, 359]]","[[119, 140, 335, 359]]"
f044cf1d_257.jpg,[0.961],"[[79, 39, 523, 360]]","[[78, 39, 521, 359]]"
b2045fbc_1525.jpg,[0.7612],"[[103, 131, 323, 359]]","[[103, 130, 323, 359]]"
b2045fbc_1726.jpg,[0.8143],"[[65, 135, 451, 359]]","[[61, 133, 474, 358]]"
9d47d182_324.jpg,[0.8751],"[[37, 65, 564, 359]]","[[37, 64, 565, 359]]"
b2045fbc_449.jpg,[0.9701],"[[89, 83, 464, 359]]","[[88, 82, 464, 359]]"
b2045fbc_980.jpg,[0.9628],"[[133, 67, 539, 359]]","[[134, 67, 538, 359]]"
b2045fbc_991.jpg,[0.9632],"[[126, 62, 541, 359]]","[[125, 61, 539, 358]]"
b2045fbc_1298.jpg,[0.8007],"[[94, 107, 425, 359]]","[[92, 106, 424, 360]]"
9d47d182_136.jpg,[0.9672],"[[51, 67, 461, 359]]","[[49, 67, 461, 359]]"
b2045fbc_1309.jpg,[0.9333],"[[126, 109, 480, 360]]","[[125, 108, 482, 358]]"
b2045fbc_124.jpg,"[0.973, 0.9611]","[[0, 127, 254, 359], [249, 46, 612, 360]]","[[0, 127, 255, 358], [249, 45, 611, 358]]"
b2045fbc_1849.jpg,[0.972],"[[195, 119, 497, 359]]","[[196, 118, 496, 359]]"
b2045fbc_1959.jpg,[0.9674],"[[158, 91, 506, 360]]","[[156, 91, 504, 360]]"
ed2e9e4c_39.jpg,[0.9484],"[[99, 67, 570, 359]]","[[97, 67, 575, 360]]"
9d47d182_138.jpg,[0.9698],"[[52, 68, 459, 359]]","[[48, 67, 459, 359]]"
b2045fbc_1703.jpg,[0.7782],"[[72, 139, 448, 360]]","[[73, 138, 469, 360]]"
ed2e9e4c_15.jpg,[0.9364],"[[125, 73, 603, 359]]","[[123, 72, 605, 358]]"
b2045fbc_759.jpg,[0.8535],"[[583, 35, 639, 360]]","[[581, 35, 639, 358]]"
f044cf1d_193.jpg,[0.9421],"[[30, 54, 560, 359]]","[[41, 57, 561, 360]]"
f044cf1d_31.jpg,[0.9552],"[[107, 44, 534, 359]]","[[107, 43, 532, 358]]"
9d47d182_168.jpg,[0.9593],"[[50, 70, 465, 359]]","[[46, 68, 464, 358]]"
b2045fbc_837.jpg,[0.8356],"[[93, 79, 420, 359]]","[[90, 77, 418, 358]]"
b2045fbc_1927.jpg,[0.9717],"[[181, 101, 514, 360]]","[[181, 100, 514, 360]]"
b2045fbc_1642.jpg,[],[],"[[64, 148, 363, 359]]"
b2045fbc_751.jpg,[0.5202],"[[596, 96, 640, 360]]","[[596, 119, 639, 360]]"
b2045fbc_1342.jpg,[0.9491],"[[115, 106, 472, 360]]","[[115, 105, 472, 358]]"
f044cf1d_151.jpg,[0.9549],"[[54, 59, 541, 359]]","[[56, 59, 535, 359]]"
9aa3bbb8_24.jpg,[0.9229],"[[110, 61, 597, 359]]","[[109, 59, 594, 358]]"
ed2e9e4c_45.jpg,[0.9365],"[[123, 74, 606, 360]]","[[122, 73, 606, 360]]"
b2045fbc_1414.jpg,[0.9744],"[[87, 84, 449, 359]]","[[87, 85, 449, 359]]"
b2045fbc_1864.jpg,[0.9709],"[[197, 106, 501, 359]]","[[197, 104, 501, 358]]"
f044cf1d_158.jpg,[0.9369],"[[7, 64, 535, 359]]","[[11, 65, 531, 360]]"
b2045fbc_1886.jpg,[0.9682],"[[195, 101, 480, 360]]","[[194, 101, 480, 360]]"
b2045fbc_441.jpg,[0.956],"[[42, 67, 474, 359]]","[[43, 67, 472, 359]]"
b2045fbc_29.jpg,[0.9058],"[[0, 49, 344, 360]]","[[0, 46, 343, 359]]"
ed2e9e4c_83.jpg,[0.8667],"[[127, 62, 540, 359]]","[[129, 61, 537, 360]]"
b2045fbc_313.jpg,[0.9713],"[[124, 80, 497, 359]]","[[123, 79, 496, 358]]"
9d47d182_357.jpg,[0.9656],"[[48, 71, 458, 359]]","[[46, 69, 458, 360]]"
b2045fbc_1534.jpg,"[0.9588, 0.5729]","[[155, 52, 493, 359], [0, 100, 79, 360]]","[[154, 51, 492, 360], [0, 97, 79, 358]]"
b2045fbc_1005.jpg,[0.974],"[[102, 73, 487, 359]]","[[104, 73, 488, 358]]"
b2045fbc_1439.jpg,[],[],[]
f044cf1d_57.jpg,[0.9547],"[[94, 43, 518, 359]]","[[92, 41, 520, 359]]"
b2045fbc_1170.jpg,[0.9464],"[[57, 97, 480, 359]]","[[56, 95, 480, 358]]"
b2045fbc_1843.jpg,[0.9572],"[[170, 83, 530, 360]]","[[170, 80, 530, 358]]"
b2045fbc_789.jpg,[0.9732],"[[111, 92, 475, 359]]","[[111, 91, 476, 359]]"
b2045fbc_880.jpg,[0.9585],"[[125, 65, 534, 359]]","[[125, 64, 534, 358]]"
b2045fbc_1236.jpg,[],[],[]
b2045fbc_515.jpg,[0.7708],"[[125, 86, 476, 359]]","[[135, 86, 476, 358]]"
b2045fbc_813.jpg,[0.9642],"[[124, 63, 535, 359]]","[[123, 63, 533, 358]]"
b2045fbc_1388.jpg,[0.9703],"[[110, 89, 446, 359]]","[[108, 88, 447, 358]]"
b2045fbc_1291.jpg,[0.7269],"[[0, 111, 326, 359]]","[[0, 110, 326, 360]]"
f044cf1d_51.jpg,[0.572],"[[31, 58, 390, 359]]","[[34, 60, 585, 360]]"
9d47d182_289.jpg,[0.9662],"[[40, 66, 458, 359]]","[[38, 66, 457, 359]]"
b2045fbc_1079.jpg,[0.9638],"[[128, 58, 544, 359]]","[[128, 58, 543, 359]]"
9aa3bbb8_29.jpg,[0.9478],"[[113, 80, 583, 360]]","[[110, 78, 585, 360]]"
b2045fbc_2075.jpg,[0.7333],"[[0, 57, 383, 359]]","[[1, 58, 375, 360]]"
9d47d182_172.jpg,[0.9483],"[[45, 66, 459, 359]]","[[43, 64, 461, 359]]"
b2045fbc_723.jpg,[],[],[]
9d47d182_109.jpg,[0.9689],"[[55, 69, 456, 359]]","[[54, 68, 453, 359]]"
b2045fbc_561.jpg,[0.9713],"[[92, 60, 479, 359]]","[[90, 59, 482, 358]]"
b2045fbc_510.jpg,[0.8479],"[[98, 84, 478, 359]]","[[168, 84, 472, 359]]"
b2045fbc_785.jpg,[0.9735],"[[112, 90, 475, 359]]","[[112, 90, 475, 358]]"
b2045fbc_332.jpg,[0.9407],"[[68, 11, 488, 359]]","[[66, 10, 490, 358]]"
9d47d182_330.jpg,[0.9244],"[[36, 65, 430, 359]]","[[35, 64, 432, 358]]"
b2045fbc_1353.jpg,[0.9534],"[[117, 109, 476, 360]]","[[117, 108, 475, 358]]"
f044cf1d_78.jpg,[0.9576],"[[65, 60, 486, 359]]","[[68, 59, 488, 358]]"
b2045fbc_1921.jpg,[0.9733],"[[233, 116, 495, 360]]","[[232, 114, 495, 360]]"
9d47d182_122.jpg,[0.9351],"[[50, 66, 460, 359]]","[[48, 66, 459, 359]]"
b2045fbc_475.jpg,[0.9672],"[[96, 87, 466, 359]]","[[95, 86, 465, 358]]"
b2045fbc_1539.jpg,[0.5378],"[[84, 122, 309, 360]]",[]
b2045fbc_236.jpg,[0.9706],"[[117, 88, 480, 359]]","[[117, 87, 479, 358]]"
b2045fbc_233.jpg,[0.972],"[[127, 71, 510, 359]]","[[125, 70, 510, 360]]"
b2045fbc_218.jpg,[0.9635],"[[151, 51, 483, 359]]","[[152, 50, 483, 359]]"
b2045fbc_74.jpg,[0.7285],"[[30, 163, 330, 360]]","[[29, 164, 330, 360]]"
b2045fbc_342.jpg,[0.9674],"[[138, 65, 536, 359]]","[[137, 64, 535, 359]]"
9aa3bbb8_47.jpg,[0.9395],"[[127, 55, 625, 359]]","[[129, 55, 625, 358]]"
b2045fbc_1601.jpg,"[0.9627, 0.9625]","[[255, 69, 603, 359], [0, 99, 259, 359]]","[[0, 97, 261, 358], [255, 68, 603, 359]]"
b2045fbc_1413.jpg,[0.9737],"[[84, 85, 454, 359]]","[[83, 86, 453, 359]]"
b2045fbc_1992.jpg,[0.9666],"[[225, 87, 535, 360]]","[[225, 86, 537, 359]]"
b2045fbc_559.jpg,[0.9402],"[[107, 85, 478, 360]]","[[107, 84, 479, 360]]"
9aa3bbb8_27.jpg,[0.946],"[[134, 45, 573, 359]]","[[133, 45, 571, 358]]"
b2045fbc_675.jpg,[],[],[]
9aa3bbb8_15.jpg,[0.9357],"[[116, 89, 581, 359]]","[[115, 90, 600, 358]]"
b2045fbc_509.jpg,[0.7298],"[[97, 83, 474, 359]]","[[194, 84, 470, 359]]"
b2045fbc_538.jpg,[0.9572],"[[109, 90, 476, 359]]","[[108, 91, 475, 358]]"
b2045fbc_1933.jpg,[0.97],"[[256, 95, 545, 360]]","[[257, 94, 545, 359]]"
b2045fbc_1365.jpg,[0.8649],"[[91, 93, 453, 359]]","[[91, 93, 453, 360]]"
b2045fbc_1793.jpg,[0.5479],"[[123, 71, 520, 359]]","[[125, 69, 523, 358]]"
b2045fbc_1512.jpg,"[0.9509, 0.4806]","[[87, 65, 434, 359], [0, 91, 44, 359]]","[[87, 64, 433, 358], [0, 118, 44, 358]]"
b2045fbc_2000.jpg,[0.9212],"[[60, 65, 523, 360]]","[[53, 66, 522, 360]]"
b2045fbc_495.jpg,[0.9703],"[[97, 88, 467, 359]]","[[97, 87, 466, 358]]"
b2045fbc_798.jpg,[0.9694],"[[112, 96, 474, 359]]","[[113, 95, 473, 359]]"
b2045fbc_2001.jpg,[0.9759],"[[69, 64, 430, 359]]","[[69, 63, 430, 358]]"
b2045fbc_600.jpg,[0.9531],"[[116, 61, 512, 359]]","[[116, 59, 511, 359]]"
9d47d182_84.jpg,[0.9662],"[[46, 70, 459, 359]]","[[48, 69, 455, 360]]"
9d47d182_46.jpg,[0.9644],"[[50, 71, 462, 359]]","[[47, 70, 460, 358]]"
b2045fbc_678.jpg,[],[],[]
9d47d182_249.jpg,[0.9366],"[[35, 64, 454, 359]]","[[33, 63, 453, 358]]"
b2045fbc_1531.jpg,[0.7786],"[[106, 131, 322, 360]]","[[105, 130, 321, 359]]"
b2045fbc_298.jpg,[0.9125],"[[100, 65, 519, 359]]","[[98, 64, 521, 358]]"
b2045fbc_945.jpg,[0.9509],"[[27, 0, 516, 360]]","[[27, 1, 515, 360]]"
b2045fbc_1740.jpg,[0.8544],"[[66, 134, 493, 359]]","[[65, 135, 502, 360]]"
9d47d182_258.jpg,[0.9252],"[[29, 62, 623, 359]]","[[36, 63, 628, 358]]"
b2045fbc_1064.jpg,[0.9597],"[[61, 0, 542, 360]]","[[63, 0, 543, 358]]"
ed2e9e4c_1.jpg,[0.9326],"[[123, 72, 606, 360]]","[[125, 72, 607, 358]]"
b2045fbc_1748.jpg,[0.8265],"[[74, 137, 501, 360]]","[[68, 136, 480, 360]]"
b2045fbc_1428.jpg,[],[],[]
b2045fbc_912.jpg,[0.9638],"[[83, 67, 477, 359]]","[[83, 67, 477, 359]]"
b2045fbc_1115.jpg,[0.965],"[[93, 41, 517, 360]]","[[92, 40, 515, 359]]"
b2045fbc_652.jpg,[],[],[]
b2045fbc_1867.jpg,"[0.9609, 0.4081]","[[158, 59, 493, 359], [0, 79, 76, 360]]","[[158, 58, 493, 359], [0, 75, 76, 359]]"
b2045fbc_783.jpg,[0.9737],"[[112, 89, 475, 359]]","[[112, 88, 474, 358]]"
b2045fbc_223.jpg,[0.9564],"[[151, 52, 486, 360]]","[[151, 51, 485, 360]]"
b2045fbc_343.jpg,[0.9663],"[[137, 65, 535, 359]]","[[136, 64, 534, 359]]"
b2045fbc_2055.jpg,[0.7233],"[[190, 83, 406, 360]]",[]
b2045fbc_1634.jpg,"[0.9617, 0.9581]","[[371, 58, 640, 360], [44, 109, 373, 359]]","[[46, 109, 373, 358], [371, 57, 640, 359]]"
9d47d182_205.jpg,[0.9605],"[[43, 68, 465, 359]]","[[41, 67, 466, 359]]"
b2045fbc_1240.jpg,[],[],[]
b2045fbc_1872.jpg,"[0.9691, 0.9605]","[[183, 103, 530, 359], [43, 37, 262, 360]]","[[42, 39, 261, 360], [185, 103, 527, 360]]"
b2045fbc_1071.jpg,[0.9375],"[[0, 1, 417, 359]]","[[0, 3, 416, 359]]"
b2045fbc_1893.jpg,"[0.9689, 0.8796]","[[224, 114, 488, 359], [0, 11, 77, 359]]","[[1, 19, 71, 360], [223, 113, 485, 359]]"
b2045fbc_476.jpg,[0.969],"[[96, 87, 464, 359]]","[[96, 86, 464, 358]]"
b2045fbc_814.jpg,[0.9676],"[[107, 95, 468, 359]]","[[107, 95, 469, 359]]"
b2045fbc_399.jpg,[0.9646],"[[96, 70, 507, 359]]","[[96, 69, 510, 358]]"
b2045fbc_330.jpg,[0.9657],"[[97, 60, 508, 359]]","[[97, 59, 507, 359]]"
b2045fbc_806.jpg,[0.9717],"[[107, 95, 471, 359]]","[[107, 94, 473, 359]]"
b2045fbc_1074.jpg,[0.9603],"[[0, 4, 423, 359]]","[[0, 5, 420, 359]]"
b2045fbc_892.jpg,[0.9695],"[[83, 57, 488, 359]]","[[82, 55, 486, 359]]"
b2045fbc_68.jpg,[0.9045],"[[0, 161, 318, 359]]","[[0, 159, 319, 358]]"
b2045fbc_1737.jpg,[0.821],"[[88, 135, 497, 360]]","[[65, 132, 498, 358]]"
9d47d182_329.jpg,[0.9299],"[[36, 65, 431, 359]]","[[35, 64, 433, 358]]"
b2045fbc_1675.jpg,[0.964],"[[0, 1, 399, 360]]","[[0, 0, 399, 358]]"
b2045fbc_1829.jpg,[0.9612],"[[145, 138, 507, 360]]","[[143, 136, 505, 359]]"
9d47d182_403.jpg,[0.938],"[[55, 68, 406, 359]]","[[54, 68, 405, 359]]"
f044cf1d_8.jpg,[0.8856],"[[49, 58, 581, 359]]","[[51, 59, 560, 359]]"
b2045fbc_686.jpg,[],[],[]
b2045fbc_191.jpg,[0.9719],"[[126, 71, 510, 359]]","[[126, 70, 509, 358]]"
9d47d182_246.jpg,[0.9494],"[[37, 59, 518, 359]]","[[38, 59, 521, 359]]"
b2045fbc_1519.jpg,[0.7685],"[[110, 166, 465, 359]]","[[110, 166, 466, 359]]"
b2045fbc_757.jpg,[0.9689],"[[113, 86, 474, 359]]","[[112, 86, 474, 359]]"
b2045fbc_1197.jpg,[0.9578],"[[41, 100, 483, 359]]","[[47, 98, 479, 358]]"
b2045fbc_1394.jpg,[0.8725],"[[0, 99, 321, 360]]","[[0, 97, 320, 360]]"
b2045fbc_2038.jpg,[0.9107],"[[87, 104, 533, 359]]","[[90, 103, 532, 359]]"
b2045fbc_14.jpg,[0.9716],"[[123, 70, 513, 359]]","[[123, 68, 512, 358]]"
b2045fbc_1926.jpg,[0.9715],"[[180, 103, 517, 360]]","[[179, 103, 517, 359]]"
b2045fbc_776.jpg,[0.9719],"[[114, 98, 464, 360]]","[[112, 96, 464, 358]]"
b2045fbc_244.jpg,[0.9694],"[[96, 71, 488, 359]]","[[96, 69, 487, 358]]"
b2045fbc_1947.jpg,[0.966],"[[149, 86, 519, 360]]","[[149, 85, 518, 360]]"
9d47d182_322.jpg,[0.9263],"[[37, 64, 450, 359]]","[[39, 64, 573, 360]]"
9d47d182_176.jpg,[0.9642],"[[48, 66, 454, 359]]","[[46, 66, 453, 359]]"
b2045fbc_602.jpg,[0.9703],"[[125, 68, 527, 359]]","[[125, 68, 527, 359]]"
b2045fbc_1210.jpg,[],[],[]
b2045fbc_121.jpg,"[0.9633, 0.9591]","[[139, 55, 480, 359], [0, 99, 145, 360]]","[[0, 98, 144, 358], [139, 53, 480, 358]]"
b2045fbc_1615.jpg,[0.7525],"[[42, 115, 491, 360]]","[[43, 114, 492, 360]]"
f044cf1d_280.jpg,[0.8664],"[[47, 59, 589, 359]]","[[50, 59, 558, 359]]"
b2045fbc_846.jpg,[0.9667],"[[122, 64, 536, 359]]","[[120, 64, 535, 358]]"
b2045fbc_2051.jpg,[0.3385],"[[0, 0, 534, 360]]","[[3, 6, 532, 358]]"
b2045fbc_375.jpg,[0.958],"[[97, 67, 512, 359]]","[[97, 67, 510, 359]]"
f044cf1d_187.jpg,[0.9356],"[[28, 54, 559, 359]]","[[38, 53, 558, 360]]"
b2045fbc_87.jpg,"[0.9757, 0.9752]","[[0, 130, 288, 360], [293, 64, 639, 359]]","[[294, 64, 638, 358], [0, 130, 288, 359]]"
f044cf1d_247.jpg,[0.8906],"[[82, 51, 546, 359]]","[[81, 50, 563, 359]]"
9d47d182_370.jpg,[0.9674],"[[54, 70, 460, 359]]","[[54, 69, 462, 358]]"
f044cf1d_259.jpg,[0.9551],"[[92, 44, 524, 359]]","[[93, 45, 526, 358]]"
b2045fbc_263.jpg,[0.9641],"[[62, 48, 523, 359]]","[[61, 47, 522, 360]]"
9aa3bbb8_36.jpg,[0.9397],"[[130, 54, 638, 359]]","[[132, 53, 480, 358]]"
b2045fbc_1756.jpg,"[0.9562, 0.5122]","[[157, 58, 493, 359], [0, 85, 77, 360]]","[[156, 58, 492, 360], [0, 85, 77, 359]]"
b2045fbc_1854.jpg,[0.9572],"[[221, 94, 527, 359]]","[[220, 93, 527, 359]]"
b2045fbc_1101.jpg,[],[],[]
b2045fbc_1586.jpg,[0.8922],"[[51, 117, 520, 360]]","[[50, 115, 518, 358]]"
b2045fbc_1811.jpg,[0.9535],"[[115, 48, 572, 359]]","[[114, 48, 572, 359]]"
ed2e9e4c_77.jpg,[0.9468],"[[123, 60, 557, 359]]","[[128, 59, 560, 358]]"
b2045fbc_1399.jpg,[0.8583],"[[0, 97, 327, 360]]","[[0, 95, 326, 359]]"
b2045fbc_2023.jpg,[0.8853],"[[14, 83, 390, 359]]","[[13, 82, 390, 359]]"
b2045fbc_581.jpg,[0.9647],"[[0, 1, 440, 359]]","[[0, 0, 444, 358]]"
b2045fbc_2071.jpg,[],[],[]
b2045fbc_271.jpg,[0.9576],"[[116, 57, 519, 359]]","[[117, 57, 519, 359]]"
9d47d182_354.jpg,[0.9243],"[[39, 65, 554, 359]]","[[35, 66, 553, 360]]"
b2045fbc_1676.jpg,[0.2979],"[[0, 32, 313, 359]]",[]
b2045fbc_18.jpg,[0.9549],"[[78, 105, 482, 359]]","[[82, 104, 478, 358]]"
9d47d182_88.jpg,[0.9511],"[[44, 67, 447, 359]]","[[42, 67, 454, 359]]"
9d47d182_91.jpg,[0.937],"[[44, 68, 447, 359]]","[[41, 69, 454, 360]]"
b2045fbc_942.jpg,[0.964],"[[44, 0, 517, 360]]","[[40, 1, 516, 360]]"
9d47d182_378.jpg,[0.9688],"[[53, 71, 458, 359]]","[[53, 70, 459, 358]]"
b2045fbc_356.jpg,[0.9684],"[[115, 65, 512, 359]]","[[115, 64, 512, 359]]"
9aa3bbb8_10.jpg,[0.9462],"[[112, 89, 581, 360]]","[[110, 88, 578, 358]]"
f044cf1d_72.jpg,[0.9222],"[[0, 56, 574, 359]]","[[1, 58, 570, 359]]"
b2045fbc_636.jpg,[],[],[]
b2045fbc_1754.jpg,[0.8785],"[[46, 140, 482, 360]]","[[45, 139, 483, 359]]"
f044cf1d_242.jpg,[0.9011],"[[81, 51, 544, 359]]","[[82, 50, 545, 358]]"
9d47d182_95.jpg,[0.9387],"[[45, 67, 447, 359]]","[[51, 67, 455, 359]]"
b2045fbc_2066.jpg,[],[],[]
b2045fbc_1225.jpg,[],[],[]
9d47d182_187.jpg,[0.9663],"[[45, 66, 437, 359]]","[[43, 66, 437, 359]]"
9d47d182_14.jpg,[0.9647],"[[58, 69, 461, 359]]","[[58, 68, 462, 358]]"
f044cf1d_135.jpg,[0.9561],"[[94, 42, 519, 359]]","[[93, 41, 519, 358]]"
9d47d182_415.jpg,[0.8253],"[[56, 68, 408, 359]]","[[55, 69, 400, 360]]"
9d47d182_277.jpg,[0.964],"[[40, 66, 444, 359]]","[[38, 64, 446, 359]]"
b2045fbc_1324.jpg,"[0.9579, 0.484]","[[130, 61, 475, 360], [0, 96, 92, 360]]","[[130, 60, 474, 360], [0, 100, 93, 360]]"
b2045fbc_924.jpg,[0.9538],"[[132, 69, 539, 359]]","[[132, 68, 539, 358]]"
9aa3bbb8_92.jpg,[0.9539],"[[113, 96, 569, 359]]","[[114, 95, 569, 358]]"
b2045fbc_398.jpg,[0.9656],"[[96, 71, 509, 359]]","[[96, 70, 510, 358]]"
b2045fbc_966.jpg,[0.9395],"[[40, 1, 518, 360]]","[[53, 1, 515, 360]]"
b2045fbc_990.jpg,[0.9382],"[[16, 49, 454, 359]]","[[15, 49, 453, 359]]"
b2045fbc_1088.jpg,[],[],[]
b2045fbc_1574.jpg,[0.8776],"[[19, 112, 507, 359]]","[[23, 112, 513, 359]]"
9d47d182_223.jpg,[0.9652],"[[51, 70, 459, 359]]","[[48, 69, 459, 358]]"
b2045fbc_412.jpg,[0.968],"[[96, 72, 509, 359]]","[[96, 72, 510, 358]]"
b2045fbc_79.jpg,[0.943],"[[0, 149, 307, 359]]","[[0, 149, 307, 359]]"
b2045fbc_2034.jpg,[0.9503],"[[30, 83, 391, 359]]","[[28, 82, 391, 359]]"
b2045fbc_1707.jpg,[0.7942],"[[0, 126, 451, 360]]","[[0, 123, 500, 360]]"
b2045fbc_1994.jpg,[0.9728],"[[191, 86, 520, 360]]","[[193, 85, 521, 359]]"
b2045fbc_1153.jpg,[0.9698],"[[118, 89, 483, 359]]","[[118, 88, 484, 358]]"
b2045fbc_1393.jpg,[0.7259],"[[0, 90, 363, 360]]","[[1, 91, 365, 360]]"
b2045fbc_521.jpg,[0.7969],"[[61, 92, 476, 359]]","[[76, 91, 470, 358]]"
f044cf1d_171.jpg,[0.9571],"[[76, 60, 503, 359]]","[[72, 59, 504, 358]]"
b2045fbc_1643.jpg,[0.8016],"[[49, 125, 375, 360]]","[[48, 123, 376, 360]]"
b2045fbc_256.jpg,[0.9669],"[[104, 55, 522, 359]]","[[103, 55, 521, 358]]"
f044cf1d_85.jpg,[0.9566],"[[64, 59, 485, 359]]","[[68, 59, 488, 359]]"
b2045fbc_117.jpg,"[0.9736, 0.968]","[[304, 51, 639, 359], [0, 135, 262, 359]]","[[304, 49, 639, 359], [0, 133, 261, 358]]"
b2045fbc_708.jpg,[0.7908],"[[511, 15, 639, 360]]","[[513, 14, 639, 359]]"
b2045fbc_1837.jpg,[0.9672],"[[165, 146, 465, 359]]","[[163, 145, 465, 358]]"
b2045fbc_1807.jpg,[0.9543],"[[105, 39, 572, 359]]","[[104, 40, 572, 359]]"
b2045fbc_1656.jpg,[0.5266],"[[172, 212, 553, 360]]",[]
b2045fbc_1960.jpg,[0.9674],"[[154, 89, 512, 360]]","[[152, 87, 508, 358]]"
f044cf1d_63.jpg,[0.7519],"[[0, 59, 579, 359]]","[[1, 58, 570, 359]]"
9d47d182_388.jpg,[0.9629],"[[53, 67, 470, 359]]","[[51, 67, 468, 359]]"
f044cf1d_3.jpg,[0.8945],"[[46, 56, 556, 359]]","[[48, 58, 555, 359]]"
b2045fbc_1607.jpg,[0.8561],"[[47, 115, 488, 360]]","[[46, 113, 489, 358]]"
b2045fbc_1800.jpg,[0.9541],"[[100, 59, 579, 359]]","[[101, 58, 579, 359]]"
b2045fbc_670.jpg,[],[],[]
b2045fbc_275.jpg,[0.9472],"[[114, 56, 519, 359]]","[[115, 55, 517, 359]]"
b2045fbc_961.jpg,[0.9436],"[[50, 1, 519, 360]]","[[51, 1, 511, 360]]"
b2045fbc_1201.jpg,"[0.9612, 0.6153]","[[158, 58, 485, 359], [0, 87, 94, 360]]","[[156, 56, 484, 360], [0, 93, 95, 359]]"
b2045fbc_762.jpg,[0.801],"[[587, 44, 640, 360]]","[[587, 46, 640, 360]]"
b2045fbc_1126.jpg,[],[],[]
9d47d182_64.jpg,[0.7249],"[[50, 66, 384, 359]]","[[49, 64, 381, 359]]"
b2045fbc_122.jpg,"[0.9647, 0.9574]","[[159, 56, 479, 360], [0, 115, 162, 360]]","[[159, 55, 481, 358], [0, 113, 164, 359]]"
f044cf1d_93.jpg,[0.9577],"[[63, 58, 485, 359]]","[[67, 58, 488, 359]]"
b2045fbc_248.jpg,[0.9734],"[[122, 65, 514, 359]]","[[121, 64, 514, 359]]"
b2045fbc_1593.jpg,[0.8634],"[[80, 113, 535, 359]]","[[78, 112, 533, 359]]"
b2045fbc_142.jpg,"[0.9778, 0.9673]","[[0, 106, 233, 359], [230, 47, 583, 359]]","[[0, 105, 233, 358], [231, 46, 583, 359]]"
b2045fbc_1159.jpg,[0.9685],"[[141, 96, 473, 359]]","[[175, 96, 473, 360]]"
b2045fbc_1890.jpg,[0.8706],"[[118, 118, 439, 359]]","[[111, 118, 439, 358]]"
ed2e9e4c_73.jpg,[0.9457],"[[128, 61, 556, 359]]","[[128, 60, 556, 360]]"
f044cf1d_211.jpg,[0.9554],"[[93, 43, 519, 359]]","[[93, 42, 522, 358]]"
b2045fbc_685.jpg,[],[],[]
b2045fbc_1522.jpg,[0.8025],"[[103, 129, 320, 359]]","[[102, 128, 321, 360]]"
b2045fbc_1566.jpg,[0.8848],"[[20, 108, 494, 360]]","[[20, 106, 496, 358]]"
b2045fbc_722.jpg,[],[],[]
b2045fbc_144.jpg,"[0.9666, 0.9374]","[[231, 44, 582, 359], [0, 114, 176, 360]]","[[232, 43, 583, 358], [0, 113, 176, 358]]"
9d47d182_295.jpg,[0.9186],"[[28, 63, 603, 360]]","[[30, 63, 606, 358]]"
f044cf1d_262.jpg,[0.9571],"[[93, 41, 525, 359]]","[[95, 41, 525, 359]]"
b2045fbc_1679.jpg,[0.9036],"[[66, 112, 371, 359]]","[[70, 112, 370, 359]]"
b2045fbc_304.jpg,[0.9572],"[[48, 40, 515, 359]]","[[46, 40, 516, 359]]"
b2045fbc_791.jpg,[0.9635],"[[130, 61, 540, 359]]","[[130, 60, 538, 358]]"
b2045fbc_1255.jpg,[0.6973],"[[0, 99, 323, 359]]","[[0, 100, 323, 359]]"
b2045fbc_911.jpg,[0.9668],"[[84, 68, 479, 359]]","[[84, 67, 479, 359]]"
b2045fbc_24.jpg,[0.8758],"[[1, 67, 391, 359]]","[[0, 66, 391, 359]]"
b2045fbc_1293.jpg,[0.8062],"[[0, 111, 329, 360]]","[[0, 112, 329, 360]]"
b2045fbc_2073.jpg,[],[],[]
b2045fbc_125.jpg,[0.9729],"[[127, 71, 512, 359]]","[[125, 70, 511, 358]]"
b2045fbc_2068.jpg,[],[],[]
b2045fbc_1533.jpg,[0.7897],"[[106, 131, 323, 359]]","[[104, 130, 323, 360]]"
b2045fbc_986.jpg,[0.8833],"[[39, 55, 453, 359]]","[[35, 52, 453, 358]]"
b2045fbc_419.jpg,[0.967],"[[96, 72, 507, 359]]","[[96, 72, 508, 358]]"
b2045fbc_587.jpg,[0.9644],"[[83, 52, 488, 359]]","[[82, 50, 490, 358]]"
b2045fbc_169.jpg,[0.9724],"[[125, 70, 511, 359]]","[[124, 69, 512, 358]]"
b2045fbc_1942.jpg,[0.969],"[[165, 101, 524, 360]]","[[162, 100, 522, 360]]"
b2045fbc_13.jpg,[0.9512],"[[72, 102, 482, 359]]","[[83, 102, 479, 359]]"
b2045fbc_1594.jpg,[0.8537],"[[87, 118, 536, 360]]","[[82, 118, 530, 358]]"
f044cf1d_129.jpg,[0.9082],"[[20, 56, 561, 359]]","[[23, 58, 556, 359]]"
b2045fbc_703.jpg,[],[],[]
9d47d182_229.jpg,[0.9147],"[[36, 63, 618, 359]]","[[36, 63, 619, 360]]"
b2045fbc_1560.jpg,[0.5213],"[[29, 117, 549, 360]]",[]
b2045fbc_417.jpg,[0.9677],"[[96, 72, 507, 359]]","[[97, 72, 510, 358]]"
9d47d182_233.jpg,[0.9511],"[[38, 63, 559, 359]]","[[35, 63, 557, 358]]"
f044cf1d_84.jpg,[0.958],"[[65, 59, 484, 359]]","[[69, 59, 487, 359]]"
f044cf1d_260.jpg,[0.9564],"[[93, 42, 524, 359]]","[[95, 41, 524, 358]]"
b2045fbc_1715.jpg,"[0.803, 0.4603]","[[67, 138, 506, 360], [62, 180, 153, 360]]","[[63, 136, 460, 360]]"
b2045fbc_56.jpg,[0.9684],"[[0, 126, 327, 359]]","[[0, 125, 327, 358]]"
f044cf1d_121.jpg,[0.9283],"[[34, 55, 566, 359]]","[[40, 57, 566, 360]]"
b2045fbc_871.jpg,[0.9675],"[[72, 0, 537, 360]]","[[72, 0, 536, 360]]"
b2045fbc_547.jpg,[0.967],"[[124, 65, 533, 359]]","[[123, 64, 532, 358]]"
b2045fbc_705.jpg,[0.5007],"[[601, 122, 640, 360]]","[[601, 129, 639, 360]]"
f044cf1d_221.jpg,[0.8919],"[[84, 50, 562, 359]]","[[83, 50, 595, 359]]"
b2045fbc_669.jpg,[0.9671],"[[127, 62, 536, 359]]","[[127, 61, 535, 358]]"
b2045fbc_665.jpg,[],[],[]
b2045fbc_262.jpg,[0.9653],"[[62, 49, 523, 359]]","[[60, 46, 523, 359]]"
f044cf1d_179.jpg,[0.9552],"[[95, 43, 518, 359]]","[[93, 41, 519, 359]]"
9d47d182_225.jpg,[0.8697],"[[39, 65, 418, 359]]","[[37, 64, 419, 358]]"
9d47d182_120.jpg,[0.924],"[[50, 66, 457, 359]]","[[51, 67, 459, 359]]"
f044cf1d_5.jpg,[0.8811],"[[48, 57, 561, 359]]","[[51, 58, 560, 359]]"
b2045fbc_1995.jpg,[0.9722],"[[190, 86, 522, 360]]","[[189, 85, 522, 359]]"
b2045fbc_883.jpg,[0.9466],"[[95, 49, 505, 360]]","[[93, 48, 511, 360]]"
b2045fbc_1113.jpg,[0.9653],"[[122, 63, 535, 359]]","[[121, 63, 534, 358]]"
b2045fbc_1856.jpg,[0.8874],"[[124, 117, 439, 359]]","[[115, 115, 440, 358]]"
9d47d182_111.jpg,[0.9392],"[[50, 67, 457, 359]]","[[49, 66, 458, 360]]"
b2045fbc_875.jpg,[0.9652],"[[81, 4, 534, 360]]","[[81, 4, 534, 359]]"
b2045fbc_1745.jpg,[0.3725],"[[31, 141, 353, 360]]","[[29, 139, 353, 359]]"
b2045fbc_1855.jpg,[0.9468],"[[234, 93, 523, 359]]","[[234, 93, 522, 360]]"
b2045fbc_358.jpg,[0.9701],"[[120, 91, 479, 359]]","[[118, 90, 478, 358]]"
b2045fbc_2040.jpg,[0.9133],"[[143, 109, 569, 360]]","[[145, 109, 570, 358]]"
b2045fbc_1993.jpg,[0.9714],"[[200, 89, 532, 360]]","[[201, 87, 533, 360]]"
9d47d182_130.jpg,[0.9272],"[[50, 66, 459, 359]]","[[49, 67, 458, 359]]"
9d47d182_180.jpg,[0.9632],"[[46, 66, 445, 359]]","[[43, 66, 444, 359]]"
b2045fbc_1511.jpg,[0.7327],"[[124, 144, 336, 359]]","[[120, 144, 336, 360]]"
b2045fbc_462.jpg,[0.9695],"[[94, 85, 466, 359]]","[[94, 85, 465, 359]]"
b2045fbc_595.jpg,[0.9336],"[[112, 55, 517, 359]]","[[111, 53, 513, 358]]"
ed2e9e4c_31.jpg,[0.9556],"[[131, 61, 543, 360]]","[[132, 59, 542, 359]]"
b2045fbc_1571.jpg,[0.8587],"[[26, 111, 509, 360]]","[[31, 111, 516, 360]]"
f044cf1d_95.jpg,"[0.8995, 0.5184]","[[40, 53, 556, 359], [343, 44, 554, 360]]","[[43, 58, 552, 360]]"
b2045fbc_1873.jpg,"[0.9695, 0.9577]","[[182, 103, 529, 360], [42, 38, 261, 360]]","[[43, 40, 260, 360], [183, 103, 527, 359]]"
b2045fbc_894.jpg,[0.9691],"[[85, 60, 487, 359]]","[[85, 59, 487, 358]]"
f044cf1d_48.jpg,[0.6361],"[[32, 57, 412, 359]]","[[34, 58, 573, 359]]"
9d47d182_195.jpg,[0.9202],"[[43, 65, 571, 359]]","[[40, 66, 572, 359]]"
b2045fbc_985.jpg,[0.8495],"[[31, 55, 450, 359]]","[[29, 55, 450, 358]]"
b2045fbc_1596.jpg,[0.8822],"[[93, 118, 538, 359]]","[[83, 117, 532, 358]]"
b2045fbc_1674.jpg,[0.9401],"[[24, 19, 472, 360]]","[[23, 21, 473, 359]]"
b2045fbc_1290.jpg,"[0.9436, 0.9213]","[[152, 66, 490, 360], [0, 105, 117, 360]]","[[152, 65, 490, 360], [0, 103, 118, 360]]"
9d47d182_366.jpg,[0.9549],"[[51, 67, 465, 359]]","[[54, 67, 465, 359]]"
b2045fbc_1925.jpg,[0.9718],"[[185, 92, 522, 360]]","[[185, 91, 522, 360]]"
9d47d182_408.jpg,[0.8339],"[[55, 68, 418, 359]]","[[53, 67, 403, 359]]"
b2045fbc_73.jpg,[0.88],"[[24, 171, 336, 360]]","[[24, 169, 335, 360]]"
ed2e9e4c_27.jpg,[0.96],"[[112, 43, 558, 359]]","[[110, 42, 562, 358]]"
b2045fbc_1833.jpg,[0.9662],"[[217, 151, 482, 359]]","[[216, 150, 483, 358]]"
b2045fbc_1968.jpg,[0.9586],"[[114, 82, 531, 360]]","[[114, 82, 529, 358]]"
b2045fbc_1359.jpg,[0.9561],"[[117, 109, 476, 360]]","[[117, 108, 475, 358]]"
b2045fbc_226.jpg,"[0.9589, 0.3216]","[[154, 54, 486, 360], [0, 96, 46, 359]]","[[154, 52, 486, 360], [0, 114, 45, 360]]"
b2045fbc_1254.jpg,[0.9677],"[[100, 88, 436, 360]]","[[99, 86, 437, 359]]"
b2045fbc_682.jpg,[],[],[]
b2045fbc_485.jpg,[0.9695],"[[97, 88, 465, 359]]","[[96, 86, 464, 358]]"
9d47d182_26.jpg,[0.9645],"[[51, 62, 458, 359]]","[[49, 61, 458, 360]]"
b2045fbc_1693.jpg,[0.9072],"[[196, 216, 434, 359]]","[[196, 214, 435, 360], [0, 64, 72, 359]]"
9d47d182_409.jpg,[0.8816],"[[55, 68, 405, 359]]","[[58, 69, 401, 360]]"
b2045fbc_409.jpg,[0.968],"[[94, 69, 513, 359]]","[[93, 68, 511, 358]]"
b2045fbc_1425.jpg,[],[],[]
b2045fbc_1383.jpg,[0.887],"[[94, 101, 458, 359]]","[[93, 100, 458, 359]]"
f044cf1d_227.jpg,[0.9083],"[[81, 51, 545, 360]]","[[83, 50, 564, 358]]"
b2045fbc_294.jpg,[0.9724],"[[119, 61, 517, 359]]","[[118, 59, 517, 358]]"
b2045fbc_292.jpg,[0.8831],"[[73, 47, 518, 359]]","[[69, 49, 513, 359]]"
9d47d182_215.jpg,[0.8876],"[[43, 64, 557, 359]]","[[36, 64, 555, 359]]"
b2045fbc_1010.jpg,[0.9695],"[[112, 76, 495, 359]]","[[111, 75, 495, 359]]"
9d47d182_125.jpg,[0.928],"[[50, 66, 458, 359]]","[[52, 67, 458, 359]]"
b2045fbc_1400.jpg,[0.8759],"[[0, 95, 326, 360]]","[[0, 95, 327, 359]]"
ed2e9e4c_44.jpg,[0.9469],"[[122, 55, 588, 359]]","[[127, 55, 585, 360]]"
b2045fbc_2008.jpg,"[0.9406, 0.7223]","[[0, 5, 219, 360], [135, 87, 524, 359]]","[[0, 4, 219, 359], [158, 87, 524, 360]]"
b2045fbc_1073.jpg,[0.9592],"[[0, 2, 423, 359]]","[[0, 3, 422, 359]]"
b2045fbc_1250.jpg,[],[],[]
b2045fbc_1483.jpg,[0.7263],"[[239, 240, 382, 359]]",[]
b2045fbc_618.jpg,[],[],[]
b2045fbc_1475.jpg,[0.6903],"[[275, 223, 437, 359]]",[]
b2045fbc_598.jpg,[0.9577],"[[112, 62, 515, 359]]","[[112, 60, 515, 358]]"
f044cf1d_10.jpg,[0.8805],"[[48, 57, 582, 359]]","[[51, 59, 563, 359]]"
b2045fbc_1453.jpg,[],[],[]
9d47d182_307.jpg,[0.9145],"[[41, 64, 600, 359]]","[[39, 64, 603, 358]]"
b2045fbc_442.jpg,[0.9654],"[[68, 70, 469, 359]]","[[68, 69, 468, 358]]"
ed2e9e4c_18.jpg,[0.9447],"[[104, 41, 564, 359]]","[[102, 41, 566, 359]]"
b2045fbc_131.jpg,"[0.9777, 0.968]","[[0, 110, 236, 359], [231, 45, 583, 359]]","[[0, 109, 236, 358], [231, 43, 583, 358]]"
b2045fbc_347.jpg,[0.9698],"[[118, 91, 480, 359]]","[[118, 90, 481, 358]]"
b2045fbc_1744.jpg,[0.8756],"[[61, 136, 448, 360]]","[[67, 135, 465, 360]]"
9aa3bbb8_20.jpg,[0.9539],"[[122, 87, 602, 359]]","[[119, 86, 617, 358]]"
b2045fbc_2049.jpg,[0.6552],"[[0, 28, 366, 360]]","[[0, 26, 377, 360]]"
9d47d182_107.jpg,[0.9702],"[[55, 69, 456, 359]]","[[55, 67, 453, 359]]"
b2045fbc_1308.jpg,[0.9194],"[[128, 110, 479, 360]]","[[127, 108, 481, 358]]"
b2045fbc_1868.jpg,[0.8768],"[[126, 117, 439, 359]]","[[113, 115, 439, 360]]"
b2045fbc_539.jpg,[0.959],"[[107, 90, 474, 359]]","[[106, 90, 474, 358]]"
b2045fbc_1683.jpg,[0.9612],"[[0, 26, 403, 359]]","[[0, 25, 404, 360]]"
b2045fbc_946.jpg,[0.9595],"[[131, 68, 537, 359]]","[[129, 67, 535, 359]]"
b2045fbc_1460.jpg,[],[],[]
b2045fbc_930.jpg,[0.9715],"[[108, 80, 486, 359]]","[[107, 79, 485, 358]]"
b2045fbc_1581.jpg,[0.8536],"[[20, 112, 508, 360]]","[[21, 111, 505, 359]]"
b2045fbc_816.jpg,[0.9372],"[[53, 82, 441, 359]]","[[53, 81, 442, 360]]"
b2045fbc_1370.jpg,[0.8331],"[[94, 95, 453, 359]]","[[95, 94, 453, 359]]"
b2045fbc_1692.jpg,[],[],[]
9d47d182_325.jpg,[0.9145],"[[36, 65, 430, 359]]","[[36, 64, 568, 358]]"
f044cf1d_101.jpg,[0.9559],"[[94, 42, 518, 359]]","[[92, 42, 520, 358]]"
b2045fbc_1141.jpg,[0.6958],"[[0, 76, 377, 360]]","[[0, 76, 377, 360]]"
f044cf1d_18.jpg,[0.8953],"[[50, 57, 589, 359]]","[[51, 60, 565, 360]]"
9aa3bbb8_1.jpg,[0.9529],"[[116, 72, 587, 359]]","[[116, 70, 588, 360]]"
b2045fbc_588.jpg,[0.962],"[[78, 53, 483, 359]]","[[78, 52, 481, 358]]"
9d47d182_232.jpg,[0.9553],"[[37, 63, 568, 359]]","[[37, 63, 570, 358]]"
f044cf1d_212.jpg,[0.9552],"[[93, 43, 519, 359]]","[[91, 42, 521, 358]]"
9d47d182_270.jpg,[0.9635],"[[39, 65, 449, 359]]","[[37, 64, 449, 359]]"
b2045fbc_862.jpg,[0.9691],"[[67, 0, 546, 360]]","[[68, 0, 547, 358]]"
b2045fbc_752.jpg,[],[],"[[585, 120, 639, 360]]"
f044cf1d_148.jpg,[0.9497],"[[54, 59, 539, 359]]","[[55, 59, 540, 359]]"
b2045fbc_1640.jpg,[0.7644],"[[89, 132, 579, 359]]","[[87, 131, 584, 359]]"
f044cf1d_105.jpg,[0.9277],"[[36, 56, 567, 359]]","[[35, 57, 568, 360]]"
b2045fbc_674.jpg,[],[],[]
f044cf1d_26.jpg,[0.9574],"[[105, 55, 534, 360]]","[[104, 55, 535, 358]]"
b2045fbc_838.jpg,[0.6887],"[[97, 75, 406, 359]]","[[96, 75, 400, 360]]"
9d47d182_360.jpg,[0.9362],"[[39, 65, 553, 359]]","[[32, 66, 551, 360]]"
b2045fbc_145.jpg,"[0.966, 0.9317]","[[231, 44, 582, 360], [0, 110, 181, 360]]","[[230, 42, 582, 360], [0, 109, 181, 358]]"
f044cf1d_152.jpg,[0.9508],"[[54, 58, 544, 359]]","[[55, 58, 537, 359]]"
b2045fbc_736.jpg,[0.4333],"[[588, 33, 640, 360]]","[[588, 61, 639, 360]]"
9d47d182_361.jpg,[0.9328],"[[38, 65, 552, 359]]","[[34, 66, 550, 360]]"
b2045fbc_1357.jpg,[0.9647],"[[98, 54, 453, 360]]","[[98, 52, 453, 360]]"
b2045fbc_1919.jpg,[0.974],"[[221, 116, 484, 360]]","[[220, 115, 484, 360]]"
b2045fbc_760.jpg,[0.8339],"[[583, 33, 640, 360]]","[[582, 34, 640, 358]]"
b2045fbc_1332.jpg,[0.9433],"[[106, 98, 482, 360]]","[[107, 95, 483, 359]]"
ed2e9e4c_20.jpg,[0.959],"[[106, 43, 558, 359]]","[[105, 41, 558, 359]]"
b2045fbc_623.jpg,[],[],[]
9d47d182_108.jpg,[0.9693],"[[54, 69, 457, 359]]","[[53, 67, 453, 359]]"
9d47d182_102.jpg,[0.932],"[[43, 68, 450, 359]]","[[44, 70, 452, 360]]"
b2045fbc_721.jpg,[0.2767],"[[603, 134, 640, 360]]",[]
f044cf1d_99.jpg,[0.9312],"[[37, 55, 565, 359]]","[[36, 57, 567, 360]]"
b2045fbc_907.jpg,[0.9687],"[[82, 60, 478, 359]]","[[82, 59, 478, 358]]"
b2045fbc_1271.jpg,[0.963],"[[92, 98, 439, 359]]","[[90, 97, 438, 358]]"
b2045fbc_1894.jpg,[0.9739],"[[224, 113, 490, 360]]","[[224, 112, 490, 359]]"
b2045fbc_866.jpg,[0.9678],"[[72, 0, 538, 360]]","[[71, 1, 537, 358]]"
ed2e9e4c_53.jpg,[0.9506],"[[124, 60, 579, 359]]","[[126, 59, 578, 358]]"
9d47d182_104.jpg,[0.9679],"[[52, 68, 454, 359]]","[[50, 67, 449, 359]]"
b2045fbc_179.jpg,[0.9656],"[[157, 49, 500, 359]]","[[156, 49, 499, 359], [0, 129, 62, 359]]"
9d47d182_110.jpg,[0.966],"[[51, 68, 460, 359]]","[[49, 67, 461, 360]]"
b2045fbc_1652.jpg,[0.5066],"[[119, 175, 382, 360]]","[[118, 175, 385, 359]]"
b2045fbc_1758.jpg,[0.9634],"[[34, 97, 424, 360]]","[[33, 95, 423, 359]]"
b2045fbc_1982.jpg,[0.9659],"[[144, 97, 501, 360]]","[[142, 95, 501, 358]]"
b2045fbc_376.jpg,[0.9613],"[[97, 67, 513, 359]]","[[96, 67, 512, 359]]"
b2045fbc_1518.jpg,[],[],"[[121, 149, 309, 359]]"
b2045fbc_1595.jpg,[0.8675],"[[88, 118, 536, 360]]","[[82, 117, 534, 358]]"
b2045fbc_160.jpg,"[0.967, 0.3903]","[[150, 40, 499, 360], [0, 114, 62, 360]]","[[150, 40, 498, 359], [0, 116, 63, 360]]"
b2045fbc_1697.jpg,[0.8103],"[[154, 262, 261, 359]]",[]
b2045fbc_802.jpg,[0.962],"[[130, 63, 540, 359]]","[[130, 61, 538, 358]]"
b2045fbc_290.jpg,[0.9323],"[[67, 47, 515, 359]]","[[61, 48, 514, 360]]"
b2045fbc_1704.jpg,[0.7674],"[[63, 140, 455, 359]]","[[60, 138, 507, 360]]"
b2045fbc_613.jpg,[0.9682],"[[132, 61, 538, 359]]","[[132, 59, 536, 358]]"
b2045fbc_1776.jpg,[0.9539],"[[90, 30, 594, 359]]","[[89, 28, 594, 359]]"
b2045fbc_466.jpg,[0.9709],"[[94, 86, 464, 359]]","[[92, 86, 464, 359]]"
b2045fbc_1782.jpg,[0.9507],"[[91, 30, 594, 359]]","[[90, 28, 594, 359]]"
b2045fbc_1263.jpg,[0.9722],"[[111, 105, 445, 360]]","[[110, 103, 446, 359]]"
b2045fbc_1694.jpg,[0.9254],"[[141, 199, 396, 360]]","[[141, 198, 395, 360]]"
9d47d182_335.jpg,[0.9648],"[[49, 71, 460, 359]]","[[47, 69, 460, 358]]"
b2045fbc_1402.jpg,[0.7813],"[[0, 87, 352, 360]]","[[0, 85, 351, 359]]"
b2045fbc_2048.jpg,[],[],[]
b2045fbc_321.jpg,[0.969],"[[110, 54, 516, 359]]","[[110, 52, 516, 358]]"
b2045fbc_695.jpg,[0.9492],"[[61, 43, 496, 359]]","[[60, 40, 496, 359]]"
b2045fbc_126.jpg,"[0.973, 0.9647]","[[0, 117, 229, 360], [226, 44, 583, 359]]","[[0, 116, 228, 360], [226, 43, 582, 358]]"
b2045fbc_450.jpg,[0.9706],"[[89, 83, 464, 359]]","[[88, 82, 464, 359]]"
9aa3bbb8_90.jpg,[0.9502],"[[115, 104, 564, 359]]","[[116, 103, 568, 359]]"
9d47d182_75.jpg,[0.8621],"[[51, 67, 466, 359]]","[[50, 67, 482, 360]]"
b2045fbc_1186.jpg,[0.9511],"[[55, 99, 477, 359]]","[[57, 100, 475, 358]]"
b2045fbc_1713.jpg,[0.8135],"[[65, 139, 446, 360]]","[[63, 139, 448, 360]]"
f044cf1d_248.jpg,[0.8926],"[[81, 51, 545, 360]]","[[82, 50, 554, 359]]"
b2045fbc_1278.jpg,[0.9533],"[[96, 99, 438, 359]]","[[96, 97, 439, 358]]"
b2045fbc_1903.jpg,[0.9613],"[[259, 110, 523, 360]]","[[260, 109, 523, 360]]"
b2045fbc_1582.jpg,[0.8422],"[[18, 112, 508, 360]]","[[18, 111, 506, 359]]"
b2045fbc_1093.jpg,[],[],[]
ed2e9e4c_74.jpg,[0.9242],"[[128, 61, 554, 359]]","[[128, 60, 555, 360]]"
b2045fbc_1888.jpg,"[0.9675, 0.9193]","[[215, 96, 483, 359], [0, 7, 93, 355]]","[[0, 4, 91, 359], [216, 95, 484, 359]]"
b2045fbc_1878.jpg,"[0.968, 0.9188]","[[187, 102, 529, 360], [77, 49, 274, 360]]","[[76, 49, 274, 359], [186, 101, 526, 360]]"
9aa3bbb8_45.jpg,[0.9366],"[[125, 54, 637, 359]]","[[127, 53, 629, 358]]"
f044cf1d_104.jpg,[0.9335],"[[36, 56, 567, 359]]","[[38, 57, 568, 360]]"
b2045fbc_1148.jpg,[0.9493],"[[84, 87, 463, 359]]","[[83, 86, 464, 358]]"
b2045fbc_1841.jpg,[0.9403],"[[149, 112, 530, 360]]","[[147, 112, 529, 360]]"
b2045fbc_2005.jpg,"[0.9421, 0.9205]","[[169, 88, 524, 360], [0, 15, 219, 360]]","[[0, 16, 219, 360], [134, 88, 522, 360]]"
9aa3bbb8_56.jpg,[0.949],"[[162, 91, 626, 359]]","[[161, 90, 629, 360]]"
b2045fbc_1287.jpg,[0.8699],"[[90, 104, 434, 359]]","[[76, 103, 435, 359]]"
b2045fbc_459.jpg,[0.9711],"[[91, 84, 463, 359]]","[[90, 82, 462, 359]]"
b2045fbc_2062.jpg,[0.9614],"[[91, 33, 532, 359]]","[[91, 31, 531, 359]]"
b2045fbc_1664.jpg,[0.9696],"[[196, 20, 639, 359]]","[[195, 20, 640, 360]]"
9d47d182_377.jpg,[0.9683],"[[49, 71, 458, 359]]","[[46, 69, 458, 360]]"
f044cf1d_9.jpg,[0.8798],"[[49, 58, 579, 359]]","[[48, 59, 559, 359]]"
b2045fbc_1762.jpg,[0.9363],"[[82, 19, 571, 359]]","[[79, 19, 572, 358]]"
9aa3bbb8_39.jpg,[0.9594],"[[131, 56, 638, 359]]","[[131, 55, 637, 358]]"
9d47d182_35.jpg,[0.9646],"[[50, 71, 463, 359]]","[[48, 70, 460, 358]]"
b2045fbc_507.jpg,[0.8174],"[[95, 82, 474, 359]]","[[191, 82, 471, 358]]"
9d47d182_310.jpg,[0.9126],"[[26, 64, 599, 360]]","[[31, 63, 601, 358]]"
b2045fbc_93.jpg,"[0.9746, 0.9741]","[[0, 130, 286, 360], [291, 61, 639, 359]]","[[291, 59, 640, 358], [0, 129, 286, 359]]"
b2045fbc_103.jpg,"[0.9742, 0.9721]","[[291, 61, 639, 359], [0, 132, 291, 360]]","[[291, 60, 640, 358], [0, 132, 292, 358]]"
b2045fbc_906.jpg,[0.9705],"[[85, 59, 484, 359]]","[[82, 58, 485, 359]]"
b2045fbc_852.jpg,[0.962],"[[68, 0, 534, 360]]","[[66, 0, 530, 358]]"
b2045fbc_1816.jpg,[0.946],"[[110, 47, 580, 359]]","[[114, 45, 581, 358]]"
b2045fbc_550.jpg,[0.9553],"[[112, 92, 475, 359]]","[[111, 91, 475, 359]]"
9d47d182_278.jpg,[0.9647],"[[40, 66, 446, 359]]","[[38, 64, 446, 359]]"
b2045fbc_324.jpg,[0.899],"[[0, 25, 487, 359]]","[[0, 23, 483, 358]]"
9d47d182_47.jpg,[0.9451],"[[51, 67, 525, 359]]","[[48, 64, 524, 359]]"
b2045fbc_426.jpg,[0.9695],"[[105, 63, 506, 359]]","[[105, 63, 507, 358]]"
b2045fbc_1696.jpg,[0.6997],"[[97, 262, 261, 359]]",[]
b2045fbc_1986.jpg,[0.9675],"[[145, 97, 500, 360]]","[[147, 96, 500, 358]]"
b2045fbc_943.jpg,[0.9621],"[[36, 1, 518, 359]]","[[34, 2, 516, 360]]"
b2045fbc_745.jpg,[0.4837],"[[566, 21, 640, 360]]","[[564, 46, 640, 359]]"
b2045fbc_730.jpg,[],[],[]
b2045fbc_1863.jpg,[0.9651],"[[196, 106, 496, 360]]","[[196, 105, 496, 360]]"
b2045fbc_1433.jpg,[],[],[]
b2045fbc_1502.jpg,[0.7167],"[[118, 140, 339, 359]]","[[117, 140, 339, 359]]"
b2045fbc_1059.jpg,[0.9509],"[[52, 0, 500, 359]]","[[34, 1, 497, 360]]"
b2045fbc_1168.jpg,[0.9667],"[[95, 73, 481, 359]]","[[95, 72, 480, 358]]"
f044cf1d_201.jpg,[0.9541],"[[94, 43, 518, 359]]","[[93, 42, 521, 358]]"
b2045fbc_370.jpg,[0.9642],"[[98, 68, 513, 359]]","[[98, 67, 514, 359]]"
f044cf1d_62.jpg,[0.8534],"[[0, 59, 572, 359]]","[[0, 58, 563, 359]]"
ed2e9e4c_11.jpg,[0.9373],"[[126, 73, 600, 359]]","[[122, 71, 602, 360]]"
b2045fbc_594.jpg,[0.944],"[[114, 53, 519, 359]]","[[113, 52, 515, 358]]"
b2045fbc_141.jpg,"[0.9782, 0.9656]","[[0, 108, 232, 359], [228, 45, 583, 359]]","[[0, 108, 232, 358], [228, 43, 583, 358]]"
f044cf1d_113.jpg,[0.9556],"[[93, 43, 518, 359]]","[[92, 42, 520, 360]]"
b2045fbc_37.jpg,[0.9721],"[[119, 83, 493, 359]]","[[120, 82, 492, 359]]"
b2045fbc_295.jpg,[0.9708],"[[113, 60, 515, 359]]","[[113, 59, 515, 358]]"
b2045fbc_1844.jpg,[0.9694],"[[193, 114, 487, 359]]","[[192, 113, 488, 358]]"
b2045fbc_1021.jpg,[0.9126],"[[71, 0, 529, 359]]","[[85, 1, 527, 360]]"
9d47d182_39.jpg,[0.938],"[[53, 67, 516, 359]]","[[53, 66, 511, 359]]"
9d47d182_73.jpg,[0.961],"[[52, 67, 458, 359]]","[[48, 68, 459, 359]]"
b2045fbc_1660.jpg,[0.5335],"[[106, 192, 360, 359]]","[[107, 192, 359, 360]]"
b2045fbc_1194.jpg,[0.957],"[[55, 102, 478, 359]]","[[58, 102, 474, 359]]"
b2045fbc_1347.jpg,[0.9424],"[[115, 108, 469, 360]]","[[115, 108, 469, 360]]"
f044cf1d_22.jpg,[0.9513],"[[103, 49, 538, 359]]","[[104, 50, 536, 359]]"
b2045fbc_211.jpg,[0.9554],"[[152, 52, 487, 359]]","[[152, 51, 487, 360]]"
b2045fbc_1085.jpg,[0.7942],"[[46, 63, 410, 359]]","[[45, 61, 410, 358]]"
b2045fbc_90.jpg,"[0.9761, 0.9759]","[[288, 61, 640, 359], [0, 129, 281, 360]]","[[0, 129, 281, 359], [288, 59, 640, 358]]"
b2045fbc_1344.jpg,[0.9393],"[[113, 108, 470, 360]]","[[113, 106, 470, 360]]"
9d47d182_348.jpg,[0.9215],"[[38, 65, 560, 359]]","[[32, 66, 558, 360]]"
b2045fbc_1447.jpg,[],[],[]
9d47d182_262.jpg,[0.8119],"[[35, 64, 382, 359]]","[[35, 64, 377, 358]]"
b2045fbc_1798.jpg,[0.9541],"[[116, 40, 599, 359]]","[[115, 39, 597, 360]]"
b2045fbc_250.jpg,[0.9361],"[[118, 64, 547, 359]]","[[117, 64, 538, 358]]"
9d47d182_265.jpg,[0.8157],"[[36, 65, 369, 359]]","[[33, 64, 370, 358]]"
9d47d182_93.jpg,[0.9447],"[[44, 68, 447, 359]]","[[48, 68, 454, 359]]"
9d47d182_359.jpg,[0.9263],"[[38, 65, 553, 359]]","[[33, 66, 553, 360]]"
b2045fbc_28.jpg,[0.8708],"[[0, 49, 342, 360]]","[[0, 48, 342, 359]]"
f044cf1d_161.jpg,[0.9482],"[[14, 57, 542, 360]]","[[18, 57, 534, 360]]"
b2045fbc_653.jpg,[],[],[]
b2045fbc_1956.jpg,[0.8959],"[[0, 73, 315, 359]]","[[0, 72, 315, 358]]"
ed2e9e4c_70.jpg,[0.9404],"[[126, 61, 551, 359]]","[[125, 61, 550, 360]]"
b2045fbc_239.jpg,[0.9724],"[[126, 71, 509, 359]]","[[125, 70, 507, 358]]"
9d47d182_271.jpg,[0.9627],"[[38, 65, 447, 359]]","[[36, 64, 448, 359]]"
b2045fbc_516.jpg,[0.8042],"[[96, 84, 471, 359]]","[[97, 84, 471, 359]]"
b2045fbc_272.jpg,[0.9508],"[[118, 57, 518, 359]]","[[117, 57, 514, 359]]"
f044cf1d_142.jpg,[0.959],"[[55, 59, 539, 359]]","[[56, 59, 534, 359]]"
b2045fbc_1086.jpg,[],[],[]
9d47d182_260.jpg,[0.9397],"[[34, 62, 621, 359]]","[[37, 63, 607, 360]]"
b2045fbc_504.jpg,[0.9642],"[[81, 80, 474, 359]]","[[80, 79, 472, 358]]"
9d47d182_211.jpg,[0.8487],"[[41, 64, 567, 359]]","[[36, 64, 559, 359]]"
b2045fbc_490.jpg,[0.9679],"[[98, 88, 464, 359]]","[[97, 87, 462, 358]]"
b2045fbc_446.jpg,[0.9705],"[[88, 82, 466, 359]]","[[87, 82, 465, 358]]"
9aa3bbb8_55.jpg,[0.9598],"[[163, 88, 622, 360]]","[[160, 86, 623, 359]]"
b2045fbc_1387.jpg,[0.9751],"[[110, 81, 447, 359]]","[[109, 80, 447, 358]]"
b2045fbc_754.jpg,[0.7451],"[[589, 36, 640, 360]]","[[589, 40, 639, 359]]"
b2045fbc_1567.jpg,[0.889],"[[27, 112, 520, 360]]","[[28, 111, 519, 359]]"
9aa3bbb8_103.jpg,[0.9565],"[[111, 105, 567, 359]]","[[113, 104, 565, 358]]"
f044cf1d_208.jpg,[0.9364],"[[31, 54, 557, 359]]","[[41, 56, 558, 360]]"
b2045fbc_1677.jpg,[0.9585],"[[0, 1, 288, 359]]","[[0, 0, 288, 358]]"
ed2e9e4c_57.jpg,[0.9471],"[[125, 60, 580, 359]]","[[129, 59, 583, 358]]"
b2045fbc_734.jpg,[0.3144],"[[585, 73, 640, 360]]","[[584, 78, 640, 360]]"
b2045fbc_2020.jpg,"[0.9206, 0.7078]","[[0, 0, 215, 359], [174, 88, 524, 359]]","[[1, 2, 215, 360], [165, 90, 523, 360]]"
b2045fbc_560.jpg,[0.9697],"[[87, 64, 472, 359]]","[[87, 63, 476, 358]]"
9d47d182_57.jpg,[0.9645],"[[51, 71, 461, 359]]","[[48, 69, 460, 358]]"
9aa3bbb8_40.jpg,[0.9479],"[[113, 82, 583, 359]]","[[112, 80, 596, 358]]"
9d47d182_284.jpg,[0.9608],"[[39, 66, 445, 359]]","[[38, 64, 446, 359]]"
b2045fbc_1561.jpg,[0.6584],"[[38, 119, 317, 360]]",[]
b2045fbc_217.jpg,[0.9629],"[[151, 51, 484, 359]]","[[151, 50, 484, 359]]"
b2045fbc_2057.jpg,[0.9625],"[[40, 1, 563, 359]]","[[41, 0, 565, 358]]"
f044cf1d_17.jpg,[0.889],"[[49, 57, 605, 359]]","[[48, 59, 568, 359]]"
9d47d182_306.jpg,[0.917],"[[26, 64, 598, 360]]","[[30, 63, 598, 358]]"
b2045fbc_105.jpg,"[0.9747, 0.9739]","[[290, 61, 640, 359], [0, 133, 291, 360]]","[[291, 59, 640, 358], [0, 132, 291, 358]]"
b2045fbc_2039.jpg,[0.8831],"[[131, 92, 532, 359]]","[[133, 87, 531, 358]]"
b2045fbc_16.jpg,[0.951],"[[77, 104, 483, 359]]","[[79, 103, 480, 359]]"
f044cf1d_119.jpg,[0.9273],"[[31, 56, 566, 359]]","[[35, 57, 568, 360]]"
b2045fbc_63.jpg,[0.9341],"[[0, 154, 317, 359]]","[[0, 153, 316, 358]]"
9d47d182_340.jpg,[0.9635],"[[36, 67, 450, 359]]","[[35, 66, 452, 359]]"
b2045fbc_1356.jpg,[0.9506],"[[118, 109, 475, 360]]","[[117, 109, 475, 360]]"
b2045fbc_1908.jpg,[0.9718],"[[249, 112, 515, 360]]","[[249, 111, 515, 360]]"
b2045fbc_1192.jpg,[0.9517],"[[53, 102, 481, 359]]","[[53, 102, 475, 359]]"
b2045fbc_1619.jpg,[0.9088],"[[108, 131, 531, 359]]","[[107, 130, 529, 359]]"
b2045fbc_425.jpg,[0.969],"[[109, 59, 508, 359]]","[[107, 59, 509, 359]]"
9d47d182_280.jpg,[0.9636],"[[38, 65, 444, 359]]","[[37, 64, 446, 359]]"
b2045fbc_1639.jpg,[0.6629],"[[89, 132, 415, 360]]","[[87, 130, 412, 359]]"
b2045fbc_765.jpg,[0.7066],"[[584, 21, 640, 360]]","[[584, 31, 640, 359]]"
b2045fbc_860.jpg,[0.9675],"[[63, 0, 544, 359]]","[[62, 0, 545, 358]]"
b2045fbc_384.jpg,[0.9631],"[[98, 70, 509, 359]]","[[97, 68, 510, 358]]"
b2045fbc_969.jpg,[0.9619],"[[66, 1, 512, 359]]","[[64, 0, 512, 360]]"
b2045fbc_1339.jpg,[0.9343],"[[58, 92, 478, 359]]","[[56, 91, 479, 360]]"
b2045fbc_994.jpg,[0.9493],"[[33, 50, 469, 359]]","[[32, 50, 470, 359]]"
b2045fbc_1368.jpg,[0.9654],"[[96, 55, 453, 360]]","[[96, 53, 454, 360]]"
b2045fbc_1474.jpg,[0.7525],"[[207, 196, 360, 359]]",[]
ed2e9e4c_22.jpg,[0.9566],"[[111, 45, 564, 359]]","[[111, 43, 564, 358]]"
b2045fbc_855.jpg,[0.9672],"[[63, 0, 545, 359]]","[[63, 0, 545, 358]]"
f044cf1d_47.jpg,[0.5679],"[[26, 54, 570, 360]]","[[27, 58, 569, 359]]"
b2045fbc_1580.jpg,[0.8576],"[[19, 112, 509, 360]]","[[20, 111, 508, 359]]"
b2045fbc_97.jpg,"[0.9712, 0.9608]","[[0, 132, 290, 360], [293, 61, 639, 359]]","[[292, 59, 640, 358], [0, 131, 289, 359]]"
b2045fbc_1865.jpg,"[0.9589, 0.8822]","[[196, 105, 505, 360], [0, 59, 147, 359]]","[[196, 104, 504, 358], [0, 61, 149, 355]]"
b2045fbc_951.jpg,[0.9527],"[[19, 1, 519, 360]]","[[23, 2, 513, 360]]"
b2045fbc_382.jpg,[0.952],"[[100, 72, 508, 359]]","[[98, 69, 505, 358]]"
b2045fbc_1297.jpg,[0.8264],"[[95, 108, 425, 360]]","[[92, 108, 424, 360]]"
b2045fbc_224.jpg,[0.97],"[[114, 88, 480, 359]]","[[113, 86, 478, 358]]"
b2045fbc_551.jpg,[0.9489],"[[111, 92, 476, 359]]","[[110, 91, 476, 359]]"
b2045fbc_194.jpg,"[0.9621, 0.9342]","[[276, 52, 619, 360], [0, 112, 268, 359]]","[[275, 50, 619, 359], [0, 112, 268, 359]]"
b2045fbc_198.jpg,"[0.9483, 0.7785]","[[215, 54, 560, 360], [0, 94, 147, 360]]","[[214, 53, 558, 360], [0, 95, 149, 359]]"
b2045fbc_1698.jpg,[0.5773],"[[150, 262, 263, 359]]",[]
b2045fbc_1377.jpg,[0.8199],"[[93, 98, 452, 359]]","[[90, 97, 453, 360]]"
b2045fbc_1012.jpg,[0.969],"[[114, 75, 500, 359]]","[[112, 75, 500, 359]]"
b2045fbc_1719.jpg,"[0.6262, 0.5714]","[[64, 113, 175, 360], [73, 199, 440, 360]]","[[62, 112, 161, 360]]"
b2045fbc_1799.jpg,[0.9513],"[[86, 53, 630, 359]]","[[88, 57, 640, 360]]"
b2045fbc_392.jpg,[0.9597],"[[96, 71, 510, 359]]","[[95, 69, 511, 358]]"
b2045fbc_1477.jpg,[0.8766],"[[247, 245, 429, 359]]",[]
9aa3bbb8_12.jpg,[0.9483],"[[113, 87, 583, 359]]","[[113, 86, 595, 358]]"
9d47d182_341.jpg,[0.8781],"[[39, 65, 448, 359]]","[[38, 65, 581, 360]]"
9d47d182_373.jpg,[0.9661],"[[54, 70, 460, 359]]","[[53, 69, 461, 358]]"
b2045fbc_1651.jpg,[0.3377],"[[119, 175, 378, 360]]","[[120, 175, 380, 359]]"
f044cf1d_1.jpg,[0.9547],"[[92, 43, 526, 359]]","[[92, 42, 528, 358]]"
b2045fbc_1804.jpg,[0.9522],"[[97, 57, 581, 359]]","[[98, 55, 581, 359]]"
b2045fbc_681.jpg,[],[],[]
b2045fbc_977.jpg,[0.9638],"[[98, 48, 503, 359]]","[[97, 47, 502, 360]]"
b2045fbc_1515.jpg,[0.7361],"[[122, 143, 333, 360]]","[[120, 142, 334, 360]]"
b2045fbc_1795.jpg,[],[],[]
b2045fbc_501.jpg,[0.9616],"[[90, 80, 468, 359]]","[[89, 79, 467, 358]]"
b2045fbc_1554.jpg,[0.7864],"[[91, 130, 310, 360]]",[]
b2045fbc_252.jpg,[0.9589],"[[113, 55, 547, 359]]","[[111, 55, 545, 359]]"
b2045fbc_889.jpg,[0.949],"[[98, 46, 519, 360]]","[[98, 45, 518, 360]]"
b2045fbc_1182.jpg,[0.9425],"[[53, 98, 480, 359]]","[[49, 97, 479, 358]]"
b2045fbc_630.jpg,[],[],[]
b2045fbc_1083.jpg,[0.971],"[[95, 86, 462, 359]]","[[93, 86, 461, 359]]"
b2045fbc_76.jpg,[0.9429],"[[0, 147, 313, 359]]","[[0, 147, 313, 360]]"
b2045fbc_672.jpg,[],[],[]
9d47d182_58.jpg,[0.9256],"[[54, 68, 404, 359]]","[[53, 67, 402, 359]]"
b2045fbc_464.jpg,[0.9681],"[[95, 85, 466, 359]]","[[95, 85, 465, 359]]"
b2045fbc_1351.jpg,[0.9468],"[[116, 109, 472, 360]]","[[115, 108, 472, 360]]"
b2045fbc_344.jpg,[0.9641],"[[136, 65, 534, 359]]","[[135, 64, 533, 358]]"
b2045fbc_1831.jpg,[0.9602],"[[212, 147, 483, 360]]","[[210, 145, 484, 359]]"
9d47d182_392.jpg,[0.9679],"[[54, 69, 420, 359]]","[[52, 68, 420, 358]]"
b2045fbc_1599.jpg,[0.9017],"[[88, 117, 513, 360]]","[[86, 115, 514, 358]]"
b2045fbc_511.jpg,[0.8376],"[[97, 84, 479, 359]]","[[191, 84, 472, 359]]"
b2045fbc_967.jpg,[0.9607],"[[53, 1, 515, 359]]","[[54, 2, 508, 360]]"
b2045fbc_1523.jpg,[0.8768],"[[93, 63, 436, 359]]","[[93, 61, 435, 358]]"
b2045fbc_303.jpg,[0.9109],"[[90, 54, 554, 360]]","[[88, 55, 548, 360]]"
f044cf1d_60.jpg,[0.9347],"[[63, 57, 508, 359]]","[[60, 58, 506, 359]]"
b2045fbc_1760.jpg,[0.9656],"[[132, 80, 524, 360]]","[[132, 79, 523, 360]]"
ed2e9e4c_81.jpg,[0.9093],"[[131, 69, 636, 359]]","[[128, 68, 620, 359]]"
9d47d182_7.jpg,[0.9657],"[[58, 69, 460, 359]]","[[58, 68, 461, 358]]"
b2045fbc_1609.jpg,[0.8152],"[[39, 115, 502, 360]]","[[38, 113, 498, 359]]"
b2045fbc_655.jpg,[],[],[]
b2045fbc_309.jpg,[0.9721],"[[124, 66, 520, 359]]","[[123, 66, 520, 359]]"
b2045fbc_847.jpg,[0.9698],"[[103, 94, 470, 359]]","[[103, 94, 471, 359]]"
b2045fbc_1108.jpg,[0.9632],"[[20, 9, 457, 359]]","[[21, 10, 454, 359]]"
b2045fbc_1096.jpg,[],[],[]
f044cf1d_157.jpg,[0.9548],"[[93, 43, 520, 359]]","[[93, 42, 522, 358]]"
b2045fbc_301.jpg,[0.9173],"[[98, 64, 521, 359]]","[[99, 62, 517, 357]]"
b2045fbc_240.jpg,[0.9723],"[[126, 71, 509, 359]]","[[127, 70, 508, 358]]"
b2045fbc_452.jpg,[0.9688],"[[90, 83, 464, 359]]","[[89, 82, 463, 359]]"
b2045fbc_316.jpg,[0.9214],"[[133, 61, 501, 359]]","[[127, 60, 492, 358]]"
9d47d182_119.jpg,[0.9315],"[[50, 67, 458, 359]]","[[50, 67, 457, 359]]"
b2045fbc_786.jpg,[0.974],"[[113, 90, 475, 359]]","[[112, 90, 475, 358]]"
b2045fbc_1142.jpg,[0.5955],"[[0, 74, 380, 360]]","[[1, 76, 379, 360]]"
b2045fbc_139.jpg,"[0.9774, 0.9671]","[[0, 109, 234, 359], [229, 46, 582, 359]]","[[0, 108, 235, 358], [230, 46, 582, 358]]"
9aa3bbb8_18.jpg,[0.9544],"[[115, 72, 585, 359]]","[[115, 71, 585, 360]]"
b2045fbc_1655.jpg,[0.7296],"[[181, 220, 568, 359]]","[[181, 221, 569, 359]]"
b2045fbc_212.jpg,[0.9558],"[[151, 52, 485, 359]]","[[150, 50, 485, 359]]"
b2045fbc_947.jpg,[0.9429],"[[38, 0, 517, 360]]","[[35, 1, 515, 360]]"
b2045fbc_1304.jpg,[0.9418],"[[126, 107, 485, 360]]","[[127, 105, 484, 358]]"
b2045fbc_1794.jpg,[0.8485],"[[83, 54, 578, 360]]","[[80, 51, 627, 358]]"
b2045fbc_166.jpg,"[0.9645, 0.311]","[[151, 46, 500, 359], [0, 124, 52, 360]]","[[152, 46, 500, 358], [0, 130, 52, 360]]"
b2045fbc_1363.jpg,[0.8299],"[[93, 95, 453, 359]]","[[93, 94, 454, 360]]"
b2045fbc_325.jpg,[0.9693],"[[119, 90, 477, 359]]","[[117, 88, 475, 358]]"
b2045fbc_1160.jpg,[0.9536],"[[71, 95, 478, 359]]","[[78, 94, 477, 359]]"
b2045fbc_1229.jpg,[],[],[]
b2045fbc_1881.jpg,"[0.9661, 0.9502]","[[179, 91, 548, 360], [0, 48, 112, 360]]","[[0, 48, 111, 359], [177, 91, 549, 360]]"
b2045fbc_1584.jpg,[0.8901],"[[21, 115, 520, 360]]","[[18, 114, 521, 358]]"
9d47d182_286.jpg,[0.9628],"[[40, 66, 445, 359]]","[[38, 66, 446, 359]]"
b2045fbc_2032.jpg,[0.953],"[[104, 80, 508, 360]]","[[103, 78, 508, 360]]"
9d47d182_353.jpg,[0.9235],"[[38, 64, 556, 359]]","[[36, 66, 555, 360]]"
b2045fbc_1612.jpg,"[0.9644, 0.7944]","[[62, 103, 363, 359], [360, 50, 640, 359]]","[[60, 102, 364, 360], [361, 49, 639, 360]]"
b2045fbc_1465.jpg,[0.6507],"[[199, 168, 434, 360]]",[]
9aa3bbb8_97.jpg,[0.9584],"[[111, 115, 567, 360]]","[[112, 113, 564, 358]]"
b2045fbc_1930.jpg,[0.9695],"[[183, 100, 521, 360]]","[[182, 100, 521, 360]]"
b2045fbc_616.jpg,[],[],[]
b2045fbc_4.jpg,[0.9525],"[[68, 101, 484, 359]]","[[73, 100, 482, 359]]"
b2045fbc_787.jpg,[0.9745],"[[113, 90, 475, 359]]","[[112, 90, 475, 358]]"
b2045fbc_668.jpg,[],[],[]
f044cf1d_67.jpg,[0.687],"[[0, 54, 609, 359]]","[[1, 55, 595, 360]]"
b2045fbc_1987.jpg,[0.966],"[[140, 98, 502, 360]]","[[139, 96, 501, 358]]"
b2045fbc_724.jpg,[0.9685],"[[100, 55, 509, 359]]","[[100, 55, 508, 358]]"
b2045fbc_1516.jpg,[0.7683],"[[123, 144, 332, 360]]","[[121, 144, 331, 360]]"
b2045fbc_1378.jpg,[0.8948],"[[95, 101, 457, 359]]","[[95, 100, 457, 359]]"
9d47d182_343.jpg,[0.889],"[[38, 65, 572, 359]]","[[34, 66, 568, 360]]"
9d47d182_221.jpg,[0.913],"[[45, 64, 550, 359]]","[[38, 64, 553, 359]]"
9aa3bbb8_76.jpg,[0.9579],"[[122, 77, 555, 359]]","[[123, 77, 555, 359]]"
f044cf1d_16.jpg,[0.8845],"[[50, 57, 597, 359]]","[[52, 58, 564, 359]]"
b2045fbc_1945.jpg,[0.9539],"[[0, 55, 341, 359]]","[[0, 55, 342, 358]]"
b2045fbc_809.jpg,[0.9675],"[[101, 95, 467, 359]]","[[101, 95, 470, 359]]"
b2045fbc_1895.jpg,[0.9736],"[[223, 112, 489, 359]]","[[223, 112, 489, 359]]"
b2045fbc_763.jpg,[0.8144],"[[587, 42, 640, 360]]","[[587, 45, 640, 360]]"
b2045fbc_1151.jpg,[0.9553],"[[94, 85, 470, 359]]","[[94, 85, 472, 359]]"
b2045fbc_2070.jpg,[],[],[]
b2045fbc_113.jpg,[0.9685],"[[116, 86, 481, 359]]","[[115, 86, 480, 359]]"
b2045fbc_1261.jpg,[0.8746],"[[0, 129, 375, 360]]","[[0, 127, 375, 359]]"
b2045fbc_2031.jpg,[0.8976],"[[106, 91, 482, 359]]","[[100, 91, 483, 358]]"
9d47d182_328.jpg,[0.9237],"[[37, 65, 431, 359]]","[[35, 64, 433, 358]]"
b2045fbc_1002.jpg,[0.9638],"[[129, 63, 539, 359]]","[[129, 63, 538, 358]]"
b2045fbc_1948.jpg,[0.9641],"[[147, 84, 527, 360]]","[[149, 85, 527, 360]]"
b2045fbc_2074.jpg,[],[],[]
b2045fbc_1819.jpg,[],[],[]
b2045fbc_1482.jpg,[0.702],"[[242, 241, 389, 359]]",[]
b2045fbc_1573.jpg,[0.874],"[[22, 112, 507, 359]]","[[24, 112, 512, 360]]"
b2045fbc_815.jpg,[0.9732],"[[116, 91, 481, 359]]","[[117, 91, 483, 358]]"
b2045fbc_67.jpg,[0.8983],"[[0, 161, 317, 359]]","[[0, 159, 318, 358]]"
b2045fbc_1725.jpg,[0.8346],"[[67, 132, 486, 359]]","[[67, 131, 480, 359]]"
b2045fbc_782.jpg,[0.9752],"[[114, 89, 475, 359]]","[[114, 88, 476, 358]]"
b2045fbc_1272.jpg,[0.9611],"[[91, 99, 435, 359]]","[[91, 98, 433, 360]]"
f044cf1d_255.jpg,[0.9563],"[[93, 42, 518, 359]]","[[92, 40, 520, 359]]"
b2045fbc_583.jpg,[0.9595],"[[55, 11, 503, 360]]","[[55, 10, 504, 359]]"
b2045fbc_900.jpg,[0.9705],"[[85, 60, 487, 359]]","[[83, 59, 485, 358]]"
b2045fbc_1157.jpg,[0.9702],"[[107, 67, 502, 359]]","[[107, 67, 500, 359]]"
b2045fbc_1611.jpg,[0.7722],"[[46, 118, 503, 360]]","[[45, 118, 502, 360]]"
b2045fbc_1275.jpg,[0.9602],"[[91, 98, 435, 359]]","[[90, 97, 434, 358]]"
b2045fbc_1220.jpg,[],[],[]
b2045fbc_1821.jpg,[],[],[]
b2045fbc_389.jpg,[0.9613],"[[96, 69, 508, 359]]","[[96, 68, 510, 358]]"
b2045fbc_903.jpg,[0.97],"[[83, 58, 483, 359]]","[[83, 58, 483, 359]]"
b2045fbc_523.jpg,[0.8491],"[[136, 90, 468, 359]]","[[77, 90, 467, 358]]"
b2045fbc_868.jpg,[0.9718],"[[101, 82, 487, 359]]","[[100, 80, 487, 358]]"
b2045fbc_367.jpg,[0.9668],"[[94, 57, 515, 359]]","[[94, 57, 513, 359]]"
b2045fbc_1503.jpg,[0.7264],"[[120, 141, 337, 359]]","[[118, 140, 337, 359]]"
9aa3bbb8_96.jpg,[0.9596],"[[113, 100, 567, 359]]","[[114, 100, 566, 358]]"
b2045fbc_397.jpg,[0.9631],"[[96, 71, 508, 359]]","[[96, 70, 510, 358]]"
9d47d182_128.jpg,[0.9259],"[[50, 66, 459, 359]]","[[49, 66, 457, 359]]"
9d47d182_263.jpg,[0.8427],"[[36, 64, 376, 359]]","[[35, 64, 376, 358]]"
b2045fbc_1403.jpg,[0.952],"[[97, 99, 437, 360]]","[[96, 97, 436, 360]]"
b2045fbc_1423.jpg,"[0.9568, 0.6268]","[[155, 52, 492, 359], [0, 101, 76, 360]]","[[155, 50, 492, 359], [0, 102, 76, 359]]"
b2045fbc_1884.jpg,[0.9698],"[[218, 114, 472, 360]]","[[217, 113, 471, 359]]"
b2045fbc_1338.jpg,[0.9547],"[[108, 98, 483, 360]]","[[105, 101, 482, 360]]"
b2045fbc_727.jpg,[0.2625],"[[605, 127, 640, 359]]",[]
b2045fbc_531.jpg,[0.948],"[[102, 89, 470, 359]]","[[116, 90, 470, 358]]"
b2045fbc_1785.jpg,[0.9347],"[[93, 34, 590, 359]]","[[91, 32, 593, 358]]"
b2045fbc_935.jpg,[0.9587],"[[131, 68, 535, 359]]","[[130, 67, 534, 359]]"
b2045fbc_1537.jpg,[0.6161],"[[108, 131, 333, 359]]","[[108, 130, 332, 360]]"
9aa3bbb8_26.jpg,[0.9633],"[[119, 53, 567, 359]]","[[122, 51, 566, 358]]"
b2045fbc_69.jpg,[0.9722],"[[121, 70, 509, 359]]","[[120, 69, 508, 358]]"
b2045fbc_280.jpg,[0.9697],"[[117, 89, 480, 359]]","[[117, 87, 479, 358]]"
b2045fbc_10.jpg,[0.9465],"[[75, 103, 485, 359]]","[[82, 103, 480, 359]]"
b2045fbc_1480.jpg,[0.7454],"[[270, 238, 402, 359]]",[]
b2045fbc_1247.jpg,[],[],[]
9d47d182_222.jpg,[0.8388],"[[44, 64, 546, 359]]","[[41, 64, 541, 358]]"
b2045fbc_408.jpg,[0.9669],"[[94, 70, 509, 359]]","[[93, 69, 510, 358]]"
b2045fbc_1724.jpg,[0.8188],"[[67, 133, 455, 359]]","[[68, 131, 468, 359]]"
b2045fbc_1466.jpg,[0.953],"[[219, 198, 411, 359]]",[]
ed2e9e4c_50.jpg,[0.9474],"[[123, 57, 583, 359]]","[[127, 57, 589, 359]]"
9d47d182_419.jpg,[0.9657],"[[56, 69, 460, 359]]","[[55, 68, 461, 359]]"
f044cf1d_150.jpg,[0.9544],"[[54, 59, 539, 359]]","[[53, 58, 535, 359]]"
b2045fbc_589.jpg,[0.9679],"[[98, 57, 493, 359]]","[[98, 57, 493, 359]]"
b2045fbc_545.jpg,[0.9574],"[[110, 91, 475, 359]]","[[110, 91, 474, 358]]"
f044cf1d_89.jpg,[0.9571],"[[65, 58, 485, 359]]","[[68, 58, 488, 358]]"
b2045fbc_469.jpg,[0.9685],"[[129, 66, 535, 359]]","[[129, 64, 534, 359]]"
b2045fbc_1970.jpg,[0.9562],"[[113, 80, 538, 360]]","[[113, 79, 535, 360]]"
b2045fbc_1768.jpg,[0.9424],"[[131, 127, 454, 359]]","[[131, 126, 453, 360]]"
b2045fbc_1252.jpg,[],[],[]
f044cf1d_281.jpg,[0.8789],"[[44, 60, 573, 359]]","[[50, 58, 558, 359]]"
b2045fbc_830.jpg,[0.9729],"[[109, 90, 479, 359]]","[[108, 90, 479, 358]]"
b2045fbc_928.jpg,[0.9708],"[[108, 80, 486, 359]]","[[108, 79, 484, 358]]"
b2045fbc_36.jpg,[0.9726],"[[123, 71, 513, 359]]","[[122, 70, 514, 358]]"
b2045fbc_488.jpg,[0.9675],"[[97, 88, 465, 359]]","[[96, 87, 464, 358]]"
b2045fbc_404.jpg,[0.9682],"[[96, 71, 511, 359]]","[[96, 70, 511, 358]]"
b2045fbc_1203.jpg,[0.8152],"[[0, 89, 330, 359]]","[[0, 87, 332, 358]]"
b2045fbc_1869.jpg,"[0.9689, 0.9572]","[[186, 103, 531, 360], [50, 38, 271, 360]]","[[49, 40, 267, 360], [177, 103, 527, 359]]"
b2045fbc_1812.jpg,[0.8807],"[[124, 117, 441, 359]]","[[119, 115, 440, 358]]"
b2045fbc_1311.jpg,[0.949],"[[102, 101, 472, 360]]","[[97, 102, 471, 360]]"
b2045fbc_1932.jpg,[0.9702],"[[202, 98, 530, 359]]","[[202, 96, 530, 358]]"
b2045fbc_627.jpg,[],[],[]
b2045fbc_554.jpg,[0.95],"[[105, 89, 472, 359]]","[[104, 87, 472, 358]]"
b2045fbc_327.jpg,[0.9442],"[[24, 31, 499, 360]]","[[23, 29, 501, 360]]"
b2045fbc_329.jpg,[0.9727],"[[118, 62, 516, 359]]","[[117, 60, 515, 358]]"
ed2e9e4c_25.jpg,[0.9536],"[[109, 47, 566, 359]]","[[112, 46, 559, 359]]"
b2045fbc_1485.jpg,[0.8597],"[[185, 239, 332, 359]]",[]
f044cf1d_144.jpg,[0.9533],"[[55, 59, 539, 359]]","[[53, 59, 535, 359]]"
b2045fbc_1056.jpg,[0.9118],"[[10, 0, 488, 359]]","[[3, 0, 489, 358]]"
b2045fbc_1267.jpg,[0.9648],"[[95, 99, 440, 359]]","[[93, 97, 438, 358]]"
b2045fbc_1109.jpg,[0.9249],"[[14, 9, 455, 359]]","[[13, 10, 454, 359]]"
9d47d182_92.jpg,[0.9504],"[[44, 68, 447, 359]]","[[43, 69, 451, 360]]"
b2045fbc_1095.jpg,[],[],[]
b2045fbc_940.jpg,[0.9682],"[[55, 1, 520, 359]]","[[55, 1, 520, 360]]"
9d47d182_66.jpg,[0.7163],"[[50, 66, 438, 359]]","[[50, 66, 380, 359]]"
b2045fbc_359.jpg,[0.9691],"[[113, 64, 517, 359]]","[[113, 64, 515, 358]]"
9d47d182_321.jpg,[0.9218],"[[39, 64, 597, 359]]","[[37, 63, 599, 358]]"
b2045fbc_380.jpg,[0.9656],"[[64, 70, 503, 359]]","[[65, 69, 502, 358]]"
b2045fbc_138.jpg,"[0.9773, 0.9652]","[[0, 109, 234, 359], [229, 45, 582, 359]]","[[0, 109, 235, 358], [229, 45, 582, 358]]"
b2045fbc_1217.jpg,[],[],[]
b2045fbc_1207.jpg,[0.7546],"[[0, 84, 344, 359]]","[[0, 85, 342, 359]]"
b2045fbc_229.jpg,[0.9721],"[[126, 71, 510, 359]]","[[126, 70, 510, 358]]"
b2045fbc_1979.jpg,[0.8776],"[[0, 68, 321, 359]]","[[0, 67, 322, 359]]"
9d47d182_151.jpg,[0.897],"[[50, 65, 609, 359]]","[[48, 67, 460, 360]]"
b2045fbc_146.jpg,"[0.9645, 0.8987]","[[230, 41, 582, 359], [0, 106, 182, 360]]","[[230, 41, 582, 359], [0, 105, 183, 358]]"
9d47d182_36.jpg,[0.9219],"[[52, 66, 511, 359]]","[[50, 66, 509, 359]]"
b2045fbc_1024.jpg,[0.9631],"[[133, 65, 536, 359]]","[[132, 64, 536, 358]]"
b2045fbc_1269.jpg,[0.9648],"[[94, 99, 438, 359]]","[[93, 98, 438, 358]]"
f044cf1d_245.jpg,[0.8976],"[[81, 51, 543, 359]]","[[81, 50, 543, 358]]"
f044cf1d_274.jpg,[0.9543],"[[94, 43, 524, 359]]","[[95, 42, 524, 358]]"
ed2e9e4c_32.jpg,[0.9554],"[[132, 62, 542, 360]]","[[132, 61, 542, 360]]"
9aa3bbb8_74.jpg,[0.9608],"[[165, 76, 623, 360]]","[[163, 76, 625, 360]]"
9d47d182_33.jpg,[0.9678],"[[52, 71, 456, 359]]","[[50, 70, 454, 360]]"
b2045fbc_1791.jpg,[0.9633],"[[29, 1, 609, 359]]","[[27, 2, 612, 360]]"
b2045fbc_1045.jpg,[0.9656],"[[47, 1, 540, 359]]","[[51, 0, 541, 358]]"
b2045fbc_64.jpg,[0.923],"[[0, 157, 313, 359]]","[[0, 157, 313, 359]]"
b2045fbc_1063.jpg,[0.9664],"[[69, 0, 544, 359]]","[[68, 0, 544, 358]]"
b2045fbc_337.jpg,[0.9679],"[[139, 64, 536, 359]]","[[138, 63, 536, 358]]"
f044cf1d_53.jpg,[0.6415],"[[32, 57, 586, 359]]","[[38, 59, 585, 359]]"
b2045fbc_1316.jpg,[0.9578],"[[101, 97, 479, 360]]","[[99, 100, 477, 360]]"
b2045fbc_338.jpg,[0.9686],"[[139, 63, 537, 359]]","[[138, 61, 537, 358]]"
b2045fbc_1535.jpg,"[0.9549, 0.3312]","[[88, 64, 435, 359], [0, 107, 33, 360]]","[[89, 63, 434, 358]]"
b2045fbc_1661.jpg,[],[],"[[55, 180, 341, 360]]"
b2045fbc_2053.jpg,[0.9269],"[[55, 0, 496, 360]]","[[54, 0, 497, 360]]"
b2045fbc_1119.jpg,[],[],[]
9aa3bbb8_64.jpg,[0.9499],"[[168, 89, 625, 359]]","[[167, 88, 628, 358]]"
b2045fbc_1827.jpg,[0.9763],"[[168, 106, 488, 360]]","[[169, 105, 487, 360]]"
b2045fbc_1384.jpg,[0.841],"[[94, 101, 458, 359]]","[[96, 100, 459, 359]]"
b2045fbc_1569.jpg,[0.884],"[[26, 111, 502, 360]]","[[29, 111, 493, 359]]"
b2045fbc_923.jpg,[0.9703],"[[107, 78, 488, 359]]","[[105, 77, 487, 359]]"
b2045fbc_328.jpg,[0.9704],"[[122, 64, 521, 359]]","[[120, 63, 520, 358]]"
b2045fbc_1638.jpg,[0.7776],"[[87, 131, 415, 360]]","[[87, 131, 415, 359]]"
ed2e9e4c_76.jpg,[0.9321],"[[127, 62, 555, 359]]","[[129, 61, 563, 358]]"
b2045fbc_800.jpg,[0.9711],"[[111, 96, 475, 359]]","[[111, 95, 473, 359]]"
b2045fbc_1432.jpg,[],[],[]
b2045fbc_1912.jpg,[0.6355],"[[110, 117, 440, 359]]","[[92, 117, 440, 358]]"
9d47d182_141.jpg,[0.9249],"[[51, 66, 633, 359]]","[[54, 67, 457, 359]]"
b2045fbc_1442.jpg,[],[],[]
ed2e9e4c_6.jpg,[0.9238],"[[123, 73, 605, 359]]","[[122, 72, 606, 358]]"
b2045fbc_1040.jpg,[0.9684],"[[69, 0, 546, 359]]","[[67, 1, 544, 360]]"
b2045fbc_2072.jpg,[],[],[]
b2045fbc_597.jpg,[0.9407],"[[58, 77, 514, 359]]","[[61, 77, 515, 358]]"
9d47d182_49.jpg,[0.9318],"[[52, 68, 473, 359]]","[[51, 68, 449, 359]]"
b2045fbc_926.jpg,[0.9709],"[[109, 79, 487, 359]]","[[107, 78, 485, 358]]"
b2045fbc_111.jpg,"[0.9764, 0.9669]","[[306, 50, 639, 359], [0, 131, 275, 359]]","[[306, 49, 638, 359], [0, 131, 275, 358]]"
b2045fbc_1016.jpg,[0.9674],"[[101, 71, 485, 359]]","[[101, 70, 486, 358]]"
b2045fbc_1.jpg,[0.9726],"[[124, 79, 499, 359]]","[[123, 78, 499, 358]]"
b2045fbc_9.jpg,[0.9539],"[[74, 103, 484, 359]]","[[79, 102, 480, 359]]"
b2045fbc_1122.jpg,[],[],[]
b2045fbc_1553.jpg,[0.7652],"[[91, 131, 311, 359]]",[]
b2045fbc_558.jpg,[0.9702],"[[107, 60, 518, 359]]","[[106, 59, 518, 358]]"
b2045fbc_33.jpg,[0.9696],"[[111, 71, 503, 359]]","[[110, 69, 502, 360]]"
b2045fbc_1839.jpg,[0.9387],"[[165, 131, 523, 359]]","[[164, 132, 522, 358]]"
b2045fbc_498.jpg,[0.9643],"[[89, 84, 465, 359]]","[[88, 84, 464, 359]]"
9d47d182_103.jpg,[0.9691],"[[48, 69, 454, 359]]","[[46, 68, 453, 358]]"
b2045fbc_158.jpg,[0.9725],"[[126, 70, 510, 359]]","[[124, 69, 508, 358]]"
9aa3bbb8_53.jpg,[0.9468],"[[127, 59, 613, 359]]","[[125, 58, 603, 359]]"
b2045fbc_1026.jpg,[0.9643],"[[0, 2, 531, 360]]","[[83, 1, 528, 360]]"
b2045fbc_215.jpg,[0.964],"[[151, 51, 483, 359]]","[[150, 50, 482, 359]]"
f044cf1d_120.jpg,[0.927],"[[32, 55, 566, 359]]","[[36, 57, 567, 360]]"
b2045fbc_1648.jpg,[0.7208],"[[110, 170, 386, 359]]","[[109, 168, 387, 360]]"
ed2e9e4c_46.jpg,[0.9497],"[[123, 55, 585, 359]]","[[125, 55, 590, 358]]"
ed2e9e4c_7.jpg,[0.9247],"[[125, 73, 604, 359]]","[[122, 72, 605, 358]]"
f044cf1d_149.jpg,[0.9559],"[[54, 59, 541, 359]]","[[55, 59, 541, 359]]"
b2045fbc_1716.jpg,[0.8096],"[[64, 139, 502, 360]]","[[65, 139, 498, 360]]"
b2045fbc_1361.jpg,[0.8894],"[[93, 94, 454, 359]]","[[92, 93, 455, 360]]"
b2045fbc_297.jpg,[0.9395],"[[96, 67, 534, 360]]","[[94, 64, 533, 358]]"
b2045fbc_827.jpg,[0.9577],"[[87, 83, 471, 359]]","[[88, 82, 468, 359]]"
b2045fbc_1967.jpg,[0.7549],"[[0, 73, 319, 359]]","[[0, 73, 319, 358]]"
b2045fbc_1578.jpg,[0.8568],"[[20, 112, 507, 359]]","[[19, 111, 507, 359]]"
b2045fbc_115.jpg,"[0.9748, 0.9536]","[[304, 48, 639, 359], [0, 132, 278, 359]]","[[304, 48, 639, 360], [0, 131, 278, 358]]"
b2045fbc_25.jpg,[0.9727],"[[124, 70, 511, 359]]","[[123, 69, 509, 358]]"
b2045fbc_1723.jpg,[0.9614],"[[72, 140, 374, 360]]","[[71, 139, 375, 359]]"
b2045fbc_333.jpg,[0.9623],"[[130, 49, 538, 360]]","[[130, 49, 538, 359]]"
b2045fbc_1891.jpg,"[0.9662, 0.921]","[[227, 114, 493, 360], [0, 6, 103, 355]]","[[0, 7, 100, 360], [224, 114, 490, 360]]"
9d47d182_365.jpg,[0.9553],"[[52, 67, 465, 359]]","[[52, 68, 467, 359]]"
9d47d182_185.jpg,[0.9614],"[[44, 66, 438, 359]]","[[43, 66, 437, 359]]"
ed2e9e4c_59.jpg,[0.9466],"[[126, 61, 573, 359]]","[[127, 60, 576, 360]]"
b2045fbc_305.jpg,[0.9601],"[[41, 40, 515, 360]]","[[41, 40, 519, 360]]"
b2045fbc_460.jpg,[0.9704],"[[92, 83, 465, 359]]","[[91, 82, 464, 359]]"
b2045fbc_779.jpg,[0.9739],"[[112, 86, 476, 359]]","[[112, 86, 475, 359]]"
f044cf1d_258.jpg,[0.9508],"[[98, 42, 529, 359]]","[[97, 41, 530, 358]]"
b2045fbc_1427.jpg,[],[],[]
b2045fbc_1279.jpg,"[0.9547, 0.9215]","[[152, 65, 489, 359], [0, 111, 118, 360]]","[[152, 64, 490, 358], [0, 109, 119, 360]]"
f044cf1d_118.jpg,[0.9206],"[[33, 56, 568, 359]]","[[39, 57, 568, 360]]"
9d47d182_214.jpg,[0.8928],"[[41, 64, 558, 359]]","[[36, 64, 556, 359]]"
f044cf1d_178.jpg,[0.9342],"[[30, 54, 564, 359]]","[[41, 55, 563, 360]]"
b2045fbc_1390.jpg,[0.9191],"[[101, 58, 443, 359]]","[[101, 57, 445, 360]]"
b2045fbc_590.jpg,[0.9526],"[[117, 44, 506, 359]]","[[117, 43, 507, 358]]"
ed2e9e4c_42.jpg,[0.9447],"[[124, 56, 587, 359]]","[[126, 56, 589, 360]]"
b2045fbc_410.jpg,[0.9676],"[[95, 70, 511, 359]]","[[95, 69, 511, 358]]"
b2045fbc_1277.jpg,[0.963],"[[96, 98, 439, 359]]","[[94, 96, 438, 358]]"
b2045fbc_939.jpg,[0.9687],"[[50, 1, 515, 360]]","[[50, 1, 517, 360]]"
b2045fbc_341.jpg,[0.9671],"[[138, 63, 536, 359]]","[[137, 63, 535, 358]]"
b2045fbc_574.jpg,[0.9121],"[[0, 1, 410, 359]]","[[0, 1, 407, 358]]"
f044cf1d_127.jpg,[0.8999],"[[19, 56, 562, 359]]","[[24, 58, 555, 360]]"
b2045fbc_635.jpg,[0.9688],"[[135, 65, 543, 359]]","[[134, 64, 542, 358]]"
9aa3bbb8_82.jpg,[0.9551],"[[130, 75, 581, 360]]","[[127, 75, 569, 359]]"
b2045fbc_317.jpg,[0.9474],"[[123, 60, 491, 359]]","[[123, 59, 491, 358]]"
b2045fbc_195.jpg,"[0.9622, 0.9561]","[[276, 53, 620, 360], [0, 115, 272, 359]]","[[276, 51, 619, 358], [0, 113, 272, 358]]"
b2045fbc_718.jpg,[0.3226],"[[605, 145, 640, 359]]",[]
9d47d182_34.jpg,[0.6536],"[[50, 68, 436, 359]]","[[49, 68, 373, 359]]"
b2045fbc_1107.jpg,[0.9602],"[[39, 5, 454, 359]]","[[40, 5, 452, 358]]"
b2045fbc_228.jpg,[0.9711],"[[126, 71, 510, 359]]","[[125, 70, 510, 358]]"
b2045fbc_1628.jpg,[0.8707],"[[85, 130, 403, 359]]","[[85, 129, 401, 359]]"
9d47d182_13.jpg,[0.9635],"[[51, 71, 462, 359]]","[[49, 69, 461, 358]]"
b2045fbc_386.jpg,[0.9631],"[[97, 70, 509, 359]]","[[96, 68, 511, 358]]"
f044cf1d_163.jpg,[0.939],"[[18, 56, 539, 359]]","[[20, 58, 536, 360]]"
b2045fbc_1491.jpg,[],[],"[[116, 133, 354, 360]]"
9d47d182_294.jpg,[0.922],"[[27, 63, 606, 360]]","[[29, 63, 607, 358]]"
b2045fbc_1266.jpg,[0.965],"[[95, 99, 438, 359]]","[[94, 98, 437, 358]]"
ed2e9e4c_49.jpg,[0.9462],"[[123, 57, 581, 359]]","[[127, 57, 587, 359]]"
b2045fbc_285.jpg,[0.9413],"[[117, 57, 532, 359]]","[[116, 55, 532, 359]]"
b2045fbc_694.jpg,[0.9497],"[[35, 43, 488, 359]]","[[33, 40, 486, 359]]"
b2045fbc_1870.jpg,"[0.9692, 0.9601]","[[184, 103, 532, 360], [47, 37, 264, 360]]","[[45, 39, 263, 360], [178, 103, 526, 359]]"
9aa3bbb8_13.jpg,[0.9522],"[[114, 89, 583, 359]]","[[113, 88, 582, 358]]"
b2045fbc_972.jpg,[0.9666],"[[73, 0, 511, 359]]","[[73, 0, 510, 358]]"
9d47d182_76.jpg,[0.9568],"[[52, 66, 423, 359]]","[[50, 66, 422, 359]]"
b2045fbc_1665.jpg,[0.9662],"[[219, 43, 627, 359]]","[[219, 42, 628, 360]]"
b2045fbc_1614.jpg,[0.8118],"[[41, 115, 500, 360]]","[[39, 113, 497, 359]]"
b2045fbc_857.jpg,[0.9628],"[[122, 65, 535, 359]]","[[122, 64, 534, 359]]"
9d47d182_299.jpg,[0.9147],"[[26, 64, 593, 360]]","[[38, 63, 602, 358]]"
b2045fbc_1069.jpg,[0.9595],"[[76, 0, 542, 360]]","[[73, 0, 542, 358]]"
b2045fbc_770.jpg,[0.9139],"[[379, 55, 640, 360]]","[[375, 55, 640, 358]]"
9d47d182_117.jpg,[0.9327],"[[50, 66, 460, 359]]","[[48, 66, 460, 359]]"
b2045fbc_648.jpg,[],[],[]
9d47d182_1.jpg,[0.9644],"[[51, 70, 461, 359]]","[[47, 68, 460, 358]]"
b2045fbc_1747.jpg,[0.8493],"[[64, 135, 448, 360]]","[[74, 135, 485, 360]]"
9d47d182_241.jpg,[0.9529],"[[37, 62, 509, 359]]","[[35, 61, 511, 358]]"
b2045fbc_801.jpg,[0.9697],"[[111, 96, 471, 359]]","[[112, 95, 472, 359]]"
9d47d182_202.jpg,[0.9677],"[[46, 66, 459, 359]]","[[44, 64, 460, 359]]"
b2045fbc_1228.jpg,[],[],[]
9d47d182_385.jpg,[0.9621],"[[58, 69, 462, 359]]","[[58, 68, 464, 358]]"
b2045fbc_570.jpg,[0.9385],"[[0, 1, 417, 359]]","[[0, 1, 417, 358]]"
f044cf1d_76.jpg,[0.9127],"[[33, 59, 538, 359]]","[[39, 59, 533, 359]]"
9d47d182_148.jpg,[0.9],"[[50, 64, 619, 359]]","[[50, 67, 457, 359]]"
b2045fbc_430.jpg,[0.9647],"[[52, 63, 475, 359]]","[[48, 61, 476, 358]]"
b2045fbc_1212.jpg,[],[],[]
b2045fbc_1889.jpg,"[0.9707, 0.9318]","[[226, 113, 484, 360], [0, 7, 100, 360]]","[[0, 5, 95, 359], [221, 113, 483, 359]]"
9d47d182_96.jpg,[0.9496],"[[44, 68, 447, 359]]","[[46, 68, 454, 359]]"
b2045fbc_264.jpg,[0.9635],"[[62, 48, 522, 359]]","[[62, 46, 521, 359]]"
b2045fbc_1548.jpg,[],[],[]
b2045fbc_849.jpg,[0.9665],"[[99, 95, 464, 359]]","[[100, 94, 468, 359]]"
b2045fbc_1011.jpg,[0.9694],"[[113, 76, 496, 359]]","[[112, 75, 495, 359]]"
b2045fbc_1100.jpg,[],[],[]
b2045fbc_1591.jpg,[0.87],"[[93, 119, 532, 359]]","[[88, 118, 531, 359]]"
b2045fbc_438.jpg,[0.9605],"[[55, 69, 476, 359]]","[[54, 68, 474, 358]]"
9d47d182_79.jpg,[0.9646],"[[51, 71, 461, 359]]","[[48, 69, 460, 358]]"
b2045fbc_725.jpg,[],[],[]
b2045fbc_1742.jpg,[0.8966],"[[63, 135, 447, 360]]","[[62, 133, 465, 360]]"
b2045fbc_1144.jpg,[0.9656],"[[86, 87, 481, 360]]","[[85, 87, 482, 360]]"
b2045fbc_884.jpg,[0.9413],"[[96, 48, 502, 360]]","[[95, 47, 509, 360]]"
b2045fbc_1043.jpg,[0.9445],"[[65, 0, 541, 359]]","[[46, 1, 537, 360]]"
b2045fbc_503.jpg,[0.9647],"[[83, 78, 475, 359]]","[[83, 77, 473, 358]]"
9d47d182_157.jpg,[0.9654],"[[51, 70, 463, 359]]","[[50, 68, 462, 358]]"
b2045fbc_204.jpg,[0.9603],"[[146, 49, 480, 360]]","[[145, 49, 482, 359]]"
b2045fbc_150.jpg,"[0.966, 0.3769]","[[126, 35, 477, 359], [0, 101, 55, 360]]","[[126, 33, 477, 360], [0, 114, 54, 360]]"
f044cf1d_73.jpg,[0.8318],"[[0, 56, 578, 359]]","[[0, 58, 572, 360]]"
b2045fbc_1231.jpg,[],[],[]
b2045fbc_913.jpg,[0.9615],"[[130, 67, 538, 359]]","[[128, 66, 536, 359]]"
b2045fbc_970.jpg,[0.9447],"[[74, 3, 502, 359]]","[[71, 1, 501, 359]]"
b2045fbc_1706.jpg,"[0.7716, 0.6686]","[[25, 137, 445, 360], [0, 126, 123, 360]]","[[1, 127, 503, 360]]"
b2045fbc_168.jpg,"[0.9678, 0.3476]","[[153, 43, 500, 359], [0, 118, 51, 360]]","[[152, 43, 500, 358], [0, 122, 51, 359]]"
9d47d182_397.jpg,[0.8904],"[[55, 68, 409, 359]]","[[53, 68, 406, 359]]"
b2045fbc_183.jpg,"[0.9652, 0.5723]","[[162, 42, 500, 360], [0, 99, 78, 360]]","[[162, 41, 500, 359], [0, 97, 77, 358]]"
b2045fbc_130.jpg,"[0.9783, 0.9683]","[[0, 109, 236, 359], [231, 45, 583, 359]]","[[0, 109, 236, 358], [231, 43, 583, 358]]"
b2045fbc_534.jpg,[0.9595],"[[108, 90, 475, 359]]","[[106, 90, 474, 358]]"
b2045fbc_259.jpg,[0.9629],"[[86, 53, 518, 359]]","[[85, 53, 518, 358]]"
f044cf1d_220.jpg,[0.9167],"[[83, 50, 562, 359]]","[[84, 49, 568, 359]]"
b2045fbc_234.jpg,[0.9723],"[[126, 71, 509, 359]]","[[126, 72, 509, 358]]"
9d47d182_209.jpg,[0.9151],"[[32, 65, 576, 359]]","[[42, 64, 584, 359]]"
b2045fbc_1270.jpg,[0.9646],"[[93, 98, 438, 359]]","[[92, 97, 436, 358]]"
b2045fbc_709.jpg,[0.861],"[[515, 14, 640, 360]]","[[515, 12, 640, 360]]"
f044cf1d_61.jpg,[0.9135],"[[17, 61, 558, 359]]","[[3, 60, 556, 360]]"
b2045fbc_1027.jpg,[0.971],"[[72, 1, 531, 359]]","[[74, 3, 528, 360]]"
b2045fbc_363.jpg,[0.965],"[[84, 56, 517, 359]]","[[82, 55, 514, 358]]"
b2045fbc_445.jpg,[0.9692],"[[89, 81, 465, 359]]","[[88, 80, 464, 358]]"
b2045fbc_1448.jpg,[],[],[]
b2045fbc_1294.jpg,[0.515],"[[26, 94, 390, 360]]","[[22, 94, 390, 360]]"
9d47d182_204.jpg,[0.9652],"[[36, 69, 457, 359]]","[[36, 68, 456, 358]]"
b2045fbc_208.jpg,[0.9615],"[[147, 50, 483, 360]]","[[145, 49, 483, 360]]"
9d47d182_239.jpg,[0.9669],"[[34, 67, 455, 359]]","[[31, 66, 455, 359]]"
b2045fbc_633.jpg,[],[],[]
b2045fbc_1851.jpg,[0.9705],"[[194, 119, 511, 360]]","[[194, 119, 510, 360]]"
b2045fbc_1663.jpg,[0.9554],"[[268, 67, 623, 360]]","[[268, 66, 624, 360]]"
9d47d182_139.jpg,[0.9338],"[[51, 66, 633, 359]]","[[51, 67, 455, 360]]"
b2045fbc_908.jpg,[0.9621],"[[78, 68, 473, 359]]","[[79, 68, 473, 359]]"
b2045fbc_1620.jpg,[0.7165],"[[90, 141, 416, 360]]","[[91, 140, 416, 359]]"
f044cf1d_283.jpg,[0.8839],"[[54, 56, 568, 359]]","[[54, 58, 562, 360]]"
b2045fbc_62.jpg,[0.9552],"[[1, 153, 310, 360]]","[[1, 151, 310, 358]]"
b2045fbc_771.jpg,[0.9],"[[384, 52, 639, 360]]","[[383, 50, 640, 359]]"
b2045fbc_963.jpg,[0.9356],"[[44, 1, 518, 360]]","[[49, 1, 510, 360]]"
9aa3bbb8_71.jpg,[0.966],"[[168, 71, 623, 359]]","[[168, 70, 624, 358]]"
b2045fbc_238.jpg,[0.9719],"[[126, 71, 509, 359]]","[[125, 70, 510, 360]]"
b2045fbc_383.jpg,[0.9619],"[[94, 71, 509, 359]]","[[94, 69, 509, 358]]"
9aa3bbb8_44.jpg,[0.9194],"[[126, 54, 622, 359]]","[[127, 53, 608, 358]]"
f044cf1d_200.jpg,[0.9332],"[[30, 54, 558, 359]]","[[40, 56, 556, 360]]"
b2045fbc_286.jpg,[0.9438],"[[116, 56, 546, 359]]","[[115, 55, 549, 359]]"
b2045fbc_1181.jpg,[0.9434],"[[56, 99, 480, 359]]","[[51, 98, 480, 358]]"
b2045fbc_1325.jpg,[0.946],"[[102, 97, 481, 360]]","[[99, 98, 480, 360]]"
b2045fbc_478.jpg,[0.9694],"[[97, 87, 465, 359]]","[[96, 86, 464, 358]]"
b2045fbc_564.jpg,[0.9662],"[[124, 56, 531, 359]]","[[125, 53, 533, 358]]"
b2045fbc_691.jpg,[0.9653],"[[134, 65, 536, 359]]","[[133, 64, 535, 358]]"
b2045fbc_1200.jpg,[0.9545],"[[65, 101, 483, 359]]","[[69, 100, 481, 359]]"
b2045fbc_997.jpg,[0.9598],"[[60, 51, 481, 360]]","[[60, 49, 480, 359]]"
b2045fbc_680.jpg,[0.9684],"[[138, 67, 537, 359]]","[[137, 66, 537, 359]]"
b2045fbc_314.jpg,[0.9704],"[[118, 90, 479, 359]]","[[118, 90, 478, 358]]"
b2045fbc_766.jpg,[0.4717],"[[501, 18, 640, 359]]","[[500, 18, 640, 358]]"
b2045fbc_1421.jpg,[],[],[]
ed2e9e4c_82.jpg,[0.8611],"[[131, 64, 593, 359]]","[[131, 63, 533, 360]]"
b2045fbc_893.jpg,[0.9696],"[[85, 59, 486, 359]]","[[84, 58, 484, 359]]"
ed2e9e4c_55.jpg,[0.9395],"[[124, 60, 581, 359]]","[[128, 59, 591, 359]]"
b2045fbc_334.jpg,[0.9605],"[[130, 59, 530, 359]]","[[128, 58, 528, 359]]"
b2045fbc_687.jpg,[],[],[]
b2045fbc_1193.jpg,[0.953],"[[55, 102, 479, 359]]","[[60, 100, 476, 359]]"
b2045fbc_778.jpg,[0.9715],"[[112, 88, 480, 359]]","[[112, 87, 480, 358]]"
b2045fbc_700.jpg,[0.9689],"[[164, 76, 568, 359]]","[[164, 76, 567, 359]]"
9aa3bbb8_37.jpg,[0.9469],"[[132, 55, 636, 359]]","[[132, 53, 632, 358]]"
b2045fbc_300.jpg,[0.9178],"[[102, 65, 519, 360]]","[[98, 63, 518, 358]]"
f044cf1d_270.jpg,[0.956],"[[93, 44, 524, 359]]","[[95, 43, 524, 358]]"
b2045fbc_604.jpg,[0.9433],"[[70, 51, 527, 359]]","[[68, 49, 527, 359]]"
b2045fbc_2021.jpg,"[0.9409, 0.7329]","[[0, 2, 214, 359], [167, 89, 523, 359]]","[[0, 1, 212, 360], [162, 90, 521, 360]]"
b2045fbc_177.jpg,"[0.962, 0.4343]","[[154, 45, 499, 359], [0, 98, 48, 359]]","[[154, 43, 498, 358], [0, 118, 48, 360]]"
b2045fbc_1727.jpg,[0.8424],"[[66, 136, 453, 360]]","[[65, 135, 471, 360]]"
b2045fbc_1335.jpg,"[0.9392, 0.4055]","[[92, 63, 437, 359], [0, 97, 46, 360]]","[[92, 63, 436, 360], [0, 118, 47, 360]]"
b2045fbc_1662.jpg,[0.8587],"[[235, 196, 461, 359]]","[[234, 194, 461, 358]]"
b2045fbc_952.jpg,[0.9541],"[[20, 1, 520, 360]]","[[25, 1, 518, 360]]"
9d47d182_98.jpg,[0.9437],"[[45, 67, 446, 359]]","[[48, 67, 454, 359]]"
9aa3bbb8_22.jpg,[0.9519],"[[122, 87, 599, 360]]","[[118, 86, 606, 359]]"
b2045fbc_1783.jpg,[0.9527],"[[91, 30, 593, 359]]","[[90, 28, 594, 359]]"
f044cf1d_267.jpg,[0.957],"[[93, 44, 522, 359]]","[[95, 45, 525, 358]]"
b2045fbc_86.jpg,"[0.9762, 0.9737]","[[0, 130, 286, 360], [284, 64, 639, 359]]","[[0, 130, 286, 359], [285, 63, 639, 360]]"
b2045fbc_1521.jpg,[0.5999],"[[104, 139, 336, 359]]","[[103, 139, 337, 360]]"
b2045fbc_1505.jpg,[0.7461],"[[120, 141, 334, 359]]","[[118, 140, 334, 359]]"
b2045fbc_1490.jpg,[0.9392],"[[89, 66, 437, 359]]","[[88, 64, 435, 359]]"
b2045fbc_1603.jpg,[0.892],"[[90, 118, 515, 359]]","[[87, 118, 513, 358]]"
b2045fbc_1061.jpg,[0.9587],"[[62, 0, 508, 359]]","[[58, 0, 506, 358]]"
b2045fbc_1941.jpg,[0.969],"[[182, 99, 525, 360]]","[[181, 100, 523, 360]]"
b2045fbc_374.jpg,[0.9579],"[[97, 68, 511, 359]]","[[96, 67, 511, 359]]"
b2045fbc_1590.jpg,"[0.9583, 0.9452]","[[257, 70, 613, 359], [0, 123, 244, 360]]","[[0, 121, 244, 359], [257, 69, 614, 358]]"
b2045fbc_936.jpg,[0.9662],"[[89, 68, 484, 359]]","[[88, 68, 480, 359]]"
b2045fbc_677.jpg,[],[],[]
f044cf1d_46.jpg,[0.9558],"[[93, 43, 519, 359]]","[[92, 42, 520, 358]]"
b2045fbc_954.jpg,[0.9575],"[[16, 1, 518, 360]]","[[23, 1, 513, 360]]"
9d47d182_201.jpg,[0.9512],"[[49, 68, 465, 359]]","[[48, 67, 464, 359]]"
f044cf1d_117.jpg,[0.9325],"[[34, 56, 567, 359]]","[[38, 58, 566, 360]]"
b2045fbc_1671.jpg,[0.6852],"[[76, 42, 522, 359]]","[[74, 40, 522, 359]]"
b2045fbc_1764.jpg,[],[],"[[169, 52, 498, 360]]"
b2045fbc_1283.jpg,[0.8431],"[[69, 104, 437, 359]]","[[62, 103, 437, 359]]"
f044cf1d_253.jpg,[0.8803],"[[82, 51, 548, 359]]","[[82, 50, 564, 359]]"
ed2e9e4c_35.jpg,[0.9405],"[[101, 67, 580, 359]]","[[99, 66, 581, 359]]"
b2045fbc_878.jpg,[0.9644],"[[81, 6, 534, 360]]","[[82, 5, 534, 359]]"
9d47d182_181.jpg,[0.9638],"[[45, 66, 445, 359]]","[[43, 66, 444, 359]]"
9d47d182_182.jpg,[0.9615],"[[45, 66, 445, 359]]","[[43, 66, 445, 359]]"
f044cf1d_44.jpg,[0.8261],"[[27, 57, 561, 359]]","[[30, 58, 558, 360]]"
f044cf1d_41.jpg,[0.8902],"[[36, 46, 576, 359]]","[[33, 47, 571, 360]]"
b2045fbc_1734.jpg,[0.93],"[[66, 147, 355, 359]]","[[65, 145, 357, 359]]"
9d47d182_364.jpg,[0.9655],"[[53, 70, 459, 359]]","[[52, 69, 460, 358]]"
9d47d182_44.jpg,[0.9386],"[[53, 66, 516, 359]]","[[51, 66, 513, 359]]"
b2045fbc_1529.jpg,[0.7782],"[[105, 132, 319, 360]]","[[104, 130, 318, 359]]"
b2045fbc_133.jpg,"[0.9783, 0.9672]","[[0, 109, 235, 359], [231, 45, 583, 360]]","[[0, 109, 235, 359], [231, 43, 583, 360]]"
9d47d182_417.jpg,[0.9674],"[[56, 69, 460, 359]]","[[55, 68, 461, 358]]"
9d47d182_63.jpg,[0.9665],"[[49, 69, 457, 359]]","[[44, 68, 455, 359]]"
b2045fbc_1710.jpg,[0.8242],"[[65, 139, 448, 360]]","[[63, 138, 456, 360]]"
b2045fbc_1924.jpg,[0.9688],"[[237, 89, 527, 360]]","[[236, 87, 527, 358]]"
b2045fbc_891.jpg,[0.9587],"[[136, 67, 541, 359]]","[[135, 67, 540, 359]]"
b2045fbc_1550.jpg,[],[],[]
b2045fbc_1842.jpg,[0.9664],"[[170, 96, 505, 360]]","[[169, 95, 505, 359]]"
b2045fbc_667.jpg,[],[],[]
9d47d182_255.jpg,[0.9085],"[[35, 64, 456, 359]]","[[36, 63, 627, 358]]"
b2045fbc_1051.jpg,[0.9632],"[[50, 0, 540, 360]]","[[47, 0, 540, 358]]"
b2045fbc_955.jpg,[0.9548],"[[10, 1, 518, 360]]","[[23, 1, 516, 360]]"
b2045fbc_395.jpg,[0.9642],"[[96, 71, 507, 359]]","[[96, 70, 510, 358]]"
b2045fbc_1410.jpg,[0.8355],"[[0, 115, 356, 360]]","[[0, 113, 357, 358]]"
b2045fbc_960.jpg,[0.9417],"[[49, 1, 518, 360]]","[[48, 2, 516, 360]]"
9aa3bbb8_4.jpg,[0.9591],"[[110, 105, 568, 359]]","[[111, 104, 564, 359]]"
b2045fbc_312.jpg,[0.9247],"[[146, 72, 505, 359]]","[[139, 72, 500, 358]]"
9d47d182_247.jpg,[0.9295],"[[36, 63, 454, 359]]","[[37, 61, 625, 358]]"
b2045fbc_201.jpg,"[0.9614, 0.5514]","[[143, 46, 481, 360], [0, 121, 68, 360]]","[[144, 46, 482, 358], [0, 132, 69, 360]]"
b2045fbc_184.jpg,"[0.9592, 0.5741]","[[163, 49, 500, 360], [0, 63, 136, 360]]","[[161, 48, 499, 360], [0, 69, 136, 360]]"
f044cf1d_217.jpg,[0.9449],"[[113, 49, 638, 359]]","[[112, 48, 632, 359]]"
f044cf1d_196.jpg,[0.9398],"[[29, 54, 561, 359]]","[[41, 56, 562, 360]]"
9d47d182_60.jpg,[0.9633],"[[52, 68, 465, 359]]","[[48, 67, 464, 359]]"
b2045fbc_1672.jpg,[0.4351],"[[119, 71, 505, 359]]",[]
b2045fbc_1565.jpg,[0.8641],"[[69, 105, 457, 360]]","[[68, 103, 455, 359]]"
b2045fbc_580.jpg,[0.9689],"[[125, 71, 525, 359]]","[[123, 70, 525, 358]]"
f044cf1d_205.jpg,[0.9361],"[[32, 54, 558, 359]]","[[42, 56, 557, 360]]"
b2045fbc_807.jpg,[0.967],"[[104, 96, 468, 359]]","[[105, 95, 467, 359]]"
9d47d182_140.jpg,[0.9035],"[[50, 66, 633, 359]]","[[54, 67, 457, 359]]"
b2045fbc_790.jpg,[0.9716],"[[114, 96, 475, 359]]","[[114, 95, 476, 359]]"
b2045fbc_941.jpg,[0.9643],"[[19, 1, 517, 359]]","[[19, 0, 517, 360]]"
b2045fbc_1036.jpg,[0.9657],"[[38, 0, 538, 359]]","[[37, 1, 530, 360]]"
9d47d182_248.jpg,[0.9455],"[[35, 64, 455, 359]]","[[33, 63, 454, 358]]"
b2045fbc_1280.jpg,[0.8716],"[[90, 102, 438, 359]]","[[70, 100, 438, 359]]"
b2045fbc_1545.jpg,[],[],[]
b2045fbc_1089.jpg,[],[],[]
b2045fbc_1739.jpg,[0.8479],"[[65, 134, 454, 360]]","[[65, 133, 483, 358]]"
b2045fbc_1732.jpg,[0.8479],"[[66, 134, 451, 360]]","[[65, 133, 482, 360]]"
9d47d182_323.jpg,[0.9652],"[[49, 71, 459, 359]]","[[48, 69, 459, 358]]"
f044cf1d_146.jpg,[0.9545],"[[94, 42, 519, 359]]","[[93, 41, 519, 358]]"
b2045fbc_385.jpg,[0.9609],"[[96, 69, 511, 359]]","[[95, 68, 511, 358]]"
b2045fbc_85.jpg,"[0.9755, 0.9645]","[[0, 126, 290, 359], [281, 88, 597, 359]]","[[0, 125, 291, 358], [280, 86, 596, 358]]"
9d47d182_245.jpg,[0.9102],"[[35, 63, 454, 359]]","[[37, 60, 635, 358]]"
b2045fbc_494.jpg,[0.968],"[[98, 88, 466, 359]]","[[98, 87, 465, 358]]"
b2045fbc_1481.jpg,[0.7515],"[[246, 240, 383, 359]]",[]
b2045fbc_989.jpg,[0.9186],"[[12, 49, 455, 359]]","[[11, 48, 455, 359]]"
b2045fbc_1434.jpg,[],[],[]
9d47d182_51.jpg,[0.8098],"[[53, 68, 396, 359]]","[[51, 67, 392, 360]]"
b2045fbc_2050.jpg,[0.8936],"[[105, 0, 625, 359]]","[[105, 1, 623, 360]]"
b2045fbc_614.jpg,[0.9663],"[[39, 24, 438, 360]]","[[38, 24, 437, 358]]"
b2045fbc_119.jpg,"[0.9752, 0.9602]","[[0, 119, 233, 359], [234, 55, 596, 359]]","[[0, 118, 233, 358], [234, 53, 596, 358]]"
b2045fbc_1526.jpg,[0.7772],"[[109, 133, 321, 360]]","[[107, 131, 321, 359]]"
f044cf1d_114.jpg,[0.9262],"[[35, 56, 567, 359]]","[[38, 58, 568, 360]]"
b2045fbc_413.jpg,[0.9609],"[[103, 54, 516, 359]]","[[103, 53, 516, 358]]"
f044cf1d_122.jpg,[0.9175],"[[31, 55, 567, 359]]","[[40, 56, 568, 360]]"
b2045fbc_621.jpg,[],[],[]
9d47d182_123.jpg,[0.9233],"[[50, 66, 459, 359]]","[[47, 67, 459, 360]]"
b2045fbc_1156.jpg,[0.9741],"[[117, 86, 490, 359]]","[[117, 86, 490, 359]]"
b2045fbc_540.jpg,[0.9544],"[[110, 90, 474, 359]]","[[108, 91, 475, 358]]"
b2045fbc_1736.jpg,[0.839],"[[67, 134, 488, 359]]","[[66, 132, 485, 360]]"
b2045fbc_1053.jpg,[0.9645],"[[51, 1, 542, 360]]","[[53, 0, 542, 358]]"
b2045fbc_216.jpg,[0.9564],"[[151, 51, 489, 359]]","[[151, 50, 489, 359]]"
b2045fbc_1329.jpg,[0.9447],"[[109, 99, 482, 360]]","[[110, 100, 480, 360]]"
b2045fbc_645.jpg,[],[],[]
b2045fbc_1673.jpg,[0.9643],"[[0, 1, 504, 359]]","[[0, 0, 507, 358]]"
b2045fbc_1295.jpg,[0.9734],"[[111, 95, 439, 360]]","[[111, 94, 440, 360]]"
b2045fbc_1718.jpg,"[0.8911, 0.8192]","[[65, 134, 440, 360], [43, 97, 145, 332]]","[[65, 133, 447, 360], [46, 98, 146, 354]]"
b2045fbc_775.jpg,[0.9694],"[[116, 91, 476, 359]]","[[116, 91, 476, 358]]"
b2045fbc_78.jpg,[0.9201],"[[0, 148, 306, 360]]","[[0, 147, 306, 359]]"
b2045fbc_659.jpg,[],[],[]
b2045fbc_624.jpg,[0.9675],"[[137, 64, 545, 359]]","[[136, 63, 544, 358]]"
b2045fbc_1825.jpg,[0.9734],"[[152, 119, 469, 360]]","[[150, 119, 469, 360]]"
b2045fbc_453.jpg,[0.97],"[[88, 83, 467, 359]]","[[87, 82, 465, 359]]"
b2045fbc_1990.jpg,[0.9731],"[[21, 54, 383, 360]]","[[20, 52, 384, 358]]"
b2045fbc_94.jpg,"[0.9733, 0.9699]","[[290, 61, 639, 359], [0, 130, 289, 359]]","[[290, 60, 638, 358], [0, 129, 288, 359]]"
b2045fbc_1401.jpg,[0.962],"[[106, 68, 441, 359]]","[[106, 67, 441, 360]]"
b2045fbc_222.jpg,[0.9308],"[[153, 49, 490, 359]]","[[153, 49, 489, 360]]"
b2045fbc_1810.jpg,[0.9547],"[[116, 47, 569, 360]]","[[114, 46, 570, 359]]"
b2045fbc_1980.jpg,[0.9597],"[[138, 82, 526, 360]]","[[137, 82, 526, 360]]"
b2045fbc_656.jpg,[],[],[]
b2045fbc_373.jpg,[0.9548],"[[96, 68, 510, 359]]","[[96, 68, 508, 359]]"
b2045fbc_737.jpg,[0.7415],"[[583, 32, 640, 360]]","[[583, 36, 640, 360]]"
b2045fbc_482.jpg,[0.9701],"[[97, 88, 465, 359]]","[[97, 87, 465, 358]]"
ed2e9e4c_40.jpg,[0.9595],"[[113, 53, 582, 359]]","[[112, 52, 574, 360]]"
ed2e9e4c_21.jpg,[0.9578],"[[112, 44, 562, 359]]","[[112, 43, 562, 358]]"
b2045fbc_1281.jpg,[0.8886],"[[89, 105, 438, 359]]","[[88, 103, 438, 359]]"
9aa3bbb8_23.jpg,[0.953],"[[123, 90, 601, 360]]","[[120, 88, 608, 360]]"
b2045fbc_1618.jpg,[0.9032],"[[98, 124, 512, 360]]","[[98, 123, 518, 358]]"
b2045fbc_108.jpg,"[0.9686, 0.4648]","[[0, 130, 287, 359], [381, 48, 639, 360]]","[[0, 130, 286, 359]]"
b2045fbc_27.jpg,[0.8746],"[[0, 54, 344, 360]]","[[0, 52, 343, 358]]"
b2045fbc_1997.jpg,[0.9712],"[[192, 86, 525, 360]]","[[192, 85, 524, 359]]"
b2045fbc_615.jpg,[0.9644],"[[66, 38, 490, 359]]","[[67, 38, 489, 360]]"
9d47d182_407.jpg,[0.9194],"[[55, 68, 408, 359]]","[[53, 68, 406, 359]]"
9d47d182_23.jpg,[0.9681],"[[50, 70, 456, 359]]","[[48, 69, 454, 360]]"
9d47d182_293.jpg,[0.936],"[[26, 63, 627, 360]]","[[27, 63, 629, 358]]"
9d47d182_287.jpg,[0.9654],"[[40, 66, 445, 359]]","[[38, 66, 446, 359]]"
b2045fbc_456.jpg,[0.9697],"[[90, 83, 465, 359]]","[[88, 82, 464, 359]]"
9d47d182_19.jpg,[0.9654],"[[53, 71, 461, 359]]","[[52, 69, 460, 360]]"
9d47d182_144.jpg,[0.911],"[[50, 66, 631, 359]]","[[51, 67, 455, 360]]"
9d47d182_101.jpg,[0.9225],"[[43, 68, 479, 359]]","[[36, 68, 487, 359]]"
b2045fbc_1206.jpg,[0.7256],"[[0, 85, 343, 360]]","[[1, 85, 342, 359]]"
b2045fbc_1906.jpg,[0.9483],"[[200, 113, 464, 359]]","[[199, 113, 468, 359]]"
f044cf1d_232.jpg,[0.8853],"[[80, 51, 544, 360]]","[[80, 50, 552, 359]]"
b2045fbc_251.jpg,[0.9559],"[[99, 56, 544, 359]]","[[99, 55, 543, 359]]"
f044cf1d_33.jpg,[0.9534],"[[107, 44, 535, 359]]","[[106, 43, 533, 358]]"
b2045fbc_1379.jpg,[0.9514],"[[99, 59, 449, 360]]","[[99, 58, 452, 359]]"
9aa3bbb8_101.jpg,[0.9571],"[[110, 107, 566, 359]]","[[113, 105, 566, 358]]"
b2045fbc_2046.jpg,[0.9598],"[[39, 16, 530, 359]]","[[34, 15, 532, 360]]"
b2045fbc_650.jpg,[],[],[]
b2045fbc_1006.jpg,[0.973],"[[102, 73, 487, 359]]","[[103, 73, 488, 358]]"
b2045fbc_1411.jpg,[0.2673],"[[11, 119, 380, 359]]","[[5, 118, 378, 360]]"
b2045fbc_1296.jpg,[0.9682],"[[122, 99, 459, 360]]","[[122, 97, 458, 360]]"
b2045fbc_619.jpg,[],[],[]
b2045fbc_1205.jpg,[0.8244],"[[0, 85, 343, 359]]","[[0, 85, 342, 359]]"
b2045fbc_1931.jpg,[0.971],"[[184, 101, 522, 360]]","[[183, 101, 521, 360]]"
9d47d182_99.jpg,[0.9488],"[[44, 68, 446, 359]]","[[46, 68, 453, 359]]"
b2045fbc_1137.jpg,[0.3515],"[[150, 118, 468, 360]]","[[146, 121, 470, 360]]"
ed2e9e4c_79.jpg,[0.9506],"[[124, 60, 557, 359]]","[[127, 59, 561, 359]]"
b2045fbc_1033.jpg,[0.9673],"[[66, 0, 535, 359]]","[[70, 1, 534, 360]]"
b2045fbc_1937.jpg,[0.9738],"[[209, 100, 529, 359]]","[[209, 100, 527, 358]]"
b2045fbc_1497.jpg,[0.6666],"[[117, 139, 336, 359]]","[[116, 139, 335, 360]]"
b2045fbc_1735.jpg,[0.8954],"[[66, 133, 444, 359]]","[[64, 132, 446, 360]]"
9d47d182_3.jpg,[0.9671],"[[57, 69, 460, 359]]","[[55, 68, 460, 359]]"
b2045fbc_1314.jpg,[0.9565],"[[102, 101, 478, 360]]","[[100, 102, 479, 360]]"
9d47d182_266.jpg,[0.9635],"[[38, 65, 445, 359]]","[[35, 64, 444, 358]]"
b2045fbc_1973.jpg,[0.948],"[[110, 80, 545, 360]]","[[109, 79, 537, 360]]"
b2045fbc_372.jpg,[0.9604],"[[93, 65, 506, 359]]","[[93, 64, 506, 359]]"
b2045fbc_174.jpg,"[0.9654, 0.4383]","[[154, 43, 499, 360], [0, 113, 50, 360]]","[[153, 42, 499, 358], [0, 118, 49, 359]]"
b2045fbc_1771.jpg,[0.9532],"[[88, 29, 591, 359]]","[[87, 28, 592, 358]]"
b2045fbc_278.jpg,[0.94],"[[115, 56, 522, 359]]","[[115, 55, 520, 358]]"
b2045fbc_1806.jpg,[0.9283],"[[118, 52, 520, 360]]","[[122, 49, 520, 359]]"
b2045fbc_956.jpg,[0.955],"[[19, 1, 517, 360]]","[[31, 1, 512, 360]]"
b2045fbc_1022.jpg,[0.9325],"[[76, 1, 526, 360]]","[[83, 1, 520, 360]]"
b2045fbc_840.jpg,[0.8623],"[[0, 60, 436, 359]]","[[0, 59, 435, 358]]"
9d47d182_173.jpg,[0.97],"[[48, 67, 457, 359]]","[[46, 66, 457, 359]]"
b2045fbc_1055.jpg,[0.9366],"[[7, 1, 487, 359]]","[[0, 0, 489, 358]]"
f044cf1d_203.jpg,[0.9375],"[[33, 54, 557, 359]]","[[41, 56, 558, 360]]"
9d47d182_78.jpg,[0.9633],"[[52, 67, 416, 359]]","[[46, 68, 413, 359]]"
9aa3bbb8_33.jpg,[0.934],"[[134, 55, 622, 359]]","[[133, 53, 621, 358]]"
b2045fbc_1326.jpg,[0.9469],"[[102, 97, 481, 360]]","[[101, 97, 482, 360]]"
9d47d182_106.jpg,[0.9698],"[[56, 69, 456, 359]]","[[55, 68, 453, 359]]"
b2045fbc_1625.jpg,[0.8434],"[[84, 129, 394, 359]]","[[81, 129, 395, 360]]"
9d47d182_189.jpg,[0.9639],"[[46, 66, 448, 359]]","[[45, 66, 447, 359]]"
b2045fbc_1000.jpg,[0.9675],"[[91, 63, 485, 360]]","[[90, 63, 485, 358]]"
b2045fbc_1104.jpg,[0.7231],"[[1, 31, 452, 359]]","[[1, 32, 445, 359]]"
b2045fbc_154.jpg,"[0.9664, 0.5102]","[[158, 55, 500, 359], [0, 107, 81, 359]]","[[157, 55, 499, 358], [0, 112, 80, 359]]"
b2045fbc_542.jpg,[0.9575],"[[110, 91, 475, 359]]","[[108, 91, 475, 358]]"
b2045fbc_171.jpg,"[0.9635, 0.4531]","[[154, 47, 500, 360], [0, 117, 52, 360]]","[[154, 47, 500, 360], [0, 130, 52, 360]]"
b2045fbc_414.jpg,[0.9692],"[[96, 72, 509, 359]]","[[97, 72, 510, 358]]"
9d47d182_59.jpg,[0.94],"[[55, 68, 414, 359]]","[[53, 67, 415, 359]]"
b2045fbc_1500.jpg,[0.6578],"[[119, 141, 338, 359]]","[[118, 140, 338, 359]]"
b2045fbc_487.jpg,[0.9683],"[[97, 88, 464, 359]]","[[96, 87, 464, 358]]"
b2045fbc_1635.jpg,[0.8249],"[[86, 130, 412, 360]]","[[85, 130, 410, 360]]"
b2045fbc_489.jpg,[0.9685],"[[97, 87, 464, 359]]","[[96, 86, 464, 358]]"
b2045fbc_920.jpg,[0.9658],"[[95, 76, 476, 359]]","[[95, 76, 477, 360]]"
9d47d182_55.jpg,[0.9436],"[[54, 67, 407, 359]]","[[52, 67, 407, 360]]"
f044cf1d_206.jpg,[0.938],"[[33, 54, 557, 359]]","[[41, 56, 558, 360]]"
9aa3bbb8_68.jpg,[0.9603],"[[165, 82, 625, 360]]","[[164, 81, 626, 360]]"
b2045fbc_1147.jpg,[0.9445],"[[82, 88, 459, 359]]","[[82, 87, 460, 358]]"
b2045fbc_1576.jpg,[0.8668],"[[19, 112, 503, 360]]","[[18, 111, 505, 359]]"
b2045fbc_499.jpg,[0.9677],"[[86, 82, 465, 359]]","[[86, 82, 465, 360]]"
b2045fbc_1479.jpg,[0.9362],"[[88, 66, 451, 359]]","[[88, 64, 451, 359]]"
b2045fbc_1130.jpg,[],[],[]
9d47d182_367.jpg,[0.9438],"[[53, 68, 466, 359]]","[[52, 68, 467, 359]]"
b2045fbc_132.jpg,"[0.9778, 0.9675]","[[0, 110, 236, 359], [231, 45, 583, 360]]","[[0, 109, 236, 359], [231, 43, 583, 358]]"
f044cf1d_215.jpg,[0.9183],"[[96, 50, 576, 359]]","[[101, 51, 574, 360]]"
b2045fbc_1120.jpg,[],[],[]
b2045fbc_777.jpg,[0.975],"[[114, 87, 481, 359]]","[[114, 86, 482, 358]]"
b2045fbc_1111.jpg,[0.9637],"[[30, 13, 470, 359]]","[[30, 12, 472, 359]]"
b2045fbc_2033.jpg,[0.9602],"[[115, 91, 498, 360]]","[[114, 91, 498, 358]]"
b2045fbc_6.jpg,[0.9519],"[[70, 102, 484, 359]]","[[75, 102, 480, 359]]"
b2045fbc_1668.jpg,[0.9104],"[[69, 111, 372, 359]]","[[72, 109, 371, 359]]"
b2045fbc_1936.jpg,[0.9756],"[[244, 97, 532, 359]]","[[242, 95, 533, 358]]"
9d47d182_244.jpg,[0.9162],"[[38, 63, 625, 359]]","[[36, 61, 628, 358]]"
9d47d182_69.jpg,[0.9341],"[[53, 66, 395, 359]]","[[51, 66, 395, 359]]"
b2045fbc_52.jpg,[0.9765],"[[0, 120, 301, 359]]","[[0, 120, 300, 359]]"
b2045fbc_826.jpg,[0.963],"[[94, 81, 472, 359]]","[[94, 80, 473, 358]]"
b2045fbc_739.jpg,[0.2841],"[[463, 25, 640, 359]]","[[460, 22, 640, 360]]"
f044cf1d_268.jpg,[0.9568],"[[94, 44, 523, 359]]","[[95, 45, 524, 358]]"
b2045fbc_1066.jpg,[0.9637],"[[67, 1, 544, 360]]","[[65, 0, 543, 358]]"
b2045fbc_690.jpg,[0.4668],"[[35, 43, 463, 359]]","[[4, 41, 524, 358]]"
b2045fbc_1282.jpg,[0.8767],"[[90, 104, 437, 359]]","[[87, 104, 437, 359]]"
b2045fbc_1374.jpg,[0.9144],"[[95, 96, 453, 359]]","[[95, 95, 453, 359]]"
b2045fbc_161.jpg,"[0.9686, 0.2602]","[[152, 40, 500, 359], [0, 117, 60, 360]]","[[151, 40, 500, 359], [0, 120, 60, 360]]"
b2045fbc_1076.jpg,[0.969],"[[77, 24, 490, 360]]","[[76, 22, 490, 359]]"
b2045fbc_1789.jpg,[0.9714],"[[27, 1, 639, 359]]","[[28, 0, 639, 360]]"
b2045fbc_2007.jpg,"[0.926, 0.8896]","[[0, 8, 215, 356], [143, 87, 524, 359]]","[[1, 10, 215, 360], [161, 87, 523, 360]]"
b2045fbc_1779.jpg,[0.7226],"[[44, 116, 408, 359]]","[[40, 115, 408, 360]]"
b2045fbc_1121.jpg,[],[],[]
f044cf1d_20.jpg,[0.9554],"[[49, 56, 453, 359]]","[[48, 55, 452, 358]]"
b2045fbc_2018.jpg,"[0.9541, 0.8303]","[[0, 6, 226, 359], [170, 88, 525, 360]]","[[0, 6, 224, 360], [165, 88, 523, 360]]"
f044cf1d_236.jpg,[0.8796],"[[80, 51, 545, 359]]","[[80, 50, 551, 358]]"
b2045fbc_605.jpg,[0.9327],"[[68, 50, 511, 359]]","[[67, 49, 509, 359]]"
9d47d182_24.jpg,[0.9642],"[[51, 71, 462, 359]]","[[49, 70, 461, 360]]"
9aa3bbb8_75.jpg,[0.9451],"[[151, 86, 607, 360]]","[[150, 85, 614, 359]]"
b2045fbc_1396.jpg,[0.6051],"[[0, 105, 319, 359]]",[]
f044cf1d_39.jpg,[0.9559],"[[101, 52, 520, 360]]","[[101, 50, 522, 359]]"
9d47d182_116.jpg,[0.917],"[[50, 66, 460, 359]]","[[49, 66, 461, 359]]"
9d47d182_384.jpg,[0.9614],"[[57, 69, 462, 359]]","[[56, 68, 464, 358]]"
b2045fbc_834.jpg,[0.8161],"[[94, 74, 374, 359]]","[[93, 73, 371, 360]]"
f044cf1d_29.jpg,[0.955],"[[108, 45, 534, 359]]","[[107, 45, 532, 358]]"
f044cf1d_210.jpg,[0.9533],"[[95, 43, 518, 359]]","[[93, 42, 521, 358]]"
b2045fbc_242.jpg,[0.9729],"[[127, 71, 509, 359]]","[[127, 70, 509, 360]]"
b2045fbc_1808.jpg,[0.953],"[[116, 46, 574, 359]]","[[117, 46, 574, 358]]"
b2045fbc_1313.jpg,"[0.9562, 0.9415]","[[139, 63, 481, 359], [0, 84, 136, 359]]","[[139, 61, 480, 358], [0, 82, 136, 358]]"
b2045fbc_876.jpg,[0.9642],"[[80, 4, 534, 360]]","[[80, 5, 532, 359]]"
b2045fbc_1164.jpg,[0.9458],"[[51, 96, 479, 359]]","[[45, 95, 481, 358]]"
f044cf1d_251.jpg,[0.8846],"[[82, 51, 546, 359]]","[[82, 50, 565, 359]]"
b2045fbc_742.jpg,[0.8865],"[[482, 8, 640, 360]]","[[482, 4, 640, 359]]"
b2045fbc_513.jpg,[0.9687],"[[121, 60, 530, 359]]","[[120, 59, 528, 359]]"
b2045fbc_1430.jpg,[],[],[]
9d47d182_243.jpg,[0.9364],"[[26, 62, 625, 360]]","[[40, 63, 631, 358]]"
b2045fbc_140.jpg,"[0.9786, 0.9642]","[[0, 109, 235, 359], [231, 46, 582, 359]]","[[0, 108, 235, 358], [230, 46, 582, 358]]"
b2045fbc_740.jpg,[0.9543],"[[324, 72, 639, 360]]","[[325, 72, 639, 358]]"
b2045fbc_1057.jpg,[0.9643],"[[130, 64, 538, 359]]","[[129, 63, 535, 358]]"
b2045fbc_1606.jpg,[0.8284],"[[28, 115, 496, 360]]","[[28, 113, 495, 359]]"
b2045fbc_116.jpg,"[0.9745, 0.947]","[[303, 49, 639, 359], [0, 133, 279, 359]]","[[303, 48, 639, 360], [0, 132, 278, 358]]"
b2045fbc_1621.jpg,[0.8587],"[[68, 131, 518, 359]]","[[70, 130, 514, 359]]"
b2045fbc_965.jpg,[0.9291],"[[26, 1, 518, 360]]","[[38, 2, 514, 360]]"
b2045fbc_1763.jpg,[0.491],"[[100, 37, 577, 360]]","[[172, 38, 575, 360]]"
b2045fbc_1822.jpg,[0.9572],"[[202, 169, 479, 360]]","[[201, 168, 479, 360]]"
b2045fbc_1123.jpg,[],[],[]
b2045fbc_1813.jpg,[0.9532],"[[109, 46, 579, 360]]","[[110, 46, 578, 358]]"
b2045fbc_552.jpg,[0.9601],"[[111, 86, 476, 359]]","[[110, 86, 476, 359]]"
ed2e9e4c_78.jpg,[0.9285],"[[122, 74, 606, 360]]","[[122, 73, 606, 360]]"
b2045fbc_129.jpg,"[0.9764, 0.9682]","[[0, 110, 236, 359], [232, 45, 583, 360]]","[[0, 109, 236, 359], [231, 43, 583, 358]]"
b2045fbc_1861.jpg,[0.9493],"[[189, 105, 523, 359]]","[[188, 104, 524, 359]]"
f044cf1d_241.jpg,[0.8867],"[[80, 51, 545, 359]]","[[81, 50, 555, 358]]"
9d47d182_297.jpg,[0.9151],"[[26, 64, 600, 359]]","[[38, 64, 594, 360]]"
b2045fbc_1991.jpg,[0.9685],"[[190, 85, 537, 360]]","[[190, 85, 538, 360]]"
f044cf1d_70.jpg,[0.915],"[[0, 58, 569, 359]]","[[1, 58, 566, 360]]"
b2045fbc_1820.jpg,[0.5825],"[[209, 127, 514, 360]]","[[201, 126, 514, 360]]"
b2045fbc_355.jpg,[0.9663],"[[125, 67, 518, 359]]","[[124, 67, 516, 359]]"
b2045fbc_1755.jpg,[0.9177],"[[32, 120, 429, 360]]","[[32, 119, 427, 360]]"
f044cf1d_218.jpg,[0.9271],"[[108, 49, 579, 359]]","[[107, 48, 576, 359]]"
9aa3bbb8_11.jpg,[0.9507],"[[114, 86, 581, 359]]","[[112, 85, 580, 359]]"
b2045fbc_2017.jpg,"[0.9431, 0.6496]","[[0, 6, 227, 359], [158, 89, 525, 359]]","[[1, 6, 226, 360], [163, 88, 528, 360]]"
b2045fbc_1239.jpg,[],[],[]
b2045fbc_803.jpg,[0.9709],"[[111, 96, 472, 359]]","[[112, 95, 472, 359]]"
b2045fbc_99.jpg,"[0.971, 0.966]","[[290, 61, 639, 359], [0, 132, 291, 360]]","[[289, 61, 639, 358], [0, 131, 292, 358]]"
b2045fbc_526.jpg,[0.7314],"[[87, 91, 473, 359]]","[[126, 90, 473, 358]]"
9aa3bbb8_5.jpg,[0.9559],"[[109, 106, 568, 359]]","[[110, 105, 565, 358]]"
b2045fbc_435.jpg,[0.9631],"[[62, 77, 474, 359]]","[[59, 76, 473, 359]]"
b2045fbc_1221.jpg,[],[],[]
f044cf1d_65.jpg,[0.7261],"[[0, 58, 579, 359]]","[[0, 58, 572, 359]]"
b2045fbc_1702.jpg,[0.9296],"[[70, 102, 476, 360]]","[[68, 101, 479, 360]]"
9d47d182_94.jpg,[0.9449],"[[44, 67, 447, 359]]","[[47, 67, 455, 359]]"
b2045fbc_60.jpg,[0.9631],"[[5, 154, 309, 360]]","[[6, 153, 310, 360]]"
b2045fbc_1949.jpg,[0.9661],"[[149, 83, 523, 360]]","[[147, 84, 525, 360]]"
b2045fbc_603.jpg,[0.9458],"[[69, 48, 519, 359]]","[[69, 46, 521, 359]]"
f044cf1d_182.jpg,[0.9401],"[[31, 54, 564, 359]]","[[41, 57, 563, 360]]"
b2045fbc_1405.jpg,[0.8398],"[[0, 110, 362, 359]]","[[0, 109, 364, 358]]"
b2045fbc_89.jpg,"[0.9745, 0.9744]","[[0, 129, 282, 359], [290, 61, 640, 359]]","[[0, 129, 281, 359], [289, 59, 639, 358]]"
9aa3bbb8_83.jpg,[0.9442],"[[121, 92, 581, 359]]","[[113, 92, 578, 360]]"
f044cf1d_35.jpg,[0.9558],"[[94, 42, 518, 359]]","[[92, 42, 520, 358]]"
b2045fbc_568.jpg,[0.9458],"[[45, 46, 458, 360]]","[[47, 45, 460, 360]]"
b2045fbc_2042.jpg,[0.9584],"[[159, 94, 484, 360]]","[[158, 92, 485, 360]]"
b2045fbc_1149.jpg,[0.9467],"[[84, 88, 465, 359]]","[[83, 86, 463, 358]]"
b2045fbc_530.jpg,[0.9332],"[[170, 91, 468, 359]]","[[194, 92, 466, 360]]"
b2045fbc_1473.jpg,[0.8732],"[[183, 218, 333, 359]]",[]
9d47d182_162.jpg,[0.9692],"[[51, 67, 458, 359]]","[[50, 66, 458, 359]]"
b2045fbc_51.jpg,[0.9767],"[[0, 120, 301, 359]]","[[0, 120, 300, 359]]"
b2045fbc_1469.jpg,[0.8974],"[[248, 251, 396, 360]]","[[247, 249, 396, 360]]"
b2045fbc_396.jpg,[0.9646],"[[96, 71, 508, 359]]","[[96, 70, 510, 358]]"
b2045fbc_958.jpg,[0.9441],"[[43, 1, 519, 359]]","[[41, 1, 515, 360]]"
b2045fbc_1154.jpg,[0.9704],"[[120, 87, 491, 359]]","[[120, 86, 492, 359]]"
b2045fbc_120.jpg,"[0.9677, 0.9622]","[[0, 110, 199, 360], [195, 56, 539, 359]]","[[0, 110, 199, 360], [195, 55, 539, 360]]"
f044cf1d_136.jpg,[0.9212],"[[54, 59, 547, 359]]","[[54, 58, 542, 360]]"
b2045fbc_1099.jpg,[],[],[]
b2045fbc_1952.jpg,[0.9657],"[[148, 84, 525, 360]]","[[146, 84, 526, 360]]"
b2045fbc_1809.jpg,[0.9552],"[[115, 44, 572, 359]]","[[114, 43, 573, 358]]"
f044cf1d_272.jpg,[0.9555],"[[94, 44, 524, 359]]","[[96, 43, 524, 358]]"
9d47d182_147.jpg,[0.9082],"[[50, 65, 625, 359]]","[[48, 67, 459, 360]]"
f044cf1d_130.jpg,[0.9265],"[[21, 56, 559, 359]]","[[23, 58, 556, 360]]"
9d47d182_333.jpg,[0.9217],"[[35, 65, 431, 359]]","[[33, 64, 434, 358]]"
9d47d182_414.jpg,[0.8764],"[[56, 68, 407, 359]]","[[53, 69, 399, 360]]"
b2045fbc_644.jpg,[],[],[]
9d47d182_332.jpg,[0.9216],"[[37, 65, 431, 359]]","[[37, 64, 579, 359]]"
b2045fbc_1617.jpg,[0.7439],"[[73, 113, 503, 359]]","[[78, 113, 504, 359]]"
f044cf1d_2.jpg,[0.954],"[[94, 42, 518, 359]]","[[92, 41, 520, 358]]"
b2045fbc_529.jpg,[0.9363],"[[171, 92, 468, 359]]","[[170, 91, 466, 359]]"
b2045fbc_156.jpg,"[0.9692, 0.4069]","[[154, 42, 500, 360], [0, 114, 73, 360]]","[[152, 41, 500, 359], [0, 122, 72, 359]]"
b2045fbc_755.jpg,[0.8456],"[[582, 34, 639, 360]]","[[582, 40, 640, 359]]"
9d47d182_112.jpg,[0.9646],"[[51, 70, 460, 359]]","[[48, 68, 459, 358]]"
ed2e9e4c_71.jpg,[0.9456],"[[126, 60, 551, 359]]","[[127, 58, 545, 359]]"
b2045fbc_26.jpg,[0.7465],"[[0, 54, 353, 359]]","[[0, 53, 352, 358]]"
b2045fbc_1653.jpg,[0.8862],"[[166, 194, 514, 360]]","[[167, 193, 509, 359]]"
ed2e9e4c_36.jpg,[0.9411],"[[99, 68, 602, 359]]","[[97, 67, 595, 359]]"
b2045fbc_2047.jpg,[0.5273],"[[114, 141, 424, 360]]","[[111, 140, 425, 359]]"
b2045fbc_805.jpg,[0.9698],"[[109, 95, 472, 359]]","[[110, 94, 473, 359]]"
b2045fbc_479.jpg,[0.9683],"[[97, 87, 465, 359]]","[[97, 86, 465, 358]]"
b2045fbc_1645.jpg,"[0.9547, 0.6277]","[[155, 56, 494, 359], [0, 67, 110, 360]]","[[155, 55, 493, 360], [0, 67, 108, 360]]"
b2045fbc_1998.jpg,[0.9722],"[[190, 90, 526, 360]]","[[189, 90, 526, 360]]"
b2045fbc_276.jpg,[0.9504],"[[115, 56, 518, 359]]","[[115, 55, 517, 359]]"
b2045fbc_1195.jpg,[0.9427],"[[51, 103, 479, 359]]","[[55, 103, 477, 359]]"
b2045fbc_741.jpg,[0.9524],"[[324, 71, 639, 360]]","[[325, 70, 639, 358]]"
b2045fbc_427.jpg,[0.9705],"[[86, 65, 504, 359]]","[[85, 64, 503, 358]]"
ed2e9e4c_26.jpg,[0.9515],"[[113, 47, 563, 359]]","[[110, 46, 565, 358]]"
b2045fbc_1875.jpg,"[0.9663, 0.9184]","[[182, 106, 528, 360], [41, 37, 275, 360]]","[[41, 38, 259, 360], [187, 105, 525, 360]]"
b2045fbc_362.jpg,[0.9673],"[[97, 62, 514, 359]]","[[96, 61, 512, 358]]"
b2045fbc_1761.jpg,[0.8308],"[[62, 12, 541, 359]]","[[70, 14, 541, 358]]"
f044cf1d_43.jpg,[0.8958],"[[28, 58, 562, 359]]","[[28, 58, 560, 359]]"
ed2e9e4c_8.jpg,[0.9147],"[[125, 73, 603, 359]]","[[121, 72, 603, 358]]"
b2045fbc_1939.jpg,[0.973],"[[206, 99, 524, 359]]","[[205, 98, 527, 360]]"
9d47d182_338.jpg,[0.9218],"[[36, 65, 430, 359]]","[[37, 64, 599, 359]]"
9d47d182_326.jpg,[0.9251],"[[36, 65, 431, 359]]","[[35, 64, 433, 358]]"
b2045fbc_92.jpg,"[0.9766, 0.9754]","[[0, 129, 281, 360], [288, 61, 640, 359]]","[[0, 129, 281, 359], [288, 60, 640, 358]]"
b2045fbc_975.jpg,[0.9709],"[[82, 40, 486, 360]]","[[81, 40, 486, 360]]"
b2045fbc_556.jpg,[0.9568],"[[107, 92, 472, 359]]","[[105, 93, 470, 359]]"
b2045fbc_1494.jpg,[0.6051],"[[127, 143, 340, 359]]","[[124, 142, 340, 360]]"
f044cf1d_56.jpg,[0.7231],"[[30, 57, 581, 359]]","[[32, 58, 580, 359]]"
b2045fbc_1575.jpg,[0.8687],"[[20, 112, 508, 359]]","[[20, 111, 508, 359]]"
b2045fbc_1163.jpg,[0.9449],"[[54, 96, 479, 359]]","[[52, 95, 480, 359]]"
b2045fbc_919.jpg,[0.9689],"[[85, 72, 476, 359]]","[[84, 70, 475, 358]]"
b2045fbc_1162.jpg,[0.9407],"[[51, 96, 483, 359]]","[[53, 95, 479, 359]]"
b2045fbc_2065.jpg,"[0.9542, 0.4093]","[[161, 77, 502, 360], [0, 102, 36, 359]]","[[161, 77, 502, 359], [0, 114, 37, 360]]"
b2045fbc_1457.jpg,[0.9411],"[[86, 69, 436, 359]]","[[86, 67, 437, 359]]"
f044cf1d_275.jpg,[0.9587],"[[96, 46, 523, 359]]","[[95, 46, 525, 358]]"
ed2e9e4c_69.jpg,[0.9436],"[[124, 60, 551, 359]]","[[125, 59, 553, 359]]"
9d47d182_74.jpg,[0.9681],"[[54, 68, 459, 359]]","[[53, 67, 458, 360]]"
b2045fbc_593.jpg,[0.9494],"[[119, 48, 523, 359]]","[[121, 46, 523, 359]]"
f044cf1d_246.jpg,[0.9002],"[[79, 52, 544, 359]]","[[80, 50, 544, 358]]"
b2045fbc_1528.jpg,[0.7694],"[[105, 131, 323, 359]]","[[103, 130, 324, 360]]"
9d47d182_166.jpg,[0.9669],"[[45, 67, 461, 359]]","[[43, 66, 461, 359]]"
9aa3bbb8_42.jpg,[0.9304],"[[124, 56, 634, 359]]","[[126, 55, 626, 358]]"
b2045fbc_1209.jpg,[0.8748],"[[66, 72, 439, 359]]","[[65, 70, 439, 358]]"
9d47d182_114.jpg,[0.9277],"[[50, 67, 459, 359]]","[[48, 68, 456, 359]]"
9d47d182_231.jpg,[0.9521],"[[35, 62, 627, 359]]","[[38, 60, 626, 358]]"
9aa3bbb8_43.jpg,[0.9505],"[[124, 55, 634, 359]]","[[125, 53, 630, 358]]"
9aa3bbb8_78.jpg,[0.9457],"[[115, 87, 553, 359]]","[[117, 88, 554, 358]]"
b2045fbc_579.jpg,[0.961],"[[0, 0, 424, 359]]","[[0, 0, 423, 358]]"
9d47d182_142.jpg,[0.9303],"[[50, 66, 633, 359]]","[[48, 67, 455, 359]]"
f044cf1d_204.jpg,[0.9358],"[[34, 54, 556, 359]]","[[41, 56, 554, 360]]"
9d47d182_314.jpg,[0.9168],"[[26, 64, 598, 360]]","[[36, 64, 594, 360]]"
f044cf1d_108.jpg,[0.9101],"[[36, 56, 569, 359]]","[[37, 57, 570, 360]]"
b2045fbc_2035.jpg,[0.9563],"[[139, 96, 506, 360]]","[[138, 95, 506, 359]]"
b2045fbc_1462.jpg,[],[],[]
b2045fbc_693.jpg,[0.9303],"[[10, 37, 489, 359]]","[[10, 35, 493, 358]]"
f044cf1d_177.jpg,[0.9449],"[[35, 54, 567, 359]]","[[41, 57, 570, 360]]"
b2045fbc_1349.jpg,[0.9377],"[[115, 109, 469, 360]]","[[115, 109, 469, 360]]"
b2045fbc_1588.jpg,[0.9259],"[[15, 119, 518, 360]]","[[15, 118, 517, 359]]"
b2045fbc_1408.jpg,[0.5078],"[[0, 114, 354, 360]]","[[1, 113, 354, 359]]"
f044cf1d_116.jpg,[0.9279],"[[34, 56, 566, 359]]","[[38, 58, 568, 360]]"
9aa3bbb8_88.jpg,[0.9472],"[[112, 109, 579, 359]]","[[113, 111, 563, 359]]"
b2045fbc_901.jpg,[0.9697],"[[83, 59, 483, 359]]","[[83, 58, 484, 359]]"
b2045fbc_472.jpg,[0.9693],"[[94, 85, 466, 359]]","[[94, 85, 465, 359]]"
b2045fbc_1551.jpg,[0.3643],"[[78, 113, 544, 360]]","[[80, 112, 543, 359]]"
ed2e9e4c_30.jpg,[0.9453],"[[130, 55, 546, 359]]","[[129, 53, 546, 358]]"
f044cf1d_153.jpg,[0.924],"[[37, 57, 538, 359]]","[[33, 58, 539, 359]]"
9d47d182_405.jpg,[0.9372],"[[55, 68, 407, 359]]","[[58, 69, 405, 360]]"
b2045fbc_647.jpg,[0.9688],"[[133, 64, 542, 359]]","[[132, 63, 540, 358]]"
f044cf1d_64.jpg,[0.6503],"[[0, 59, 578, 359]]","[[0, 58, 572, 359]]"
9d47d182_290.jpg,[0.9671],"[[51, 71, 457, 359]]","[[48, 70, 456, 360]]"
f044cf1d_49.jpg,[0.8473],"[[23, 58, 581, 359]]","[[28, 58, 580, 360]]"
f044cf1d_185.jpg,[0.9405],"[[31, 54, 560, 359]]","[[41, 56, 559, 360]]"
b2045fbc_1081.jpg,[0.9724],"[[98, 83, 466, 359]]","[[98, 82, 465, 358]]"
b2045fbc_1376.jpg,[0.9036],"[[93, 95, 453, 359]]","[[93, 95, 454, 359]]"
b2045fbc_1695.jpg,[0.8165],"[[96, 232, 260, 360]]",[]
ed2e9e4c_16.jpg,[0.9368],"[[123, 72, 605, 359]]","[[123, 71, 605, 360]]"
b2045fbc_1265.jpg,[0.968],"[[99, 98, 446, 360]]","[[99, 97, 443, 358]]"
b2045fbc_1035.jpg,[0.9637],"[[131, 64, 538, 359]]","[[129, 64, 537, 358]]"
f044cf1d_222.jpg,[0.9566],"[[92, 42, 518, 359]]","[[91, 41, 521, 359]]"
b2045fbc_1223.jpg,[],[],[]
9aa3bbb8_49.jpg,"[0.9575, 0.2548]","[[126, 56, 629, 359], [531, 225, 625, 359]]","[[127, 55, 624, 358]]"
b2045fbc_318.jpg,[0.9578],"[[120, 61, 495, 359]]","[[120, 60, 495, 358]]"
b2045fbc_839.jpg,[0.9453],"[[49, 72, 447, 360]]","[[48, 72, 448, 358]]"
b2045fbc_253.jpg,[0.9552],"[[114, 56, 553, 359]]","[[114, 55, 553, 359]]"
b2045fbc_1589.jpg,[0.9161],"[[14, 120, 519, 360]]","[[14, 120, 514, 359]]"
b2045fbc_2030.jpg,"[0.8459, 0.7977]","[[105, 91, 484, 359], [0, 21, 73, 360]]","[[94, 91, 485, 358], [0, 19, 72, 358]]"
b2045fbc_1219.jpg,[],[],[]
f044cf1d_11.jpg,[0.8944],"[[50, 57, 586, 359]]","[[49, 59, 562, 359]]"
b2045fbc_1962.jpg,[0.9673],"[[155, 87, 512, 360]]","[[154, 87, 510, 360]]"
9d47d182_10.jpg,[0.9652],"[[56, 69, 461, 359]]","[[55, 68, 460, 358]]"
b2045fbc_134.jpg,"[0.9776, 0.9675]","[[0, 109, 235, 359], [231, 46, 582, 359]]","[[0, 109, 236, 358], [231, 46, 583, 358]]"
b2045fbc_747.jpg,[],[],[]
f044cf1d_27.jpg,[0.9567],"[[105, 53, 535, 360]]","[[103, 52, 536, 360]]"
9d47d182_261.jpg,[0.872],"[[34, 64, 408, 359]]","[[34, 64, 408, 358]]"
b2045fbc_1605.jpg,[0.9132],"[[0, 121, 499, 359]]","[[0, 120, 497, 360]]"
b2045fbc_391.jpg,[0.9698],"[[110, 61, 520, 359]]","[[110, 59, 520, 358]]"
9d47d182_158.jpg,[0.9085],"[[49, 65, 605, 359]]","[[43, 64, 599, 359]]"
b2045fbc_302.jpg,[0.971],"[[119, 90, 479, 359]]","[[118, 90, 477, 358]]"
b2045fbc_1852.jpg,[0.9618],"[[191, 106, 513, 360]]","[[190, 105, 513, 358]]"
b2045fbc_642.jpg,[0.6246],"[[60, 42, 361, 359]]","[[60, 40, 387, 359]]"
b2045fbc_128.jpg,"[0.971, 0.9571]","[[0, 104, 214, 360], [224, 44, 575, 359]]","[[0, 103, 213, 359], [224, 42, 576, 360]]"
f044cf1d_181.jpg,[0.9399],"[[32, 54, 562, 359]]","[[40, 55, 563, 360]]"
b2045fbc_84.jpg,[0.9798],"[[0, 124, 292, 360]]","[[0, 122, 292, 358]]"
b2045fbc_172.jpg,"[0.9654, 0.4679]","[[153, 46, 499, 359], [0, 121, 53, 360]]","[[152, 46, 500, 358], [0, 133, 52, 360]]"
9d47d182_379.jpg,[0.9642],"[[54, 69, 462, 359]]","[[54, 68, 462, 359]]"
b2045fbc_1341.jpg,[0.9472],"[[116, 100, 482, 360]]","[[116, 100, 483, 358]]"
b2045fbc_1054.jpg,[0.9628],"[[53, 0, 533, 359]]","[[55, 0, 536, 358]]"
b2045fbc_1647.jpg,[0.5558],"[[95, 154, 384, 359]]","[[92, 155, 383, 360]]"
b2045fbc_1765.jpg,[],[],"[[144, 41, 508, 359]]"
b2045fbc_1920.jpg,[0.9706],"[[226, 115, 488, 360]]","[[226, 114, 489, 360]]"
b2045fbc_654.jpg,[],[],[]
f044cf1d_202.jpg,[0.9429],"[[30, 54, 559, 359]]","[[39, 55, 557, 360]]"
ed2e9e4c_84.jpg,[0.9282],"[[124, 74, 605, 359]]","[[122, 73, 606, 360]]"
b2045fbc_196.jpg,"[0.9623, 0.9601]","[[276, 51, 620, 360], [0, 114, 272, 359]]","[[0, 113, 272, 358], [276, 49, 619, 359]]"
b2045fbc_848.jpg,[0.9677],"[[102, 95, 469, 359]]","[[102, 94, 470, 359]]"
b2045fbc_804.jpg,[0.9688],"[[109, 94, 473, 359]]","[[110, 94, 473, 359]]"
9aa3bbb8_8.jpg,[0.9574],"[[125, 82, 617, 359]]","[[125, 81, 617, 360]]"
b2045fbc_1691.jpg,[0.8136],"[[0, 2, 371, 359]]","[[2, 1, 385, 360]]"
b2045fbc_137.jpg,"[0.9788, 0.9676]","[[0, 109, 235, 359], [230, 45, 583, 359]]","[[0, 109, 233, 358], [230, 45, 582, 358]]"
b2045fbc_320.jpg,[0.9555],"[[120, 60, 489, 359]]","[[119, 59, 492, 359]]"
b2045fbc_1689.jpg,[0.5276],"[[26, 73, 387, 360]]","[[48, 72, 387, 358]]"
f044cf1d_58.jpg,[0.7393],"[[35, 60, 397, 359]]","[[35, 61, 572, 360]]"
9aa3bbb8_77.jpg,[0.9329],"[[118, 87, 554, 359]]","[[117, 87, 555, 358]]"
b2045fbc_877.jpg,[0.9655],"[[81, 5, 533, 360]]","[[82, 5, 534, 359]]"
b2045fbc_1373.jpg,[0.8309],"[[96, 96, 454, 359]]","[[96, 94, 455, 359]]"
b2045fbc_335.jpg,[0.9651],"[[136, 63, 535, 359]]","[[136, 61, 534, 358]]"
9d47d182_164.jpg,[0.9678],"[[50, 66, 459, 359]]","[[48, 66, 459, 359]]"
b2045fbc_1774.jpg,[0.9525],"[[92, 30, 592, 359]]","[[91, 30, 592, 359]]"
b2045fbc_461.jpg,[0.9695],"[[93, 85, 464, 359]]","[[93, 85, 463, 359]]"
9d47d182_212.jpg,[0.9473],"[[49, 68, 466, 359]]","[[48, 67, 464, 359]]"
b2045fbc_393.jpg,[0.9632],"[[95, 71, 511, 359]]","[[95, 69, 511, 358]]"
b2045fbc_1238.jpg,[],[],[]
b2045fbc_611.jpg,[0.967],"[[0, 1, 412, 359]]","[[0, 0, 412, 360]]"
ed2e9e4c_5.jpg,[0.9214],"[[122, 73, 602, 359]]","[[120, 72, 604, 358]]"
b2045fbc_1188.jpg,[0.9463],"[[52, 101, 481, 359]]","[[52, 100, 476, 358]]"
b2045fbc_1996.jpg,[0.9716],"[[191, 86, 524, 360]]","[[190, 85, 525, 359]]"
b2045fbc_575.jpg,[0.9119],"[[0, 2, 407, 359]]","[[0, 1, 408, 358]]"
9d47d182_380.jpg,[0.9654],"[[51, 71, 461, 359]]","[[48, 69, 459, 358]]"
b2045fbc_679.jpg,[],[],[]
b2045fbc_607.jpg,[0.9653],"[[70, 44, 504, 359]]","[[70, 46, 502, 358]]"
b2045fbc_2064.jpg,[],[],[]
b2045fbc_284.jpg,[0.952],"[[118, 58, 538, 359]]","[[118, 58, 536, 359]]"
b2045fbc_220.jpg,[0.9521],"[[148, 49, 485, 360]]","[[147, 49, 485, 359]]"
9d47d182_389.jpg,[0.9623],"[[56, 68, 467, 359]]","[[56, 68, 468, 359]]"
b2045fbc_326.jpg,[0.9002],"[[0, 26, 488, 359]]","[[0, 23, 488, 358]]"
f044cf1d_94.jpg,[0.9574],"[[60, 57, 477, 359]]","[[59, 55, 477, 358]]"
b2045fbc_1042.jpg,[0.9426],"[[67, 0, 541, 360]]","[[44, 1, 538, 360]]"
b2045fbc_1828.jpg,[0.9753],"[[170, 101, 489, 360]]","[[170, 101, 489, 360]]"
b2045fbc_1118.jpg,[],[],[]
b2045fbc_1969.jpg,[0.955],"[[113, 80, 538, 360]]","[[113, 79, 535, 360]]"
9d47d182_396.jpg,[0.8806],"[[57, 68, 414, 359]]","[[53, 68, 410, 359]]"
b2045fbc_1418.jpg,[],[],[]
b2045fbc_214.jpg,[0.9648],"[[151, 51, 483, 359]]","[[151, 50, 484, 359]]"
b2045fbc_863.jpg,[0.9688],"[[67, 0, 546, 359]]","[[66, 1, 546, 358]]"
b2045fbc_844.jpg,[0.9721],"[[120, 85, 488, 359]]","[[119, 85, 488, 359]]"
b2045fbc_1397.jpg,[0.9021],"[[0, 100, 322, 360]]","[[0, 100, 323, 360]]"
b2045fbc_1792.jpg,[],[],"[[128, 69, 516, 360]]"
b2045fbc_1354.jpg,[0.9528],"[[117, 110, 474, 360]]","[[118, 109, 474, 360]]"
b2045fbc_1902.jpg,[0.9552],"[[279, 100, 556, 359]]","[[280, 100, 556, 360]]"
b2045fbc_1913.jpg,"[0.9726, 0.8928]","[[221, 116, 484, 360], [0, 22, 110, 360]]","[[220, 116, 484, 360], [1, 22, 106, 360]]"
ed2e9e4c_28.jpg,[0.9462],"[[128, 48, 563, 360]]","[[130, 48, 562, 359]]"
b2045fbc_188.jpg,"[0.9776, 0.9646]","[[0, 119, 277, 360], [276, 54, 616, 360]]","[[0, 118, 276, 359], [276, 53, 615, 358]]"
b2045fbc_1587.jpg,[0.8937],"[[20, 118, 523, 360]]","[[16, 118, 535, 360]]"
9aa3bbb8_48.jpg,[0.9453],"[[127, 54, 636, 359]]","[[128, 52, 632, 358]]"
b2045fbc_1929.jpg,[0.9676],"[[180, 101, 516, 360]]","[[179, 100, 517, 359]]"
ed2e9e4c_80.jpg,[0.8331],"[[124, 68, 551, 359]]","[[129, 66, 555, 359]]"
9d47d182_188.jpg,[0.9633],"[[44, 66, 450, 359]]","[[42, 66, 450, 359]]"
b2045fbc_833.jpg,[0.8954],"[[95, 76, 380, 359]]","[[93, 75, 379, 360]]"
9d47d182_226.jpg,[0.8181],"[[39, 65, 417, 359]]","[[38, 64, 481, 358]]"
b2045fbc_1579.jpg,[0.9082],"[[189, 77, 546, 360]]","[[189, 76, 546, 359]]"
b2045fbc_11.jpg,[0.9572],"[[75, 103, 485, 359]]","[[79, 103, 480, 359]]"
b2045fbc_1540.jpg,[0.2769],"[[83, 125, 306, 359]]",[]
b2045fbc_200.jpg,[0.9575],"[[138, 44, 481, 360]]","[[139, 43, 481, 360], [0, 135, 70, 360]]"
b2045fbc_497.jpg,[0.9695],"[[91, 85, 468, 359]]","[[90, 85, 466, 359]]"
f044cf1d_180.jpg,[0.9425],"[[31, 54, 563, 359]]","[[40, 56, 563, 360]]"
ed2e9e4c_60.jpg,[0.9467],"[[127, 61, 574, 359]]","[[127, 60, 589, 358]]"
b2045fbc_1129.jpg,[],[],[]
b2045fbc_577.jpg,[0.8901],"[[0, 1, 414, 359]]","[[0, 1, 412, 359]]"
9d47d182_28.jpg,[0.9701],"[[52, 70, 457, 359]]","[[49, 69, 454, 360]]"
b2045fbc_1320.jpg,[0.9413],"[[99, 96, 480, 360]]","[[99, 95, 480, 359]]"
b2045fbc_473.jpg,[0.969],"[[95, 86, 464, 359]]","[[95, 86, 464, 359]]"
9d47d182_237.jpg,[0.8611],"[[25, 64, 554, 359]]","[[40, 64, 556, 358]]"
b2045fbc_733.jpg,[0.4451],"[[589, 41, 639, 360]]","[[589, 59, 639, 359]]"
b2045fbc_1371.jpg,[0.8856],"[[96, 95, 454, 359]]","[[95, 94, 455, 359]]"
b2045fbc_455.jpg,[0.9691],"[[90, 83, 464, 359]]","[[89, 82, 463, 359]]"
b2045fbc_319.jpg,[0.9392],"[[120, 60, 501, 359]]","[[120, 59, 496, 358]]"
b2045fbc_369.jpg,[0.9689],"[[115, 87, 481, 359]]","[[115, 86, 480, 358]]"
b2045fbc_1879.jpg,[0.8856],"[[123, 117, 439, 359]]","[[111, 116, 439, 360]]"
9d47d182_143.jpg,[0.9145],"[[51, 66, 631, 359]]","[[51, 67, 460, 359]]"
b2045fbc_818.jpg,[0.919],"[[0, 64, 313, 359]]","[[0, 59, 312, 358]]"
9d47d182_113.jpg,[0.9351],"[[43, 68, 468, 359]]","[[38, 68, 473, 359]]"
b2045fbc_1350.jpg,[0.9542],"[[115, 110, 470, 360]]","[[114, 109, 470, 360]]"
b2045fbc_72.jpg,[0.804],"[[28, 173, 342, 359]]","[[28, 172, 342, 359]]"
9aa3bbb8_50.jpg,[0.9484],"[[126, 56, 629, 359]]","[[127, 55, 624, 358]]"
9d47d182_18.jpg,[0.9649],"[[60, 69, 461, 359]]","[[58, 68, 461, 359]]"
f044cf1d_188.jpg,[0.9322],"[[30, 54, 558, 359]]","[[41, 57, 558, 360]]"
9d47d182_318.jpg,[0.9186],"[[39, 64, 596, 359]]","[[37, 64, 599, 358]]"
b2045fbc_1859.jpg,[0.954],"[[144, 104, 535, 359]]","[[146, 103, 534, 359]]"
9d47d182_129.jpg,[0.9207],"[[50, 66, 458, 359]]","[[49, 66, 458, 359]]"
b2045fbc_2041.jpg,[0.9228],"[[126, 104, 517, 360]]","[[126, 103, 518, 360]]"
9d47d182_342.jpg,[0.8913],"[[36, 65, 446, 359]]","[[33, 66, 574, 360]]"
9d47d182_133.jpg,[0.9333],"[[50, 67, 461, 359]]","[[48, 66, 459, 359]]"
9d47d182_416.jpg,[0.8323],"[[58, 67, 422, 359]]","[[60, 68, 383, 359]]"
b2045fbc_159.jpg,"[0.9677, 0.2522]","[[150, 40, 499, 360], [0, 126, 63, 360]]","[[150, 40, 498, 359], [0, 130, 64, 359]]"
b2045fbc_1268.jpg,"[0.9545, 0.9217]","[[153, 66, 487, 359], [0, 119, 117, 360]]","[[0, 116, 116, 360], [153, 64, 487, 358]]"
b2045fbc_2012.jpg,[0.9193],"[[27, 83, 397, 359]]","[[26, 82, 397, 358]]"
f044cf1d_32.jpg,[0.9538],"[[107, 44, 535, 359]]","[[110, 43, 534, 357]]"
b2045fbc_1196.jpg,[0.9533],"[[41, 101, 483, 359]]","[[43, 100, 479, 359]]"
9aa3bbb8_54.jpg,[0.9435],"[[118, 96, 589, 360]]","[[117, 95, 605, 359]]"
f044cf1d_128.jpg,[0.9184],"[[20, 56, 559, 359]]","[[23, 58, 556, 360]]"
b2045fbc_1187.jpg,[0.9575],"[[55, 101, 481, 359]]","[[55, 100, 477, 358]]"
b2045fbc_549.jpg,[0.9523],"[[111, 91, 474, 359]]","[[111, 91, 475, 359]]"
f044cf1d_19.jpg,[0.883],"[[50, 57, 602, 359]]","[[53, 60, 571, 360]]"
b2045fbc_221.jpg,[0.9529],"[[148, 51, 489, 359]]","[[148, 50, 488, 358]]"
9d47d182_126.jpg,[0.9287],"[[49, 66, 459, 359]]","[[48, 66, 456, 359]]"
b2045fbc_1965.jpg,[0.9688],"[[162, 86, 517, 360]]","[[162, 86, 518, 359]]"
b2045fbc_870.jpg,[0.9668],"[[73, 0, 536, 360]]","[[72, 0, 535, 360]]"
b2045fbc_1954.jpg,[0.9618],"[[163, 87, 526, 359]]","[[163, 87, 525, 360]]"
b2045fbc_1167.jpg,[0.9457],"[[55, 96, 479, 359]]","[[52, 95, 480, 359]]"
b2045fbc_738.jpg,[0.8772],"[[564, 14, 640, 360]]","[[564, 15, 640, 358]]"
b2045fbc_1882.jpg,[0.9675],"[[230, 107, 493, 359]]","[[229, 106, 494, 358]]"
9d47d182_285.jpg,[0.9624],"[[39, 66, 443, 359]]","[[37, 64, 446, 359]]"
b2045fbc_293.jpg,[0.9402],"[[125, 59, 471, 359]]","[[123, 61, 467, 360]]"
b2045fbc_2063.jpg,[],[],[]
b2045fbc_1133.jpg,[],[],[]
9d47d182_40.jpg,[0.8934],"[[53, 67, 516, 359]]","[[52, 67, 494, 359]]"
b2045fbc_999.jpg,[0.9647],"[[83, 60, 482, 359]]","[[81, 59, 483, 359]]"
b2045fbc_1688.jpg,[0.9638],"[[0, 1, 455, 359]]","[[0, 1, 457, 358]]"
9d47d182_273.jpg,[0.9637],"[[37, 65, 444, 359]]","[[38, 64, 445, 359]]"
f044cf1d_175.jpg,[0.9616],"[[62, 58, 483, 359]]","[[61, 55, 483, 358]]"
9d47d182_131.jpg,[0.9284],"[[50, 66, 461, 359]]","[[48, 66, 459, 359]]"
b2045fbc_1463.jpg,[0.6264],"[[0, 76, 86, 359]]","[[0, 79, 84, 358]]"
b2045fbc_247.jpg,[0.9707],"[[118, 89, 482, 359]]","[[118, 87, 482, 358]]"
f044cf1d_92.jpg,[0.957],"[[64, 58, 484, 359]]","[[69, 58, 487, 358]]"
b2045fbc_1458.jpg,[],[],[]
f044cf1d_249.jpg,[0.8836],"[[81, 51, 547, 359]]","[[81, 50, 554, 359]]"
b2045fbc_1049.jpg,[0.9655],"[[51, 0, 541, 359]]","[[51, 0, 540, 358]]"
9d47d182_86.jpg,[0.9497],"[[45, 68, 447, 359]]","[[48, 68, 455, 359]]"
b2045fbc_1288.jpg,[0.9303],"[[88, 103, 436, 360]]","[[88, 103, 435, 360]]"
9aa3bbb8_60.jpg,[0.9546],"[[167, 90, 628, 359]]","[[167, 88, 629, 360]]"
9d47d182_194.jpg,[0.9636],"[[46, 66, 440, 359]]","[[45, 66, 439, 359]]"
b2045fbc_1044.jpg,[0.9644],"[[72, 1, 539, 359]]","[[46, 1, 536, 360]]"
b2045fbc_454.jpg,[0.9707],"[[90, 83, 464, 359]]","[[89, 82, 463, 359]]"
b2045fbc_1542.jpg,[0.2624],"[[86, 126, 307, 359]]",[]
b2045fbc_948.jpg,[0.9642],"[[1, 1, 519, 359]]","[[6, 1, 513, 360]]"
b2045fbc_2024.jpg,"[0.9286, 0.6715]","[[0, 0, 218, 359], [30, 86, 525, 360]]","[[0, 1, 216, 360], [170, 87, 522, 360]]"
b2045fbc_988.jpg,[0.8966],"[[9, 49, 454, 359]]","[[9, 48, 453, 359]]"
b2045fbc_1934.jpg,[0.9692],"[[104, 106, 429, 360]]","[[103, 103, 428, 359]]"
b2045fbc_726.jpg,[],[],[]
b2045fbc_606.jpg,[0.963],"[[64, 44, 508, 359]]","[[65, 45, 507, 358]]"
b2045fbc_2044.jpg,[0.9663],"[[127, 2, 555, 359]]","[[126, 2, 557, 360]]"
b2045fbc_704.jpg,[0.3966],"[[590, 82, 640, 360]]","[[589, 87, 639, 358]]"
b2045fbc_1257.jpg,"[0.9572, 0.8396]","[[152, 66, 490, 359], [0, 103, 115, 360]]","[[152, 64, 490, 359], [0, 97, 114, 360]]"
b2045fbc_1838.jpg,[0.9651],"[[173, 150, 447, 359]]","[[173, 149, 446, 359]]"
b2045fbc_2025.jpg,"[0.9287, 0.5792]","[[0, 0, 217, 359], [72, 88, 525, 359]]","[[0, 1, 216, 360], [169, 88, 522, 360]]"
b2045fbc_423.jpg,[0.9644],"[[112, 72, 506, 359]]","[[112, 72, 510, 358]]"
b2045fbc_436.jpg,[0.9724],"[[111, 63, 524, 359]]","[[110, 63, 522, 358]]"
f044cf1d_69.jpg,[0.603],"[[0, 53, 585, 359]]","[[1, 55, 583, 360]]"
b2045fbc_1331.jpg,[0.9444],"[[107, 99, 482, 360]]","[[108, 102, 480, 360]]"
9d47d182_362.jpg,[0.964],"[[54, 71, 460, 359]]","[[53, 70, 462, 360]]"
b2045fbc_1772.jpg,"[0.9469, 0.9117]","[[91, 26, 591, 359], [0, 175, 71, 360]]","[[90, 25, 592, 358], [0, 176, 71, 359]]"
b2045fbc_162.jpg,"[0.9681, 0.2872]","[[152, 41, 499, 359], [0, 121, 57, 360]]","[[152, 41, 500, 359], [0, 127, 57, 358]]"
b2045fbc_684.jpg,[],[],[]
9d47d182_192.jpg,[0.9604],"[[45, 66, 446, 359]]","[[43, 66, 445, 359]]"
b2045fbc_123.jpg,"[0.9719, 0.9697]","[[201, 51, 557, 360], [0, 122, 204, 360]]","[[0, 121, 204, 359], [202, 50, 558, 359]]"
b2045fbc_1743.jpg,[0.8822],"[[64, 136, 449, 360]]","[[64, 135, 467, 360]]"
b2045fbc_917.jpg,[0.9667],"[[86, 70, 478, 359]]","[[85, 69, 478, 358]]"
b2045fbc_1098.jpg,[],[],[]
9d47d182_368.jpg,[0.763],"[[53, 69, 476, 359]]","[[52, 68, 444, 359]]"
b2045fbc_1032.jpg,[0.9669],"[[68, 1, 535, 359]]","[[71, 1, 532, 360]]"
b2045fbc_1125.jpg,[],[],[]
b2045fbc_905.jpg,[0.97],"[[84, 59, 483, 359]]","[[84, 59, 483, 359]]"
b2045fbc_699.jpg,[0.965],"[[100, 51, 537, 359]]","[[99, 50, 537, 359]]"
b2045fbc_467.jpg,[0.9687],"[[94, 85, 464, 359]]","[[93, 85, 462, 359]]"
b2045fbc_186.jpg,"[0.9784, 0.9596]","[[0, 116, 280, 359], [280, 57, 631, 360]]","[[0, 115, 280, 358], [280, 57, 632, 359]]"
f044cf1d_263.jpg,[0.957],"[[92, 41, 524, 359]]","[[95, 41, 525, 359]]"
b2045fbc_1103.jpg,[],[],[]
b2045fbc_1322.jpg,[0.9408],"[[102, 97, 481, 360]]","[[101, 100, 483, 360]]"
b2045fbc_1649.jpg,[0.7819],"[[113, 174, 390, 359]]","[[112, 174, 391, 359]]"
9d47d182_175.jpg,[0.9653],"[[45, 66, 456, 359]]","[[43, 66, 453, 359]]"
b2045fbc_481.jpg,[0.9702],"[[96, 87, 466, 359]]","[[96, 86, 466, 358]]"
b2045fbc_750.jpg,[0.4786],"[[595, 93, 640, 360]]","[[595, 112, 639, 360]]"
b2045fbc_101.jpg,"[0.9707, 0.9505]","[[291, 61, 639, 359], [0, 132, 291, 359]]","[[292, 59, 639, 358], [0, 131, 291, 359]]"
b2045fbc_1319.jpg,[0.9451],"[[98, 98, 483, 360]]","[[98, 101, 481, 360]]"
b2045fbc_1955.jpg,[0.96],"[[136, 73, 515, 360]]","[[135, 75, 517, 360]]"
b2045fbc_2009.jpg,"[0.9413, 0.7762]","[[0, 4, 219, 355], [160, 88, 523, 359]]","[[0, 4, 219, 360], [153, 88, 523, 360]]"
b2045fbc_1636.jpg,[0.8224],"[[86, 131, 414, 360]]","[[86, 130, 414, 360]]"
f044cf1d_164.jpg,[0.9603],"[[22, 55, 435, 359]]","[[20, 53, 435, 358]]"
f044cf1d_77.jpg,[0.9406],"[[46, 61, 473, 360]]","[[39, 59, 473, 358]]"
b2045fbc_1222.jpg,[],[],[]
b2045fbc_34.jpg,[0.9711],"[[110, 78, 491, 359]]","[[111, 77, 491, 358]]"
b2045fbc_260.jpg,[0.9646],"[[97, 52, 521, 359]]","[[96, 51, 524, 358]]"
9d47d182_67.jpg,[0.826],"[[51, 66, 396, 359]]","[[50, 66, 394, 359]]"
b2045fbc_1464.jpg,[0.9704],"[[0, 21, 360, 360]]","[[0, 20, 360, 360]]"
b2045fbc_1323.jpg,[0.9435],"[[102, 97, 480, 360]]","[[102, 95, 480, 358]]"
9d47d182_31.jpg,[0.8872],"[[41, 65, 624, 360]]","[[47, 66, 637, 360]]"
f044cf1d_261.jpg,[0.9562],"[[94, 41, 524, 359]]","[[96, 41, 524, 359]]"
b2045fbc_1292.jpg,[0.7332],"[[0, 109, 329, 360]]","[[0, 118, 328, 360]]"
b2045fbc_915.jpg,[0.9675],"[[86, 71, 475, 359]]","[[85, 69, 474, 358]]"
9d47d182_381.jpg,[0.9648],"[[56, 69, 462, 359]]","[[56, 68, 463, 359]]"
b2045fbc_1757.jpg,[0.9688],"[[126, 123, 440, 360]]","[[124, 122, 440, 359]]"
b2045fbc_394.jpg,[0.9635],"[[95, 71, 507, 359]]","[[94, 70, 510, 358]]"
b2045fbc_1003.jpg,[0.9682],"[[97, 68, 486, 359]]","[[97, 68, 486, 359]]"
b2045fbc_964.jpg,[0.9469],"[[38, 1, 518, 359]]","[[41, 1, 509, 360]]"
b2045fbc_104.jpg,"[0.975, 0.9744]","[[0, 132, 292, 360], [291, 62, 639, 359]]","[[291, 60, 640, 358], [0, 131, 292, 358]]"
9aa3bbb8_58.jpg,[0.9593],"[[163, 91, 625, 360]]","[[162, 91, 625, 360]]"
b2045fbc_102.jpg,[0.9718],"[[123, 71, 515, 359]]","[[122, 70, 514, 360]]"
b2045fbc_1834.jpg,[0.8918],"[[125, 117, 441, 359]]","[[118, 115, 441, 358]]"
b2045fbc_808.jpg,[0.9661],"[[104, 95, 468, 359]]","[[105, 95, 467, 359]]"
b2045fbc_1185.jpg,[0.9483],"[[57, 99, 479, 359]]","[[52, 98, 480, 358]]"
9d47d182_11.jpg,[0.9649],"[[59, 69, 460, 359]]","[[58, 67, 462, 359]]"
9aa3bbb8_16.jpg,[0.9556],"[[130, 87, 619, 360]]","[[125, 86, 622, 358]]"
b2045fbc_1248.jpg,[],[],[]
ed2e9e4c_72.jpg,[0.9448],"[[126, 61, 554, 359]]","[[124, 59, 552, 359]]"
b2045fbc_38.jpg,[0.9529],"[[80, 56, 505, 359]]","[[81, 55, 502, 359]]"
b2045fbc_1720.jpg,"[0.8666, 0.3901]","[[61, 132, 450, 360], [0, 79, 72, 360]]","[[63, 130, 468, 359]]"
f044cf1d_30.jpg,[0.9528],"[[106, 44, 536, 359]]","[[106, 43, 536, 358]]"
9d47d182_320.jpg,[0.9221],"[[39, 64, 597, 359]]","[[37, 63, 599, 358]]"
b2045fbc_1459.jpg,[],[],[]
b2045fbc_1775.jpg,[0.9544],"[[89, 29, 593, 359]]","[[89, 28, 594, 359]]"
9d47d182_83.jpg,[0.9635],"[[49, 68, 465, 359]]","[[46, 67, 464, 360]]"
9d47d182_160.jpg,[0.9678],"[[51, 67, 461, 359]]","[[49, 67, 461, 359]]"
f044cf1d_21.jpg,[0.9565],"[[85, 36, 528, 359]]","[[83, 35, 528, 358]]"
b2045fbc_1008.jpg,[0.972],"[[102, 74, 487, 359]]","[[102, 73, 488, 358]]"
b2045fbc_1488.jpg,[0.931],"[[39, 33, 639, 359]]","[[38, 32, 638, 359]]"
f044cf1d_111.jpg,[0.9276],"[[35, 56, 568, 359]]","[[37, 57, 569, 360]]"
ed2e9e4c_52.jpg,[0.9478],"[[123, 58, 581, 359]]","[[127, 57, 585, 359]]"
b2045fbc_1944.jpg,[0.9639],"[[148, 80, 505, 359]]","[[148, 81, 507, 360]]"
b2045fbc_1733.jpg,[0.8674],"[[65, 134, 447, 360]]","[[63, 132, 473, 358]]"
b2045fbc_1456.jpg,[],[],[]
b2045fbc_625.jpg,[],[],[]
b2045fbc_1431.jpg,[],[],[]
f044cf1d_233.jpg,[0.9568],"[[91, 42, 519, 359]]","[[90, 41, 522, 358]]"
9d47d182_203.jpg,[0.9686],"[[45, 67, 455, 359]]","[[42, 67, 454, 359]]"
b2045fbc_206.jpg,[0.9627],"[[148, 51, 483, 360]]","[[148, 50, 484, 359]]"
b2045fbc_1256.jpg,[0.7348],"[[0, 99, 325, 359]]","[[0, 102, 324, 359]]"
b2045fbc_1094.jpg,[],[],[]
b2045fbc_698.jpg,[0.9642],"[[79, 44, 513, 359]]","[[80, 42, 512, 360]]"
b2045fbc_995.jpg,[0.948],"[[32, 49, 466, 359]]","[[33, 48, 466, 359]]"
9d47d182_251.jpg,[0.9408],"[[36, 63, 620, 359]]","[[33, 61, 618, 358]]"
9aa3bbb8_104.jpg,[0.957],"[[109, 105, 568, 359]]","[[110, 104, 565, 358]]"
b2045fbc_749.jpg,[0.4201],"[[604, 118, 640, 360]]",[]
b2045fbc_1467.jpg,[0.8958],"[[296, 243, 452, 359]]","[[299, 243, 453, 360]]"
9d47d182_30.jpg,[0.9329],"[[47, 67, 551, 360]]","[[45, 67, 554, 360]]"
b2045fbc_1830.jpg,[0.9632],"[[172, 150, 514, 360]]","[[171, 149, 513, 358]]"
9aa3bbb8_21.jpg,[0.9488],"[[122, 88, 593, 359]]","[[119, 87, 596, 358]]"
b2045fbc_2003.jpg,[0.9581],"[[125, 89, 520, 360]]","[[125, 90, 519, 360]]"
f044cf1d_165.jpg,[0.9582],"[[76, 60, 513, 360]]","[[75, 59, 512, 359]]"
b2045fbc_1380.jpg,[0.8775],"[[95, 101, 458, 359]]","[[93, 100, 458, 359]]"
9d47d182_395.jpg,[0.8143],"[[54, 68, 426, 359]]","[[54, 68, 413, 359]]"
9aa3bbb8_7.jpg,[0.9593],"[[128, 83, 617, 359]]","[[130, 82, 618, 360]]"
b2045fbc_1253.jpg,[],[],[]
b2045fbc_1244.jpg,[],[],[]
9aa3bbb8_100.jpg,[0.9557],"[[112, 107, 568, 359]]","[[115, 106, 565, 358]]"
b2045fbc_1631.jpg,[0.8562],"[[86, 129, 413, 360]]","[[84, 129, 412, 360]]"
b2045fbc_1563.jpg,[0.7374],"[[43, 118, 579, 360]]","[[41, 116, 578, 360]]"
ed2e9e4c_38.jpg,[0.9399],"[[98, 68, 569, 359]]","[[94, 68, 572, 359]]"
f044cf1d_207.jpg,[0.9364],"[[32, 54, 557, 359]]","[[40, 55, 556, 360]]"
b2045fbc_493.jpg,[0.9688],"[[98, 88, 466, 359]]","[[98, 87, 465, 358]]"
9d47d182_334.jpg,[0.9643],"[[49, 71, 461, 359]]","[[48, 69, 460, 358]]"
b2045fbc_1090.jpg,[0.971],"[[106, 71, 495, 359]]","[[106, 69, 496, 358]]"
b2045fbc_1092.jpg,[],[],[]
f044cf1d_166.jpg,[0.9519],"[[76, 60, 507, 359]]","[[78, 59, 505, 359]]"
b2045fbc_1177.jpg,[0.951],"[[61, 99, 479, 359]]","[[56, 98, 478, 358]]"
f044cf1d_154.jpg,[0.9316],"[[3, 64, 537, 359]]","[[10, 65, 534, 360]]"
b2045fbc_1249.jpg,[],[],[]
b2045fbc_148.jpg,"[0.9643, 0.9476]","[[230, 46, 583, 359], [0, 104, 188, 360]]","[[230, 46, 582, 358], [0, 104, 188, 358]]"
9d47d182_253.jpg,[0.92],"[[35, 63, 454, 359]]","[[34, 63, 453, 358]]"
b2045fbc_743.jpg,[0.5006],"[[572, 50, 640, 360]]","[[572, 59, 640, 358]]"
b2045fbc_1489.jpg,[0.3424],"[[112, 133, 346, 360]]","[[113, 132, 347, 358]]"
b2045fbc_20.jpg,[0.9504],"[[78, 104, 485, 359]]","[[82, 103, 482, 359]]"
b2045fbc_1202.jpg,"[0.9388, 0.642]","[[163, 75, 499, 359], [0, 90, 97, 359]]","[[163, 75, 500, 359], [0, 95, 96, 359]]"
b2045fbc_1264.jpg,[0.9664],"[[102, 101, 444, 359]]","[[102, 100, 442, 359]]"
9aa3bbb8_38.jpg,[0.9577],"[[130, 55, 638, 359]]","[[132, 55, 636, 358]]"
b2045fbc_1251.jpg,[],[],[]
f044cf1d_75.jpg,[0.8922],"[[0, 56, 569, 359]]","[[0, 58, 567, 360]]"
b2045fbc_641.jpg,[0.964],"[[47, 29, 491, 359]]","[[45, 29, 491, 360]]"
b2045fbc_1211.jpg,[],[],[]
9d47d182_358.jpg,[0.9302],"[[39, 65, 553, 359]]","[[35, 66, 552, 360]]"
9aa3bbb8_86.jpg,[0.9527],"[[110, 96, 572, 359]]","[[111, 96, 564, 358]]"
9d47d182_238.jpg,[0.9667],"[[43, 66, 456, 359]]","[[41, 64, 455, 359]]"
b2045fbc_536.jpg,[0.968],"[[131, 65, 536, 359]]","[[130, 64, 534, 358]]"
b2045fbc_364.jpg,[0.9654],"[[89, 57, 517, 359]]","[[88, 57, 515, 359]]"
b2045fbc_563.jpg,[0.9696],"[[97, 64, 490, 359]]","[[95, 64, 489, 358]]"
b2045fbc_243.jpg,[0.9723],"[[116, 70, 506, 359]]","[[115, 69, 504, 358]]"
b2045fbc_2067.jpg,[],[],[]
9d47d182_349.jpg,[0.9237],"[[39, 65, 558, 359]]","[[35, 66, 557, 360]]"
b2045fbc_533.jpg,[0.9555],"[[105, 91, 472, 359]]","[[104, 91, 472, 358]]"
b2045fbc_2013.jpg,"[0.9321, 0.8584]","[[0, 7, 226, 360], [172, 88, 524, 359]]","[[1, 5, 226, 359], [165, 87, 527, 360]]"
b2045fbc_1749.jpg,[0.8674],"[[64, 140, 485, 360]]","[[64, 138, 478, 360]]"
b2045fbc_1306.jpg,[0.9357],"[[128, 109, 481, 360]]","[[127, 106, 481, 358]]"
b2045fbc_661.jpg,[],[],[]
b2045fbc_237.jpg,[0.9725],"[[127, 72, 510, 359]]","[[125, 70, 510, 360]]"
b2045fbc_1234.jpg,[],[],[]
b2045fbc_792.jpg,[0.9716],"[[112, 95, 476, 359]]","[[113, 95, 475, 359]]"
b2045fbc_1928.jpg,[0.9685],"[[181, 100, 498, 360]]","[[181, 100, 498, 358]]"
9d47d182_29.jpg,[0.9608],"[[47, 69, 481, 359]]","[[43, 68, 481, 359]]"
b2045fbc_406.jpg,[0.9682],"[[93, 70, 510, 359]]","[[93, 69, 510, 358]]"
f044cf1d_228.jpg,[0.8956],"[[81, 51, 545, 359]]","[[84, 50, 570, 358]]"
f044cf1d_219.jpg,[0.9314],"[[103, 48, 578, 359]]","[[105, 48, 573, 359]]"
9d47d182_81.jpg,[0.9687],"[[52, 71, 452, 359]]","[[50, 70, 452, 358]]"
ed2e9e4c_66.jpg,[0.9308],"[[133, 63, 582, 359]]","[[132, 61, 584, 358]]"
ed2e9e4c_56.jpg,[0.932],"[[122, 74, 604, 360]]","[[122, 73, 606, 360]]"
9d47d182_312.jpg,[0.9664],"[[50, 71, 457, 359]]","[[48, 69, 455, 358]]"
b2045fbc_187.jpg,"[0.9762, 0.9672]","[[0, 120, 277, 360], [275, 54, 617, 359]]","[[0, 120, 276, 359], [275, 52, 617, 358]]"
9d47d182_72.jpg,[0.9385],"[[52, 66, 400, 359]]","[[50, 66, 398, 359]]"
b2045fbc_114.jpg,[0.9716],"[[126, 72, 519, 359]]","[[125, 72, 518, 358]]"
b2045fbc_1555.jpg,[0.8335],"[[100, 128, 341, 359]]",[]
9d47d182_387.jpg,[0.9632],"[[58, 70, 464, 359]]","[[58, 69, 465, 360]]"
9d47d182_240.jpg,[0.9672],"[[36, 66, 456, 359]]","[[33, 66, 455, 359]]"
b2045fbc_267.jpg,[0.8986],"[[120, 57, 539, 359]]","[[123, 59, 427, 359]]"
b2045fbc_1072.jpg,[0.9529],"[[0, 1, 421, 359]]","[[0, 4, 422, 359]]"
b2045fbc_732.jpg,[0.4758],"[[593, 64, 639, 359]]","[[593, 72, 639, 358]]"
b2045fbc_340.jpg,[0.9679],"[[137, 63, 535, 359]]","[[137, 63, 535, 358]]"
f044cf1d_12.jpg,[0.8822],"[[49, 57, 593, 359]]","[[51, 59, 563, 359]]"
b2045fbc_480.jpg,[0.9686],"[[132, 67, 535, 359]]","[[131, 66, 533, 359]]"
b2045fbc_1558.jpg,[0.748],"[[121, 133, 331, 359]]",[]
b2045fbc_1796.jpg,[],[],[]
9d47d182_134.jpg,[0.9668],"[[51, 66, 461, 359]]","[[48, 66, 460, 359]]"
b2045fbc_929.jpg,[0.969],"[[108, 80, 487, 359]]","[[106, 78, 486, 358]]"
b2045fbc_767.jpg,[0.6374],"[[393, 52, 640, 360]]","[[394, 51, 640, 360]]"
9aa3bbb8_65.jpg,[0.9511],"[[168, 89, 627, 360]]","[[170, 87, 629, 360]]"
b2045fbc_1017.jpg,[0.9723],"[[89, 49, 492, 359]]","[[88, 48, 491, 359]]"
f044cf1d_192.jpg,[0.9358],"[[28, 54, 560, 359]]","[[41, 57, 559, 360]]"
b2045fbc_773.jpg,[0.9552],"[[444, 54, 640, 359]]","[[444, 52, 640, 360]]"
f044cf1d_199.jpg,[0.9423],"[[32, 54, 561, 359]]","[[43, 56, 560, 360]]"
ed2e9e4c_17.jpg,[0.9409],"[[123, 65, 603, 359]]","[[122, 64, 602, 359]]"
9aa3bbb8_102.jpg,[0.9565],"[[112, 105, 566, 359]]","[[114, 104, 562, 359]]"
9d47d182_132.jpg,[0.9281],"[[50, 66, 462, 359]]","[[48, 66, 460, 359]]"
9d47d182_115.jpg,[0.9346],"[[50, 66, 457, 359]]","[[52, 67, 458, 359]]"
b2045fbc_696.jpg,[0.9587],"[[74, 46, 506, 359]]","[[73, 46, 506, 358]]"
b2045fbc_1082.jpg,[0.9739],"[[100, 83, 471, 359]]","[[99, 82, 473, 358]]"
b2045fbc_1436.jpg,[],[],[]
b2045fbc_524.jpg,[0.9676],"[[129, 63, 535, 359]]","[[129, 61, 535, 358]]"
b2045fbc_2002.jpg,[0.9282],"[[105, 80, 524, 359]]","[[107, 79, 524, 360]]"
b2045fbc_1216.jpg,[],[],[]
9d47d182_311.jpg,[0.9115],"[[26, 64, 598, 360]]","[[38, 65, 597, 360]]"
b2045fbc_1836.jpg,[0.9737],"[[177, 147, 473, 359]]","[[176, 147, 472, 359]]"
b2045fbc_522.jpg,[0.875],"[[60, 92, 485, 359]]","[[62, 91, 470, 359]]"
b2045fbc_100.jpg,"[0.9749, 0.9472]","[[290, 61, 639, 359], [0, 132, 289, 360]]","[[289, 60, 639, 358], [0, 131, 284, 358]]"
b2045fbc_1208.jpg,[0.8889],"[[0, 80, 351, 359]]","[[0, 80, 350, 358]]"
9d47d182_391.jpg,[0.9635],"[[49, 71, 463, 359]]","[[48, 70, 462, 358]]"
b2045fbc_528.jpg,[0.5862],"[[58, 88, 472, 359]]","[[210, 88, 466, 358]]"
9d47d182_207.jpg,[0.8694],"[[43, 64, 567, 359]]","[[38, 64, 553, 360]]"
b2045fbc_1946.jpg,[0.968],"[[149, 77, 517, 360]]","[[150, 76, 517, 360]]"
b2045fbc_927.jpg,[0.9714],"[[107, 79, 486, 359]]","[[107, 79, 485, 358]]"
b2045fbc_307.jpg,[0.9665],"[[49, 42, 517, 359]]","[[47, 45, 520, 360]]"
b2045fbc_592.jpg,[0.9686],"[[107, 45, 508, 359]]","[[107, 45, 508, 358]]"
b2045fbc_1709.jpg,[0.8022],"[[62, 140, 453, 360]]","[[61, 139, 466, 360]]"
b2045fbc_1823.jpg,[0.8763],"[[125, 117, 440, 359]]","[[122, 115, 440, 360]]"
b2045fbc_1145.jpg,[0.971],"[[107, 85, 485, 359]]","[[107, 85, 485, 359]]"
b2045fbc_1832.jpg,[0.9704],"[[219, 148, 482, 359]]","[[219, 148, 483, 359]]"
b2045fbc_258.jpg,[0.9694],"[[118, 89, 480, 359]]","[[117, 87, 479, 358]]"
b2045fbc_1773.jpg,[0.9455],"[[88, 29, 591, 359]]","[[85, 28, 590, 359]]"
b2045fbc_640.jpg,[0.9378],"[[0, 24, 453, 359]]","[[0, 23, 452, 359]]"
b2045fbc_1243.jpg,[],[],[]
b2045fbc_350.jpg,[0.9662],"[[135, 65, 534, 359]]","[[135, 64, 533, 358]]"
b2045fbc_1493.jpg,[0.5599],"[[124, 143, 343, 360]]","[[123, 142, 340, 360]]"
b2045fbc_1136.jpg,[0.7307],"[[275, 249, 435, 359]]","[[274, 247, 436, 359]]"
b2045fbc_1940.jpg,[0.9715],"[[198, 97, 523, 359]]","[[197, 97, 522, 360]]"
b2045fbc_1549.jpg,[],[],[]
9d47d182_145.jpg,[0.9028],"[[50, 65, 629, 359]]","[[53, 67, 457, 360]]"
b2045fbc_1999.jpg,[0.931],"[[77, 87, 528, 360]]","[[74, 86, 530, 359]]"
f044cf1d_265.jpg,[0.9567],"[[95, 42, 524, 359]]","[[96, 41, 524, 358]]"
b2045fbc_984.jpg,[0.8696],"[[34, 56, 447, 359]]","[[29, 55, 447, 358]]"
b2045fbc_1138.jpg,[0.8298],"[[46, 75, 462, 359]]","[[40, 73, 464, 359]]"
9d47d182_90.jpg,[0.9642],"[[42, 70, 461, 359]]","[[41, 69, 461, 358]]"
b2045fbc_1559.jpg,[0.7431],"[[102, 127, 337, 360]]",[]
b2045fbc_308.jpg,[0.967],"[[74, 58, 518, 359]]","[[77, 57, 519, 359]]"
b2045fbc_1802.jpg,[0.9478],"[[95, 57, 581, 359]]","[[95, 55, 580, 359]]"
9d47d182_174.jpg,[0.9632],"[[45, 66, 458, 359]]","[[42, 67, 454, 359]]"
b2045fbc_477.jpg,[0.9695],"[[96, 87, 466, 359]]","[[96, 86, 466, 358]]"
b2045fbc_486.jpg,[0.9686],"[[96, 87, 466, 359]]","[[95, 86, 464, 358]]"
b2045fbc_591.jpg,[0.9648],"[[133, 70, 532, 359]]","[[132, 68, 531, 358]]"
b2045fbc_291.jpg,[0.9704],"[[118, 90, 478, 359]]","[[118, 88, 478, 358]]"
b2045fbc_1038.jpg,[0.9644],"[[68, 1, 546, 359]]","[[39, 1, 537, 360]]"
9d47d182_242.jpg,[0.9576],"[[37, 65, 458, 359]]","[[36, 64, 458, 358]]"
b2045fbc_931.jpg,[0.9703],"[[108, 80, 486, 359]]","[[107, 79, 485, 358]]"
b2045fbc_532.jpg,[0.9636],"[[102, 90, 468, 359]]","[[100, 88, 468, 358]]"
b2045fbc_1938.jpg,[0.9727],"[[206, 99, 525, 359]]","[[206, 101, 529, 360]]"
b2045fbc_938.jpg,[0.9591],"[[55, 1, 518, 359]]","[[58, 1, 514, 360]]"
b2045fbc_658.jpg,[0.9674],"[[124, 61, 533, 359]]","[[124, 59, 532, 359]]"
b2045fbc_416.jpg,[0.9686],"[[96, 72, 508, 359]]","[[96, 72, 510, 358]]"
b2045fbc_859.jpg,[0.9684],"[[64, 0, 545, 359]]","[[65, 0, 546, 358]]"
b2045fbc_1899.jpg,[0.9738],"[[227, 113, 492, 359]]","[[227, 113, 491, 359]]"
b2045fbc_1641.jpg,[0.9165],"[[115, 134, 524, 360]]","[[115, 133, 524, 358]]"
b2045fbc_2004.jpg,"[0.9347, 0.7737]","[[0, 0, 98, 359], [72, 87, 518, 360]]","[[1, 1, 98, 360], [153, 85, 518, 359]]"
f044cf1d_13.jpg,[0.9545],"[[92, 42, 520, 359]]","[[92, 41, 520, 358]]"
b2045fbc_1487.jpg,[0.8348],"[[187, 222, 340, 359]]",[]
b2045fbc_1597.jpg,[0.821],"[[91, 116, 552, 359]]","[[89, 114, 553, 358]]"
b2045fbc_610.jpg,[0.9624],"[[0, 1, 397, 359]]","[[0, 1, 397, 358]]"
b2045fbc_1233.jpg,[],[],[]
b2045fbc_1020.jpg,[0.8956],"[[56, 0, 531, 359]]","[[85, 2, 527, 360]]"
b2045fbc_1050.jpg,[0.9628],"[[50, 0, 541, 360]]","[[48, 0, 540, 358]]"
b2045fbc_508.jpg,[0.8708],"[[92, 83, 477, 359]]","[[173, 82, 471, 359]]"
b2045fbc_1805.jpg,[0.9419],"[[100, 56, 523, 359]]","[[98, 57, 518, 360]]"
9d47d182_372.jpg,[0.9652],"[[54, 70, 460, 359]]","[[53, 68, 461, 358]]"
b2045fbc_1509.jpg,[0.7201],"[[123, 143, 335, 359]]","[[121, 142, 335, 360]]"
9aa3bbb8_2.jpg,[0.9547],"[[112, 87, 582, 359]]","[[110, 86, 582, 358]]"
b2045fbc_165.jpg,[0.9678],"[[154, 45, 499, 359]]","[[154, 45, 498, 358], [0, 133, 52, 360]]"
ed2e9e4c_4.jpg,[0.9376],"[[124, 74, 604, 360]]","[[123, 73, 605, 360]]"
b2045fbc_1637.jpg,[0.6925],"[[88, 131, 413, 360]]","[[86, 130, 410, 360]]"
b2045fbc_599.jpg,[0.9586],"[[124, 64, 512, 359]]","[[123, 63, 512, 358]]"
b2045fbc_1520.jpg,[0.7726],"[[112, 133, 549, 359]]","[[112, 132, 548, 360]]"
9d47d182_105.jpg,[0.9692],"[[53, 69, 456, 359]]","[[51, 68, 452, 359]]"
b2045fbc_1046.jpg,[0.9647],"[[131, 64, 537, 359]]","[[129, 64, 535, 358]]"
b2045fbc_181.jpg,"[0.9642, 0.5786]","[[165, 51, 499, 360], [0, 95, 75, 360]]","[[165, 50, 499, 359], [0, 91, 75, 358]]"
b2045fbc_1435.jpg,[0.8105],"[[81, 84, 451, 360]]","[[78, 83, 453, 360], [0, 122, 55, 359]]"
b2045fbc_1629.jpg,[0.8729],"[[83, 130, 407, 360]]","[[82, 130, 406, 360]]"
9d47d182_135.jpg,[0.9634],"[[51, 70, 466, 359]]","[[48, 68, 466, 358]]"
f044cf1d_109.jpg,[0.9295],"[[36, 56, 569, 359]]","[[36, 58, 568, 360]]"
b2045fbc_921.jpg,[0.9687],"[[94, 75, 477, 359]]","[[93, 75, 479, 360]]"
b2045fbc_1885.jpg,[0.9217],"[[176, 110, 442, 360]]","[[175, 109, 448, 359]]"
9d47d182_146.jpg,[0.9659],"[[51, 70, 463, 359]]","[[47, 68, 463, 358]]"
f044cf1d_264.jpg,[0.9569],"[[93, 41, 524, 359]]","[[95, 41, 524, 359]]"
9d47d182_259.jpg,[0.9192],"[[31, 63, 623, 360]]","[[37, 61, 629, 358]]"
b2045fbc_1644.jpg,[0.5478],"[[38, 132, 350, 359]]","[[37, 131, 350, 359]]"
9aa3bbb8_98.jpg,[0.9519],"[[111, 105, 568, 359]]","[[112, 104, 563, 358]]"
f044cf1d_162.jpg,[0.9428],"[[17, 57, 536, 359]]","[[18, 58, 533, 360]]"
b2045fbc_41.jpg,[0.9615],"[[183, 176, 423, 360]]","[[183, 175, 423, 359]]"
b2045fbc_713.jpg,[0.9665],"[[129, 64, 540, 359]]","[[129, 63, 539, 358]]"
b2045fbc_1951.jpg,[0.9636],"[[148, 83, 524, 360]]","[[149, 84, 525, 360]]"
b2045fbc_853.jpg,[0.9675],"[[81, 0, 559, 359]]","[[83, 0, 559, 358]]"
b2045fbc_2.jpg,[0.9709],"[[115, 82, 486, 359]]","[[115, 82, 485, 358]]"
9d47d182_127.jpg,[0.9158],"[[50, 66, 459, 359]]","[[49, 66, 458, 359]]"
9d47d182_410.jpg,[0.8595],"[[55, 68, 406, 359]]","[[53, 68, 399, 359]]"
b2045fbc_202.jpg,[0.9733],"[[132, 72, 518, 359]]","[[131, 72, 517, 358]]"
9d47d182_71.jpg,[0.9506],"[[52, 66, 396, 359]]","[[50, 66, 396, 359]]"
9aa3bbb8_6.jpg,[0.9565],"[[107, 109, 567, 359]]","[[112, 108, 568, 358]]"
b2045fbc_54.jpg,[0.9754],"[[0, 122, 296, 359]]","[[0, 122, 296, 359]]"
b2045fbc_457.jpg,[0.9707],"[[91, 83, 464, 359]]","[[90, 82, 462, 359]]"
b2045fbc_715.jpg,[],[],[]
b2045fbc_118.jpg,"[0.9662, 0.9641]","[[0, 114, 209, 360], [252, 47, 597, 359]]","[[250, 46, 597, 359], [0, 113, 208, 359]]"
b2045fbc_1232.jpg,[],[],[]
b2045fbc_1048.jpg,[0.9666],"[[51, 0, 542, 359]]","[[50, 0, 542, 358]]"
9d47d182_150.jpg,[0.8952],"[[50, 65, 610, 359]]","[[51, 67, 459, 359]]"
9d47d182_53.jpg,[0.8266],"[[53, 67, 403, 359]]","[[51, 67, 397, 359]]"
9aa3bbb8_30.jpg,[0.9534],"[[144, 47, 590, 359]]","[[142, 48, 586, 359]]"
b2045fbc_59.jpg,[0.9369],"[[9, 154, 318, 360]]","[[9, 153, 318, 360]]"
f044cf1d_243.jpg,[0.8962],"[[82, 51, 545, 359]]","[[83, 50, 548, 358]]"
b2045fbc_1499.jpg,[0.6912],"[[119, 140, 341, 359]]","[[118, 139, 341, 359]]"
9d47d182_337.jpg,[0.9264],"[[36, 65, 431, 359]]","[[35, 64, 433, 358]]"
9d47d182_339.jpg,[0.9615],"[[36, 64, 459, 360]]","[[35, 63, 461, 358]]"
9d47d182_21.jpg,[0.966],"[[51, 71, 460, 359]]","[[50, 70, 461, 358]]"
b2045fbc_662.jpg,[],[],[]
b2045fbc_1751.jpg,[0.7709],"[[14, 138, 504, 360]]","[[24, 137, 498, 360]]"
b2045fbc_46.jpg,[0.9748],"[[1, 90, 339, 359]]","[[0, 90, 339, 358]]"
b2045fbc_535.jpg,[0.9682],"[[109, 87, 478, 359]]","[[109, 86, 478, 359]]"
b2045fbc_1140.jpg,[0.5161],"[[0, 77, 376, 359]]","[[1, 76, 374, 359]]"
f044cf1d_112.jpg,[0.9551],"[[91, 43, 529, 359]]","[[88, 42, 531, 358]]"
b2045fbc_657.jpg,[],[],[]
9aa3bbb8_9.jpg,[0.9517],"[[114, 90, 582, 359]]","[[111, 90, 580, 358]]"
b2045fbc_565.jpg,[0.9672],"[[123, 61, 532, 359]]","[[122, 60, 532, 358]]"
b2045fbc_729.jpg,[0.3833],"[[599, 126, 640, 360]]","[[600, 145, 639, 358]]"
9d47d182_264.jpg,[0.8548],"[[35, 65, 371, 359]]","[[33, 64, 371, 358]]"
b2045fbc_1943.jpg,[0.964],"[[158, 76, 542, 360]]","[[155, 76, 541, 360]]"
b2045fbc_98.jpg,"[0.9674, 0.961]","[[290, 61, 639, 359], [0, 131, 291, 360]]","[[290, 59, 638, 358], [0, 131, 293, 359]]"
b2045fbc_1312.jpg,"[0.9608, 0.6415]","[[158, 58, 485, 359], [0, 86, 90, 360]]","[[155, 56, 485, 360], [0, 86, 89, 359]]"
b2045fbc_353.jpg,[0.96],"[[125, 68, 520, 359]]","[[125, 68, 517, 359]]"
b2045fbc_1166.jpg,[0.9425],"[[55, 97, 479, 359]]","[[51, 95, 479, 358]]"
b2045fbc_288.jpg,[0.9391],"[[64, 46, 518, 359]]","[[66, 47, 516, 360]]"
b2045fbc_311.jpg,[0.9298],"[[127, 75, 500, 359]]","[[127, 75, 495, 359]]"
f044cf1d_159.jpg,[0.9299],"[[6, 64, 538, 359]]","[[10, 63, 533, 360]]"
b2045fbc_1666.jpg,[0.9733],"[[244, 92, 596, 359]]","[[244, 91, 596, 359]]"
b2045fbc_728.jpg,[0.3433],"[[600, 133, 640, 360]]",[]
b2045fbc_190.jpg,"[0.9772, 0.9649]","[[0, 115, 276, 360], [275, 54, 615, 360]]","[[0, 113, 276, 358], [275, 52, 613, 360]]"
b2045fbc_1019.jpg,[0.9549],"[[75, 1, 516, 360]]","[[72, 1, 516, 360]]"
b2045fbc_596.jpg,[0.9379],"[[115, 56, 520, 359]]","[[113, 55, 519, 358]]"
f044cf1d_131.jpg,[0.9217],"[[23, 56, 561, 359]]","[[24, 58, 558, 360]]"
b2045fbc_1911.jpg,"[0.972, 0.8878]","[[221, 116, 485, 360], [0, 17, 123, 360]]","[[0, 19, 114, 360], [221, 116, 483, 360]]"
9d47d182_252.jpg,[0.9302],"[[31, 62, 618, 360]]","[[35, 61, 616, 358]]"
f044cf1d_79.jpg,[0.9552],"[[94, 43, 517, 359]]","[[93, 41, 519, 358]]"
9d47d182_41.jpg,[0.9083],"[[54, 67, 517, 359]]","[[51, 67, 501, 359]]"
b2045fbc_1572.jpg,[0.8605],"[[24, 112, 509, 359]]","[[25, 111, 511, 359]]"
b2045fbc_717.jpg,[],[],[]
b2045fbc_1972.jpg,[0.9561],"[[112, 80, 537, 360]]","[[112, 79, 535, 360]]"
b2045fbc_1613.jpg,[0.7207],"[[49, 116, 496, 360]]","[[46, 115, 496, 360]]"
b2045fbc_953.jpg,[0.9576],"[[13, 1, 518, 360]]","[[24, 1, 512, 360]]"
b2045fbc_1438.jpg,[],[],[]
b2045fbc_1174.jpg,[0.9457],"[[60, 98, 480, 359]]","[[56, 97, 479, 358]]"
b2045fbc_1449.jpg,[],[],[]
b2045fbc_1317.jpg,[0.9555],"[[101, 98, 479, 360]]","[[101, 98, 479, 360]]"
9d47d182_218.jpg,[0.9088],"[[37, 64, 556, 359]]","[[38, 64, 558, 359]]"
f044cf1d_238.jpg,[0.8842],"[[80, 51, 544, 360]]","[[79, 50, 548, 358]]"
b2045fbc_768.jpg,[0.865],"[[377, 56, 639, 359]]","[[373, 54, 639, 357]]"
b2045fbc_567.jpg,[0.9649],"[[109, 53, 524, 359]]","[[108, 52, 524, 358]]"
b2045fbc_753.jpg,[0.5813],"[[589, 24, 640, 360]]","[[589, 37, 639, 358]]"
b2045fbc_810.jpg,[0.9657],"[[103, 96, 468, 359]]","[[103, 95, 471, 359]]"
b2045fbc_1300.jpg,[0.9439],"[[127, 105, 482, 360]]","[[127, 103, 481, 359]]"
b2045fbc_1128.jpg,[],[],[]
b2045fbc_1898.jpg,[0.9742],"[[225, 113, 491, 360]]","[[224, 112, 490, 359]]"
b2045fbc_1029.jpg,[0.9672],"[[66, 0, 533, 359]]","[[66, 0, 533, 360]]"
9d47d182_350.jpg,[0.9191],"[[38, 65, 556, 359]]","[[31, 66, 556, 360]]"
f044cf1d_277.jpg,[0.9555],"[[93, 42, 518, 359]]","[[92, 41, 519, 358]]"
b2045fbc_1047.jpg,[0.9644],"[[49, 0, 542, 359]]","[[49, 0, 543, 358]]"
b2045fbc_1786.jpg,[0.9554],"[[92, 26, 593, 360]]","[[92, 24, 595, 360]]"
9d47d182_5.jpg,[0.9651],"[[59, 68, 461, 359]]","[[58, 68, 461, 359]]"
b2045fbc_31.jpg,[0.8084],"[[0, 42, 374, 359]]","[[0, 42, 372, 358]]"
b2045fbc_1977.jpg,[0.9448],"[[123, 84, 522, 360]]","[[122, 85, 522, 360]]"
f044cf1d_250.jpg,[0.8909],"[[79, 52, 545, 360]]","[[81, 50, 555, 358]]"
9d47d182_12.jpg,[0.9663],"[[58, 69, 461, 359]]","[[55, 68, 460, 358]]"
9aa3bbb8_51.jpg,[0.9478],"[[114, 82, 582, 359]]","[[112, 80, 584, 358]]"
b2045fbc_402.jpg,[0.9609],"[[99, 49, 517, 359]]","[[98, 49, 518, 359]]"
b2045fbc_1883.jpg,[0.9734],"[[232, 113, 489, 360]]","[[232, 112, 488, 360]]"
b2045fbc_491.jpg,[0.9687],"[[132, 68, 535, 359]]","[[132, 68, 535, 359]]"
9aa3bbb8_59.jpg,[0.955],"[[165, 93, 626, 360]]","[[166, 91, 626, 360]]"
f044cf1d_80.jpg,[0.957],"[[67, 59, 486, 359]]","[[70, 59, 489, 359]]"
b2045fbc_1958.jpg,[0.9633],"[[159, 76, 496, 360]]","[[157, 79, 490, 360]]"
b2045fbc_922.jpg,[0.9725],"[[106, 77, 487, 359]]","[[105, 77, 487, 359]]"
ed2e9e4c_13.jpg,[0.9325],"[[123, 73, 601, 359]]","[[122, 71, 605, 360]]"
b2045fbc_379.jpg,[0.9612],"[[96, 66, 512, 359]]","[[96, 66, 511, 359]]"
b2045fbc_1262.jpg,[0.8768],"[[0, 131, 374, 359]]","[[0, 130, 372, 359]]"
ed2e9e4c_33.jpg,[0.9479],"[[126, 51, 565, 359]]","[[126, 50, 565, 359]]"
f044cf1d_287.jpg,[0.8896],"[[43, 56, 556, 359]]","[[48, 59, 555, 359]]"
b2045fbc_1787.jpg,[0.9401],"[[91, 39, 588, 359]]","[[91, 37, 589, 359]]"
b2045fbc_175.jpg,"[0.9674, 0.3433]","[[155, 44, 499, 360], [0, 117, 50, 360]]","[[154, 42, 498, 358], [0, 126, 49, 360]]"
b2045fbc_1860.jpg,[0.9636],"[[168, 107, 523, 360]]","[[169, 105, 523, 358]]"
b2045fbc_1826.jpg,[0.9748],"[[149, 121, 462, 360]]","[[149, 121, 462, 360]]"
b2045fbc_973.jpg,[0.9667],"[[66, 13, 491, 359]]","[[67, 14, 489, 359]]"
9d47d182_20.jpg,[0.9638],"[[39, 72, 459, 359]]","[[36, 70, 460, 358]]"
b2045fbc_612.jpg,[0.9607],"[[20, 13, 430, 359]]","[[16, 14, 430, 359]]"
b2045fbc_769.jpg,[0.966],"[[131, 61, 537, 359]]","[[130, 59, 534, 358]]"
f044cf1d_269.jpg,[0.9567],"[[93, 43, 524, 359]]","[[95, 43, 524, 358]]"
b2045fbc_1686.jpg,[0.9729],"[[0, 0, 453, 359]]","[[0, 0, 448, 360]]"
b2045fbc_895.jpg,[0.966],"[[87, 60, 487, 359]]","[[86, 59, 486, 359]]"
9d47d182_355.jpg,[0.9269],"[[38, 65, 552, 359]]","[[35, 67, 551, 360]]"
b2045fbc_230.jpg,[0.9715],"[[126, 71, 510, 359]]","[[125, 70, 510, 358]]"
b2045fbc_620.jpg,[],[],[]
9d47d182_154.jpg,[0.904],"[[49, 65, 606, 359]]","[[52, 67, 458, 359]]"
f044cf1d_50.jpg,[0.7685],"[[33, 59, 410, 359]]","[[31, 60, 588, 360]]"
9d47d182_276.jpg,[0.9641],"[[40, 65, 444, 359]]","[[39, 64, 447, 359]]"
9d47d182_303.jpg,[0.9223],"[[29, 63, 600, 360]]","[[38, 63, 606, 358]]"
b2045fbc_974.jpg,[0.9681],"[[65, 34, 485, 359]]","[[65, 32, 485, 358]]"
9d47d182_97.jpg,[0.9504],"[[44, 68, 445, 359]]","[[46, 67, 454, 359]]"
9d47d182_61.jpg,[0.9624],"[[52, 65, 477, 359]]","[[49, 64, 477, 359]]"
b2045fbc_2029.jpg,"[0.8911, 0.8359]","[[0, 7, 111, 360], [111, 95, 481, 359]]","[[0, 7, 110, 360], [84, 95, 483, 359]]"
9d47d182_257.jpg,[0.963],"[[50, 71, 464, 359]]","[[48, 69, 467, 358]]"
9d47d182_85.jpg,[0.9487],"[[44, 68, 448, 359]]","[[45, 68, 455, 359]]"
9d47d182_413.jpg,[0.9651],"[[52, 71, 461, 359]]","[[48, 70, 460, 358]]"
b2045fbc_1658.jpg,[0.593],"[[120, 173, 381, 360]]","[[119, 173, 388, 360]]"
9d47d182_149.jpg,[0.8911],"[[50, 65, 614, 359]]","[[54, 67, 462, 359]]"
f044cf1d_103.jpg,[0.934],"[[35, 55, 566, 359]]","[[38, 57, 568, 360]]"
f044cf1d_4.jpg,[0.8801],"[[43, 56, 558, 359]]","[[49, 58, 557, 359]]"
9aa3bbb8_91.jpg,[0.9475],"[[112, 104, 571, 359]]","[[118, 103, 570, 359]]"
b2045fbc_1127.jpg,[],[],[]
b2045fbc_784.jpg,[0.9738],"[[112, 90, 474, 359]]","[[112, 90, 475, 358]]"
b2045fbc_1517.jpg,[0.7382],"[[123, 144, 331, 359]]","[[121, 144, 331, 360]]"
9d47d182_16.jpg,[0.9651],"[[59, 69, 461, 359]]","[[58, 67, 461, 359]]"
ed2e9e4c_67.jpg,[0.9359],"[[122, 74, 603, 360]]","[[122, 73, 606, 360]]"
b2045fbc_1728.jpg,[0.8449],"[[89, 136, 500, 360]]","[[65, 136, 503, 360]]"
b2045fbc_505.jpg,[0.9163],"[[80, 80, 473, 359]]","[[81, 78, 471, 358]]"
b2045fbc_443.jpg,[0.9649],"[[76, 75, 464, 359]]","[[76, 75, 464, 359]]"
b2045fbc_546.jpg,[0.9553],"[[111, 91, 476, 359]]","[[110, 91, 474, 359]]"
b2045fbc_761.jpg,[0.8052],"[[586, 45, 640, 360]]","[[585, 47, 639, 360]]"
b2045fbc_1682.jpg,[0.9606],"[[0, 33, 386, 359]]","[[0, 32, 387, 358]]"
b2045fbc_1577.jpg,[0.8482],"[[20, 112, 507, 360]]","[[20, 111, 508, 359]]"
9d47d182_227.jpg,[0.8559],"[[41, 65, 419, 359]]","[[37, 64, 419, 359]]"
b2045fbc_1627.jpg,[0.8819],"[[85, 130, 397, 359]]","[[85, 129, 397, 359]]"
b2045fbc_520.jpg,[0.7398],"[[197, 88, 474, 359]]","[[205, 86, 474, 358]]"
b2045fbc_447.jpg,[0.9675],"[[123, 64, 531, 359]]","[[123, 63, 531, 358]]"
9d47d182_68.jpg,[0.9646],"[[50, 71, 462, 359]]","[[48, 70, 460, 358]]"
b2045fbc_1478.jpg,[0.7225],"[[276, 238, 417, 359]]",[]
9aa3bbb8_67.jpg,[0.9541],"[[167, 86, 623, 360]]","[[212, 85, 624, 360]]"
b2045fbc_268.jpg,[0.9724],"[[118, 57, 522, 359]]","[[117, 57, 522, 359]]"
9d47d182_236.jpg,[0.8679],"[[41, 65, 566, 359]]","[[33, 66, 558, 360]]"
ed2e9e4c_3.jpg,[0.9224],"[[122, 75, 603, 360]]","[[122, 74, 605, 360]]"
b2045fbc_203.jpg,[0.9607],"[[145, 49, 479, 360]]","[[145, 49, 481, 359]]"
b2045fbc_357.jpg,[0.9708],"[[117, 65, 513, 359]]","[[115, 64, 512, 359]]"
b2045fbc_914.jpg,[0.9651],"[[84, 69, 478, 359]]","[[84, 68, 478, 358]]"
9d47d182_267.jpg,[0.9347],"[[35, 62, 521, 359]]","[[33, 61, 523, 358]]"
b2045fbc_872.jpg,[0.9669],"[[82, 0, 539, 360]]","[[84, 0, 538, 358]]"
b2045fbc_1684.jpg,[0.9706],"[[0, 10, 428, 359]]","[[0, 10, 427, 358]]"
b2045fbc_474.jpg,[0.967],"[[95, 86, 466, 359]]","[[94, 86, 465, 359]]"
b2045fbc_35.jpg,[0.9636],"[[104, 84, 477, 359]]","[[103, 82, 479, 359]]"
b2045fbc_918.jpg,[0.9661],"[[87, 70, 477, 359]]","[[87, 69, 477, 358]]"
b2045fbc_1343.jpg,[0.9421],"[[114, 108, 470, 360]]","[[113, 106, 470, 360]]"
b2045fbc_1547.jpg,[],[],[]
b2045fbc_1382.jpg,[0.8551],"[[95, 101, 458, 359]]","[[94, 100, 458, 359]]"
9d47d182_288.jpg,[0.9544],"[[41, 66, 474, 359]]","[[40, 66, 475, 359]]"
b2045fbc_831.jpg,[0.958],"[[83, 78, 471, 360]]","[[83, 77, 468, 359]]"
b2045fbc_127.jpg,"[0.9715, 0.9636]","[[0, 105, 216, 360], [226, 45, 582, 360]]","[[0, 104, 216, 359], [225, 43, 582, 358]]"
9d47d182_177.jpg,[0.9588],"[[47, 66, 453, 359]]","[[45, 66, 450, 359]]"
f044cf1d_282.jpg,[0.8774],"[[40, 59, 569, 359]]","[[51, 59, 560, 359]]"
f044cf1d_87.jpg,[0.9574],"[[65, 59, 484, 359]]","[[69, 58, 487, 358]]"
b2045fbc_1060.jpg,[0.9458],"[[59, 0, 508, 359]]","[[40, 1, 504, 360]]"
9d47d182_155.jpg,[0.8961],"[[49, 65, 608, 359]]","[[53, 67, 459, 360]]"
9d47d182_411.jpg,[0.8215],"[[54, 68, 416, 359]]","[[58, 70, 401, 360]]"
b2045fbc_1404.jpg,[0.8128],"[[0, 112, 367, 360]]","[[0, 112, 367, 359]]"
b2045fbc_15.jpg,[0.9535],"[[71, 102, 481, 359]]","[[75, 102, 477, 359]]"
b2045fbc_626.jpg,[],[],[]
b2045fbc_566.jpg,[0.9652],"[[115, 56, 524, 359]]","[[113, 55, 523, 358]]"
f044cf1d_91.jpg,[0.9564],"[[65, 58, 485, 359]]","[[69, 58, 487, 358]]"
b2045fbc_279.jpg,[0.9425],"[[116, 57, 522, 359]]","[[116, 55, 519, 359]]"
b2045fbc_1169.jpg,[0.944],"[[56, 97, 479, 359]]","[[52, 95, 480, 358]]"
b2045fbc_1984.jpg,[0.9667],"[[143, 97, 502, 360]]","[[145, 95, 502, 358]]"
9d47d182_22.jpg,[0.9685],"[[51, 71, 457, 359]]","[[48, 69, 456, 360]]"
9d47d182_345.jpg,[0.909],"[[39, 65, 568, 359]]","[[33, 66, 559, 360]]"
b2045fbc_1543.jpg,[0.2654],"[[86, 126, 306, 359]]",[]
b2045fbc_1557.jpg,"[0.9556, 0.9187]","[[86, 69, 433, 359], [0, 94, 78, 360]]","[[86, 67, 433, 359], [0, 91, 77, 359]]"
b2045fbc_1722.jpg,[0.8004],"[[81, 132, 500, 360]]","[[77, 131, 490, 358]]"
b2045fbc_1848.jpg,[0.9709],"[[197, 119, 485, 359]]","[[197, 118, 486, 359]]"
b2045fbc_1623.jpg,"[0.9674, 0.9506]","[[63, 108, 374, 359], [365, 49, 640, 359]]","[[62, 106, 374, 358], [365, 49, 639, 359]]"
b2045fbc_819.jpg,[0.867],"[[0, 52, 317, 359]]","[[0, 50, 318, 359]]"
b2045fbc_1285.jpg,[0.8943],"[[64, 103, 437, 359]]","[[60, 103, 436, 359]]"
b2045fbc_867.jpg,[0.9672],"[[73, 0, 538, 360]]","[[72, 1, 536, 359]]"
b2045fbc_982.jpg,[0.7959],"[[6, 62, 441, 359]]","[[11, 60, 440, 358]]"
9d47d182_65.jpg,[0.8612],"[[51, 66, 393, 359]]","[[50, 66, 390, 359]]"
b2045fbc_1717.jpg,[0.8903],"[[66, 137, 439, 360]]","[[66, 136, 445, 360]]"
b2045fbc_1592.jpg,[0.8935],"[[93, 120, 535, 360]]","[[86, 118, 529, 359]]"
b2045fbc_1245.jpg,[],[],[]
f044cf1d_126.jpg,[0.9133],"[[29, 57, 565, 359]]","[[30, 58, 565, 359]]"
b2045fbc_1454.jpg,[],[],[]
9d47d182_152.jpg,[0.9044],"[[51, 65, 613, 359]]","[[48, 67, 456, 359]]"
b2045fbc_1415.jpg,[0.9385],"[[0, 21, 364, 359]]","[[0, 22, 364, 359]]"
f044cf1d_172.jpg,[0.9565],"[[75, 60, 503, 359]]","[[72, 59, 504, 358]]"
9d47d182_15.jpg,[0.9653],"[[59, 69, 460, 359]]","[[58, 68, 461, 359]]"
f044cf1d_125.jpg,[0.9275],"[[33, 55, 566, 359]]","[[37, 57, 566, 360]]"
b2045fbc_484.jpg,[0.9705],"[[96, 87, 465, 359]]","[[96, 87, 464, 358]]"
b2045fbc_40.jpg,[0.4558],"[[175, 204, 435, 360]]",[]
b2045fbc_1321.jpg,[0.9444],"[[101, 97, 481, 360]]","[[98, 98, 481, 360]]"
9aa3bbb8_72.jpg,[0.9605],"[[186, 74, 604, 359]]","[[185, 73, 607, 358]]"
b2045fbc_1988.jpg,[0.9514],"[[130, 96, 499, 359]]","[[132, 94, 499, 359]]"
9d47d182_208.jpg,[0.8983],"[[34, 64, 576, 359]]","[[43, 64, 583, 359]]"
b2045fbc_50.jpg,[0.9785],"[[0, 119, 293, 359]]","[[0, 118, 292, 358]]"
ed2e9e4c_37.jpg,[0.9462],"[[100, 68, 571, 359]]","[[98, 68, 570, 359]]"
b2045fbc_720.jpg,[],[],[]
b2045fbc_1422.jpg,[],[],[]
9d47d182_186.jpg,[0.9616],"[[45, 66, 425, 359]]","[[43, 66, 425, 359]]"
b2045fbc_1165.jpg,[0.9409],"[[51, 96, 479, 359]]","[[52, 96, 480, 358]]"
f044cf1d_273.jpg,[0.9541],"[[93, 43, 525, 359]]","[[95, 42, 524, 358]]"
b2045fbc_8.jpg,[0.9528],"[[73, 102, 485, 359]]","[[73, 102, 483, 359]]"
b2045fbc_407.jpg,[0.9686],"[[93, 69, 511, 359]]","[[92, 68, 511, 358]]"
9d47d182_402.jpg,[0.9658],"[[51, 71, 461, 359]]","[[48, 70, 460, 360]]"
b2045fbc_1781.jpg,[0.9415],"[[92, 29, 595, 359]]","[[90, 28, 594, 359]]"
b2045fbc_1336.jpg,[0.9458],"[[106, 98, 482, 360]]","[[104, 100, 482, 360]]"
ed2e9e4c_29.jpg,[0.9556],"[[130, 53, 550, 359]]","[[130, 52, 549, 358]]"
b2045fbc_979.jpg,[0.9645],"[[74, 68, 500, 359]]","[[74, 68, 498, 359]]"
b2045fbc_1552.jpg,[0.7023],"[[86, 129, 306, 359]]",[]
f044cf1d_229.jpg,[0.894],"[[81, 51, 545, 359]]","[[84, 51, 579, 358]]"
b2045fbc_1191.jpg,[0.946],"[[53, 102, 480, 359]]","[[51, 100, 475, 359]]"
b2045fbc_39.jpg,[0.6983],"[[153, 151, 446, 359]]",[]
b2045fbc_663.jpg,[],[],[]
b2045fbc_1874.jpg,"[0.9683, 0.9439]","[[184, 104, 529, 360], [44, 38, 268, 360]]","[[42, 40, 261, 360], [184, 105, 527, 360]]"
b2045fbc_1067.jpg,[0.965],"[[54, 0, 546, 360]]","[[51, 0, 545, 358]]"
b2045fbc_1015.jpg,[0.9686],"[[114, 76, 498, 359]]","[[111, 76, 497, 359]]"
b2045fbc_950.jpg,[0.9535],"[[23, 1, 519, 359]]","[[26, 1, 514, 360]]"
b2045fbc_170.jpg,"[0.9679, 0.322]","[[154, 46, 499, 359], [0, 120, 53, 360]]","[[154, 46, 500, 358], [0, 133, 52, 360]]"
f044cf1d_98.jpg,[0.924],"[[38, 56, 566, 359]]","[[38, 58, 568, 360]]"
f044cf1d_197.jpg,[0.9389],"[[32, 55, 561, 359]]","[[42, 56, 560, 360]]"
f044cf1d_276.jpg,[0.8163],"[[80, 54, 485, 360]]","[[80, 53, 483, 358]]"
b2045fbc_957.jpg,[0.9656],"[[133, 68, 534, 359]]","[[132, 67, 532, 359]]"
b2045fbc_23.jpg,[0.9207],"[[8, 93, 462, 359]]","[[30, 93, 458, 359]]"
f044cf1d_40.jpg,[0.9584],"[[47, 50, 469, 359]]","[[45, 50, 467, 359]]"
b2045fbc_1352.jpg,[0.9528],"[[118, 110, 474, 360]]","[[118, 109, 474, 360]]"
b2045fbc_1303.jpg,[0.939],"[[130, 103, 486, 360]]","[[130, 103, 485, 360]]"
b2045fbc_858.jpg,[0.968],"[[64, 0, 545, 360]]","[[65, 0, 546, 358]]"
b2045fbc_1214.jpg,[],[],[]
b2045fbc_207.jpg,[0.9626],"[[148, 51, 483, 359]]","[[148, 50, 484, 359]]"
b2045fbc_601.jpg,[0.9356],"[[72, 48, 511, 359]]","[[78, 46, 509, 359]]"
9aa3bbb8_25.jpg,[0.9637],"[[117, 60, 567, 359]]","[[117, 58, 565, 359]]"
b2045fbc_182.jpg,"[0.9647, 0.4769]","[[162, 45, 500, 360], [0, 102, 79, 360]]","[[162, 45, 500, 360], [0, 106, 79, 358]]"
b2045fbc_1155.jpg,[0.9723],"[[117, 87, 488, 359]]","[[118, 86, 488, 358]]"
b2045fbc_1778.jpg,[0.9568],"[[90, 28, 593, 359]]","[[89, 28, 594, 358]]"
9d47d182_89.jpg,[0.9412],"[[45, 67, 448, 359]]","[[48, 67, 455, 359]]"
9d47d182_344.jpg,[0.8936],"[[38, 65, 568, 359]]","[[35, 66, 560, 360]]"
b2045fbc_586.jpg,[0.9657],"[[81, 52, 487, 359]]","[[81, 50, 486, 358]]"
b2045fbc_448.jpg,[0.9685],"[[89, 83, 464, 359]]","[[88, 82, 464, 359]]"
f044cf1d_278.jpg,[0.9262],"[[64, 51, 563, 360]]","[[61, 49, 558, 359]]"
9d47d182_219.jpg,[0.9003],"[[43, 64, 553, 359]]","[[42, 64, 554, 358]]"
b2045fbc_315.jpg,[0.9371],"[[151, 70, 509, 359]]","[[148, 69, 507, 358]]"
b2045fbc_541.jpg,[0.9604],"[[110, 90, 475, 359]]","[[108, 91, 475, 358]]"
b2045fbc_401.jpg,[0.9648],"[[96, 71, 509, 359]]","[[96, 70, 511, 358]]"
b2045fbc_458.jpg,[0.9663],"[[122, 65, 532, 359]]","[[121, 64, 531, 359]]"
b2045fbc_1784.jpg,[0.9541],"[[91, 31, 593, 360]]","[[90, 30, 594, 359]]"
b2045fbc_1395.jpg,[0.814],"[[0, 99, 320, 360]]","[[0, 98, 320, 360]]"
b2045fbc_869.jpg,[0.9604],"[[123, 65, 534, 359]]","[[121, 64, 534, 359]]"
b2045fbc_1172.jpg,[0.9398],"[[61, 97, 480, 359]]","[[57, 96, 479, 358]]"
b2045fbc_1362.jpg,[0.9101],"[[91, 94, 454, 359]]","[[91, 93, 453, 360]]"
b2045fbc_873.jpg,[0.966],"[[82, 5, 534, 360]]","[[82, 5, 533, 359]]"
b2045fbc_1532.jpg,[0.7651],"[[106, 131, 322, 359]]","[[104, 130, 323, 360]]"
9d47d182_62.jpg,[0.9678],"[[42, 68, 458, 359]]","[[41, 67, 458, 359]]"
b2045fbc_400.jpg,[0.963],"[[97, 71, 507, 359]]","[[97, 70, 509, 358]]"
b2045fbc_249.jpg,[0.9729],"[[123, 65, 514, 359]]","[[122, 64, 514, 359]]"
b2045fbc_1917.jpg,[0.9734],"[[222, 116, 483, 360]]","[[220, 115, 484, 360]]"
b2045fbc_1307.jpg,[0.8977],"[[126, 109, 479, 360]]","[[127, 108, 480, 358]]"
9d47d182_369.jpg,[0.9657],"[[50, 71, 460, 359]]","[[48, 69, 459, 358]]"
b2045fbc_1366.jpg,[0.8696],"[[93, 96, 454, 359]]","[[93, 95, 454, 359]]"
b2045fbc_1451.jpg,[0.298],"[[397, 235, 506, 340]]",[]
f044cf1d_82.jpg,[0.9581],"[[65, 59, 485, 359]]","[[68, 59, 487, 359]]"
b2045fbc_934.jpg,[0.9673],"[[113, 94, 483, 359]]","[[113, 93, 483, 359]]"
b2045fbc_825.jpg,[0.9682],"[[93, 82, 468, 359]]","[[92, 82, 468, 358]]"
9d47d182_420.jpg,[0.9669],"[[56, 69, 460, 359]]","[[55, 68, 460, 359]]"
b2045fbc_265.jpg,[0.965],"[[65, 49, 524, 359]]","[[65, 49, 523, 359]]"
b2045fbc_987.jpg,[0.9072],"[[17, 53, 456, 359]]","[[15, 51, 456, 358]]"
b2045fbc_1922.jpg,[0.9712],"[[224, 115, 493, 360]]","[[224, 113, 492, 359]]"
b2045fbc_1514.jpg,[0.7012],"[[124, 144, 332, 359]]","[[123, 144, 336, 360]]"
b2045fbc_189.jpg,"[0.9758, 0.9637]","[[0, 117, 278, 360], [276, 54, 616, 359]]","[[0, 115, 276, 358], [275, 52, 617, 358]]"
b2045fbc_1847.jpg,[0.9717],"[[200, 120, 498, 359]]","[[199, 120, 497, 359]]"
b2045fbc_671.jpg,[],[],[]
b2045fbc_1877.jpg,"[0.9656, 0.9262]","[[182, 105, 526, 360], [42, 37, 282, 360]]","[[41, 39, 259, 360], [186, 105, 525, 360]]"
b2045fbc_53.jpg,[0.9771],"[[0, 120, 296, 359]]","[[0, 118, 296, 359]]"
b2045fbc_1091.jpg,[0.9705],"[[142, 60, 553, 359]]","[[142, 59, 553, 359]]"
f044cf1d_110.jpg,[0.9245],"[[32, 56, 567, 359]]","[[36, 57, 568, 360]]"
b2045fbc_795.jpg,[0.9704],"[[110, 96, 473, 359]]","[[111, 95, 473, 359]]"
b2045fbc_1470.jpg,[0.8187],"[[221, 260, 374, 359]]","[[219, 259, 373, 358]]"
b2045fbc_1918.jpg,[0.9734],"[[221, 116, 484, 360]]","[[220, 115, 484, 360]]"
b2045fbc_1767.jpg,"[0.7473, 0.3984]","[[100, 47, 555, 359], [0, 102, 46, 360]]","[[97, 46, 558, 358], [0, 104, 45, 358]]"
f044cf1d_285.jpg,[0.8912],"[[46, 56, 559, 359]]","[[50, 59, 558, 359]]"
f044cf1d_24.jpg,[0.9551],"[[93, 42, 518, 359]]","[[92, 41, 520, 358]]"
b2045fbc_841.jpg,[0.8638],"[[0, 57, 433, 360]]","[[0, 55, 432, 359]]"
b2045fbc_1901.jpg,[0.8853],"[[122, 118, 439, 359]]","[[113, 117, 439, 358]]"
ed2e9e4c_65.jpg,[0.9138],"[[133, 66, 578, 359]]","[[134, 64, 578, 359]]"
b2045fbc_1476.jpg,[0.8893],"[[243, 241, 427, 359]]",[]
b2045fbc_1190.jpg,[0.9707],"[[118, 69, 507, 359]]","[[118, 68, 506, 358]]"
b2045fbc_1472.jpg,[0.9011],"[[209, 231, 393, 359]]",[]
f044cf1d_54.jpg,[0.5849],"[[34, 58, 411, 359]]","[[37, 58, 585, 360]]"
b2045fbc_548.jpg,[0.9525],"[[110, 91, 478, 359]]","[[109, 91, 478, 358]]"
9d47d182_170.jpg,[0.94],"[[47, 65, 550, 359]]","[[48, 64, 552, 359]]"
b2045fbc_245.jpg,[0.9693],"[[113, 66, 505, 359]]","[[113, 66, 506, 359]]"
b2045fbc_1150.jpg,[0.9511],"[[84, 87, 462, 359]]","[[85, 86, 462, 358]]"
9d47d182_54.jpg,[0.9467],"[[54, 67, 407, 359]]","[[52, 67, 408, 360]]"
b2045fbc_1803.jpg,[0.9546],"[[98, 58, 581, 359]]","[[97, 55, 579, 359]]"
b2045fbc_1013.jpg,[0.9617],"[[127, 63, 541, 359]]","[[126, 61, 538, 358]]"
b2045fbc_261.jpg,[0.9633],"[[60, 52, 520, 359]]","[[60, 50, 519, 358]]"
b2045fbc_1690.jpg,[0.9017],"[[79, 112, 369, 359]]","[[82, 111, 369, 359]]"
b2045fbc_1971.jpg,[0.9534],"[[113, 80, 535, 360]]","[[114, 79, 533, 360]]"
9d47d182_163.jpg,[0.968],"[[50, 67, 458, 359]]","[[49, 67, 458, 359]]"
f044cf1d_244.jpg,[0.9548],"[[93, 42, 519, 359]]","[[92, 41, 520, 358]]"
f044cf1d_134.jpg,[0.9387],"[[41, 59, 554, 359]]","[[40, 58, 550, 360]]"
b2045fbc_1506.jpg,[0.7548],"[[121, 142, 334, 360]]","[[119, 141, 335, 360]]"
9d47d182_230.jpg,[0.9565],"[[36, 63, 639, 359]]","[[35, 64, 360, 360]]"
b2045fbc_1484.jpg,[0.8729],"[[154, 244, 298, 360]]",[]
b2045fbc_1752.jpg,[0.8353],"[[64, 138, 492, 360]]","[[64, 137, 480, 360]]"
b2045fbc_555.jpg,[0.9614],"[[108, 92, 474, 359]]","[[107, 91, 473, 359]]"
b2045fbc_444.jpg,[0.9676],"[[85, 79, 462, 359]]","[[85, 77, 462, 358]]"
b2045fbc_1564.jpg,[0.8895],"[[24, 115, 430, 360]]","[[26, 114, 430, 360]]"
b2045fbc_420.jpg,[0.9686],"[[97, 72, 508, 359]]","[[97, 72, 510, 358]]"
b2045fbc_861.jpg,[0.9675],"[[65, 0, 544, 359]]","[[66, 0, 545, 358]]"
9aa3bbb8_57.jpg,[0.9509],"[[163, 91, 624, 359]]","[[162, 90, 628, 358]]"
b2045fbc_429.jpg,[0.9658],"[[68, 63, 484, 359]]","[[69, 61, 483, 358]]"
f044cf1d_286.jpg,[0.8726],"[[48, 57, 587, 359]]","[[47, 58, 560, 359]]"
b2045fbc_689.jpg,[],[],[]
b2045fbc_387.jpg,[0.9616],"[[96, 69, 510, 359]]","[[94, 68, 510, 358]]"
9d47d182_167.jpg,[0.9705],"[[49, 67, 453, 359]]","[[47, 67, 452, 359]]"
9d47d182_124.jpg,[0.9341],"[[45, 68, 468, 359]]","[[40, 68, 468, 359]]"
b2045fbc_75.jpg,[0.9518],"[[0, 146, 310, 359]]","[[0, 145, 310, 358]]"
b2045fbc_1139.jpg,[0.9286],"[[0, 71, 380, 359]]","[[0, 70, 380, 358]]"
b2045fbc_1616.jpg,[0.8204],"[[83, 112, 505, 360]]","[[84, 112, 503, 359]]"
9aa3bbb8_95.jpg,[0.946],"[[112, 80, 584, 359]]","[[108, 78, 595, 358]]"
b2045fbc_431.jpg,[0.961],"[[60, 75, 472, 359]]","[[57, 73, 471, 359]]"
9d47d182_196.jpg,[0.9082],"[[46, 65, 585, 359]]","[[41, 64, 578, 359]]"
9d47d182_183.jpg,[0.9609],"[[44, 66, 443, 359]]","[[43, 66, 441, 359]]"
9d47d182_250.jpg,[0.9344],"[[36, 63, 454, 359]]","[[33, 63, 454, 358]]"
b2045fbc_1062.jpg,[0.9294],"[[72, 0, 511, 359]]","[[46, 0, 513, 358]]"
b2045fbc_349.jpg,[0.9651],"[[136, 65, 534, 359]]","[[135, 64, 533, 358]]"
b2045fbc_1112.jpg,[0.9663],"[[77, 8, 526, 359]]","[[78, 8, 525, 358]]"
9d47d182_268.jpg,[0.9628],"[[39, 71, 454, 359]]","[[38, 70, 453, 358]]"
b2045fbc_1328.jpg,[0.9328],"[[107, 96, 485, 360]]","[[109, 96, 483, 360]]"
b2045fbc_1065.jpg,[0.9629],"[[67, 1, 545, 360]]","[[66, 0, 545, 358]]"
9d47d182_82.jpg,[0.9677],"[[51, 71, 455, 359]]","[[49, 70, 454, 358]]"
b2045fbc_1218.jpg,[],[],[]
b2045fbc_1669.jpg,[0.3571],"[[77, 63, 443, 360]]",[]
9d47d182_376.jpg,[0.9652],"[[50, 70, 458, 359]]","[[47, 68, 460, 358]]"
9d47d182_193.jpg,[0.964],"[[45, 66, 442, 359]]","[[43, 66, 440, 359]]"
b2045fbc_1299.jpg,[0.9631],"[[114, 97, 459, 360]]","[[113, 96, 458, 358]]"
b2045fbc_80.jpg,[0.9721],"[[120, 70, 510, 359]]","[[120, 69, 508, 358]]"
b2045fbc_1858.jpg,[0.96],"[[192, 100, 534, 360]]","[[190, 100, 533, 358]]"
b2045fbc_91.jpg,[0.9719],"[[121, 71, 509, 359]]","[[120, 70, 508, 358]]"
b2045fbc_70.jpg,[0.9164],"[[0, 161, 317, 359]]","[[0, 159, 318, 358]]"
9aa3bbb8_85.jpg,[0.9373],"[[104, 82, 577, 359]]","[[103, 84, 565, 359]]"
b2045fbc_998.jpg,[0.9685],"[[86, 61, 485, 359]]","[[86, 60, 485, 358]]"
f044cf1d_147.jpg,[0.9541],"[[54, 59, 540, 359]]","[[56, 59, 536, 359]]"
9d47d182_327.jpg,[0.9197],"[[36, 65, 431, 359]]","[[35, 64, 433, 358]]"
b2045fbc_254.jpg,[0.9577],"[[115, 56, 552, 359]]","[[114, 57, 552, 359]]"
b2045fbc_421.jpg,[0.9665],"[[111, 72, 508, 359]]","[[112, 72, 510, 358]]"
b2045fbc_432.jpg,[0.9602],"[[62, 76, 474, 359]]","[[60, 75, 472, 359]]"
b2045fbc_1608.jpg,[0.8377],"[[44, 115, 491, 360]]","[[44, 113, 488, 359]]"
b2045fbc_1318.jpg,[0.9375],"[[101, 96, 481, 360]]","[[102, 95, 482, 358]]"
b2045fbc_854.jpg,[0.9668],"[[62, 0, 543, 360]]","[[64, 0, 543, 358]]"
b2045fbc_856.jpg,[0.9687],"[[65, 0, 546, 360]]","[[65, 0, 547, 358]]"
b2045fbc_1276.jpg,[0.9663],"[[94, 98, 437, 359]]","[[93, 96, 435, 358]]"
b2045fbc_1527.jpg,[0.7382],"[[103, 129, 320, 359]]","[[102, 128, 320, 360]]"
9d47d182_275.jpg,[0.964],"[[39, 65, 444, 359]]","[[38, 64, 445, 359]]"
b2045fbc_1420.jpg,[],[],[]
b2045fbc_909.jpg,[0.9552],"[[79, 70, 473, 359]]","[[79, 68, 473, 358]]"
9d47d182_352.jpg,[0.9189],"[[38, 65, 554, 359]]","[[33, 66, 555, 360]]"
b2045fbc_415.jpg,[0.9686],"[[96, 71, 507, 359]]","[[96, 70, 510, 358]]"
f044cf1d_252.jpg,[0.8869],"[[83, 51, 546, 359]]","[[83, 50, 552, 359]]"
9d47d182_256.jpg,[0.9376],"[[30, 62, 624, 360]]","[[37, 63, 627, 358]]"
b2045fbc_1381.jpg,[0.8478],"[[96, 101, 458, 359]]","[[93, 100, 458, 359]]"
b2045fbc_1915.jpg,"[0.9719, 0.898]","[[221, 116, 483, 360], [0, 27, 116, 360]]","[[220, 116, 484, 360], [0, 23, 107, 359]]"
b2045fbc_155.jpg,"[0.9638, 0.4679]","[[153, 49, 500, 359], [0, 105, 67, 360]]","[[154, 49, 500, 359], [0, 106, 68, 360]]"
9d47d182_198.jpg,[0.889],"[[46, 65, 584, 359]]","[[40, 66, 576, 359]]"
ed2e9e4c_24.jpg,[0.9589],"[[111, 45, 564, 359]]","[[105, 45, 565, 358]]"
b2045fbc_1770.jpg,[0.9462],"[[89, 29, 595, 360]]","[[88, 28, 596, 359]]"
9aa3bbb8_80.jpg,[0.9314],"[[157, 85, 551, 359]]","[[130, 86, 553, 359]]"
b2045fbc_1034.jpg,[0.9686],"[[61, 0, 537, 359]]","[[63, 1, 532, 360]]"
9d47d182_383.jpg,[0.9639],"[[57, 69, 462, 359]]","[[56, 68, 463, 358]]"
b2045fbc_210.jpg,[0.9629],"[[151, 51, 482, 359]]","[[150, 50, 482, 359]]"
9d47d182_308.jpg,[0.9123],"[[40, 64, 599, 359]]","[[28, 64, 599, 358]]"
b2045fbc_885.jpg,[0.9302],"[[96, 48, 512, 360]]","[[95, 47, 512, 360]]"
b2045fbc_710.jpg,[0.9378],"[[526, 10, 640, 360]]","[[525, 10, 639, 358]]"
b2045fbc_823.jpg,[0.9703],"[[108, 68, 500, 359]]","[[107, 67, 500, 359]]"
b2045fbc_706.jpg,[0.6889],"[[585, 7, 640, 360]]","[[584, 10, 640, 358]]"
b2045fbc_811.jpg,[0.9665],"[[103, 96, 468, 359]]","[[102, 95, 470, 359]]"
b2045fbc_646.jpg,[0.9704],"[[113, 87, 476, 359]]","[[112, 86, 475, 358]]"
b2045fbc_2043.jpg,[0.9741],"[[172, 72, 500, 360]]","[[172, 71, 500, 360]]"
ed2e9e4c_47.jpg,[0.9451],"[[121, 56, 580, 359]]","[[125, 55, 590, 359]]"
b2045fbc_1880.jpg,"[0.9679, 0.9428]","[[232, 93, 547, 359], [63, 51, 263, 360]]","[[62, 52, 261, 360], [234, 93, 546, 360]]"
b2045fbc_1985.jpg,[0.9689],"[[143, 97, 501, 360]]","[[145, 96, 501, 358]]"
9d47d182_386.jpg,[0.9608],"[[58, 69, 462, 359]]","[[58, 68, 464, 358]]"
b2045fbc_1158.jpg,[0.9625],"[[136, 90, 487, 359]]","[[135, 90, 487, 358]]"
9d47d182_80.jpg,[0.9664],"[[53, 67, 458, 359]]","[[52, 67, 458, 359]]"
b2045fbc_634.jpg,[],[],[]
b2045fbc_882.jpg,[0.9417],"[[93, 48, 513, 360]]","[[93, 47, 511, 360]]"
f044cf1d_138.jpg,[0.9123],"[[56, 59, 549, 359]]","[[55, 58, 540, 359]]"
b2045fbc_1840.jpg,[0.9286],"[[138, 149, 546, 359]]","[[140, 148, 551, 359]]"
b2045fbc_978.jpg,[0.9475],"[[64, 56, 474, 360]]","[[64, 55, 475, 360]]"
9d47d182_9.jpg,[0.9649],"[[58, 69, 461, 359]]","[[57, 68, 462, 359]]"
9d47d182_159.jpg,[0.908],"[[50, 65, 603, 359]]","[[45, 64, 601, 359]]"
f044cf1d_167.jpg,[0.9537],"[[79, 59, 506, 359]]","[[78, 58, 506, 359]]"
ed2e9e4c_2.jpg,[0.9247],"[[121, 74, 602, 359]]","[[119, 73, 604, 359]]"
b2045fbc_1392.jpg,[0.9718],"[[103, 87, 452, 359]]","[[103, 86, 452, 358]]"
b2045fbc_1443.jpg,[],[],[]
9d47d182_48.jpg,[0.9518],"[[52, 66, 524, 359]]","[[56, 66, 526, 359]]"
b2045fbc_1604.jpg,[0.901],"[[95, 120, 512, 360]]","[[96, 118, 511, 359]]"
b2045fbc_1409.jpg,[0.6966],"[[0, 115, 355, 360]]","[[0, 113, 356, 359]]"
b2045fbc_793.jpg,[0.9699],"[[112, 95, 472, 359]]","[[112, 95, 472, 359]]"
b2045fbc_42.jpg,[0.9348],"[[123, 190, 347, 359]]","[[123, 190, 347, 360]]"
b2045fbc_1346.jpg,[0.9646],"[[101, 57, 453, 360]]","[[101, 56, 454, 360]]"
9aa3bbb8_93.jpg,[0.958],"[[113, 96, 568, 359]]","[[114, 96, 566, 358]]"
f044cf1d_34.jpg,[0.9515],"[[110, 44, 535, 359]]","[[108, 43, 536, 358]]"
b2045fbc_874.jpg,[0.9653],"[[80, 5, 534, 360]]","[[79, 4, 533, 359]]"
f044cf1d_254.jpg,[0.8916],"[[83, 51, 545, 359]]","[[82, 50, 554, 359]]"
b2045fbc_1846.jpg,[0.9678],"[[197, 117, 521, 359]]","[[196, 116, 520, 360]]"
b2045fbc_1777.jpg,[0.9533],"[[91, 29, 593, 359]]","[[90, 28, 593, 359]]"
b2045fbc_1570.jpg,[0.7867],"[[31, 112, 520, 360]]","[[29, 111, 521, 359]]"
ed2e9e4c_54.jpg,[0.9515],"[[126, 60, 580, 359]]","[[128, 59, 575, 358]]"
b2045fbc_2015.jpg,"[0.9414, 0.8105]","[[0, 4, 224, 360], [165, 89, 523, 359]]","[[0, 4, 224, 360], [165, 90, 527, 360]]"
f044cf1d_168.jpg,[0.9554],"[[95, 43, 518, 359]]","[[94, 42, 518, 358]]"
b2045fbc_1417.jpg,[],[],[]
b2045fbc_1916.jpg,[0.9734],"[[222, 116, 484, 360]]","[[221, 115, 485, 360]]"
f044cf1d_132.jpg,[0.9215],"[[23, 56, 563, 359]]","[[24, 57, 558, 360]]"
b2045fbc_1508.jpg,[0.7405],"[[122, 144, 333, 360]]","[[122, 142, 333, 360]]"
b2045fbc_712.jpg,[0.9363],"[[531, 11, 639, 360]]","[[532, 10, 640, 360]]"
b2045fbc_283.jpg,[0.959],"[[119, 58, 530, 359]]","[[118, 58, 530, 359]]"
b2045fbc_227.jpg,[0.9717],"[[126, 71, 510, 359]]","[[126, 70, 510, 358]]"
b2045fbc_1199.jpg,[0.9577],"[[63, 101, 483, 359]]","[[66, 100, 480, 358]]"
b2045fbc_1179.jpg,[0.9655],"[[117, 48, 535, 359]]","[[115, 46, 533, 359]]"
b2045fbc_336.jpg,[0.9705],"[[118, 90, 481, 359]]","[[117, 90, 479, 358]]"
b2045fbc_688.jpg,[],[],[]
b2045fbc_2060.jpg,[0.9701],"[[51, 2, 576, 359]]","[[50, 1, 577, 358]]"
b2045fbc_748.jpg,[],[],[]
b2045fbc_1058.jpg,[0.9579],"[[39, 0, 493, 359]]","[[41, 1, 491, 360]]"
b2045fbc_57.jpg,[0.9519],"[[23, 150, 327, 359]]","[[22, 149, 326, 359]]"
9d47d182_42.jpg,[0.8285],"[[52, 67, 515, 359]]","[[50, 67, 509, 359]]"
b2045fbc_1680.jpg,[0.9723],"[[0, 1, 394, 359]]","[[0, 1, 393, 358]]"
b2045fbc_1358.jpg,[0.9553],"[[118, 109, 475, 360]]","[[118, 108, 474, 360]]"
b2045fbc_12.jpg,[0.9515],"[[76, 103, 487, 359]]","[[80, 103, 482, 359]]"
ed2e9e4c_9.jpg,[0.9192],"[[122, 73, 601, 360]]","[[121, 72, 603, 358]]"
f044cf1d_52.jpg,[0.7293],"[[27, 58, 586, 359]]","[[31, 58, 580, 359]]"
b2045fbc_1146.jpg,[0.97],"[[109, 66, 503, 359]]","[[109, 66, 503, 359]]"
b2045fbc_758.jpg,[0.9643],"[[133, 58, 540, 359]]","[[133, 58, 537, 359]]"
f044cf1d_123.jpg,[0.9287],"[[32, 55, 566, 359]]","[[37, 56, 565, 360]]"
b2045fbc_3.jpg,[0.9707],"[[123, 69, 511, 359]]","[[122, 68, 510, 359]]"
b2045fbc_697.jpg,[0.9595],"[[76, 47, 506, 359]]","[[76, 48, 506, 359]]"
f044cf1d_271.jpg,[0.9558],"[[93, 44, 524, 359]]","[[95, 43, 524, 358]]"
9d47d182_375.jpg,[0.9645],"[[51, 70, 458, 359]]","[[51, 69, 459, 358]]"
9d47d182_316.jpg,[0.9174],"[[40, 64, 598, 359]]","[[39, 63, 601, 358]]"
ed2e9e4c_34.jpg,[0.9233],"[[123, 73, 605, 360]]","[[122, 73, 606, 360]]"
b2045fbc_842.jpg,[0.9028],"[[0, 54, 432, 359]]","[[0, 53, 432, 358]]"
b2045fbc_1897.jpg,[0.9679],"[[225, 113, 489, 360]]","[[224, 112, 488, 360]]"
9aa3bbb8_61.jpg,[0.9545],"[[166, 89, 630, 360]]","[[166, 88, 630, 358]]"
b2045fbc_1964.jpg,[0.9699],"[[163, 90, 508, 360]]","[[163, 90, 508, 360]]"
b2045fbc_1610.jpg,[0.7945],"[[46, 115, 498, 360]]","[[48, 114, 500, 360]]"
b2045fbc_1667.jpg,[0.9653],"[[145, 24, 568, 360]]","[[143, 23, 565, 359]]"
b2045fbc_77.jpg,[0.9017],"[[0, 148, 306, 360]]","[[0, 148, 307, 360]]"
b2045fbc_55.jpg,[0.9643],"[[0, 125, 292, 359]]","[[0, 124, 292, 358]]"
b2045fbc_1246.jpg,"[0.9582, 0.6227]","[[151, 63, 485, 359], [0, 82, 112, 360]]","[[151, 61, 485, 358], [0, 84, 111, 360]]"
9d47d182_199.jpg,[0.9659],"[[44, 66, 458, 359]]","[[42, 66, 458, 359]]"
b2045fbc_1700.jpg,[0.7481],"[[154, 261, 261, 359]]",[]
b2045fbc_578.jpg,[0.9005],"[[0, 2, 416, 359]]","[[0, 1, 417, 359]]"
b2045fbc_1301.jpg,"[0.9456, 0.9418]","[[0, 71, 140, 359], [142, 64, 481, 359]]","[[143, 63, 480, 358], [0, 68, 140, 358]]"
f044cf1d_140.jpg,[0.9477],"[[56, 59, 539, 359]]","[[55, 58, 535, 359]]"
b2045fbc_1568.jpg,[0.9424],"[[96, 71, 437, 359]]","[[95, 69, 437, 358]]"
b2045fbc_660.jpg,[],[],[]
b2045fbc_981.jpg,[0.8099],"[[1, 63, 435, 359]]","[[0, 63, 433, 358]]"
b2045fbc_1258.jpg,[0.8511],"[[4, 69, 392, 360]]","[[3, 68, 393, 358]]"
b2045fbc_887.jpg,[0.9484],"[[103, 46, 521, 360]]","[[101, 46, 523, 360]]"
b2045fbc_32.jpg,[0.9633],"[[97, 41, 507, 360]]","[[97, 40, 509, 360]]"
b2045fbc_1375.jpg,[0.8858],"[[95, 95, 452, 359]]","[[95, 95, 453, 359]]"
b2045fbc_2056.jpg,[],[],[]
b2045fbc_1910.jpg,"[0.9729, 0.8573]","[[222, 116, 484, 360], [0, 20, 96, 357]]","[[219, 114, 485, 360], [1, 29, 93, 360]]"
b2045fbc_1600.jpg,[0.9015],"[[89, 117, 513, 359]]","[[87, 115, 513, 358]]"
9d47d182_156.jpg,[0.8975],"[[49, 65, 607, 359]]","[[44, 64, 600, 359]]"
f044cf1d_97.jpg,[0.9255],"[[36, 56, 566, 359]]","[[38, 57, 566, 360]]"
b2045fbc_2061.jpg,[0.9602],"[[99, 40, 529, 359]]","[[98, 40, 529, 359]]"
b2045fbc_1031.jpg,[0.9674],"[[66, 1, 535, 359]]","[[65, 0, 534, 360]]"
9d47d182_313.jpg,[0.9132],"[[25, 64, 599, 360]]","[[39, 64, 601, 358]]"
9d47d182_32.jpg,[0.96],"[[46, 68, 483, 359]]","[[44, 67, 482, 359]]"
f044cf1d_145.jpg,[0.9542],"[[54, 59, 541, 359]]","[[55, 60, 533, 360]]"
b2045fbc_637.jpg,[0.8494],"[[122, 9, 487, 359]]","[[116, 8, 492, 358]]"
b2045fbc_817.jpg,[0.577],"[[0, 57, 325, 359]]",[]
b2045fbc_1862.jpg,[0.967],"[[191, 104, 525, 360]]","[[190, 104, 525, 359]]"
b2045fbc_796.jpg,[0.9703],"[[111, 96, 471, 359]]","[[112, 95, 472, 359]]"
b2045fbc_266.jpg,[0.9644],"[[72, 55, 528, 359]]","[[71, 55, 528, 358]]"
b2045fbc_21.jpg,[0.9443],"[[123, 102, 474, 359]]","[[126, 100, 474, 359]]"
b2045fbc_135.jpg,"[0.9772, 0.9672]","[[0, 109, 235, 359], [230, 46, 583, 360]]","[[0, 108, 236, 358], [230, 45, 582, 360]]"
b2045fbc_1450.jpg,[0.255],"[[400, 237, 508, 340]]",[]
b2045fbc_463.jpg,[0.9682],"[[94, 85, 466, 359]]","[[93, 85, 466, 359]]"
ed2e9e4c_68.jpg,[0.9377],"[[124, 59, 555, 359]]","[[123, 58, 547, 360]]"
b2045fbc_1468.jpg,[0.9542],"[[84, 68, 433, 359]]","[[83, 67, 432, 359]]"
9d47d182_118.jpg,[0.9216],"[[50, 66, 458, 359]]","[[48, 66, 458, 359]]"
f044cf1d_141.jpg,[0.9463],"[[55, 58, 535, 359]]","[[56, 59, 528, 359]]"
b2045fbc_163.jpg,"[0.9688, 0.2589]","[[152, 43, 499, 360], [0, 119, 59, 360]]","[[151, 42, 500, 358], [0, 122, 59, 359]]"
b2045fbc_1935.jpg,[0.9748],"[[246, 97, 532, 359]]","[[244, 95, 532, 358]]"
9d47d182_346.jpg,[0.9661],"[[49, 71, 459, 359]]","[[47, 70, 459, 358]]"
b2045fbc_949.jpg,[0.9556],"[[7, 0, 517, 360]]","[[16, 1, 515, 360]]"
9d47d182_302.jpg,[0.9107],"[[30, 63, 622, 360]]","[[30, 63, 622, 358]]"
b2045fbc_1080.jpg,[0.9653],"[[89, 80, 463, 359]]","[[89, 78, 463, 358]]"
9d47d182_401.jpg,[0.9298],"[[55, 68, 407, 359]]","[[53, 68, 403, 359]]"
f044cf1d_133.jpg,[0.9285],"[[24, 56, 562, 359]]","[[24, 58, 558, 360]]"
b2045fbc_2011.jpg,"[0.9431, 0.7697]","[[0, 6, 223, 358], [146, 87, 523, 359]]","[[0, 6, 222, 360], [159, 88, 523, 360]]"
b2045fbc_744.jpg,[0.8947],"[[564, 0, 639, 359]]","[[563, 1, 639, 358]]"
b2045fbc_638.jpg,[0.8688],"[[40, 32, 485, 359]]","[[42, 31, 501, 360]]"
b2045fbc_1007.jpg,[0.974],"[[101, 73, 487, 359]]","[[102, 73, 488, 358]]"
9aa3bbb8_32.jpg,[0.9102],"[[135, 54, 622, 359]]","[[135, 53, 613, 358]]"
9aa3bbb8_73.jpg,[0.9511],"[[114, 80, 584, 359]]","[[112, 78, 587, 360]]"
b2045fbc_1966.jpg,[0.9615],"[[138, 90, 513, 360]]","[[139, 88, 513, 360]]"
b2045fbc_1135.jpg,[0.9698],"[[108, 65, 504, 359]]","[[109, 64, 503, 359]]"
b2045fbc_1367.jpg,[0.8918],"[[93, 94, 452, 359]]","[[93, 94, 450, 359]]"
b2045fbc_405.jpg,[0.968],"[[95, 70, 511, 359]]","[[96, 69, 511, 358]]"
ed2e9e4c_51.jpg,[0.9474],"[[124, 57, 583, 359]]","[[128, 58, 592, 359]]"
f044cf1d_115.jpg,[0.9237],"[[31, 56, 566, 359]]","[[36, 57, 567, 360]]"
b2045fbc_322.jpg,[0.9634],"[[110, 42, 540, 359]]","[[109, 41, 539, 359]]"
9d47d182_50.jpg,[0.9661],"[[53, 68, 458, 359]]","[[50, 67, 457, 359]]"
b2045fbc_1152.jpg,[0.9686],"[[119, 90, 485, 359]]","[[118, 88, 485, 358]]"
b2045fbc_832.jpg,[0.8218],"[[93, 76, 378, 359]]","[[92, 75, 375, 360]]"
b2045fbc_1687.jpg,[0.9713],"[[0, 1, 451, 359]]","[[0, 0, 449, 358]]"
b2045fbc_1117.jpg,[],[],[]
b2045fbc_1305.jpg,[0.929],"[[128, 108, 481, 360]]","[[128, 108, 480, 358]]"
b2045fbc_1334.jpg,[0.9468],"[[106, 98, 482, 360]]","[[103, 101, 480, 360]]"
b2045fbc_255.jpg,[0.7992],"[[117, 57, 522, 359]]","[[117, 57, 515, 359]]"
b2045fbc_1114.jpg,[0.9678],"[[95, 36, 517, 359]]","[[95, 35, 513, 358]]"
b2045fbc_1524.jpg,[0.7614],"[[103, 130, 323, 359]]","[[101, 129, 323, 360]]"
b2045fbc_273.jpg,[0.9488],"[[116, 56, 520, 359]]","[[115, 55, 517, 359]]"
b2045fbc_360.jpg,[0.966],"[[115, 65, 513, 359]]","[[115, 64, 512, 359]]"
9d47d182_315.jpg,[0.915],"[[40, 64, 598, 359]]","[[37, 64, 593, 360]]"
f044cf1d_71.jpg,[0.9144],"[[0, 56, 573, 359]]","[[1, 58, 570, 360]]"
b2045fbc_1224.jpg,"[0.955, 0.5642]","[[153, 68, 484, 359], [0, 85, 106, 360]]","[[152, 67, 484, 360], [0, 85, 104, 359]]"
9d47d182_27.jpg,[0.9679],"[[51, 64, 457, 359]]","[[52, 64, 458, 358]]"
b2045fbc_1976.jpg,[0.9697],"[[154, 80, 538, 360]]","[[152, 79, 540, 360]]"
b2045fbc_1176.jpg,[0.9487],"[[61, 98, 479, 359]]","[[57, 97, 479, 358]]"
b2045fbc_88.jpg,"[0.9756, 0.9734]","[[290, 65, 639, 359], [0, 131, 280, 360]]","[[289, 64, 639, 358], [0, 130, 280, 359]]"
9d47d182_87.jpg,[0.9484],"[[44, 68, 448, 359]]","[[47, 68, 455, 359]]"
b2045fbc_820.jpg,[0.7349],"[[0, 52, 319, 359]]","[[0, 50, 319, 358]]"
b2045fbc_451.jpg,[0.9687],"[[90, 83, 464, 359]]","[[88, 82, 464, 359]]"
b2045fbc_43.jpg,[0.9759],"[[106, 108, 430, 359]]","[[106, 108, 430, 358]]"
b2045fbc_1424.jpg,[0.9239],"[[106, 79, 450, 360]]","[[105, 79, 451, 360]]"
9d47d182_304.jpg,[0.9171],"[[28, 64, 598, 360]]","[[38, 64, 594, 360]]"
f044cf1d_100.jpg,[0.932],"[[39, 56, 566, 359]]","[[36, 57, 567, 360]]"
b2045fbc_2010.jpg,"[0.9464, 0.7929]","[[0, 6, 221, 354], [159, 88, 524, 359]]","[[0, 6, 220, 360], [159, 88, 525, 360]]"
b2045fbc_96.jpg,"[0.9695, 0.9604]","[[290, 61, 639, 359], [0, 131, 289, 360]]","[[290, 60, 638, 358], [0, 131, 289, 359]]"
b2045fbc_514.jpg,[0.8817],"[[99, 85, 482, 359]]","[[118, 85, 473, 359]]"
b2045fbc_799.jpg,[0.9698],"[[112, 96, 471, 359]]","[[111, 95, 473, 359]]"
b2045fbc_702.jpg,[0.9664],"[[132, 65, 537, 359]]","[[132, 64, 536, 358]]"
b2045fbc_1348.jpg,[0.9139],"[[113, 108, 469, 360]]","[[113, 108, 469, 358]]"
b2045fbc_1495.jpg,[0.6936],"[[120, 142, 332, 359]]","[[118, 141, 330, 360]]"
b2045fbc_58.jpg,[0.9726],"[[122, 70, 511, 359]]","[[121, 69, 511, 358]]"
b2045fbc_1310.jpg,[0.9077],"[[127, 105, 484, 360]]","[[126, 104, 486, 359]]"
b2045fbc_147.jpg,[0.9715],"[[125, 70, 509, 359]]","[[125, 69, 507, 358]]"
b2045fbc_1001.jpg,[0.9673],"[[96, 66, 487, 359]]","[[96, 65, 488, 360]]"
b2045fbc_525.jpg,[0.9026],"[[169, 88, 470, 359]]","[[167, 87, 469, 358]]"
f044cf1d_266.jpg,[0.954],"[[93, 42, 519, 359]]","[[92, 41, 520, 358]]"
9aa3bbb8_46.jpg,[0.9421],"[[127, 55, 625, 359]]","[[129, 53, 623, 358]]"
b2045fbc_381.jpg,[0.9629],"[[102, 69, 510, 359]]","[[101, 68, 510, 359]]"
b2045fbc_81.jpg,[0.9455],"[[0, 150, 308, 360]]","[[0, 149, 308, 359]]"
b2045fbc_2037.jpg,[0.9171],"[[133, 101, 556, 360]]","[[135, 100, 593, 358]]"
f044cf1d_279.jpg,[0.9026],"[[43, 58, 571, 360]]","[[51, 58, 564, 360]]"
b2045fbc_287.jpg,[0.8987],"[[122, 54, 518, 359]]","[[123, 56, 509, 360]]"
b2045fbc_1904.jpg,[0.974],"[[214, 115, 476, 360]]","[[213, 114, 475, 360]]"
b2045fbc_1455.jpg,[],[],[]
b2045fbc_631.jpg,[],[],[]
b2045fbc_1078.jpg,[0.9741],"[[103, 78, 475, 359]]","[[102, 77, 474, 358]]"
b2045fbc_1426.jpg,[],[],[]
b2045fbc_824.jpg,[0.9662],"[[125, 65, 534, 359]]","[[123, 64, 533, 358]]"
f044cf1d_174.jpg,[0.9595],"[[73, 57, 490, 359]]","[[73, 57, 493, 359]]"
b2045fbc_323.jpg,[0.9583],"[[46, 41, 512, 360]]","[[47, 40, 512, 360]]"
b2045fbc_371.jpg,[0.9615],"[[98, 63, 516, 359]]","[[99, 61, 517, 358]]"
b2045fbc_83.jpg,[0.9722],"[[31, 150, 321, 359]]","[[32, 148, 320, 359]]"
b2045fbc_164.jpg,[0.9685],"[[154, 44, 499, 360]]","[[154, 42, 498, 358], [0, 140, 55, 359]]"
9aa3bbb8_62.jpg,[0.9503],"[[113, 80, 583, 359]]","[[109, 78, 587, 358]]"
b2045fbc_1685.jpg,[0.9709],"[[0, 0, 449, 360]]","[[0, 1, 446, 358]]"
f044cf1d_124.jpg,[0.9554],"[[93, 43, 519, 359]]","[[92, 42, 520, 358]]"
b2045fbc_622.jpg,[],[],[]
b2045fbc_1084.jpg,[0.9545],"[[34, 62, 376, 359]]","[[31, 60, 376, 358]]"
b2045fbc_1259.jpg,[0.9692],"[[96, 73, 455, 359]]","[[92, 74, 454, 360]]"
b2045fbc_17.jpg,[0.9441],"[[76, 104, 486, 359]]","[[83, 104, 479, 359]]"
b2045fbc_471.jpg,[0.9673],"[[95, 86, 465, 359]]","[[93, 86, 463, 359]]"
ed2e9e4c_43.jpg,[0.9478],"[[123, 54, 584, 359]]","[[129, 53, 581, 360]]"
f044cf1d_88.jpg,[0.9587],"[[64, 59, 485, 359]]","[[68, 59, 487, 358]]"
b2045fbc_354.jpg,[0.9608],"[[125, 68, 519, 359]]","[[124, 68, 518, 359]]"
f044cf1d_256.jpg,[0.886],"[[82, 51, 545, 359]]","[[82, 50, 550, 359]]"
f044cf1d_15.jpg,[0.8932],"[[49, 57, 589, 359]]","[[48, 58, 566, 359]]"
f044cf1d_143.jpg,[0.957],"[[55, 59, 541, 359]]","[[55, 58, 536, 359]]"
b2045fbc_608.jpg,[0.9587],"[[58, 42, 506, 359]]","[[59, 41, 504, 359]]"
f044cf1d_194.jpg,[0.9417],"[[32, 54, 561, 359]]","[[40, 56, 560, 360]]"
b2045fbc_1681.jpg,"[0.9702, 0.3058]","[[0, 2, 391, 359], [446, 258, 639, 360]]","[[0, 2, 392, 360]]"
b2045fbc_1106.jpg,[0.9592],"[[38, 6, 450, 359]]","[[38, 5, 449, 359]]"
b2045fbc_993.jpg,[0.951],"[[17, 49, 458, 359]]","[[15, 48, 457, 359]]"
9d47d182_171.jpg,[0.9101],"[[35, 65, 597, 360]]","[[47, 64, 605, 359]]"
b2045fbc_774.jpg,[0.9696],"[[119, 98, 494, 359]]","[[118, 96, 494, 360]]"
b2045fbc_1009.jpg,[0.9703],"[[111, 75, 495, 359]]","[[108, 75, 495, 359]]"
b2045fbc_1501.jpg,[0.9552],"[[88, 66, 435, 359]]","[[88, 64, 434, 359]]"
b2045fbc_1444.jpg,[],[],[]
b2045fbc_465.jpg,[0.9704],"[[94, 85, 466, 359]]","[[92, 85, 464, 359]]"
b2045fbc_241.jpg,[0.9727],"[[126, 71, 509, 359]]","[[125, 70, 507, 358]]"
9d47d182_296.jpg,[0.9179],"[[27, 64, 603, 360]]","[[29, 63, 603, 358]]"
9aa3bbb8_14.jpg,[0.9534],"[[115, 91, 579, 359]]","[[112, 91, 568, 359]]"
b2045fbc_544.jpg,[0.9527],"[[108, 91, 476, 359]]","[[107, 91, 476, 358]]"
b2045fbc_879.jpg,[0.9629],"[[95, 41, 518, 359]]","[[95, 41, 517, 359]]"
b2045fbc_377.jpg,[0.9599],"[[98, 66, 512, 359]]","[[97, 66, 510, 359]]"
b2045fbc_1546.jpg,[0.9199],"[[0, 65, 436, 360]]","[[0, 64, 435, 360]]"
b2045fbc_339.jpg,[0.9681],"[[137, 63, 535, 359]]","[[136, 61, 535, 358]]"
9aa3bbb8_94.jpg,[0.9599],"[[113, 98, 568, 359]]","[[114, 97, 568, 358]]"
9d47d182_56.jpg,[0.9414],"[[54, 68, 404, 359]]","[[51, 67, 403, 359]]"
b2045fbc_571.jpg,[0.9314],"[[0, 1, 412, 359]]","[[0, 1, 409, 359]]"
b2045fbc_1835.jpg,[0.9706],"[[219, 151, 485, 360]]","[[218, 150, 486, 358]]"
b2045fbc_1014.jpg,[0.9692],"[[114, 76, 500, 359]]","[[112, 76, 500, 359]]"
b2045fbc_1750.jpg,[0.7933],"[[57, 137, 503, 360]]","[[21, 136, 490, 360]]"
9d47d182_356.jpg,[0.9317],"[[39, 65, 552, 359]]","[[33, 65, 551, 360]]"
b2045fbc_428.jpg,[0.9667],"[[75, 56, 500, 359]]","[[75, 55, 497, 359]]"
9d47d182_382.jpg,[0.9651],"[[57, 69, 461, 359]]","[[56, 68, 463, 358]]"
b2045fbc_1746.jpg,[0.8431],"[[66, 135, 449, 360]]","[[65, 135, 458, 360]]"
b2045fbc_157.jpg,"[0.9691, 0.2504]","[[150, 40, 500, 360], [0, 119, 64, 360]]","[[149, 40, 499, 359], [0, 130, 64, 359]]"
b2045fbc_71.jpg,[0.7894],"[[4, 162, 320, 359]]","[[5, 161, 317, 360]]"
b2045fbc_1023.jpg,[0.8948],"[[48, 1, 528, 360]]","[[25, 1, 526, 360]]"
b2045fbc_1030.jpg,[0.9679],"[[70, 1, 534, 359]]","[[71, 2, 533, 360]]"
ed2e9e4c_64.jpg,[0.9456],"[[134, 67, 582, 359]]","[[135, 67, 575, 359]]"
b2045fbc_1900.jpg,[0.97],"[[247, 111, 514, 360]]","[[249, 111, 514, 360]]"
b2045fbc_996.jpg,[0.9429],"[[31, 49, 469, 359]]","[[32, 48, 468, 359]]"
b2045fbc_664.jpg,[],[],[]
b2045fbc_517.jpg,[0.8778],"[[169, 88, 471, 359]]","[[122, 87, 470, 358]]"
b2045fbc_44.jpg,[0.9713],"[[41, 143, 363, 359]]","[[40, 142, 363, 358]]"
b2045fbc_1337.jpg,[0.9466],"[[107, 97, 483, 360]]","[[107, 95, 484, 358]]"
b2045fbc_1738.jpg,[0.8371],"[[67, 133, 482, 359]]","[[66, 132, 478, 358]]"
f044cf1d_173.jpg,[0.9564],"[[76, 59, 503, 359]]","[[75, 59, 500, 358]]"
ed2e9e4c_62.jpg,[0.9219],"[[137, 86, 600, 359]]","[[136, 86, 598, 358]]"
b2045fbc_1646.jpg,"[0.9248, 0.4101]","[[76, 110, 372, 359], [460, 1, 639, 360]]","[[77, 109, 370, 358]]"
9aa3bbb8_66.jpg,[0.9499],"[[167, 90, 625, 359]]","[[168, 87, 628, 360]]"
b2045fbc_65.jpg,[0.9223],"[[0, 159, 315, 359]]","[[0, 158, 316, 359]]"
b2045fbc_1850.jpg,[0.9646],"[[195, 121, 516, 360]]","[[195, 121, 515, 359]]"
b2045fbc_1657.jpg,[0.9096],"[[49, 109, 372, 359]]","[[60, 109, 372, 358]]"
b2045fbc_843.jpg,[0.9589],"[[69, 78, 482, 360]]","[[68, 76, 482, 359]]"
b2045fbc_584.jpg,[0.9654],"[[100, 42, 511, 360]]","[[101, 41, 511, 358]]"
9d47d182_213.jpg,[0.8682],"[[41, 64, 560, 359]]","[[36, 64, 554, 359]]"
b2045fbc_1975.jpg,[0.9654],"[[160, 81, 537, 360]]","[[160, 81, 536, 360]]"
b2045fbc_794.jpg,[0.971],"[[112, 95, 469, 359]]","[[112, 95, 471, 359]]"
f044cf1d_235.jpg,[0.8818],"[[83, 51, 549, 360]]","[[79, 50, 553, 358]]"
b2045fbc_896.jpg,[0.969],"[[85, 60, 487, 359]]","[[86, 59, 485, 359]]"
b2045fbc_1896.jpg,[0.9713],"[[224, 113, 490, 360]]","[[224, 112, 490, 360]]"
f044cf1d_169.jpg,[0.9494],"[[78, 61, 509, 359]]","[[76, 60, 508, 360]]"
9aa3bbb8_52.jpg,[0.9411],"[[123, 53, 546, 359]]","[[122, 51, 546, 358]]"
b2045fbc_1446.jpg,"[0.9416, 0.3291]","[[98, 70, 453, 360], [0, 118, 65, 360]]","[[99, 69, 453, 358], [0, 118, 65, 360]]"
f044cf1d_137.jpg,[0.9103],"[[54, 58, 548, 359]]","[[56, 58, 540, 359]]"
b2045fbc_1630.jpg,[0.8612],"[[86, 130, 408, 359]]","[[85, 129, 407, 359]]"
b2045fbc_772.jpg,[0.9256],"[[494, 10, 640, 360]]","[[494, 5, 640, 359]]"
b2045fbc_151.jpg,[0.9697],"[[133, 22, 504, 360]]","[[132, 21, 504, 359]]"
f044cf1d_74.jpg,[0.8419],"[[0, 56, 577, 359]]","[[1, 58, 574, 359]]"
b2045fbc_925.jpg,[0.9721],"[[108, 78, 488, 359]]","[[106, 77, 486, 358]]"
f044cf1d_183.jpg,[0.9385],"[[29, 54, 562, 359]]","[[43, 56, 560, 360]]"
b2045fbc_225.jpg,[0.9714],"[[126, 71, 511, 359]]","[[125, 70, 510, 358]]"
9d47d182_206.jpg,[0.9652],"[[44, 68, 452, 359]]","[[41, 67, 450, 359]]"
b2045fbc_5.jpg,[0.9542],"[[74, 102, 485, 359]]","[[73, 102, 483, 359]]"
b2045fbc_351.jpg,[0.9637],"[[134, 65, 533, 359]]","[[134, 64, 533, 358]]"
b2045fbc_2014.jpg,"[0.9425, 0.792]","[[0, 6, 227, 358], [171, 89, 524, 359]]","[[1, 5, 226, 359], [163, 90, 525, 360]]"
f044cf1d_90.jpg,[0.9561],"[[93, 43, 518, 359]]","[[91, 42, 521, 358]]"
b2045fbc_2006.jpg,"[0.954, 0.9284]","[[0, 7, 214, 360], [161, 88, 525, 359]]","[[1, 7, 215, 360], [150, 88, 522, 360]]"
b2045fbc_562.jpg,[0.9722],"[[91, 65, 472, 359]]","[[90, 64, 472, 358]]"
9aa3bbb8_63.jpg,[0.9492],"[[167, 89, 628, 359]]","[[167, 87, 629, 360]]"
f044cf1d_195.jpg,[0.9415],"[[32, 54, 560, 359]]","[[40, 56, 559, 360]]"
b2045fbc_2022.jpg,"[0.9238, 0.701]","[[0, 0, 217, 358], [166, 88, 525, 359]]","[[0, 1, 216, 360], [164, 90, 527, 360]]"
9d47d182_200.jpg,[0.9434],"[[44, 65, 508, 359]]","[[42, 64, 510, 359]]"
b2045fbc_281.jpg,[0.9482],"[[117, 56, 532, 359]]","[[117, 55, 531, 358]]"
b2045fbc_310.jpg,[0.9695],"[[109, 68, 519, 359]]","[[108, 68, 518, 359]]"
b2045fbc_629.jpg,[],[],[]
b2045fbc_968.jpg,[0.9632],"[[133, 68, 534, 359]]","[[131, 67, 533, 359]]"
b2045fbc_437.jpg,[0.9641],"[[63, 77, 474, 359]]","[[61, 76, 473, 359]]"
b2045fbc_1340.jpg,[0.9181],"[[4, 96, 477, 360]]","[[3, 95, 476, 359]]"
b2045fbc_388.jpg,[0.9617],"[[95, 69, 509, 359]]","[[95, 68, 511, 358]]"
b2045fbc_299.jpg,[0.9202],"[[102, 65, 517, 359]]","[[98, 64, 521, 358]]"
b2045fbc_1824.jpg,[0.947],"[[180, 159, 466, 360]]","[[180, 158, 466, 358]]"
b2045fbc_851.jpg,[0.9695],"[[36, 0, 514, 360]]","[[36, 0, 514, 360]]"
b2045fbc_1389.jpg,[0.9727],"[[110, 89, 447, 359]]","[[108, 88, 448, 358]]"
b2045fbc_692.jpg,[0.909],"[[12, 38, 486, 360]]","[[12, 37, 487, 358]]"
b2045fbc_1914.jpg,"[0.9732, 0.9132]","[[221, 116, 484, 360], [0, 26, 116, 360]]","[[221, 116, 483, 360], [0, 23, 111, 359]]"
b2045fbc_109.jpg,"[0.9679, 0.942]","[[0, 130, 271, 360], [299, 79, 630, 359]]","[[0, 130, 272, 359], [301, 77, 634, 358]]"
f044cf1d_45.jpg,[0.7191],"[[24, 57, 571, 359]]","[[28, 58, 571, 360]]"
b2045fbc_1004.jpg,[0.9727],"[[101, 73, 488, 359]]","[[102, 72, 489, 358]]"
9d47d182_274.jpg,[0.9645],"[[38, 65, 444, 359]]","[[38, 64, 445, 359]]"
f044cf1d_216.jpg,[0.9383],"[[105, 50, 567, 359]]","[[110, 50, 561, 359]]"
9d47d182_234.jpg,[0.89],"[[40, 64, 512, 359]]","[[37, 64, 513, 358]]"
b2045fbc_153.jpg,[0.9637],"[[161, 46, 500, 360]]","[[160, 46, 499, 360]]"
b2045fbc_1766.jpg,[],[],"[[118, 61, 501, 360]]"
f044cf1d_107.jpg,[0.9268],"[[35, 56, 567, 359]]","[[38, 58, 566, 360]]"
b2045fbc_569.jpg,[0.9619],"[[119, 64, 525, 359]]","[[119, 64, 521, 360]]"
9d47d182_406.jpg,[0.9201],"[[54, 68, 408, 359]]","[[55, 70, 404, 360]]"
b2045fbc_746.jpg,[0.9642],"[[124, 56, 535, 359]]","[[123, 55, 535, 359]]"
9d47d182_190.jpg,[0.9506],"[[49, 68, 464, 359]]","[[49, 68, 463, 359]]"
b2045fbc_576.jpg,[0.9058],"[[0, 2, 410, 359]]","[[0, 1, 407, 359]]"
b2045fbc_61.jpg,[0.9637],"[[0, 154, 306, 360]]","[[1, 154, 306, 358]]"
ed2e9e4c_41.jpg,[0.9228],"[[121, 56, 559, 359]]","[[120, 56, 554, 360]]"
9d47d182_374.jpg,[0.9669],"[[49, 72, 458, 359]]","[[48, 70, 458, 358]]"
f044cf1d_7.jpg,[0.8795],"[[49, 58, 584, 359]]","[[46, 59, 560, 359]]"
b2045fbc_1386.jpg,[0.9758],"[[103, 73, 454, 359]]","[[102, 73, 454, 358]]"
b2045fbc_296.jpg,[0.9341],"[[118, 56, 525, 359]]","[[120, 58, 512, 360]]"
b2045fbc_1440.jpg,[],[],[]
b2045fbc_1721.jpg,[0.8617],"[[64, 132, 445, 360]]","[[65, 131, 463, 359]]"
b2045fbc_2069.jpg,[],[],[]
b2045fbc_1780.jpg,[0.9508],"[[92, 29, 594, 360]]","[[90, 28, 594, 359]]"
b2045fbc_411.jpg,[0.9686],"[[95, 71, 510, 359]]","[[95, 70, 511, 358]]"
b2045fbc_496.jpg,[0.9709],"[[92, 87, 468, 359]]","[[92, 86, 468, 358]]"
b2045fbc_1507.jpg,[0.7617],"[[121, 142, 332, 360]]","[[119, 141, 333, 360]]"
b2045fbc_1391.jpg,[0.9724],"[[110, 90, 447, 359]]","[[109, 90, 447, 358]]"
b2045fbc_440.jpg,[0.9619],"[[27, 65, 473, 359]]","[[25, 64, 471, 359]]"
9d47d182_394.jpg,[0.8815],"[[56, 68, 411, 359]]","[[54, 68, 409, 359]]"
9d47d182_228.jpg,[0.9103],"[[42, 65, 597, 359]]","[[38, 64, 602, 359]]"
b2045fbc_864.jpg,[0.9669],"[[67, 0, 542, 360]]","[[67, 0, 541, 358]]"
b2045fbc_390.jpg,[0.9608],"[[96, 69, 510, 359]]","[[95, 68, 511, 358]]"
b2045fbc_1345.jpg,[0.9367],"[[115, 109, 470, 360]]","[[114, 108, 470, 360]]"
b2045fbc_1544.jpg,[],[],[]
b2045fbc_106.jpg,"[0.9765, 0.9748]","[[0, 131, 291, 360], [292, 61, 639, 359]]","[[292, 59, 640, 358], [0, 130, 289, 359]]"
b2045fbc_1790.jpg,[0.8969],"[[119, 117, 442, 360]]","[[110, 115, 442, 358]]"
b2045fbc_1372.jpg,[0.8641],"[[95, 95, 454, 360]]","[[95, 94, 456, 359]]"
b2045fbc_899.jpg,[0.9709],"[[86, 61, 484, 359]]","[[85, 60, 483, 358]]"
f044cf1d_14.jpg,[0.8941],"[[49, 57, 582, 359]]","[[51, 59, 564, 359]]"
9aa3bbb8_87.jpg,[0.9557],"[[112, 101, 579, 359]]","[[113, 100, 563, 359]]"
b2045fbc_1333.jpg,[0.9297],"[[105, 98, 482, 360]]","[[103, 100, 485, 360]]"
9d47d182_153.jpg,[0.899],"[[49, 65, 611, 359]]","[[51, 67, 456, 359]]"
b2045fbc_424.jpg,[0.9719],"[[118, 86, 482, 359]]","[[117, 86, 482, 359]]"
9d47d182_305.jpg,[0.9067],"[[27, 63, 597, 360]]","[[30, 63, 598, 358]]"
b2045fbc_836.jpg,[0.888],"[[93, 77, 436, 359]]","[[90, 76, 445, 360]]"
b2045fbc_902.jpg,[0.9597],"[[130, 68, 539, 359]]","[[130, 67, 538, 359]]"
b2045fbc_193.jpg,"[0.9712, 0.9653]","[[0, 112, 262, 360], [275, 55, 617, 360]]","[[0, 112, 263, 359], [275, 55, 616, 358]]"
b2045fbc_1510.jpg,[0.7135],"[[121, 144, 335, 360]]","[[120, 142, 336, 360]]"
b2045fbc_1102.jpg,[0.9663],"[[120, 61, 531, 359]]","[[121, 59, 531, 358]]"
f044cf1d_102.jpg,[0.9307],"[[38, 56, 565, 359]]","[[35, 57, 564, 360]]"
b2045fbc_1622.jpg,[0.8841],"[[78, 130, 530, 359]]","[[78, 129, 524, 359]]"
b2045fbc_1274.jpg,[0.9631],"[[91, 98, 435, 359]]","[[90, 98, 434, 358]]"
b2045fbc_1360.jpg,[0.959],"[[96, 91, 458, 359]]","[[95, 91, 457, 358]]"
b2045fbc_649.jpg,[],[],[]
b2045fbc_1602.jpg,[0.88],"[[89, 117, 513, 359]]","[[87, 117, 513, 358]]"
b2045fbc_1289.jpg,[0.8429],"[[0, 101, 370, 360]]","[[0, 102, 371, 359]]"
b2045fbc_1729.jpg,[0.8038],"[[67, 135, 464, 360]]","[[67, 133, 483, 360]]"
b2045fbc_632.jpg,[],[],[]
b2045fbc_49.jpg,[0.9782],"[[0, 117, 294, 359]]","[[0, 117, 293, 358]]"
9d47d182_254.jpg,[0.9067],"[[35, 63, 456, 359]]","[[36, 63, 628, 358]]"
9d47d182_210.jpg,[0.8995],"[[42, 64, 568, 359]]","[[36, 64, 568, 359]]"
b2045fbc_573.jpg,[0.8666],"[[0, 2, 410, 359]]","[[0, 4, 408, 359]]"
b2045fbc_1171.jpg,[0.9456],"[[61, 97, 480, 359]]","[[57, 96, 479, 358]]"
b2045fbc_1226.jpg,[],[],[]
b2045fbc_22.jpg,[0.9104],"[[121, 98, 463, 359]]","[[133, 97, 463, 358]]"
9d47d182_390.jpg,[0.9169],"[[53, 69, 464, 359]]","[[53, 68, 462, 359]]"
9aa3bbb8_84.jpg,[0.9477],"[[114, 81, 584, 360]]","[[111, 79, 581, 358]]"
b2045fbc_828.jpg,[0.9661],"[[92, 86, 466, 359]]","[[92, 86, 467, 359]]"
9aa3bbb8_31.jpg,[0.9333],"[[138, 53, 623, 359]]","[[138, 51, 622, 358]]"
9d47d182_398.jpg,[0.8382],"[[55, 68, 408, 359]]","[[52, 68, 404, 359]]"
b2045fbc_269.jpg,[0.9701],"[[118, 89, 479, 359]]","[[117, 87, 479, 358]]"
b2045fbc_48.jpg,[0.9783],"[[0, 119, 295, 359]]","[[0, 118, 295, 358]]"
ed2e9e4c_10.jpg,[0.9355],"[[124, 73, 602, 359]]","[[122, 71, 605, 360]]"
b2045fbc_1562.jpg,[0.857],"[[30, 116, 569, 360]]","[[28, 115, 567, 360]]"
b2045fbc_433.jpg,[0.9632],"[[62, 76, 473, 359]]","[[60, 76, 472, 359]]"
b2045fbc_1788.jpg,[0.9671],"[[31, 2, 639, 359]]","[[30, 1, 638, 358]]"
f044cf1d_106.jpg,[0.929],"[[36, 56, 566, 359]]","[[38, 57, 565, 360]]"
b2045fbc_1496.jpg,[0.7435],"[[119, 141, 333, 359]]","[[117, 139, 331, 359]]"
b2045fbc_470.jpg,[0.9695],"[[94, 86, 464, 359]]","[[93, 86, 463, 359]]"
b2045fbc_1963.jpg,[0.9668],"[[155, 87, 509, 360]]","[[154, 86, 508, 358]]"
b2045fbc_1471.jpg,[0.8503],"[[223, 240, 401, 359]]",[]
b2045fbc_1227.jpg,[],[],[]
f044cf1d_237.jpg,[0.8853],"[[80, 51, 543, 360]]","[[80, 50, 544, 359]]"
