File,Predicted_Confidences,Predicted_Boxes,Ground_Truth_Boxes
b2045fbc_1708.jpg,[],[],[]
b2045fbc_500.jpg,[],[],[]
f044cf1d_239.jpg,[0.8511],"[[348, 63, 532, 360]]","[[351, 67, 528, 360]]"
b2045fbc_1184.jpg,[0.8862],"[[47, 207, 197, 359]]","[[47, 206, 197, 356]]"
b2045fbc_572.jpg,[],[],[]
b2045fbc_257.jpg,[],[],[]
b2045fbc_1132.jpg,[],[],[]
9d47d182_298.jpg,[],[],"[[369, 77, 543, 314]]"
b2045fbc_764.jpg,[],[],[]
b2045fbc_2054.jpg,[],[],[]
b2045fbc_2027.jpg,[0.2596],"[[0, 302, 73, 360]]","[[58, 308, 192, 360]]"
b2045fbc_82.jpg,[],[],[]
b2045fbc_1857.jpg,[],[],[]
f044cf1d_176.jpg,[],[],"[[405, 74, 558, 344]]"
b2045fbc_348.jpg,[],[],[]
9d47d182_301.jpg,[],[],[]
b2045fbc_167.jpg,[],[],[]
f044cf1d_139.jpg,[0.8673],"[[350, 78, 518, 359]]","[[352, 77, 510, 359]]"
b2045fbc_1110.jpg,[],[],[]
b2045fbc_366.jpg,[],[],[]
b2045fbc_1028.jpg,[],[],[]
f044cf1d_38.jpg,[],[],[]
b2045fbc_231.jpg,[],[],[]
b2045fbc_1437.jpg,[],[],[]
b2045fbc_890.jpg,[],[],[]
b2045fbc_277.jpg,[0.8206],"[[366, 208, 517, 360]]","[[366, 208, 518, 360]]"
b2045fbc_735.jpg,[],[],[]
b2045fbc_1957.jpg,[],[],"[[2, 237, 40, 254]]"
f044cf1d_83.jpg,[],[],[]
b2045fbc_1876.jpg,[],[],[]
b2045fbc_904.jpg,[],[],[]
f044cf1d_284.jpg,[],[],"[[335, 19, 513, 356]]"
b2045fbc_149.jpg,[],[],[]
b2045fbc_711.jpg,[],[],[]
9d47d182_100.jpg,[],[],"[[89, 271, 199, 359]]"
b2045fbc_66.jpg,[],[],[]
b2045fbc_1204.jpg,[],[],[]
f044cf1d_160.jpg,[],[],"[[348, 70, 496, 349]]"
f044cf1d_37.jpg,[],[],[]
b2045fbc_1173.jpg,[0.8892],"[[47, 203, 194, 360]]","[[47, 203, 193, 359]]"
b2045fbc_306.jpg,[],[],"[[370, 290, 492, 360]]"
b2045fbc_1536.jpg,[],[],[]
f044cf1d_231.jpg,[0.8595],"[[348, 60, 532, 360]]","[[351, 64, 528, 360]]"
b2045fbc_1818.jpg,[],[],[]
b2045fbc_1116.jpg,[],[],[]
b2045fbc_1513.jpg,[],[],[]
b2045fbc_274.jpg,[0.8947],"[[358, 213, 509, 360]]","[[359, 212, 509, 359]]"
b2045fbc_1134.jpg,[],[],[]
9d47d182_371.jpg,[],[],[]
b2045fbc_932.jpg,[],[],[]
9d47d182_45.jpg,[0.9061],"[[377, 140, 497, 356]]","[[380, 140, 495, 357]]"
f044cf1d_234.jpg,[0.8328],"[[347, 60, 532, 360]]","[[351, 64, 529, 360]]"
b2045fbc_731.jpg,[],[],[]
b2045fbc_1961.jpg,[0.8767],"[[312, 145, 378, 274]]","[[2, 229, 45, 243], [311, 146, 377, 273]]"
b2045fbc_1461.jpg,[],[],[]
b2045fbc_1556.jpg,[],[],[]
9aa3bbb8_89.jpg,[],[],[]
9d47d182_351.jpg,[],[],"[[386, 139, 500, 332]]"
b2045fbc_1866.jpg,[],[],[]
b2045fbc_346.jpg,[],[],[]
9d47d182_235.jpg,[],[],[]
b2045fbc_2036.jpg,[],[],[]
9d47d182_363.jpg,[],[],[]
b2045fbc_331.jpg,[],[],[]
b2045fbc_639.jpg,[],[],[]
b2045fbc_403.jpg,[],[],[]
b2045fbc_829.jpg,[],[],[]
b2045fbc_1626.jpg,[0.6561],"[[403, 165, 530, 360]]","[[403, 166, 525, 360]]"
b2045fbc_502.jpg,[],[],[]
9d47d182_37.jpg,[],[],"[[391, 221, 511, 358]]"
9d47d182_191.jpg,[],[],"[[429, 239, 547, 359]]"
b2045fbc_205.jpg,[],[],[]
b2045fbc_983.jpg,[],[],[]
b2045fbc_1315.jpg,[],[],[]
b2045fbc_673.jpg,[],[],[]
ed2e9e4c_14.jpg,[],[],[]
b2045fbc_1753.jpg,[],[],[]
b2045fbc_845.jpg,[],[],[]
b2045fbc_1633.jpg,[0.7839],"[[423, 166, 554, 360]]","[[425, 167, 550, 358]]"
f044cf1d_189.jpg,[],[],"[[395, 75, 539, 342]]"
b2045fbc_643.jpg,[],[],[]
b2045fbc_1871.jpg,[],[],"[[40, 302, 96, 327]]"
b2045fbc_512.jpg,[],[],"[[69, 199, 215, 359]]"
b2045fbc_1907.jpg,[],[],[]
b2045fbc_1538.jpg,[],[],[]
b2045fbc_1797.jpg,[],[],[]
b2045fbc_1241.jpg,[],[],[]
b2045fbc_1909.jpg,[0.5294],"[[0, 221, 52, 295]]","[[1, 221, 51, 255]]"
b2045fbc_1242.jpg,[],[],[]
b2045fbc_557.jpg,[],[],"[[150, 170, 237, 336]]"
b2045fbc_886.jpg,[],[],[]
b2045fbc_910.jpg,[],[],[]
9d47d182_165.jpg,[],[],[]
b2045fbc_1678.jpg,[],[],[]
b2045fbc_197.jpg,[],[],[]
b2045fbc_518.jpg,[],[],[]
b2045fbc_1950.jpg,[],[],"[[4, 247, 40, 262]]"
f044cf1d_226.jpg,[0.8478],"[[349, 56, 539, 360]]","[[350, 61, 534, 356]]"
b2045fbc_2028.jpg,[],[],"[[33, 247, 147, 296]]"
9d47d182_309.jpg,[],[],"[[375, 91, 569, 322]]"
b2045fbc_628.jpg,[],[],[]
f044cf1d_96.jpg,[],[],"[[383, 35, 541, 326]]"
b2045fbc_270.jpg,[],[],"[[362, 236, 521, 360]]"
9d47d182_404.jpg,[],[],"[[399, 263, 513, 360]]"
f044cf1d_42.jpg,[],[],"[[359, 0, 541, 336]]"
9aa3bbb8_99.jpg,[],[],[]
9d47d182_70.jpg,[],[],"[[394, 231, 520, 358]]"
b2045fbc_1815.jpg,[],[],[]
9d47d182_52.jpg,[],[],"[[396, 255, 508, 360]]"
b2045fbc_1087.jpg,[],[],[]
b2045fbc_95.jpg,[],[],[]
b2045fbc_944.jpg,[],[],"[[1, 334, 189, 360]]"
b2045fbc_617.jpg,[],[],[]
b2045fbc_812.jpg,[],[],[]
9d47d182_8.jpg,[],[],[]
b2045fbc_701.jpg,[],[],[]
f044cf1d_213.jpg,[],[],[]
b2045fbc_888.jpg,[],[],[]
9d47d182_347.jpg,[],[],"[[391, 136, 503, 332]]"
b2045fbc_1041.jpg,[],[],"[[0, 315, 240, 360]]"
b2045fbc_468.jpg,[],[],[]
b2045fbc_1701.jpg,"[0.5374, 0.374]","[[51, 318, 176, 359], [87, 316, 175, 359]]","[[51, 316, 175, 358], [52, 320, 96, 358]]"
9d47d182_216.jpg,[],[],"[[399, 156, 525, 357]]"
b2045fbc_352.jpg,[],[],[]
b2045fbc_1598.jpg,[],[],[]
9aa3bbb8_17.jpg,[],[],[]
9d47d182_137.jpg,[],[],[]
b2045fbc_1235.jpg,[],[],[]
9d47d182_269.jpg,[],[],[]
b2045fbc_1068.jpg,[],[],[]
b2045fbc_1075.jpg,[],[],[]
9d47d182_169.jpg,[],[],[]
b2045fbc_1273.jpg,[],[],[]
9d47d182_412.jpg,[],[],"[[395, 266, 501, 359]]"
b2045fbc_1419.jpg,[],[],[]
b2045fbc_716.jpg,[],[],[]
b2045fbc_185.jpg,[],[],[]
b2045fbc_2016.jpg,[],[],"[[56, 311, 176, 359]]"
b2045fbc_1175.jpg,[0.8937],"[[47, 205, 195, 359]]","[[47, 204, 193, 357]]"
ed2e9e4c_19.jpg,[0.6821],"[[247, 241, 420, 360]]","[[244, 241, 420, 358]]"
b2045fbc_1213.jpg,[],[],[]
9d47d182_4.jpg,[],[],[]
b2045fbc_714.jpg,[],[],[]
b2045fbc_192.jpg,[],[],[]
b2045fbc_1983.jpg,[0.8582],"[[269, 206, 378, 258]]","[[269, 205, 378, 258]]"
b2045fbc_1989.jpg,[],[],[]
b2045fbc_1845.jpg,[0.9304],"[[103, 238, 227, 360]]","[[102, 238, 226, 360]]"
9aa3bbb8_69.jpg,[],[],[]
ed2e9e4c_61.jpg,[0.8581],"[[566, 194, 640, 360]]","[[566, 194, 638, 358]]"
ed2e9e4c_48.jpg,[0.9066],"[[569, 183, 640, 358]]","[[570, 183, 638, 356]]"
b2045fbc_1097.jpg,[],[],[]
b2045fbc_1284.jpg,[],[],[]
b2045fbc_780.jpg,[],[],[]
b2045fbc_937.jpg,[],[],[]
b2045fbc_781.jpg,[],[],[]
ed2e9e4c_75.jpg,[],[],"[[556, 206, 640, 360]]"
b2045fbc_1077.jpg,[],[],[]
9d47d182_423.jpg,[],[],[]
9d47d182_319.jpg,[],[],"[[369, 95, 545, 331]]"
f044cf1d_23.jpg,[],[],[]
b2045fbc_2026.jpg,[],[],"[[56, 301, 187, 359]]"
b2045fbc_1759.jpg,[],[],[]
b2045fbc_676.jpg,[],[],[]
f044cf1d_184.jpg,[],[],"[[397, 73, 539, 341]]"
9d47d182_421.jpg,[],[],[]
ed2e9e4c_12.jpg,[],[],[]
b2045fbc_1416.jpg,[],[],[]
b2045fbc_788.jpg,[],[],[]
b2045fbc_1923.jpg,[0.5841],"[[59, 287, 197, 360]]","[[59, 286, 196, 358]]"
b2045fbc_1585.jpg,[],[],[]
b2045fbc_962.jpg,[0.6042],"[[11, 314, 174, 359]]","[[13, 315, 219, 360]]"
9d47d182_6.jpg,[],[],[]
9d47d182_77.jpg,[0.8986],"[[416, 286, 537, 359]]","[[416, 284, 536, 358]]"
9d47d182_291.jpg,[],[],"[[369, 30, 598, 329]]"
b2045fbc_897.jpg,[],[],[]
b2045fbc_282.jpg,[0.9022],"[[374, 190, 516, 360]]","[[373, 190, 515, 360]]"
b2045fbc_152.jpg,[],[],[]
b2045fbc_1178.jpg,[0.8879],"[[45, 206, 190, 359]]","[[45, 204, 187, 357]]"
b2045fbc_585.jpg,[],[],[]
ed2e9e4c_23.jpg,[],[],[]
b2045fbc_1052.jpg,[0.7738],"[[83, 296, 279, 359]]","[[79, 295, 281, 358]]"
ed2e9e4c_63.jpg,[0.9037],"[[586, 207, 640, 360]]","[[587, 206, 640, 358]]"
9d47d182_317.jpg,[],[],"[[368, 93, 547, 329]]"
b2045fbc_368.jpg,[],[],[]
b2045fbc_971.jpg,[],[],"[[85, 316, 247, 360]]"
9aa3bbb8_41.jpg,[0.9067],"[[475, 139, 606, 360]]","[[475, 139, 605, 358]]"
f044cf1d_230.jpg,[0.8505],"[[348, 62, 532, 360]]","[[349, 66, 531, 359]]"
b2045fbc_1714.jpg,[],[],[]
9aa3bbb8_79.jpg,[],[],[]
b2045fbc_1124.jpg,[],[],[]
b2045fbc_439.jpg,[],[],[]
f044cf1d_198.jpg,[],[],"[[396, 75, 540, 342]]"
b2045fbc_136.jpg,[],[],[]
b2045fbc_345.jpg,[],[],[]
9d47d182_283.jpg,[],[],[]
b2045fbc_1412.jpg,[],[],[]
b2045fbc_1705.jpg,[],[],[]
b2045fbc_289.jpg,[0.7363],"[[518, 288, 639, 359]]","[[517, 289, 639, 358]]"
b2045fbc_2019.jpg,[],[],"[[58, 309, 174, 360]]"
b2045fbc_1981.jpg,[0.8888],"[[268, 213, 380, 269]]","[[268, 212, 380, 268]]"
9d47d182_399.jpg,[],[],"[[400, 263, 514, 360]]"
b2045fbc_959.jpg,[],[],"[[2, 322, 214, 360]]"
b2045fbc_1670.jpg,[],[],[]
b2045fbc_835.jpg,[],[],[]
9aa3bbb8_34.jpg,[0.8626],"[[440, 144, 571, 359]]","[[441, 144, 567, 360]]"
b2045fbc_1654.jpg,[],[],[]
b2045fbc_246.jpg,[],[],[]
9d47d182_272.jpg,[],[],[]
b2045fbc_1445.jpg,[],[],[]
b2045fbc_1583.jpg,[],[],[]
b2045fbc_2045.jpg,[],[],[]
b2045fbc_1183.jpg,[0.8868],"[[39, 212, 189, 359]]","[[40, 212, 190, 359]]"
b2045fbc_822.jpg,[],[],[]
f044cf1d_170.jpg,[],[],[]
b2045fbc_209.jpg,[],[],[]
b2045fbc_1302.jpg,[],[],[]
f044cf1d_240.jpg,[0.7651],"[[347, 62, 537, 360]]","[[351, 67, 528, 360]]"
b2045fbc_1492.jpg,[],[],[]
b2045fbc_378.jpg,[],[],[]
b2045fbc_1180.jpg,[0.8723],"[[43, 208, 190, 359]]","[[43, 207, 188, 358]]"
f044cf1d_68.jpg,[],[],[]
b2045fbc_1741.jpg,[],[],[]
b2045fbc_519.jpg,[],[],"[[72, 194, 215, 359]]"
b2045fbc_173.jpg,[],[],[]
b2045fbc_1624.jpg,[0.8456],"[[390, 164, 531, 360]]","[[391, 165, 525, 360]]"
b2045fbc_1817.jpg,[],[],[]
b2045fbc_107.jpg,[],[],[]
b2045fbc_112.jpg,[],[],[]
b2045fbc_1953.jpg,[],[],"[[3, 247, 41, 262]]"
b2045fbc_1025.jpg,[],[],"[[0, 337, 216, 360]]"
f044cf1d_214.jpg,[],[],[]
b2045fbc_1131.jpg,[],[],[]
b2045fbc_719.jpg,[],[],[]
9d47d182_422.jpg,[],[],[]
b2045fbc_1369.jpg,[],[],[]
f044cf1d_209.jpg,[],[],"[[392, 75, 536, 342]]"
f044cf1d_224.jpg,[0.8701],"[[352, 53, 542, 360]]","[[355, 59, 540, 356]]"
b2045fbc_850.jpg,[],[],[]
b2045fbc_422.jpg,[],[],[]
b2045fbc_1355.jpg,[],[],[]
9d47d182_184.jpg,[0.2656],"[[420, 244, 547, 359]]","[[420, 245, 547, 360]]"
b2045fbc_1327.jpg,[],[],[]
9d47d182_400.jpg,[],[],"[[402, 263, 510, 360]]"
b2045fbc_1143.jpg,[],[],[]
f044cf1d_191.jpg,[],[],"[[393, 75, 539, 343]]"
9d47d182_2.jpg,[],[],[]
b2045fbc_651.jpg,[],[],[]
b2045fbc_683.jpg,[],[],[]
f044cf1d_225.jpg,[0.8494],"[[350, 53, 539, 360]]","[[351, 56, 533, 354]]"
f044cf1d_36.jpg,[],[],[]
b2045fbc_865.jpg,[],[],[]
b2045fbc_45.jpg,[],[],[]
b2045fbc_19.jpg,[0.9051],"[[91, 206, 216, 358]]","[[91, 206, 212, 356]]"
b2045fbc_1161.jpg,[0.8631],"[[44, 190, 193, 357]]","[[44, 189, 195, 356]]"
b2045fbc_1398.jpg,[],[],[]
9d47d182_220.jpg,[],[],"[[398, 163, 524, 355]]"
f044cf1d_155.jpg,[],[],"[[346, 75, 493, 356]]"
9d47d182_217.jpg,[],[],"[[400, 158, 524, 354]]"
b2045fbc_1905.jpg,[],[],[]
b2045fbc_1712.jpg,[0.8174],"[[56, 319, 178, 359]]","[[54, 319, 178, 360]]"
b2045fbc_543.jpg,[0.7984],"[[163, 200, 251, 358]]","[[163, 199, 249, 358]]"
b2045fbc_199.jpg,[],[],[]
b2045fbc_707.jpg,[],[],[]
b2045fbc_527.jpg,[],[],"[[89, 199, 226, 358]]"
b2045fbc_1486.jpg,[],[],[]
9aa3bbb8_3.jpg,[],[],[]
b2045fbc_1978.jpg,[],[],[]
9aa3bbb8_81.jpg,[],[],[]
b2045fbc_110.jpg,[],[],[]
b2045fbc_1330.jpg,[],[],[]
b2045fbc_365.jpg,[],[],[]
b2045fbc_1650.jpg,[],[],[]
b2045fbc_1286.jpg,[],[],[]
ed2e9e4c_58.jpg,[0.9198],"[[569, 188, 640, 359]]","[[570, 188, 638, 356]]"
b2045fbc_1230.jpg,[],[],[]
f044cf1d_66.jpg,[],[],"[[372, 61, 550, 360]]"
b2045fbc_1730.jpg,[],[],[]
b2045fbc_582.jpg,[],[],[]
9aa3bbb8_70.jpg,[],[],[]
b2045fbc_1441.jpg,[],[],[]
9d47d182_121.jpg,[0.4199],"[[426, 111, 590, 310]]","[[428, 104, 592, 341]]"
b2045fbc_821.jpg,[],[],[]
9d47d182_300.jpg,[],[],"[[378, 80, 566, 320]]"
b2045fbc_178.jpg,[],[],[]
9d47d182_336.jpg,[],[],"[[391, 131, 521, 345]]"
b2045fbc_666.jpg,[],[],[]
b2045fbc_898.jpg,[],[],[]
9aa3bbb8_35.jpg,[0.8981],"[[477, 136, 606, 357]]","[[478, 135, 604, 355]]"
f044cf1d_223.jpg,[0.8585],"[[356, 52, 547, 360]]","[[360, 55, 544, 353]]"
b2045fbc_881.jpg,[],[],[]
9aa3bbb8_105.jpg,[],[],[]
9d47d182_224.jpg,[],[],[]
b2045fbc_1659.jpg,[],[],[]
b2045fbc_1801.jpg,[0.9395],"[[98, 238, 226, 360]]","[[99, 238, 224, 360]]"
b2045fbc_235.jpg,[],[],[]
b2045fbc_992.jpg,[],[],[]
b2045fbc_361.jpg,[],[],[]
9d47d182_161.jpg,[],[],[]
b2045fbc_1892.jpg,[0.3189],"[[82, 227, 122, 253]]","[[25, 207, 95, 248]]"
b2045fbc_537.jpg,[0.5776],"[[162, 196, 250, 357]]","[[163, 197, 249, 355]]"
b2045fbc_30.jpg,[],[],[]
b2045fbc_1237.jpg,[],[],[]
9d47d182_178.jpg,[],[],"[[430, 247, 554, 359]]"
b2045fbc_1260.jpg,[],[],[]
b2045fbc_976.jpg,[],[],[]
b2045fbc_47.jpg,[],[],[]
b2045fbc_506.jpg,[0.5129],"[[32, 256, 201, 360]]","[[33, 257, 205, 359]]"
f044cf1d_25.jpg,[],[],[]
b2045fbc_797.jpg,[],[],[]
f044cf1d_59.jpg,[],[],"[[370, 18, 550, 354]]"
b2045fbc_756.jpg,[],[],[]
b2045fbc_609.jpg,[],[],[]
b2045fbc_483.jpg,[],[],[]
9d47d182_17.jpg,[],[],[]
9d47d182_281.jpg,[],[],[]
b2045fbc_2052.jpg,[],[],[]
b2045fbc_1215.jpg,[],[],[]
f044cf1d_55.jpg,[],[],"[[375, 11, 557, 347]]"
f044cf1d_6.jpg,[],[],"[[342, 21, 509, 351]]"
b2045fbc_1189.jpg,[0.869],"[[49, 219, 195, 359]]","[[49, 219, 194, 359]]"
b2045fbc_1853.jpg,[],[],[]
b2045fbc_1385.jpg,[],[],[]
b2045fbc_933.jpg,[],[],[]
f044cf1d_86.jpg,[],[],[]
9d47d182_331.jpg,[],[],"[[395, 131, 525, 343]]"
b2045fbc_1018.jpg,[],[],[]
b2045fbc_1407.jpg,[],[],[]
b2045fbc_219.jpg,[],[],[]
9d47d182_279.jpg,[],[],[]
b2045fbc_1105.jpg,[],[],[]
9d47d182_179.jpg,[0.8936],"[[309, 296, 424, 359]]","[[308, 294, 424, 358]]"
9aa3bbb8_28.jpg,[0.9395],"[[303, 205, 456, 359]]","[[301, 204, 455, 360]]"
f044cf1d_81.jpg,[],[],[]
9d47d182_38.jpg,[0.7489],"[[377, 211, 502, 359]]","[[378, 212, 502, 359]]"
b2045fbc_1974.jpg,[0.8749],"[[313, 319, 374, 359]]","[[313, 319, 374, 359]]"
f044cf1d_28.jpg,[],[],[]
9d47d182_292.jpg,[],[],"[[371, 46, 588, 333]]"
f044cf1d_186.jpg,[],[],"[[394, 75, 537, 341]]"
9d47d182_25.jpg,[],[],[]
b2045fbc_1711.jpg,[],[],[]
b2045fbc_143.jpg,[],[],[]
9d47d182_393.jpg,[],[],"[[398, 262, 514, 360]]"
b2045fbc_2058.jpg,[],[],[]
f044cf1d_156.jpg,[],[],"[[347, 72, 493, 349]]"
b2045fbc_1037.jpg,[],[],"[[0, 307, 234, 360]]"
b2045fbc_1070.jpg,[],[],[]
9d47d182_418.jpg,[],[],[]
b2045fbc_1498.jpg,[],[],[]
b2045fbc_418.jpg,[],[],[]
b2045fbc_213.jpg,[],[],[]
b2045fbc_180.jpg,[],[],[]
b2045fbc_232.jpg,[],[],[]
b2045fbc_1429.jpg,[],[],[]
b2045fbc_1198.jpg,[0.8998],"[[47, 221, 200, 359]]","[[46, 221, 202, 359]]"
b2045fbc_1541.jpg,[],[],[]
b2045fbc_1731.jpg,[],[],[]
b2045fbc_1814.jpg,[],[],[]
b2045fbc_1769.jpg,[],[],[]
9d47d182_43.jpg,[],[],"[[385, 204, 510, 358]]"
b2045fbc_1452.jpg,[],[],[]
b2045fbc_434.jpg,[],[],[]
b2045fbc_1699.jpg,[],[],[]
b2045fbc_492.jpg,[],[],[]
f044cf1d_190.jpg,[],[],[]
b2045fbc_176.jpg,[],[],[]
9d47d182_197.jpg,[0.8975],"[[429, 97, 537, 280]]","[[431, 97, 536, 279]]"
9aa3bbb8_19.jpg,[],[],[]
b2045fbc_1632.jpg,[0.9073],"[[419, 167, 549, 359]]","[[420, 168, 547, 354]]"
b2045fbc_1364.jpg,[],[],[]
b2045fbc_916.jpg,[],[],[]
b2045fbc_1887.jpg,[],[],"[[5, 212, 78, 254]]"
b2045fbc_1530.jpg,[],[],[]
b2045fbc_1039.jpg,[],[],"[[0, 320, 239, 359]]"
b2045fbc_553.jpg,[0.6823],"[[239, 164, 308, 334]]","[[240, 163, 307, 335]]"
b2045fbc_1406.jpg,[],[],[]
9d47d182_282.jpg,[],[],[]
b2045fbc_7.jpg,[0.8946],"[[82, 207, 208, 358]]","[[82, 206, 206, 355]]"
b2045fbc_2059.jpg,[],[],[]
b2045fbc_1504.jpg,[],[],[]
f044cf1d_257.jpg,[],[],[]
b2045fbc_1525.jpg,[],[],[]
b2045fbc_1726.jpg,[],[],[]
9d47d182_324.jpg,[],[],"[[397, 129, 527, 340]]"
b2045fbc_449.jpg,[],[],[]
b2045fbc_980.jpg,[],[],[]
b2045fbc_991.jpg,[],[],[]
b2045fbc_1298.jpg,[],[],[]
9d47d182_136.jpg,[],[],[]
b2045fbc_1309.jpg,[],[],[]
b2045fbc_124.jpg,[],[],[]
b2045fbc_1849.jpg,[],[],[]
b2045fbc_1959.jpg,[0.8889],"[[308, 143, 376, 276]]","[[1, 255, 53, 270], [309, 145, 375, 273]]"
ed2e9e4c_39.jpg,[],[],[]
9d47d182_138.jpg,[],[],[]
b2045fbc_1703.jpg,[],[],[]
ed2e9e4c_15.jpg,[],[],[]
b2045fbc_759.jpg,[],[],[]
f044cf1d_193.jpg,[],[],"[[394, 75, 538, 343]]"
f044cf1d_31.jpg,[],[],[]
9d47d182_168.jpg,[],[],[]
b2045fbc_837.jpg,[0.8537],"[[360, 304, 489, 359]]","[[362, 302, 489, 358]]"
b2045fbc_1927.jpg,[],[],[]
b2045fbc_1642.jpg,[],[],[]
b2045fbc_751.jpg,[],[],[]
b2045fbc_1342.jpg,[],[],[]
f044cf1d_151.jpg,"[0.6487, 0.3724]","[[348, 94, 491, 352], [347, 94, 448, 353]]","[[350, 94, 496, 341]]"
9aa3bbb8_24.jpg,[],[],[]
ed2e9e4c_45.jpg,[],[],[]
b2045fbc_1414.jpg,[],[],[]
b2045fbc_1864.jpg,[],[],[]
f044cf1d_158.jpg,[],[],"[[348, 72, 495, 351]]"
b2045fbc_1886.jpg,[],[],[]
b2045fbc_441.jpg,[],[],[]
b2045fbc_29.jpg,[],[],[]
ed2e9e4c_83.jpg,[],[],"[[534, 212, 640, 359]]"
b2045fbc_313.jpg,[],[],[]
9d47d182_357.jpg,[],[],[]
b2045fbc_1534.jpg,[],[],[]
b2045fbc_1005.jpg,[],[],[]
b2045fbc_1439.jpg,[],[],[]
f044cf1d_57.jpg,[],[],[]
b2045fbc_1170.jpg,[0.8729],"[[44, 198, 190, 359]]","[[43, 198, 188, 358]]"
b2045fbc_1843.jpg,[],[],[]
b2045fbc_789.jpg,[],[],[]
b2045fbc_880.jpg,[],[],[]
b2045fbc_1236.jpg,[],[],[]
b2045fbc_515.jpg,[],[],"[[68, 199, 212, 359]]"
b2045fbc_813.jpg,[],[],[]
b2045fbc_1388.jpg,[],[],[]
b2045fbc_1291.jpg,[],[],[]
f044cf1d_51.jpg,[],[],"[[378, 13, 558, 351]]"
9d47d182_289.jpg,[],[],[]
b2045fbc_1079.jpg,[],[],[]
9aa3bbb8_29.jpg,[],[],[]
b2045fbc_2075.jpg,[],[],[]
9d47d182_172.jpg,[],[],[]
b2045fbc_723.jpg,[],[],[]
9d47d182_109.jpg,[],[],[]
b2045fbc_561.jpg,[],[],[]
b2045fbc_510.jpg,[],[],"[[61, 199, 211, 358]]"
b2045fbc_785.jpg,[],[],[]
b2045fbc_332.jpg,[],[],[]
9d47d182_330.jpg,[],[],"[[395, 129, 521, 342]]"
b2045fbc_1353.jpg,[],[],[]
f044cf1d_78.jpg,[0.3733],"[[334, 348, 418, 360]]",[]
b2045fbc_1921.jpg,[],[],[]
9d47d182_122.jpg,[0.5033],"[[426, 110, 587, 321]]","[[426, 109, 585, 334]]"
b2045fbc_475.jpg,[],[],[]
b2045fbc_1539.jpg,[],[],[]
b2045fbc_236.jpg,[],[],[]
b2045fbc_233.jpg,[],[],[]
b2045fbc_218.jpg,[],[],[]
b2045fbc_74.jpg,[],[],[]
b2045fbc_342.jpg,[],[],[]
9aa3bbb8_47.jpg,[0.9062],"[[463, 145, 595, 360]]","[[463, 145, 593, 360]]"
b2045fbc_1601.jpg,[],[],[]
b2045fbc_1413.jpg,[],[],[]
b2045fbc_1992.jpg,[],[],[]
b2045fbc_559.jpg,[],[],[]
9aa3bbb8_27.jpg,[0.9407],"[[314, 178, 459, 360]]","[[316, 177, 458, 360]]"
b2045fbc_675.jpg,[],[],[]
9aa3bbb8_15.jpg,[],[],[]
b2045fbc_509.jpg,[],[],"[[59, 202, 209, 359]]"
b2045fbc_538.jpg,[0.3354],"[[163, 197, 251, 357]]","[[163, 197, 249, 355]]"
b2045fbc_1933.jpg,[],[],[]
b2045fbc_1365.jpg,[],[],[]
b2045fbc_1793.jpg,[],[],[]
b2045fbc_1512.jpg,[],[],"[[286, 265, 368, 359]]"
b2045fbc_2000.jpg,[],[],"[[1, 160, 43, 176]]"
b2045fbc_495.jpg,[],[],[]
b2045fbc_798.jpg,[],[],[]
b2045fbc_2001.jpg,[],[],[]
b2045fbc_600.jpg,[0.8863],"[[305, 191, 473, 359]]","[[305, 190, 471, 358]]"
9d47d182_84.jpg,[],[],"[[122, 325, 246, 360]]"
9d47d182_46.jpg,[],[],[]
b2045fbc_678.jpg,[],[],[]
9d47d182_249.jpg,[0.8061],"[[395, 84, 576, 339]]","[[395, 81, 572, 345]]"
b2045fbc_1531.jpg,[],[],[]
b2045fbc_298.jpg,[0.8427],"[[149, 255, 467, 360]]","[[149, 251, 463, 358]]"
b2045fbc_945.jpg,[],[],"[[0, 331, 196, 360]]"
b2045fbc_1740.jpg,[],[],[]
9d47d182_258.jpg,[0.7809],"[[391, 92, 572, 338]]","[[391, 88, 572, 333]]"
b2045fbc_1064.jpg,[0.7847],"[[78, 273, 287, 340]]","[[82, 272, 286, 336]]"
ed2e9e4c_1.jpg,[],[],[]
b2045fbc_1748.jpg,[],[],[]
b2045fbc_1428.jpg,[],[],[]
b2045fbc_912.jpg,[],[],[]
b2045fbc_1115.jpg,[],[],[]
b2045fbc_652.jpg,[],[],[]
b2045fbc_1867.jpg,[],[],[]
b2045fbc_783.jpg,[],[],[]
b2045fbc_223.jpg,[],[],[]
b2045fbc_343.jpg,[],[],[]
b2045fbc_2055.jpg,[],[],[]
b2045fbc_1634.jpg,[0.4427],"[[43, 317, 161, 359]]","[[43, 316, 169, 358]]"
9d47d182_205.jpg,[],[],[]
b2045fbc_1240.jpg,[],[],[]
b2045fbc_1872.jpg,[],[],"[[37, 304, 95, 329]]"
b2045fbc_1071.jpg,[],[],[]
b2045fbc_1893.jpg,[],[],"[[8, 209, 80, 254]]"
b2045fbc_476.jpg,[],[],[]
b2045fbc_814.jpg,[],[],[]
b2045fbc_399.jpg,[],[],[]
b2045fbc_330.jpg,[],[],[]
b2045fbc_806.jpg,[],[],[]
b2045fbc_1074.jpg,[],[],[]
b2045fbc_892.jpg,[],[],[]
b2045fbc_68.jpg,[],[],[]
b2045fbc_1737.jpg,[],[],[]
9d47d182_329.jpg,[],[],"[[393, 130, 523, 342]]"
b2045fbc_1675.jpg,[],[],[]
b2045fbc_1829.jpg,[],[],[]
9d47d182_403.jpg,[],[],"[[403, 263, 511, 360]]"
f044cf1d_8.jpg,[],[],"[[345, 25, 514, 355]]"
b2045fbc_686.jpg,[],[],[]
b2045fbc_191.jpg,[],[],[]
9d47d182_246.jpg,[],[],[]
b2045fbc_1519.jpg,[],[],[]
b2045fbc_757.jpg,[],[],[]
b2045fbc_1197.jpg,[0.9023],"[[37, 220, 188, 359]]","[[32, 220, 188, 359]]"
b2045fbc_1394.jpg,[],[],[]
b2045fbc_2038.jpg,[],[],[]
b2045fbc_14.jpg,[],[],[]
b2045fbc_1926.jpg,[],[],[]
b2045fbc_776.jpg,[],[],[]
b2045fbc_244.jpg,[],[],[]
b2045fbc_1947.jpg,[],[],"[[6, 247, 42, 262]]"
9d47d182_322.jpg,[],[],"[[381, 117, 545, 344]]"
9d47d182_176.jpg,[0.7682],"[[439, 245, 566, 359]]","[[439, 245, 565, 360]]"
b2045fbc_602.jpg,[],[],[]
b2045fbc_1210.jpg,[],[],[]
b2045fbc_121.jpg,[],[],[]
b2045fbc_1615.jpg,[],[],[]
f044cf1d_280.jpg,[],[],"[[335, 15, 513, 356]]"
b2045fbc_846.jpg,[],[],[]
b2045fbc_2051.jpg,[],[],[]
b2045fbc_375.jpg,[],[],[]
f044cf1d_187.jpg,[],[],"[[394, 75, 540, 342]]"
b2045fbc_87.jpg,[],[],[]
f044cf1d_247.jpg,[0.8178],"[[350, 65, 534, 360]]","[[352, 69, 528, 360]]"
9d47d182_370.jpg,[],[],[]
f044cf1d_259.jpg,[],[],[]
b2045fbc_263.jpg,[],[],[]
9aa3bbb8_36.jpg,[0.9061],"[[476, 136, 605, 358]]","[[478, 137, 604, 356]]"
b2045fbc_1756.jpg,[],[],[]
b2045fbc_1854.jpg,[],[],[]
b2045fbc_1101.jpg,[],[],[]
b2045fbc_1586.jpg,[],[],[]
b2045fbc_1811.jpg,[],[],[]
ed2e9e4c_77.jpg,[0.7898],"[[550, 213, 640, 359]]","[[551, 214, 639, 358]]"
b2045fbc_1399.jpg,[],[],[]
b2045fbc_2023.jpg,[],[],[]
b2045fbc_581.jpg,[],[],[]
b2045fbc_2071.jpg,[],[],[]
b2045fbc_271.jpg,[0.9073],"[[352, 217, 504, 360]]","[[353, 217, 503, 360]]"
9d47d182_354.jpg,[],[],"[[386, 139, 497, 333]]"
b2045fbc_1676.jpg,[],[],[]
b2045fbc_18.jpg,[0.9168],"[[91, 206, 217, 359]]","[[91, 206, 215, 356]]"
9d47d182_88.jpg,[],[],"[[88, 265, 198, 360]]"
9d47d182_91.jpg,[],[],"[[88, 263, 204, 360]]"
b2045fbc_942.jpg,[],[],"[[0, 337, 176, 359]]"
9d47d182_378.jpg,[],[],[]
b2045fbc_356.jpg,[],[],[]
9aa3bbb8_10.jpg,[],[],[]
f044cf1d_72.jpg,[],[],"[[370, 27, 546, 344]]"
b2045fbc_636.jpg,[],[],[]
b2045fbc_1754.jpg,[],[],[]
f044cf1d_242.jpg,[0.8651],"[[351, 64, 533, 360]]","[[352, 67, 530, 359]]"
9d47d182_95.jpg,[],[],"[[87, 275, 197, 359]]"
b2045fbc_2066.jpg,[],[],[]
b2045fbc_1225.jpg,[],[],[]
9d47d182_187.jpg,[],[],"[[424, 235, 539, 359]]"
9d47d182_14.jpg,[],[],[]
f044cf1d_135.jpg,[],[],[]
9d47d182_415.jpg,[],[],"[[397, 264, 511, 360]]"
9d47d182_277.jpg,[],[],[]
b2045fbc_1324.jpg,[],[],[]
b2045fbc_924.jpg,[],[],[]
9aa3bbb8_92.jpg,[],[],[]
b2045fbc_398.jpg,[],[],[]
b2045fbc_966.jpg,[0.4256],"[[20, 302, 185, 355]]","[[20, 306, 220, 360]]"
b2045fbc_990.jpg,[],[],[]
b2045fbc_1088.jpg,[],[],[]
b2045fbc_1574.jpg,[],[],[]
9d47d182_223.jpg,[],[],[]
b2045fbc_412.jpg,[],[],[]
b2045fbc_79.jpg,[],[],[]
b2045fbc_2034.jpg,[],[],[]
b2045fbc_1707.jpg,[],[],[]
b2045fbc_1994.jpg,[],[],[]
b2045fbc_1153.jpg,[],[],[]
b2045fbc_1393.jpg,[],[],[]
b2045fbc_521.jpg,[0.7306],"[[83, 184, 218, 360]]","[[83, 182, 217, 360]]"
f044cf1d_171.jpg,[],[],[]
b2045fbc_1643.jpg,[],[],[]
b2045fbc_256.jpg,[],[],[]
f044cf1d_85.jpg,[],[],[]
b2045fbc_117.jpg,[],[],[]
b2045fbc_708.jpg,[],[],[]
b2045fbc_1837.jpg,[],[],[]
b2045fbc_1807.jpg,[],[],[]
b2045fbc_1656.jpg,[],[],[]
b2045fbc_1960.jpg,[0.8944],"[[315, 149, 385, 280]]","[[315, 148, 385, 279]]"
f044cf1d_63.jpg,[],[],"[[366, 56, 542, 360]]"
9d47d182_388.jpg,[],[],[]
f044cf1d_3.jpg,[],[],"[[340, 21, 512, 351]]"
b2045fbc_1607.jpg,[],[],[]
b2045fbc_1800.jpg,[],[],[]
b2045fbc_670.jpg,[],[],[]
b2045fbc_275.jpg,[0.8446],"[[360, 212, 512, 360]]","[[361, 211, 511, 359]]"
b2045fbc_961.jpg,[0.5181],"[[3, 316, 213, 359]]","[[5, 318, 219, 360]]"
b2045fbc_1201.jpg,[],[],[]
b2045fbc_762.jpg,[],[],[]
b2045fbc_1126.jpg,[],[],[]
9d47d182_64.jpg,[0.9209],"[[375, 226, 507, 360]]","[[376, 226, 506, 358]]"
b2045fbc_122.jpg,[],[],[]
f044cf1d_93.jpg,[],[],[]
b2045fbc_248.jpg,[],[],[]
b2045fbc_1593.jpg,[],[],[]
b2045fbc_142.jpg,[],[],[]
b2045fbc_1159.jpg,[],[],"[[24, 195, 183, 360]]"
b2045fbc_1890.jpg,[0.9372],"[[105, 238, 228, 360]]","[[104, 237, 228, 360]]"
ed2e9e4c_73.jpg,[],[],"[[556, 211, 640, 360]]"
f044cf1d_211.jpg,[],[],[]
b2045fbc_685.jpg,[],[],[]
b2045fbc_1522.jpg,[],[],[]
b2045fbc_1566.jpg,[],[],[]
b2045fbc_722.jpg,[],[],[]
b2045fbc_144.jpg,[],[],[]
9d47d182_295.jpg,[],[],"[[380, 74, 564, 316]]"
f044cf1d_262.jpg,[],[],[]
b2045fbc_1679.jpg,[0.7891],"[[48, 318, 173, 359]]","[[48, 318, 172, 359]]"
b2045fbc_304.jpg,[],[],"[[376, 294, 496, 360]]"
b2045fbc_791.jpg,[],[],[]
b2045fbc_1255.jpg,[],[],[]
b2045fbc_911.jpg,[],[],[]
b2045fbc_24.jpg,[],[],[]
b2045fbc_1293.jpg,[],[],[]
b2045fbc_2073.jpg,[],[],[]
b2045fbc_125.jpg,[],[],[]
b2045fbc_2068.jpg,[],[],[]
b2045fbc_1533.jpg,[],[],[]
b2045fbc_986.jpg,[],[],[]
b2045fbc_419.jpg,[],[],[]
b2045fbc_587.jpg,[],[],[]
b2045fbc_169.jpg,[],[],[]
b2045fbc_1942.jpg,[],[],"[[1, 246, 46, 262]]"
b2045fbc_13.jpg,[0.9117],"[[83, 206, 210, 358]]","[[83, 206, 208, 356]]"
b2045fbc_1594.jpg,[],[],[]
f044cf1d_129.jpg,[],[],"[[366, 38, 520, 327]]"
b2045fbc_703.jpg,[],[],[]
9d47d182_229.jpg,[],[],"[[327, 63, 545, 354]]"
b2045fbc_1560.jpg,[],[],[]
b2045fbc_417.jpg,[],[],[]
9d47d182_233.jpg,[0.6968],"[[363, 81, 494, 336]]","[[365, 79, 490, 324]]"
f044cf1d_84.jpg,[],[],[]
f044cf1d_260.jpg,[],[],[]
b2045fbc_1715.jpg,[],[],[]
b2045fbc_56.jpg,[],[],[]
f044cf1d_121.jpg,[],[],"[[384, 39, 531, 324]]"
b2045fbc_871.jpg,[],[],[]
b2045fbc_547.jpg,[],[],[]
b2045fbc_705.jpg,[],[],[]
f044cf1d_221.jpg,[0.8437],"[[363, 54, 551, 357]]","[[364, 58, 548, 351]]"
b2045fbc_669.jpg,[],[],[]
b2045fbc_665.jpg,[],[],[]
b2045fbc_262.jpg,[],[],[]
f044cf1d_179.jpg,[],[],[]
9d47d182_225.jpg,[],[],"[[407, 170, 515, 354]]"
9d47d182_120.jpg,[],[],"[[428, 104, 592, 341]]"
f044cf1d_5.jpg,[0.3259],"[[344, 24, 536, 335]]","[[345, 23, 511, 352]]"
b2045fbc_1995.jpg,[],[],[]
b2045fbc_883.jpg,[],[],[]
b2045fbc_1113.jpg,[],[],[]
b2045fbc_1856.jpg,[0.9411],"[[99, 239, 226, 359]]","[[99, 238, 225, 359]]"
9d47d182_111.jpg,[],[],"[[439, 97, 589, 338]]"
b2045fbc_875.jpg,[],[],[]
b2045fbc_1745.jpg,[],[],[]
b2045fbc_1855.jpg,[],[],[]
b2045fbc_358.jpg,[],[],[]
b2045fbc_2040.jpg,[],[],[]
b2045fbc_1993.jpg,[],[],[]
9d47d182_130.jpg,[0.393],"[[415, 111, 581, 346]]","[[415, 110, 581, 343]]"
9d47d182_180.jpg,[0.4542],"[[424, 245, 553, 360]]","[[425, 246, 551, 359]]"
b2045fbc_1511.jpg,[],[],[]
b2045fbc_462.jpg,[],[],[]
b2045fbc_595.jpg,[0.8773],"[[319, 224, 516, 359]]","[[319, 225, 516, 358]]"
ed2e9e4c_31.jpg,[0.7994],"[[322, 152, 415, 296]]","[[321, 151, 414, 298]]"
b2045fbc_1571.jpg,[],[],[]
f044cf1d_95.jpg,[],[],"[[346, 1, 510, 254]]"
b2045fbc_1873.jpg,[],[],"[[33, 302, 95, 329]]"
b2045fbc_894.jpg,[],[],[]
f044cf1d_48.jpg,[],[],"[[366, 7, 548, 345]]"
9d47d182_195.jpg,[0.4644],"[[402, 178, 518, 360]]","[[402, 177, 518, 357]]"
b2045fbc_985.jpg,[],[],[]
b2045fbc_1596.jpg,[],[],[]
b2045fbc_1674.jpg,[],[],[]
b2045fbc_1290.jpg,[],[],[]
9d47d182_366.jpg,[0.9092],"[[296, 247, 422, 359]]","[[296, 247, 420, 359]]"
b2045fbc_1925.jpg,[],[],[]
9d47d182_408.jpg,[],[],"[[399, 263, 509, 360]]"
b2045fbc_73.jpg,[],[],[]
ed2e9e4c_27.jpg,[0.9293],"[[304, 195, 448, 359]]","[[304, 195, 448, 358]]"
b2045fbc_1833.jpg,[],[],[]
b2045fbc_1968.jpg,[0.8994],"[[312, 304, 371, 360]]","[[312, 303, 370, 360]]"
b2045fbc_1359.jpg,[],[],[]
b2045fbc_226.jpg,[],[],[]
b2045fbc_1254.jpg,[],[],[]
b2045fbc_682.jpg,[],[],[]
b2045fbc_485.jpg,[],[],[]
9d47d182_26.jpg,[],[],[]
b2045fbc_1693.jpg,[],[],[]
9d47d182_409.jpg,[],[],"[[398, 264, 512, 360]]"
b2045fbc_409.jpg,[],[],[]
b2045fbc_1425.jpg,[],[],[]
b2045fbc_1383.jpg,[],[],[]
f044cf1d_227.jpg,[0.8577],"[[347, 59, 539, 360]]","[[350, 64, 534, 360]]"
b2045fbc_294.jpg,[],[],[]
b2045fbc_292.jpg,[],[],"[[495, 258, 640, 360]]"
9d47d182_215.jpg,[],[],"[[400, 155, 527, 356]]"
b2045fbc_1010.jpg,[],[],[]
9d47d182_125.jpg,[0.317],"[[425, 110, 585, 323]]","[[426, 106, 589, 343]]"
b2045fbc_1400.jpg,[],[],[]
ed2e9e4c_44.jpg,[0.8725],"[[582, 183, 640, 358]]","[[585, 182, 639, 360]]"
b2045fbc_2008.jpg,[],[],"[[50, 309, 176, 360]]"
b2045fbc_1073.jpg,[],[],[]
b2045fbc_1250.jpg,[],[],[]
b2045fbc_1483.jpg,[],[],[]
b2045fbc_618.jpg,[],[],[]
b2045fbc_1475.jpg,[],[],[]
b2045fbc_598.jpg,[0.8989],"[[290, 189, 460, 360]]","[[291, 189, 460, 358]]"
f044cf1d_10.jpg,[],[],"[[346, 26, 518, 355]]"
b2045fbc_1453.jpg,[],[],[]
9d47d182_307.jpg,[],[],"[[375, 90, 552, 327]]"
b2045fbc_442.jpg,[],[],[]
ed2e9e4c_18.jpg,[],[],[]
b2045fbc_131.jpg,[],[],[]
b2045fbc_347.jpg,[],[],[]
b2045fbc_1744.jpg,[],[],[]
9aa3bbb8_20.jpg,[],[],[]
b2045fbc_2049.jpg,[],[],[]
9d47d182_107.jpg,[],[],[]
b2045fbc_1308.jpg,[],[],[]
b2045fbc_1868.jpg,[0.941],"[[100, 239, 230, 359]]","[[101, 238, 230, 359]]"
b2045fbc_539.jpg,[0.6825],"[[162, 197, 249, 357]]","[[161, 197, 247, 355]]"
b2045fbc_1683.jpg,[],[],[]
b2045fbc_946.jpg,[],[],[]
b2045fbc_1460.jpg,[],[],[]
b2045fbc_930.jpg,[],[],[]
b2045fbc_1581.jpg,[],[],[]
b2045fbc_816.jpg,[],[],[]
b2045fbc_1370.jpg,[],[],[]
b2045fbc_1692.jpg,[],[],[]
9d47d182_325.jpg,[],[],"[[397, 129, 525, 338]]"
f044cf1d_101.jpg,[],[],[]
b2045fbc_1141.jpg,[],[],[]
f044cf1d_18.jpg,[],[],"[[354, 34, 522, 360]]"
9aa3bbb8_1.jpg,[],[],[]
b2045fbc_588.jpg,[],[],[]
9d47d182_232.jpg,[0.8131],"[[369, 62, 501, 314]]","[[369, 56, 499, 307]]"
f044cf1d_212.jpg,[],[],[]
9d47d182_270.jpg,[],[],[]
b2045fbc_862.jpg,[],[],[]
b2045fbc_752.jpg,[],[],[]
f044cf1d_148.jpg,[0.8465],"[[353, 92, 504, 352]]","[[353, 92, 501, 343]]"
b2045fbc_1640.jpg,[0.8992],"[[435, 170, 556, 359]]","[[436, 169, 554, 358]]"
f044cf1d_105.jpg,[],[],"[[381, 36, 531, 322]]"
b2045fbc_674.jpg,[],[],[]
f044cf1d_26.jpg,[],[],[]
b2045fbc_838.jpg,[0.9168],"[[352, 286, 479, 360]]","[[352, 285, 479, 358]]"
9d47d182_360.jpg,[],[],"[[386, 140, 494, 332]]"
b2045fbc_145.jpg,[],[],[]
f044cf1d_152.jpg,[0.8747],"[[349, 90, 514, 360]]","[[348, 92, 508, 360]]"
b2045fbc_736.jpg,[],[],[]
9d47d182_361.jpg,[],[],"[[384, 140, 495, 332]]"
b2045fbc_1357.jpg,[],[],[]
b2045fbc_1919.jpg,[],[],[]
b2045fbc_760.jpg,[],[],[]
b2045fbc_1332.jpg,[],[],[]
ed2e9e4c_20.jpg,[0.9273],"[[261, 271, 444, 359]]","[[260, 271, 444, 358]]"
b2045fbc_623.jpg,[],[],[]
9d47d182_108.jpg,[],[],[]
9d47d182_102.jpg,[],[],"[[86, 249, 201, 360]]"
b2045fbc_721.jpg,[],[],[]
f044cf1d_99.jpg,[0.2969],"[[378, 37, 541, 260]]","[[381, 37, 531, 322]]"
b2045fbc_907.jpg,[],[],[]
b2045fbc_1271.jpg,[],[],[]
b2045fbc_1894.jpg,[],[],[]
b2045fbc_866.jpg,[],[],[]
ed2e9e4c_53.jpg,[0.9156],"[[569, 186, 640, 359]]","[[570, 186, 638, 354]]"
9d47d182_104.jpg,[],[],[]
b2045fbc_179.jpg,[],[],[]
9d47d182_110.jpg,[],[],"[[501, 103, 639, 342]]"
b2045fbc_1652.jpg,[],[],[]
b2045fbc_1758.jpg,[],[],[]
b2045fbc_1982.jpg,[0.8584],"[[267, 206, 377, 259]]","[[267, 205, 377, 258]]"
b2045fbc_376.jpg,[],[],[]
b2045fbc_1518.jpg,[],[],[]
b2045fbc_1595.jpg,[],[],[]
b2045fbc_160.jpg,[],[],[]
b2045fbc_1697.jpg,[],[],[]
b2045fbc_802.jpg,[],[],[]
b2045fbc_290.jpg,[],[],"[[512, 280, 640, 360]]"
b2045fbc_1704.jpg,[],[],[]
b2045fbc_613.jpg,[],[],[]
b2045fbc_1776.jpg,[],[],[]
b2045fbc_466.jpg,[],[],[]
b2045fbc_1782.jpg,[],[],[]
b2045fbc_1263.jpg,[],[],[]
b2045fbc_1694.jpg,[],[],[]
9d47d182_335.jpg,[],[],[]
b2045fbc_1402.jpg,[],[],[]
b2045fbc_2048.jpg,[],[],[]
b2045fbc_321.jpg,[],[],[]
b2045fbc_695.jpg,[],[],[]
b2045fbc_126.jpg,[],[],[]
b2045fbc_450.jpg,[],[],[]
9aa3bbb8_90.jpg,[],[],[]
9d47d182_75.jpg,[],[],[]
b2045fbc_1186.jpg,[0.8511],"[[57, 217, 191, 359]]","[[57, 217, 190, 360]]"
b2045fbc_1713.jpg,[],[],[]
f044cf1d_248.jpg,[0.7492],"[[348, 66, 535, 360]]","[[349, 70, 527, 360]]"
b2045fbc_1278.jpg,[],[],[]
b2045fbc_1903.jpg,[],[],[]
b2045fbc_1582.jpg,[],[],[]
b2045fbc_1093.jpg,[],[],[]
ed2e9e4c_74.jpg,[],[],"[[554, 210, 640, 360]]"
b2045fbc_1888.jpg,[],[],"[[8, 209, 79, 254]]"
b2045fbc_1878.jpg,[],[],"[[178, 221, 229, 246]]"
9aa3bbb8_45.jpg,[0.9022],"[[465, 143, 597, 359]]","[[467, 142, 595, 360]]"
f044cf1d_104.jpg,[],[],"[[383, 37, 532, 322]]"
b2045fbc_1148.jpg,[],[],[]
b2045fbc_1841.jpg,[],[],[]
b2045fbc_2005.jpg,[],[],"[[24, 300, 155, 351]]"
9aa3bbb8_56.jpg,[],[],[]
b2045fbc_1287.jpg,[],[],[]
b2045fbc_459.jpg,[],[],[]
b2045fbc_2062.jpg,[],[],[]
b2045fbc_1664.jpg,[],[],[]
9d47d182_377.jpg,[],[],[]
f044cf1d_9.jpg,[],[],"[[345, 26, 518, 356]]"
b2045fbc_1762.jpg,[],[],[]
9aa3bbb8_39.jpg,[0.8981],"[[477, 138, 609, 359]]","[[477, 138, 607, 358]]"
9d47d182_35.jpg,[],[],[]
b2045fbc_507.jpg,[],[],"[[50, 204, 202, 358]]"
9d47d182_310.jpg,[],[],"[[373, 91, 551, 328]]"
b2045fbc_93.jpg,[],[],[]
b2045fbc_103.jpg,[],[],[]
b2045fbc_906.jpg,[],[],[]
b2045fbc_852.jpg,[],[],[]
b2045fbc_1816.jpg,[],[],[]
b2045fbc_550.jpg,[0.9049],"[[167, 199, 253, 357]]","[[167, 199, 252, 356]]"
9d47d182_278.jpg,[],[],[]
b2045fbc_324.jpg,[],[],[]
9d47d182_47.jpg,[0.891],"[[374, 142, 489, 359]]","[[375, 143, 489, 356]]"
b2045fbc_426.jpg,[],[],[]
b2045fbc_1696.jpg,[],[],[]
b2045fbc_1986.jpg,[0.8713],"[[273, 204, 382, 257]]","[[273, 204, 382, 258]]"
b2045fbc_943.jpg,[],[],"[[0, 328, 192, 359]]"
b2045fbc_745.jpg,[],[],[]
b2045fbc_730.jpg,[],[],[]
b2045fbc_1863.jpg,[],[],[]
b2045fbc_1433.jpg,[],[],[]
b2045fbc_1502.jpg,[],[],[]
b2045fbc_1059.jpg,[0.712],"[[0, 305, 139, 359]]","[[0, 304, 191, 360]]"
b2045fbc_1168.jpg,[],[],[]
f044cf1d_201.jpg,[],[],[]
b2045fbc_370.jpg,[],[],[]
f044cf1d_62.jpg,[],[],"[[358, 51, 537, 360]]"
ed2e9e4c_11.jpg,[],[],[]
b2045fbc_594.jpg,[0.4805],"[[321, 218, 516, 359]]","[[321, 217, 515, 358]]"
b2045fbc_141.jpg,[],[],[]
f044cf1d_113.jpg,[],[],[]
b2045fbc_37.jpg,[],[],[]
b2045fbc_295.jpg,[],[],[]
b2045fbc_1844.jpg,[],[],[]
b2045fbc_1021.jpg,[],[],"[[0, 321, 219, 360]]"
9d47d182_39.jpg,[0.8381],"[[376, 205, 503, 360]]","[[377, 206, 501, 358]]"
9d47d182_73.jpg,[],[],"[[506, 277, 640, 360]]"
b2045fbc_1660.jpg,[],[],[]
b2045fbc_1194.jpg,[0.8082],"[[56, 218, 198, 359]]","[[56, 217, 199, 359]]"
b2045fbc_1347.jpg,[],[],[]
f044cf1d_22.jpg,[],[],[]
b2045fbc_211.jpg,[],[],[]
b2045fbc_1085.jpg,[],[],[]
b2045fbc_90.jpg,[],[],[]
b2045fbc_1344.jpg,[],[],[]
9d47d182_348.jpg,[],[],"[[392, 139, 502, 332]]"
b2045fbc_1447.jpg,[],[],[]
9d47d182_262.jpg,[0.9315],"[[369, 261, 492, 360]]","[[370, 261, 492, 360]]"
b2045fbc_1798.jpg,[],[],[]
b2045fbc_250.jpg,[0.6343],"[[351, 184, 471, 322]]","[[351, 183, 465, 322]]"
9d47d182_265.jpg,[0.9395],"[[360, 262, 481, 359]]","[[360, 261, 480, 358]]"
9d47d182_93.jpg,[],[],"[[92, 279, 199, 358]]"
9d47d182_359.jpg,[],[],"[[384, 139, 496, 332]]"
b2045fbc_28.jpg,[],[],[]
f044cf1d_161.jpg,[],[],"[[354, 69, 505, 347]]"
b2045fbc_653.jpg,[],[],[]
b2045fbc_1956.jpg,[],[],[]
ed2e9e4c_70.jpg,[0.5224],"[[543, 215, 640, 360]]","[[544, 212, 640, 359]]"
b2045fbc_239.jpg,[],[],[]
9d47d182_271.jpg,[],[],[]
b2045fbc_516.jpg,[],[],"[[63, 203, 208, 358]]"
b2045fbc_272.jpg,[0.2645],"[[358, 217, 512, 359]]","[[359, 219, 512, 360]]"
f044cf1d_142.jpg,"[0.6461, 0.5277]","[[349, 87, 447, 348], [350, 87, 487, 349]]","[[349, 85, 499, 359]]"
b2045fbc_1086.jpg,[],[],[]
9d47d182_260.jpg,[0.8078],"[[384, 93, 572, 342]]","[[385, 94, 581, 360]]"
b2045fbc_504.jpg,[],[],[]
9d47d182_211.jpg,[],[],"[[411, 154, 532, 354]]"
b2045fbc_490.jpg,[],[],[]
b2045fbc_446.jpg,[],[],[]
9aa3bbb8_55.jpg,[],[],[]
b2045fbc_1387.jpg,[],[],[]
b2045fbc_754.jpg,[],[],[]
b2045fbc_1567.jpg,[],[],[]
9aa3bbb8_103.jpg,[],[],[]
f044cf1d_208.jpg,[],[],"[[393, 75, 538, 343]]"
b2045fbc_1677.jpg,[],[],[]
ed2e9e4c_57.jpg,[0.9135],"[[570, 188, 640, 359]]","[[570, 189, 638, 355]]"
b2045fbc_734.jpg,[],[],[]
b2045fbc_2020.jpg,[],[],"[[55, 311, 173, 359]]"
b2045fbc_560.jpg,[],[],[]
9d47d182_57.jpg,[],[],[]
9aa3bbb8_40.jpg,[],[],[]
9d47d182_284.jpg,[],[],[]
b2045fbc_1561.jpg,[],[],[]
b2045fbc_217.jpg,[],[],[]
b2045fbc_2057.jpg,[],[],[]
f044cf1d_17.jpg,[],[],"[[356, 33, 524, 360]]"
9d47d182_306.jpg,[],[],"[[374, 89, 557, 327]]"
b2045fbc_105.jpg,[],[],[]
b2045fbc_2039.jpg,[],[],[]
b2045fbc_16.jpg,[0.9015],"[[92, 208, 218, 359]]","[[92, 208, 216, 359]]"
f044cf1d_119.jpg,[],[],"[[383, 37, 531, 323]]"
b2045fbc_63.jpg,[],[],[]
9d47d182_340.jpg,[],[],[]
b2045fbc_1356.jpg,[],[],[]
b2045fbc_1908.jpg,[],[],[]
b2045fbc_1192.jpg,[0.8791],"[[51, 221, 197, 360]]","[[52, 220, 196, 359]]"
b2045fbc_1619.jpg,[],[],"[[363, 102, 541, 343]]"
b2045fbc_425.jpg,[],[],[]
9d47d182_280.jpg,[],[],[]
b2045fbc_1639.jpg,[0.9152],"[[426, 168, 555, 358]]","[[428, 168, 554, 357]]"
b2045fbc_765.jpg,[],[],[]
b2045fbc_860.jpg,[],[],[]
b2045fbc_384.jpg,[],[],[]
b2045fbc_969.jpg,[0.7545],"[[38, 319, 219, 360]]","[[38, 320, 220, 359]]"
b2045fbc_1339.jpg,[],[],[]
b2045fbc_994.jpg,[],[],[]
b2045fbc_1368.jpg,[],[],[]
b2045fbc_1474.jpg,[],[],[]
ed2e9e4c_22.jpg,[0.9327],"[[292, 288, 475, 359]]","[[291, 286, 475, 358]]"
b2045fbc_855.jpg,[],[],[]
f044cf1d_47.jpg,[],[],"[[364, 4, 543, 342]]"
b2045fbc_1580.jpg,[],[],[]
b2045fbc_97.jpg,[],[],[]
b2045fbc_1865.jpg,[],[],[]
b2045fbc_951.jpg,[0.2887],"[[2, 315, 216, 360]]","[[1, 319, 210, 359]]"
b2045fbc_382.jpg,[],[],[]
b2045fbc_1297.jpg,[],[],[]
b2045fbc_224.jpg,[],[],[]
b2045fbc_551.jpg,[0.9071],"[[166, 198, 253, 356]]","[[167, 198, 253, 355]]"
b2045fbc_194.jpg,[],[],[]
b2045fbc_198.jpg,[],[],[]
b2045fbc_1698.jpg,[],[],[]
b2045fbc_1377.jpg,[],[],[]
b2045fbc_1012.jpg,[],[],[]
b2045fbc_1719.jpg,[],[],[]
b2045fbc_1799.jpg,[],[],[]
b2045fbc_392.jpg,[],[],[]
b2045fbc_1477.jpg,[],[],[]
9aa3bbb8_12.jpg,[],[],[]
9d47d182_341.jpg,[],[],"[[389, 118, 513, 325]]"
9d47d182_373.jpg,[],[],[]
b2045fbc_1651.jpg,[],[],[]
f044cf1d_1.jpg,[],[],[]
b2045fbc_1804.jpg,[],[],[]
b2045fbc_681.jpg,[],[],[]
b2045fbc_977.jpg,[],[],[]
b2045fbc_1515.jpg,[],[],[]
b2045fbc_1795.jpg,[],[],[]
b2045fbc_501.jpg,[],[],[]
b2045fbc_1554.jpg,[],[],[]
b2045fbc_252.jpg,[0.8682],"[[358, 102, 492, 351]]","[[360, 102, 492, 349]]"
b2045fbc_889.jpg,[],[],[]
b2045fbc_1182.jpg,[0.8664],"[[37, 209, 189, 358]]","[[36, 208, 187, 359]]"
b2045fbc_630.jpg,[],[],[]
b2045fbc_1083.jpg,[],[],[]
b2045fbc_76.jpg,[],[],[]
b2045fbc_672.jpg,[],[],[]
9d47d182_58.jpg,[],[],"[[395, 259, 509, 360]]"
b2045fbc_464.jpg,[],[],[]
b2045fbc_1351.jpg,[],[],[]
b2045fbc_344.jpg,[],[],[]
b2045fbc_1831.jpg,[],[],[]
9d47d182_392.jpg,[],[],"[[416, 271, 528, 359]]"
b2045fbc_1599.jpg,[],[],[]
b2045fbc_511.jpg,[],[],"[[62, 199, 210, 359]]"
b2045fbc_967.jpg,[0.3159],"[[20, 320, 196, 360]]","[[21, 320, 215, 359]]"
b2045fbc_1523.jpg,[0.8341],"[[278, 200, 365, 351]]","[[277, 200, 366, 352]]"
b2045fbc_303.jpg,[],[],"[[353, 236, 591, 360]]"
f044cf1d_60.jpg,[],[],"[[300, 14, 476, 352]]"
b2045fbc_1760.jpg,[],[],[]
ed2e9e4c_81.jpg,[0.9183],"[[529, 212, 640, 360]]","[[529, 212, 639, 359]]"
9d47d182_7.jpg,[],[],[]
b2045fbc_1609.jpg,[],[],[]
b2045fbc_655.jpg,[],[],[]
b2045fbc_309.jpg,[],[],[]
b2045fbc_847.jpg,[],[],[]
b2045fbc_1108.jpg,[],[],[]
b2045fbc_1096.jpg,[],[],[]
f044cf1d_157.jpg,[],[],[]
b2045fbc_301.jpg,[0.8291],"[[140, 257, 458, 359]]","[[147, 257, 465, 359]]"
b2045fbc_240.jpg,[],[],[]
b2045fbc_452.jpg,[],[],[]
b2045fbc_316.jpg,[0.9194],"[[64, 298, 184, 359]]","[[64, 297, 184, 358]]"
9d47d182_119.jpg,[],[],"[[431, 103, 595, 341]]"
b2045fbc_786.jpg,[],[],[]
b2045fbc_1142.jpg,[],[],[]
b2045fbc_139.jpg,[],[],[]
9aa3bbb8_18.jpg,[],[],[]
b2045fbc_1655.jpg,[],[],[]
b2045fbc_212.jpg,[],[],[]
b2045fbc_947.jpg,[],[],"[[1, 328, 197, 359]]"
b2045fbc_1304.jpg,[],[],[]
b2045fbc_1794.jpg,[],[],[]
b2045fbc_166.jpg,[],[],[]
b2045fbc_1363.jpg,[],[],[]
b2045fbc_325.jpg,[],[],[]
b2045fbc_1160.jpg,[0.6932],"[[63, 180, 193, 343]]","[[63, 180, 192, 342]]"
b2045fbc_1229.jpg,[],[],[]
b2045fbc_1881.jpg,[],[],[]
b2045fbc_1584.jpg,[],[],[]
9d47d182_286.jpg,[],[],[]
b2045fbc_2032.jpg,[],[],[]
9d47d182_353.jpg,[],[],"[[389, 139, 498, 332]]"
b2045fbc_1612.jpg,[],[],[]
b2045fbc_1465.jpg,[],[],[]
9aa3bbb8_97.jpg,[],[],[]
b2045fbc_1930.jpg,[],[],[]
b2045fbc_616.jpg,[],[],[]
b2045fbc_4.jpg,[0.8852],"[[76, 212, 205, 358]]","[[76, 212, 203, 359]]"
b2045fbc_787.jpg,[],[],[]
b2045fbc_668.jpg,[],[],[]
f044cf1d_67.jpg,[],[],"[[392, 66, 570, 360]]"
b2045fbc_1987.jpg,[0.8652],"[[267, 206, 373, 258]]","[[268, 205, 372, 257]]"
b2045fbc_724.jpg,[],[],[]
b2045fbc_1516.jpg,[],[],[]
b2045fbc_1378.jpg,[],[],[]
9d47d182_343.jpg,[],[],"[[404, 135, 510, 328]]"
9d47d182_221.jpg,[],[],"[[398, 169, 518, 354]]"
9aa3bbb8_76.jpg,[],[],[]
f044cf1d_16.jpg,[],[],"[[353, 33, 519, 360]]"
b2045fbc_1945.jpg,[],[],[]
b2045fbc_809.jpg,[],[],[]
b2045fbc_1895.jpg,[],[],[]
b2045fbc_763.jpg,[],[],[]
b2045fbc_1151.jpg,[],[],[]
b2045fbc_2070.jpg,[],[],[]
b2045fbc_113.jpg,[],[],[]
b2045fbc_1261.jpg,[],[],[]
b2045fbc_2031.jpg,[],[],[]
9d47d182_328.jpg,[],[],"[[395, 130, 521, 341]]"
b2045fbc_1002.jpg,[],[],[]
b2045fbc_1948.jpg,[],[],"[[7, 246, 41, 260]]"
b2045fbc_2074.jpg,[],[],[]
b2045fbc_1819.jpg,[],[],[]
b2045fbc_1482.jpg,[],[],[]
b2045fbc_1573.jpg,[],[],"[[314, 80, 534, 352]]"
b2045fbc_815.jpg,[],[],[]
b2045fbc_67.jpg,[],[],[]
b2045fbc_1725.jpg,[],[],[]
b2045fbc_782.jpg,[],[],[]
b2045fbc_1272.jpg,[],[],[]
f044cf1d_255.jpg,[],[],[]
b2045fbc_583.jpg,[],[],[]
b2045fbc_900.jpg,[],[],[]
b2045fbc_1157.jpg,[],[],[]
b2045fbc_1611.jpg,[],[],[]
b2045fbc_1275.jpg,[],[],[]
b2045fbc_1220.jpg,[],[],[]
b2045fbc_1821.jpg,[],[],[]
b2045fbc_389.jpg,[],[],[]
b2045fbc_903.jpg,[],[],[]
b2045fbc_523.jpg,[],[],"[[76, 184, 212, 359]]"
b2045fbc_868.jpg,[],[],[]
b2045fbc_367.jpg,[],[],[]
b2045fbc_1503.jpg,[],[],[]
9aa3bbb8_96.jpg,[],[],[]
b2045fbc_397.jpg,[],[],[]
9d47d182_128.jpg,[0.2896],"[[420, 107, 588, 345]]","[[421, 108, 583, 330]]"
9d47d182_263.jpg,[0.94],"[[366, 262, 490, 359]]","[[366, 262, 489, 358]]"
b2045fbc_1403.jpg,[],[],[]
b2045fbc_1423.jpg,[],[],[]
b2045fbc_1884.jpg,[],[],[]
b2045fbc_1338.jpg,[],[],[]
b2045fbc_727.jpg,[],[],[]
b2045fbc_531.jpg,[0.6029],"[[124, 187, 234, 360]]","[[127, 187, 233, 358]]"
b2045fbc_1785.jpg,[],[],[]
b2045fbc_935.jpg,[],[],[]
b2045fbc_1537.jpg,[],[],[]
9aa3bbb8_26.jpg,[],[],[]
b2045fbc_69.jpg,[],[],[]
b2045fbc_280.jpg,[],[],[]
b2045fbc_10.jpg,[0.8152],"[[87, 206, 210, 358]]","[[87, 205, 209, 356]]"
b2045fbc_1480.jpg,[],[],[]
b2045fbc_1247.jpg,[],[],[]
9d47d182_222.jpg,[],[],"[[405, 167, 517, 354]]"
b2045fbc_408.jpg,[],[],[]
b2045fbc_1724.jpg,[],[],[]
b2045fbc_1466.jpg,[],[],[]
ed2e9e4c_50.jpg,[0.8959],"[[573, 183, 640, 359]]","[[575, 183, 640, 356]]"
9d47d182_419.jpg,[],[],[]
f044cf1d_150.jpg,[0.6628],"[[348, 95, 467, 357]]","[[350, 95, 496, 344]]"
b2045fbc_589.jpg,[],[],[]
b2045fbc_545.jpg,[0.8964],"[[168, 199, 254, 358]]","[[167, 199, 252, 358]]"
f044cf1d_89.jpg,[],[],[]
b2045fbc_469.jpg,[],[],[]
b2045fbc_1970.jpg,[0.8811],"[[313, 308, 373, 359]]","[[313, 307, 373, 359]]"
b2045fbc_1768.jpg,[],[],[]
b2045fbc_1252.jpg,[],[],[]
f044cf1d_281.jpg,[],[],"[[337, 19, 515, 360]]"
b2045fbc_830.jpg,[],[],[]
b2045fbc_928.jpg,[],[],[]
b2045fbc_36.jpg,[],[],[]
b2045fbc_488.jpg,[],[],[]
b2045fbc_404.jpg,[],[],[]
b2045fbc_1203.jpg,[],[],[]
b2045fbc_1869.jpg,[],[],"[[56, 279, 107, 312]]"
b2045fbc_1812.jpg,[0.9411],"[[103, 236, 230, 359]]","[[103, 236, 229, 360]]"
b2045fbc_1311.jpg,[],[],[]
b2045fbc_1932.jpg,[],[],[]
b2045fbc_627.jpg,[],[],[]
b2045fbc_554.jpg,[0.2878],"[[165, 147, 264, 326]]","[[166, 148, 262, 323]]"
b2045fbc_327.jpg,[],[],[]
b2045fbc_329.jpg,[],[],[]
ed2e9e4c_25.jpg,[0.9256],"[[313, 247, 489, 359]]","[[315, 247, 489, 359]]"
b2045fbc_1485.jpg,[],[],[]
f044cf1d_144.jpg,[0.8014],"[[348, 89, 501, 355]]","[[349, 89, 499, 346]]"
b2045fbc_1056.jpg,[0.4862],"[[0, 289, 191, 360]]","[[0, 289, 191, 359]]"
b2045fbc_1267.jpg,[],[],[]
b2045fbc_1109.jpg,[],[],[]
9d47d182_92.jpg,[],[],"[[98, 280, 217, 360]]"
b2045fbc_1095.jpg,[],[],[]
b2045fbc_940.jpg,[],[],[]
9d47d182_66.jpg,[0.505],"[[384, 227, 512, 359]]","[[385, 228, 510, 360]]"
b2045fbc_359.jpg,[],[],[]
9d47d182_321.jpg,[],[],"[[369, 95, 546, 332]]"
b2045fbc_380.jpg,[],[],[]
b2045fbc_138.jpg,[],[],[]
b2045fbc_1217.jpg,[],[],[]
b2045fbc_1207.jpg,[],[],[]
b2045fbc_229.jpg,[],[],[]
b2045fbc_1979.jpg,[],[],[]
9d47d182_151.jpg,[0.8357],"[[412, 79, 548, 305]]","[[414, 78, 553, 306]]"
b2045fbc_146.jpg,[],[],[]
9d47d182_36.jpg,[0.8376],"[[378, 213, 505, 360]]","[[380, 213, 504, 358]]"
b2045fbc_1024.jpg,[],[],[]
b2045fbc_1269.jpg,[],[],[]
f044cf1d_245.jpg,[0.8491],"[[349, 63, 530, 360]]","[[351, 67, 528, 360]]"
f044cf1d_274.jpg,[],[],[]
ed2e9e4c_32.jpg,[0.7962],"[[321, 154, 414, 303]]","[[321, 152, 414, 311]]"
9aa3bbb8_74.jpg,[],[],[]
9d47d182_33.jpg,[],[],[]
b2045fbc_1791.jpg,[],[],[]
b2045fbc_1045.jpg,[0.8578],"[[54, 307, 273, 360]]","[[54, 307, 273, 358]]"
b2045fbc_64.jpg,[],[],[]
b2045fbc_1063.jpg,[0.9004],"[[130, 266, 313, 360]]","[[131, 265, 313, 359]]"
b2045fbc_337.jpg,[],[],[]
f044cf1d_53.jpg,[],[],"[[379, 14, 557, 352]]"
b2045fbc_1316.jpg,[],[],[]
b2045fbc_338.jpg,[],[],[]
b2045fbc_1535.jpg,[0.8771],"[[279, 186, 378, 355]]","[[279, 185, 376, 354]]"
b2045fbc_1661.jpg,[],[],[]
b2045fbc_2053.jpg,[],[],[]
b2045fbc_1119.jpg,[],[],[]
9aa3bbb8_64.jpg,[],[],[]
b2045fbc_1827.jpg,[],[],[]
b2045fbc_1384.jpg,[],[],[]
b2045fbc_1569.jpg,[],[],[]
b2045fbc_923.jpg,[],[],[]
b2045fbc_328.jpg,[],[],[]
b2045fbc_1638.jpg,[0.883],"[[429, 169, 552, 359]]","[[431, 168, 551, 357]]"
ed2e9e4c_76.jpg,[0.2569],"[[553, 210, 640, 360]]","[[555, 212, 639, 359]]"
b2045fbc_800.jpg,[],[],[]
b2045fbc_1432.jpg,[],[],[]
b2045fbc_1912.jpg,[0.9179],"[[80, 255, 219, 359]]","[[80, 255, 219, 359]]"
9d47d182_141.jpg,[0.7684],"[[438, 78, 569, 304]]","[[440, 77, 575, 303]]"
b2045fbc_1442.jpg,[],[],[]
ed2e9e4c_6.jpg,[],[],[]
b2045fbc_1040.jpg,[],[],"[[1, 313, 237, 360]]"
b2045fbc_2072.jpg,[],[],[]
b2045fbc_597.jpg,[0.776],"[[309, 208, 495, 360]]","[[311, 208, 495, 358]]"
9d47d182_49.jpg,[],[],"[[448, 266, 596, 359]]"
b2045fbc_926.jpg,[],[],[]
b2045fbc_111.jpg,[],[],[]
b2045fbc_1016.jpg,[],[],[]
b2045fbc_1.jpg,[],[],[]
b2045fbc_9.jpg,[0.9122],"[[84, 205, 209, 358]]","[[85, 205, 207, 355]]"
b2045fbc_1122.jpg,[],[],[]
b2045fbc_1553.jpg,[],[],[]
b2045fbc_558.jpg,[],[],[]
b2045fbc_33.jpg,[],[],[]
b2045fbc_1839.jpg,[],[],[]
b2045fbc_498.jpg,[],[],[]
9d47d182_103.jpg,[],[],[]
b2045fbc_158.jpg,[],[],[]
9aa3bbb8_53.jpg,[],[],[]
b2045fbc_1026.jpg,[],[],"[[0, 345, 199, 360]]"
b2045fbc_215.jpg,[],[],[]
f044cf1d_120.jpg,[],[],"[[383, 39, 531, 323]]"
b2045fbc_1648.jpg,[],[],[]
ed2e9e4c_46.jpg,[0.894],"[[577, 184, 640, 357]]","[[578, 183, 638, 356]]"
ed2e9e4c_7.jpg,[],[],[]
f044cf1d_149.jpg,[0.865],"[[353, 94, 507, 352]]","[[355, 94, 507, 343]]"
b2045fbc_1716.jpg,[],[],[]
b2045fbc_1361.jpg,[],[],[]
b2045fbc_297.jpg,[0.8908],"[[164, 255, 484, 360]]","[[164, 253, 484, 358]]"
b2045fbc_827.jpg,[],[],[]
b2045fbc_1967.jpg,[],[],[]
b2045fbc_1578.jpg,[],[],[]
b2045fbc_115.jpg,[],[],[]
b2045fbc_25.jpg,[],[],[]
b2045fbc_1723.jpg,[],[],[]
b2045fbc_333.jpg,[],[],[]
b2045fbc_1891.jpg,[0.2644],"[[66, 230, 113, 253]]","[[9, 209, 82, 254]]"
9d47d182_365.jpg,[0.7147],"[[280, 254, 418, 359]]","[[281, 255, 418, 359]]"
9d47d182_185.jpg,[],[],"[[414, 243, 542, 358]]"
ed2e9e4c_59.jpg,[0.8883],"[[570, 190, 640, 358]]","[[570, 189, 638, 358]]"
b2045fbc_305.jpg,[],[],"[[376, 290, 494, 360]]"
b2045fbc_460.jpg,[],[],[]
b2045fbc_779.jpg,[],[],[]
f044cf1d_258.jpg,[],[],[]
b2045fbc_1427.jpg,[],[],[]
b2045fbc_1279.jpg,[],[],[]
f044cf1d_118.jpg,[],[],"[[383, 39, 533, 323]]"
9d47d182_214.jpg,[],[],"[[400, 155, 528, 354]]"
f044cf1d_178.jpg,[],[],"[[400, 74, 544, 342]]"
b2045fbc_1390.jpg,[],[],[]
b2045fbc_590.jpg,[],[],[]
ed2e9e4c_42.jpg,[0.7722],"[[593, 177, 640, 359]]","[[594, 180, 640, 360]]"
b2045fbc_410.jpg,[],[],[]
b2045fbc_1277.jpg,[],[],[]
b2045fbc_939.jpg,[],[],"[[1, 335, 177, 360]]"
b2045fbc_341.jpg,[],[],[]
b2045fbc_574.jpg,[],[],[]
f044cf1d_127.jpg,[],[],"[[365, 39, 519, 329]]"
b2045fbc_635.jpg,[],[],[]
9aa3bbb8_82.jpg,[],[],[]
b2045fbc_317.jpg,[0.9106],"[[61, 307, 178, 360]]","[[61, 307, 178, 358]]"
b2045fbc_195.jpg,[],[],[]
b2045fbc_718.jpg,[],[],[]
9d47d182_34.jpg,[0.3092],"[[361, 236, 479, 359]]","[[363, 235, 479, 359]]"
b2045fbc_1107.jpg,[],[],[]
b2045fbc_228.jpg,[],[],[]
b2045fbc_1628.jpg,[0.3618],"[[410, 166, 540, 360]]","[[412, 168, 532, 358]]"
9d47d182_13.jpg,[],[],[]
b2045fbc_386.jpg,[],[],[]
f044cf1d_163.jpg,[],[],"[[353, 66, 503, 342]]"
b2045fbc_1491.jpg,[],[],[]
9d47d182_294.jpg,[0.2664],"[[380, 76, 566, 334]]","[[381, 72, 561, 318]]"
b2045fbc_1266.jpg,[],[],[]
ed2e9e4c_49.jpg,[0.897],"[[571, 183, 640, 359]]","[[573, 183, 639, 354]]"
b2045fbc_285.jpg,[0.8931],"[[374, 200, 529, 360]]","[[374, 201, 529, 360]]"
b2045fbc_694.jpg,[],[],[]
b2045fbc_1870.jpg,[],[],"[[38, 308, 100, 334]]"
9aa3bbb8_13.jpg,[],[],[]
b2045fbc_972.jpg,[],[],[]
9d47d182_76.jpg,[0.8926],"[[415, 295, 533, 360]]","[[415, 294, 533, 358]]"
b2045fbc_1665.jpg,[],[],[]
b2045fbc_1614.jpg,[],[],[]
b2045fbc_857.jpg,[],[],[]
9d47d182_299.jpg,[],[],"[[369, 77, 543, 313]]"
b2045fbc_1069.jpg,[0.8493],"[[104, 271, 289, 359]]","[[102, 269, 290, 356]]"
b2045fbc_770.jpg,[],[],[]
9d47d182_117.jpg,[],[],"[[434, 109, 590, 320]]"
b2045fbc_648.jpg,[],[],[]
9d47d182_1.jpg,[],[],[]
b2045fbc_1747.jpg,[],[],[]
9d47d182_241.jpg,[],[],[]
b2045fbc_801.jpg,[],[],[]
9d47d182_202.jpg,[],[],[]
b2045fbc_1228.jpg,[],[],[]
9d47d182_385.jpg,[],[],[]
b2045fbc_570.jpg,[],[],[]
f044cf1d_76.jpg,[],[],"[[339, 45, 503, 360]]"
9d47d182_148.jpg,[0.6794],"[[420, 79, 557, 304]]","[[421, 78, 561, 304]]"
b2045fbc_430.jpg,[],[],[]
b2045fbc_1212.jpg,[],[],[]
b2045fbc_1889.jpg,[0.3051],"[[64, 226, 111, 252]]","[[3, 208, 77, 253]]"
9d47d182_96.jpg,[],[],"[[87, 273, 201, 359]]"
b2045fbc_264.jpg,[],[],[]
b2045fbc_1548.jpg,[],[],[]
b2045fbc_849.jpg,[],[],[]
b2045fbc_1011.jpg,[],[],[]
b2045fbc_1100.jpg,[],[],[]
b2045fbc_1591.jpg,[],[],[]
b2045fbc_438.jpg,[],[],[]
9d47d182_79.jpg,[],[],[]
b2045fbc_725.jpg,[],[],[]
b2045fbc_1742.jpg,[],[],[]
b2045fbc_1144.jpg,[],[],[]
b2045fbc_884.jpg,[],[],[]
b2045fbc_1043.jpg,[0.7774],"[[4, 309, 224, 359]]","[[4, 309, 251, 360]]"
b2045fbc_503.jpg,[],[],[]
9d47d182_157.jpg,[],[],[]
b2045fbc_204.jpg,[],[],[]
b2045fbc_150.jpg,[],[],[]
f044cf1d_73.jpg,[],[],"[[373, 24, 550, 347]]"
b2045fbc_1231.jpg,[],[],[]
b2045fbc_913.jpg,[],[],[]
b2045fbc_970.jpg,[0.8835],"[[79, 296, 243, 359]]","[[80, 294, 243, 358]]"
b2045fbc_1706.jpg,[],[],[]
b2045fbc_168.jpg,[],[],[]
9d47d182_397.jpg,[],[],"[[404, 262, 511, 358]]"
b2045fbc_183.jpg,[],[],[]
b2045fbc_130.jpg,[],[],[]
b2045fbc_534.jpg,[0.6176],"[[162, 195, 250, 357]]","[[163, 196, 249, 355]]"
b2045fbc_259.jpg,[],[],[]
f044cf1d_220.jpg,[0.8212],"[[359, 51, 557, 359]]","[[367, 57, 553, 351]]"
b2045fbc_234.jpg,[],[],[]
9d47d182_209.jpg,[0.5306],"[[409, 142, 543, 356]]","[[412, 145, 542, 353]]"
b2045fbc_1270.jpg,[],[],[]
b2045fbc_709.jpg,[],[],[]
f044cf1d_61.jpg,[0.4813],"[[344, 46, 530, 285]]","[[347, 46, 525, 360]]"
b2045fbc_1027.jpg,[],[],"[[2, 343, 209, 360]]"
b2045fbc_363.jpg,[],[],[]
b2045fbc_445.jpg,[],[],[]
b2045fbc_1448.jpg,[],[],[]
b2045fbc_1294.jpg,[],[],[]
9d47d182_204.jpg,[],[],[]
b2045fbc_208.jpg,[],[],[]
9d47d182_239.jpg,[],[],[]
b2045fbc_633.jpg,[],[],[]
b2045fbc_1851.jpg,[],[],[]
b2045fbc_1663.jpg,[],[],[]
9d47d182_139.jpg,[0.8776],"[[434, 60, 569, 287]]","[[435, 61, 572, 288]]"
b2045fbc_908.jpg,[],[],[]
b2045fbc_1620.jpg,[],[],[]
f044cf1d_283.jpg,[],[],"[[341, 17, 518, 356]]"
b2045fbc_62.jpg,[],[],[]
b2045fbc_771.jpg,[],[],[]
b2045fbc_963.jpg,[0.2771],"[[11, 309, 198, 360]]","[[12, 311, 224, 359]]"
9aa3bbb8_71.jpg,[],[],[]
b2045fbc_238.jpg,[],[],[]
b2045fbc_383.jpg,[],[],[]
9aa3bbb8_44.jpg,[0.8996],"[[468, 142, 598, 359]]","[[469, 141, 595, 357]]"
f044cf1d_200.jpg,[],[],"[[394, 72, 537, 340]]"
b2045fbc_286.jpg,[0.7286],"[[386, 197, 546, 360]]","[[389, 197, 546, 357]]"
b2045fbc_1181.jpg,[0.8823],"[[42, 209, 191, 359]]","[[41, 207, 189, 358]]"
b2045fbc_1325.jpg,[],[],[]
b2045fbc_478.jpg,[],[],[]
b2045fbc_564.jpg,[],[],[]
b2045fbc_691.jpg,[],[],[]
b2045fbc_1200.jpg,[0.8755],"[[72, 209, 206, 358]]","[[71, 207, 205, 356]]"
b2045fbc_997.jpg,[],[],[]
b2045fbc_680.jpg,[],[],[]
b2045fbc_314.jpg,[],[],[]
b2045fbc_766.jpg,[],[],[]
b2045fbc_1421.jpg,[],[],[]
ed2e9e4c_82.jpg,[],[],"[[531, 208, 640, 360]]"
b2045fbc_893.jpg,[],[],[]
ed2e9e4c_55.jpg,[0.912],"[[572, 188, 640, 359]]","[[574, 188, 638, 355]]"
b2045fbc_334.jpg,[],[],[]
b2045fbc_687.jpg,[],[],[]
b2045fbc_1193.jpg,[0.8367],"[[51, 214, 203, 359]]","[[50, 214, 202, 358]]"
b2045fbc_778.jpg,[],[],[]
b2045fbc_700.jpg,[],[],[]
9aa3bbb8_37.jpg,[0.8999],"[[476, 136, 606, 359]]","[[477, 136, 605, 358]]"
b2045fbc_300.jpg,[0.8122],"[[153, 256, 456, 360]]","[[166, 253, 454, 358]]"
f044cf1d_270.jpg,[],[],[]
b2045fbc_604.jpg,[0.881],"[[316, 171, 486, 360]]","[[318, 171, 485, 360]]"
b2045fbc_2021.jpg,[],[],"[[56, 309, 176, 360]]"
b2045fbc_177.jpg,[],[],[]
b2045fbc_1727.jpg,[],[],[]
b2045fbc_1335.jpg,[],[],[]
b2045fbc_1662.jpg,[],[],[]
b2045fbc_952.jpg,[],[],"[[0, 322, 208, 360]]"
9d47d182_98.jpg,[],[],[]
9aa3bbb8_22.jpg,[],[],[]
b2045fbc_1783.jpg,[],[],[]
f044cf1d_267.jpg,[],[],[]
b2045fbc_86.jpg,[],[],[]
b2045fbc_1521.jpg,[],[],[]
b2045fbc_1505.jpg,[],[],[]
b2045fbc_1490.jpg,[],[],"[[307, 263, 395, 360]]"
b2045fbc_1603.jpg,[],[],[]
b2045fbc_1061.jpg,[0.645],"[[0, 299, 197, 360]]","[[0, 299, 212, 360]]"
b2045fbc_1941.jpg,[],[],"[[1, 247, 43, 262]]"
b2045fbc_374.jpg,[],[],[]
b2045fbc_1590.jpg,[],[],[]
b2045fbc_936.jpg,[],[],[]
b2045fbc_677.jpg,[],[],[]
f044cf1d_46.jpg,[],[],[]
b2045fbc_954.jpg,[0.3449],"[[6, 310, 225, 360]]","[[8, 316, 220, 360]]"
9d47d182_201.jpg,[0.9342],"[[301, 279, 410, 359]]","[[302, 279, 410, 358]]"
f044cf1d_117.jpg,[],[],"[[383, 40, 531, 324]]"
b2045fbc_1671.jpg,[],[],[]
b2045fbc_1764.jpg,[],[],[]
b2045fbc_1283.jpg,[],[],[]
f044cf1d_253.jpg,[0.7858],"[[351, 69, 538, 360]]","[[353, 71, 530, 360]]"
ed2e9e4c_35.jpg,[],[],[]
b2045fbc_878.jpg,[],[],[]
9d47d182_181.jpg,[],[],"[[425, 246, 551, 359]]"
9d47d182_182.jpg,[],[],"[[424, 244, 551, 358]]"
f044cf1d_44.jpg,[],[],"[[354, 5, 534, 343]]"
f044cf1d_41.jpg,[],[],"[[358, 1, 538, 345]]"
b2045fbc_1734.jpg,[],[],[]
9d47d182_364.jpg,[],[],[]
9d47d182_44.jpg,[0.5583],"[[398, 277, 503, 359]]","[[386, 201, 505, 358]]"
b2045fbc_1529.jpg,[],[],[]
b2045fbc_133.jpg,[],[],[]
9d47d182_417.jpg,[],[],[]
9d47d182_63.jpg,[],[],[]
b2045fbc_1710.jpg,[],[],[]
b2045fbc_1924.jpg,[],[],[]
b2045fbc_891.jpg,[],[],[]
b2045fbc_1550.jpg,[],[],[]
b2045fbc_1842.jpg,[],[],[]
b2045fbc_667.jpg,[],[],[]
9d47d182_255.jpg,[0.8046],"[[391, 90, 573, 334]]","[[391, 85, 571, 342]]"
b2045fbc_1051.jpg,[0.6897],"[[94, 287, 286, 357]]","[[93, 286, 287, 357]]"
b2045fbc_955.jpg,[],[],"[[8, 323, 212, 360]]"
b2045fbc_395.jpg,[],[],[]
b2045fbc_1410.jpg,[],[],[]
b2045fbc_960.jpg,[0.668],"[[5, 317, 182, 359]]","[[5, 318, 218, 360]]"
9aa3bbb8_4.jpg,[],[],[]
b2045fbc_312.jpg,[0.917],"[[60, 299, 179, 360]]","[[60, 298, 179, 359]]"
9d47d182_247.jpg,[0.8132],"[[393, 82, 578, 348]]","[[393, 79, 575, 357]]"
b2045fbc_201.jpg,[],[],[]
b2045fbc_184.jpg,[],[],[]
f044cf1d_217.jpg,[0.8574],"[[426, 39, 617, 360]]","[[427, 39, 617, 360]]"
f044cf1d_196.jpg,[],[],"[[395, 75, 541, 343]]"
9d47d182_60.jpg,[],[],[]
b2045fbc_1672.jpg,[],[],[]
b2045fbc_1565.jpg,[],[],[]
b2045fbc_580.jpg,[],[],[]
f044cf1d_205.jpg,[],[],"[[394, 75, 538, 341]]"
b2045fbc_807.jpg,[],[],[]
9d47d182_140.jpg,[0.8525],"[[434, 74, 565, 300]]","[[434, 75, 570, 302]]"
b2045fbc_790.jpg,[],[],[]
b2045fbc_941.jpg,[],[],[]
b2045fbc_1036.jpg,[],[],"[[0, 339, 196, 360]]"
9d47d182_248.jpg,[0.8126],"[[394, 83, 576, 337]]","[[395, 81, 573, 340]]"
b2045fbc_1280.jpg,[],[],[]
b2045fbc_1545.jpg,[],[],[]
b2045fbc_1089.jpg,[],[],[]
b2045fbc_1739.jpg,[],[],[]
b2045fbc_1732.jpg,[],[],[]
9d47d182_323.jpg,[],[],[]
f044cf1d_146.jpg,[],[],[]
b2045fbc_385.jpg,[],[],[]
b2045fbc_85.jpg,[],[],[]
9d47d182_245.jpg,[0.8105],"[[396, 80, 580, 347]]","[[396, 77, 576, 350]]"
b2045fbc_494.jpg,[],[],[]
b2045fbc_1481.jpg,[],[],[]
b2045fbc_989.jpg,[],[],[]
b2045fbc_1434.jpg,[],[],[]
9d47d182_51.jpg,[],[],"[[386, 263, 498, 360]]"
b2045fbc_2050.jpg,[],[],[]
b2045fbc_614.jpg,[],[],[]
b2045fbc_119.jpg,[],[],[]
b2045fbc_1526.jpg,[],[],[]
f044cf1d_114.jpg,[],[],"[[383, 40, 533, 324]]"
b2045fbc_413.jpg,[],[],[]
f044cf1d_122.jpg,[],[],"[[384, 37, 532, 323]]"
b2045fbc_621.jpg,[],[],[]
9d47d182_123.jpg,[0.579],"[[426, 109, 584, 323]]","[[427, 104, 592, 341]]"
b2045fbc_1156.jpg,[],[],[]
b2045fbc_540.jpg,[0.8937],"[[166, 199, 254, 358]]","[[167, 199, 253, 358]]"
b2045fbc_1736.jpg,[],[],[]
b2045fbc_1053.jpg,[0.5608],"[[84, 289, 283, 359]]","[[74, 289, 285, 358]]"
b2045fbc_216.jpg,[],[],[]
b2045fbc_1329.jpg,[],[],[]
b2045fbc_645.jpg,[],[],[]
b2045fbc_1673.jpg,[],[],[]
b2045fbc_1295.jpg,[],[],[]
b2045fbc_1718.jpg,[],[],[]
b2045fbc_775.jpg,[],[],[]
b2045fbc_78.jpg,[],[],[]
b2045fbc_659.jpg,[],[],[]
b2045fbc_624.jpg,[],[],[]
b2045fbc_1825.jpg,[],[],[]
b2045fbc_453.jpg,[],[],[]
b2045fbc_1990.jpg,[],[],[]
b2045fbc_94.jpg,[],[],[]
b2045fbc_1401.jpg,[],[],[]
b2045fbc_222.jpg,[],[],[]
b2045fbc_1810.jpg,[],[],[]
b2045fbc_1980.jpg,[],[],[]
b2045fbc_656.jpg,[],[],[]
b2045fbc_373.jpg,[],[],[]
b2045fbc_737.jpg,[],[],[]
b2045fbc_482.jpg,[],[],[]
ed2e9e4c_40.jpg,[],[],"[[571, 210, 640, 360]]"
ed2e9e4c_21.jpg,[0.9386],"[[277, 282, 460, 359]]","[[276, 280, 460, 359]]"
b2045fbc_1281.jpg,[],[],[]
9aa3bbb8_23.jpg,[],[],[]
b2045fbc_1618.jpg,[],[],[]
b2045fbc_108.jpg,[],[],[]
b2045fbc_27.jpg,[],[],[]
b2045fbc_1997.jpg,[],[],[]
b2045fbc_615.jpg,[],[],[]
9d47d182_407.jpg,[],[],"[[400, 264, 510, 359]]"
9d47d182_23.jpg,[],[],[]
9d47d182_293.jpg,[],[],"[[389, 68, 583, 331]]"
9d47d182_287.jpg,[],[],[]
b2045fbc_456.jpg,[],[],[]
9d47d182_19.jpg,[],[],[]
9d47d182_144.jpg,[0.8465],"[[432, 77, 563, 302]]","[[433, 78, 570, 304]]"
9d47d182_101.jpg,[0.9399],"[[344, 236, 465, 359]]","[[344, 235, 464, 358]]"
b2045fbc_1206.jpg,[],[],[]
b2045fbc_1906.jpg,[],[],[]
f044cf1d_232.jpg,[0.8319],"[[347, 59, 536, 360]]","[[350, 65, 529, 360]]"
b2045fbc_251.jpg,[0.912],"[[351, 101, 488, 351]]","[[351, 100, 487, 349]]"
f044cf1d_33.jpg,[],[],[]
b2045fbc_1379.jpg,[],[],[]
9aa3bbb8_101.jpg,[],[],[]
b2045fbc_2046.jpg,[],[],[]
b2045fbc_650.jpg,[],[],[]
b2045fbc_1006.jpg,[],[],[]
b2045fbc_1411.jpg,[],[],[]
b2045fbc_1296.jpg,[],[],[]
b2045fbc_619.jpg,[],[],[]
b2045fbc_1205.jpg,[],[],[]
b2045fbc_1931.jpg,[],[],[]
9d47d182_99.jpg,[],[],"[[87, 271, 197, 359]]"
b2045fbc_1137.jpg,[],[],[]
ed2e9e4c_79.jpg,[0.8657],"[[549, 213, 640, 359]]","[[546, 213, 638, 360]]"
b2045fbc_1033.jpg,[],[],"[[1, 337, 197, 359]]"
b2045fbc_1937.jpg,[],[],[]
b2045fbc_1497.jpg,[],[],[]
b2045fbc_1735.jpg,[],[],[]
9d47d182_3.jpg,[],[],[]
b2045fbc_1314.jpg,[],[],[]
9d47d182_266.jpg,[],[],[]
b2045fbc_1973.jpg,[0.8826],"[[313, 312, 373, 359]]","[[312, 311, 372, 358]]"
b2045fbc_372.jpg,[],[],[]
b2045fbc_174.jpg,[],[],[]
b2045fbc_1771.jpg,[],[],[]
b2045fbc_278.jpg,[0.6421],"[[368, 205, 520, 360]]","[[367, 204, 521, 360]]"
b2045fbc_1806.jpg,[],[],[]
b2045fbc_956.jpg,[],[],"[[13, 307, 227, 360]]"
b2045fbc_1022.jpg,[],[],"[[0, 322, 212, 360]]"
b2045fbc_840.jpg,[],[],[]
9d47d182_173.jpg,[],[],[]
b2045fbc_1055.jpg,[0.6686],"[[2, 280, 202, 360]]","[[0, 280, 200, 358]]"
f044cf1d_203.jpg,[],[],"[[394, 75, 538, 342]]"
9d47d182_78.jpg,[],[],"[[406, 297, 526, 360]]"
9aa3bbb8_33.jpg,[0.8886],"[[425, 149, 559, 359]]","[[426, 148, 557, 359]]"
b2045fbc_1326.jpg,[],[],[]
9d47d182_106.jpg,[],[],[]
b2045fbc_1625.jpg,[0.7183],"[[400, 165, 536, 360]]","[[401, 165, 531, 360]]"
9d47d182_189.jpg,[],[],"[[436, 240, 552, 360]]"
b2045fbc_1000.jpg,[],[],[]
b2045fbc_1104.jpg,[],[],[]
b2045fbc_154.jpg,[],[],[]
b2045fbc_542.jpg,[0.8981],"[[165, 198, 253, 357]]","[[165, 198, 251, 356]]"
b2045fbc_171.jpg,[],[],[]
b2045fbc_414.jpg,[],[],[]
9d47d182_59.jpg,[],[],"[[406, 259, 518, 360]]"
b2045fbc_1500.jpg,[],[],[]
b2045fbc_487.jpg,[],[],[]
b2045fbc_1635.jpg,[0.8679],"[[423, 167, 554, 359]]","[[424, 168, 551, 358]]"
b2045fbc_489.jpg,[],[],[]
b2045fbc_920.jpg,[],[],[]
9d47d182_55.jpg,[],[],"[[398, 261, 512, 360]]"
f044cf1d_206.jpg,[],[],"[[394, 75, 538, 342]]"
9aa3bbb8_68.jpg,[],[],[]
b2045fbc_1147.jpg,[],[],[]
b2045fbc_1576.jpg,[],[],[]
b2045fbc_499.jpg,[],[],[]
b2045fbc_1479.jpg,[0.6406],"[[319, 269, 420, 359]]","[[318, 268, 418, 358]]"
b2045fbc_1130.jpg,[],[],[]
9d47d182_367.jpg,[0.9224],"[[307, 259, 432, 359]]","[[306, 257, 430, 358]]"
b2045fbc_132.jpg,[],[],[]
f044cf1d_215.jpg,[],[],"[[370, 202, 550, 359]]"
b2045fbc_1120.jpg,[],[],[]
b2045fbc_777.jpg,[],[],[]
b2045fbc_1111.jpg,[],[],[]
b2045fbc_2033.jpg,[],[],[]
b2045fbc_6.jpg,[0.9093],"[[82, 204, 207, 356]]","[[82, 204, 206, 357]]"
b2045fbc_1668.jpg,[0.7114],"[[37, 322, 164, 359]]","[[36, 322, 167, 358]]"
b2045fbc_1936.jpg,[],[],[]
9d47d182_244.jpg,[0.84],"[[398, 76, 582, 351]]","[[396, 74, 578, 353]]"
9d47d182_69.jpg,[],[],"[[394, 230, 518, 359]]"
b2045fbc_52.jpg,[],[],[]
b2045fbc_826.jpg,[],[],[]
b2045fbc_739.jpg,[],[],[]
f044cf1d_268.jpg,[],[],[]
b2045fbc_1066.jpg,[0.8297],"[[103, 272, 295, 357]]","[[106, 273, 297, 349]]"
b2045fbc_690.jpg,[],[],[]
b2045fbc_1282.jpg,[],[],[]
b2045fbc_1374.jpg,[],[],[]
b2045fbc_161.jpg,[],[],[]
b2045fbc_1076.jpg,[],[],[]
b2045fbc_1789.jpg,[],[],[]
b2045fbc_2007.jpg,[],[],"[[49, 307, 179, 360]]"
b2045fbc_1779.jpg,[0.7482],"[[13, 296, 153, 360]]","[[13, 295, 153, 358]]"
b2045fbc_1121.jpg,[],[],[]
f044cf1d_20.jpg,[],[],[]
b2045fbc_2018.jpg,[],[],"[[56, 299, 180, 360]]"
f044cf1d_236.jpg,[0.8633],"[[345, 62, 532, 360]]","[[345, 66, 530, 360]]"
b2045fbc_605.jpg,[0.8961],"[[291, 192, 482, 360]]","[[292, 191, 482, 360]]"
9d47d182_24.jpg,[],[],[]
9aa3bbb8_75.jpg,[],[],[]
b2045fbc_1396.jpg,[],[],[]
f044cf1d_39.jpg,[],[],[]
9d47d182_116.jpg,[],[],"[[440, 108, 596, 330]]"
9d47d182_384.jpg,[],[],[]
b2045fbc_834.jpg,[0.8883],"[[368, 274, 493, 359]]","[[368, 274, 492, 359]]"
f044cf1d_29.jpg,[],[],[]
f044cf1d_210.jpg,[],[],[]
b2045fbc_242.jpg,[],[],[]
b2045fbc_1808.jpg,[],[],[]
b2045fbc_1313.jpg,[],[],[]
b2045fbc_876.jpg,[],[],[]
b2045fbc_1164.jpg,[0.8577],"[[33, 199, 180, 360]]","[[33, 199, 178, 358]]"
f044cf1d_251.jpg,[0.7888],"[[352, 67, 537, 360]]","[[353, 70, 529, 360]]"
b2045fbc_742.jpg,[],[],[]
b2045fbc_513.jpg,[],[],[]
b2045fbc_1430.jpg,[],[],[]
9d47d182_243.jpg,[0.8227],"[[402, 67, 585, 353]]","[[400, 67, 582, 351]]"
b2045fbc_140.jpg,[],[],[]
b2045fbc_740.jpg,[],[],[]
b2045fbc_1057.jpg,[],[],[]
b2045fbc_1606.jpg,[],[],[]
b2045fbc_116.jpg,[],[],[]
b2045fbc_1621.jpg,[0.4178],"[[360, 168, 503, 360]]","[[361, 168, 503, 360]]"
b2045fbc_965.jpg,[0.2709],"[[16, 306, 215, 359]]","[[17, 313, 223, 360]]"
b2045fbc_1763.jpg,[],[],[]
b2045fbc_1822.jpg,[],[],[]
b2045fbc_1123.jpg,[],[],[]
b2045fbc_1813.jpg,[],[],[]
b2045fbc_552.jpg,[0.8988],"[[168, 182, 256, 334]]","[[169, 183, 255, 332]]"
ed2e9e4c_78.jpg,[],[],[]
b2045fbc_129.jpg,[],[],[]
b2045fbc_1861.jpg,[],[],[]
f044cf1d_241.jpg,[0.8685],"[[348, 59, 532, 360]]","[[351, 64, 529, 360]]"
9d47d182_297.jpg,[],[],"[[374, 82, 561, 313]]"
b2045fbc_1991.jpg,[],[],[]
f044cf1d_70.jpg,[0.4067],"[[366, 20, 541, 255]]","[[366, 21, 542, 340]]"
b2045fbc_1820.jpg,[],[],[]
b2045fbc_355.jpg,[],[],[]
b2045fbc_1755.jpg,[],[],[]
f044cf1d_218.jpg,[0.8566],"[[375, 40, 566, 360]]","[[381, 43, 559, 360]]"
9aa3bbb8_11.jpg,[],[],[]
b2045fbc_2017.jpg,[],[],"[[55, 307, 180, 360]]"
b2045fbc_1239.jpg,[],[],[]
b2045fbc_803.jpg,[],[],[]
b2045fbc_99.jpg,[],[],[]
b2045fbc_526.jpg,[],[],"[[85, 198, 221, 358]]"
9aa3bbb8_5.jpg,[],[],[]
b2045fbc_435.jpg,[],[],[]
b2045fbc_1221.jpg,[],[],[]
f044cf1d_65.jpg,[],[],"[[369, 55, 545, 360]]"
b2045fbc_1702.jpg,[],[],[]
9d47d182_94.jpg,[],[],"[[89, 277, 197, 358]]"
b2045fbc_60.jpg,[],[],[]
b2045fbc_1949.jpg,[],[],"[[0, 247, 36, 260]]"
b2045fbc_603.jpg,[0.8593],"[[317, 173, 487, 357]]","[[314, 172, 486, 359]]"
f044cf1d_182.jpg,[],[],"[[399, 75, 543, 343]]"
b2045fbc_1405.jpg,[],[],[]
b2045fbc_89.jpg,[],[],[]
9aa3bbb8_83.jpg,[],[],[]
f044cf1d_35.jpg,[],[],[]
b2045fbc_568.jpg,[],[],[]
b2045fbc_2042.jpg,[],[],[]
b2045fbc_1149.jpg,[],[],[]
b2045fbc_530.jpg,[],[],"[[69, 201, 214, 360]]"
b2045fbc_1473.jpg,[],[],[]
9d47d182_162.jpg,[],[],[]
b2045fbc_51.jpg,[],[],[]
b2045fbc_1469.jpg,[],[],[]
b2045fbc_396.jpg,[],[],[]
b2045fbc_958.jpg,[],[],"[[4, 325, 211, 360]]"
b2045fbc_1154.jpg,[],[],[]
b2045fbc_120.jpg,[],[],[]
f044cf1d_136.jpg,[0.881],"[[349, 66, 522, 360]]","[[348, 67, 516, 359]]"
b2045fbc_1099.jpg,[],[],[]
b2045fbc_1952.jpg,[],[],"[[4, 253, 40, 265]]"
b2045fbc_1809.jpg,[],[],[]
f044cf1d_272.jpg,[],[],[]
9d47d182_147.jpg,[0.6492],"[[424, 80, 557, 304]]","[[426, 77, 564, 304]]"
f044cf1d_130.jpg,[],[],"[[367, 41, 521, 329]]"
9d47d182_333.jpg,[],[],"[[393, 130, 522, 341]]"
9d47d182_414.jpg,[],[],"[[397, 262, 511, 360]]"
b2045fbc_644.jpg,[],[],[]
9d47d182_332.jpg,[],[],"[[395, 131, 529, 345]]"
b2045fbc_1617.jpg,[],[],[]
f044cf1d_2.jpg,[],[],[]
b2045fbc_529.jpg,[],[],"[[72, 202, 211, 359]]"
b2045fbc_156.jpg,[],[],[]
b2045fbc_755.jpg,[],[],[]
9d47d182_112.jpg,[],[],[]
ed2e9e4c_71.jpg,[],[],"[[547, 214, 640, 360]]"
b2045fbc_26.jpg,[],[],[]
b2045fbc_1653.jpg,[],[],[]
ed2e9e4c_36.jpg,[],[],[]
b2045fbc_2047.jpg,[],[],[]
b2045fbc_805.jpg,[],[],[]
b2045fbc_479.jpg,[],[],[]
b2045fbc_1645.jpg,[],[],[]
b2045fbc_1998.jpg,[],[],[]
b2045fbc_276.jpg,[0.8177],"[[360, 210, 511, 360]]","[[361, 210, 511, 360]]"
b2045fbc_1195.jpg,[0.8895],"[[48, 213, 197, 359]]","[[47, 213, 197, 358]]"
b2045fbc_741.jpg,[],[],[]
b2045fbc_427.jpg,[],[],[]
ed2e9e4c_26.jpg,[0.9368],"[[304, 208, 460, 359]]","[[305, 206, 459, 360]]"
b2045fbc_1875.jpg,[],[],"[[33, 302, 95, 331]]"
b2045fbc_362.jpg,[],[],[]
b2045fbc_1761.jpg,[],[],[]
f044cf1d_43.jpg,[],[],"[[358, 4, 538, 333]]"
ed2e9e4c_8.jpg,[],[],[]
b2045fbc_1939.jpg,[],[],"[[1, 228, 41, 248]]"
9d47d182_338.jpg,[],[],"[[395, 131, 532, 344]]"
9d47d182_326.jpg,[],[],"[[397, 129, 523, 338]]"
b2045fbc_92.jpg,[],[],[]
b2045fbc_975.jpg,[],[],[]
b2045fbc_556.jpg,[0.6509],"[[143, 168, 234, 341]]","[[144, 168, 232, 340]]"
b2045fbc_1494.jpg,[],[],[]
f044cf1d_56.jpg,[],[],"[[375, 14, 553, 350]]"
b2045fbc_1575.jpg,[],[],[]
b2045fbc_1163.jpg,[0.8198],"[[37, 194, 186, 359]]","[[35, 194, 185, 358]]"
b2045fbc_919.jpg,[],[],[]
b2045fbc_1162.jpg,[0.81],"[[40, 194, 190, 359]]","[[41, 194, 190, 358]]"
b2045fbc_2065.jpg,[],[],[]
b2045fbc_1457.jpg,[],[],[]
f044cf1d_275.jpg,[],[],[]
ed2e9e4c_69.jpg,[0.7127],"[[544, 214, 640, 359]]","[[544, 216, 639, 360]]"
9d47d182_74.jpg,[],[],[]
b2045fbc_593.jpg,[0.8713],"[[290, 257, 482, 360]]","[[292, 257, 488, 359]]"
f044cf1d_246.jpg,[0.6855],"[[350, 63, 535, 360]]","[[352, 67, 528, 359]]"
b2045fbc_1528.jpg,[],[],[]
9d47d182_166.jpg,[],[],[]
9aa3bbb8_42.jpg,[0.9001],"[[469, 141, 597, 359]]","[[469, 141, 595, 357]]"
b2045fbc_1209.jpg,[],[],[]
9d47d182_114.jpg,[],[],"[[436, 99, 595, 336]]"
9d47d182_231.jpg,[],[],"[[331, 11, 549, 338]]"
9aa3bbb8_43.jpg,[0.8963],"[[466, 143, 598, 359]]","[[467, 141, 597, 357]]"
9aa3bbb8_78.jpg,[],[],[]
b2045fbc_579.jpg,[],[],[]
9d47d182_142.jpg,[0.8474],"[[437, 78, 570, 304]]","[[438, 77, 574, 303]]"
f044cf1d_204.jpg,[],[],"[[391, 72, 535, 339]]"
9d47d182_314.jpg,[],[],"[[372, 94, 564, 324]]"
f044cf1d_108.jpg,[],[],"[[385, 37, 535, 322]]"
b2045fbc_2035.jpg,[],[],[]
b2045fbc_1462.jpg,[],[],[]
b2045fbc_693.jpg,[],[],[]
f044cf1d_177.jpg,[],[],"[[403, 73, 551, 340]]"
b2045fbc_1349.jpg,[],[],[]
b2045fbc_1588.jpg,[],[],[]
b2045fbc_1408.jpg,[],[],[]
f044cf1d_116.jpg,[],[],"[[381, 37, 531, 323]]"
9aa3bbb8_88.jpg,[],[],[]
b2045fbc_901.jpg,[],[],[]
b2045fbc_472.jpg,[],[],[]
b2045fbc_1551.jpg,[],[],[]
ed2e9e4c_30.jpg,[0.8225],"[[318, 155, 416, 334]]","[[318, 155, 414, 335]]"
f044cf1d_153.jpg,[],[],"[[353, 68, 511, 350]]"
9d47d182_405.jpg,[],[],"[[400, 262, 515, 360]]"
b2045fbc_647.jpg,[],[],[]
f044cf1d_64.jpg,[],[],"[[366, 52, 546, 360]]"
9d47d182_290.jpg,[],[],[]
f044cf1d_49.jpg,[],[],"[[372, 1, 552, 337]]"
f044cf1d_185.jpg,[],[],"[[395, 74, 539, 342]]"
b2045fbc_1081.jpg,[],[],[]
b2045fbc_1376.jpg,[],[],[]
b2045fbc_1695.jpg,[],[],[]
ed2e9e4c_16.jpg,[],[],[]
b2045fbc_1265.jpg,[],[],[]
b2045fbc_1035.jpg,[],[],[]
f044cf1d_222.jpg,[],[],[]
b2045fbc_1223.jpg,[],[],[]
9aa3bbb8_49.jpg,[0.8666],"[[445, 144, 583, 359]]","[[445, 142, 582, 360]]"
b2045fbc_318.jpg,[0.8573],"[[45, 323, 171, 359]]","[[46, 322, 172, 358]]"
b2045fbc_839.jpg,[],[],[]
b2045fbc_253.jpg,[0.886],"[[362, 104, 496, 350]]","[[365, 104, 495, 349]]"
b2045fbc_1589.jpg,[],[],[]
b2045fbc_2030.jpg,[],[],[]
b2045fbc_1219.jpg,[],[],[]
f044cf1d_11.jpg,[],[],"[[348, 31, 520, 360]]"
b2045fbc_1962.jpg,[0.8884],"[[324, 155, 389, 284]]","[[1, 236, 46, 251], [326, 156, 389, 280]]"
9d47d182_10.jpg,[],[],[]
b2045fbc_134.jpg,[],[],[]
b2045fbc_747.jpg,[],[],[]
f044cf1d_27.jpg,[],[],[]
9d47d182_261.jpg,[],[],"[[393, 218, 514, 360]]"
b2045fbc_1605.jpg,[],[],[]
b2045fbc_391.jpg,[],[],[]
9d47d182_158.jpg,[0.8017],"[[402, 83, 539, 307]]","[[403, 84, 539, 302]]"
b2045fbc_302.jpg,[],[],[]
b2045fbc_1852.jpg,[],[],[]
b2045fbc_642.jpg,[],[],[]
b2045fbc_128.jpg,[],[],[]
f044cf1d_181.jpg,[],[],"[[398, 72, 544, 339]]"
b2045fbc_84.jpg,[],[],[]
b2045fbc_172.jpg,[],[],[]
9d47d182_379.jpg,[],[],[]
b2045fbc_1341.jpg,[],[],[]
b2045fbc_1054.jpg,[0.8296],"[[88, 294, 279, 359]]","[[86, 293, 281, 358]]"
b2045fbc_1647.jpg,[],[],[]
b2045fbc_1765.jpg,[],[],[]
b2045fbc_1920.jpg,[],[],[]
b2045fbc_654.jpg,[],[],[]
f044cf1d_202.jpg,[],[],"[[396, 76, 539, 342]]"
ed2e9e4c_84.jpg,[],[],[]
b2045fbc_196.jpg,[],[],[]
b2045fbc_848.jpg,[],[],[]
b2045fbc_804.jpg,[],[],[]
9aa3bbb8_8.jpg,[],[],[]
b2045fbc_1691.jpg,[],[],[]
b2045fbc_137.jpg,[],[],[]
b2045fbc_320.jpg,[0.9003],"[[78, 313, 197, 359]]","[[79, 312, 196, 358]]"
b2045fbc_1689.jpg,[],[],[]
f044cf1d_58.jpg,[],[],"[[365, 16, 549, 354]]"
9aa3bbb8_77.jpg,[],[],[]
b2045fbc_877.jpg,[],[],[]
b2045fbc_1373.jpg,[],[],[]
b2045fbc_335.jpg,[],[],[]
9d47d182_164.jpg,[],[],[]
b2045fbc_1774.jpg,[],[],[]
b2045fbc_461.jpg,[],[],[]
9d47d182_212.jpg,[0.9241],"[[303, 277, 413, 359]]","[[303, 276, 413, 358]]"
b2045fbc_393.jpg,[],[],[]
b2045fbc_1238.jpg,[],[],[]
b2045fbc_611.jpg,[],[],[]
ed2e9e4c_5.jpg,[],[],[]
b2045fbc_1188.jpg,[0.8439],"[[50, 222, 195, 359]]","[[51, 221, 195, 358]]"
b2045fbc_1996.jpg,[],[],[]
b2045fbc_575.jpg,[],[],[]
9d47d182_380.jpg,[],[],[]
b2045fbc_679.jpg,[],[],[]
b2045fbc_607.jpg,[],[],[]
b2045fbc_2064.jpg,[],[],[]
b2045fbc_284.jpg,[0.9018],"[[373, 187, 516, 360]]","[[373, 187, 515, 360]]"
b2045fbc_220.jpg,[],[],[]
9d47d182_389.jpg,[],[],[]
b2045fbc_326.jpg,[],[],[]
f044cf1d_94.jpg,[],[],[]
b2045fbc_1042.jpg,[0.652],"[[0, 308, 207, 359]]","[[1, 308, 245, 360]]"
b2045fbc_1828.jpg,[],[],[]
b2045fbc_1118.jpg,[],[],[]
b2045fbc_1969.jpg,[0.8884],"[[313, 309, 373, 359]]","[[312, 309, 371, 359]]"
9d47d182_396.jpg,[],[],"[[399, 264, 512, 360]]"
b2045fbc_1418.jpg,[],[],[]
b2045fbc_214.jpg,[],[],[]
b2045fbc_863.jpg,[],[],[]
b2045fbc_844.jpg,[],[],[]
b2045fbc_1397.jpg,[],[],[]
b2045fbc_1792.jpg,[],[],[]
b2045fbc_1354.jpg,[],[],[]
b2045fbc_1902.jpg,[],[],[]
b2045fbc_1913.jpg,"[0.4702, 0.2593]","[[63, 218, 121, 249], [43, 218, 110, 255]]","[[15, 216, 120, 256]]"
ed2e9e4c_28.jpg,[0.7927],"[[321, 153, 435, 335]]","[[321, 153, 434, 334]]"
b2045fbc_188.jpg,[],[],[]
b2045fbc_1587.jpg,[],[],[]
9aa3bbb8_48.jpg,[0.8998],"[[472, 139, 606, 359]]","[[472, 141, 604, 357]]"
b2045fbc_1929.jpg,[],[],[]
ed2e9e4c_80.jpg,[],[],"[[551, 211, 639, 360]]"
9d47d182_188.jpg,[0.8409],"[[440, 240, 559, 359]]","[[439, 239, 557, 359]]"
b2045fbc_833.jpg,[0.8939],"[[374, 275, 498, 359]]","[[374, 275, 497, 359]]"
9d47d182_226.jpg,[0.4195],"[[400, 166, 520, 358]]","[[401, 168, 518, 356]]"
b2045fbc_1579.jpg,[],[],[]
b2045fbc_11.jpg,[0.9123],"[[88, 205, 211, 358]]","[[89, 206, 209, 355]]"
b2045fbc_1540.jpg,[],[],[]
b2045fbc_200.jpg,[],[],[]
b2045fbc_497.jpg,[],[],[]
f044cf1d_180.jpg,[],[],"[[398, 75, 544, 342]]"
ed2e9e4c_60.jpg,[0.8905],"[[569, 190, 640, 358]]","[[569, 190, 639, 358]]"
b2045fbc_1129.jpg,[],[],[]
b2045fbc_577.jpg,[],[],[]
9d47d182_28.jpg,[],[],[]
b2045fbc_1320.jpg,[],[],[]
b2045fbc_473.jpg,[],[],[]
9d47d182_237.jpg,[],[],"[[395, 170, 511, 354]]"
b2045fbc_733.jpg,[],[],[]
b2045fbc_1371.jpg,[],[],[]
b2045fbc_455.jpg,[],[],[]
b2045fbc_319.jpg,[0.8812],"[[44, 319, 159, 359]]","[[44, 319, 159, 359]]"
b2045fbc_369.jpg,[],[],[]
b2045fbc_1879.jpg,[0.9436],"[[101, 238, 229, 359]]","[[100, 238, 228, 359]]"
9d47d182_143.jpg,[0.8525],"[[434, 76, 565, 301]]","[[434, 75, 570, 302]]"
b2045fbc_818.jpg,[],[],[]
9d47d182_113.jpg,[0.9533],"[[328, 239, 444, 359]]","[[328, 239, 444, 359]]"
b2045fbc_1350.jpg,[],[],[]
b2045fbc_72.jpg,[],[],[]
9aa3bbb8_50.jpg,[0.8509],"[[448, 135, 585, 358]]","[[448, 134, 584, 356]]"
9d47d182_18.jpg,[],[],[]
f044cf1d_188.jpg,[],[],"[[392, 72, 536, 340]]"
9d47d182_318.jpg,[],[],"[[369, 95, 545, 330]]"
b2045fbc_1859.jpg,[],[],[]
9d47d182_129.jpg,[],[],"[[415, 109, 577, 334]]"
b2045fbc_2041.jpg,[],[],[]
9d47d182_342.jpg,[],[],"[[413, 134, 519, 329]]"
9d47d182_133.jpg,[],[],"[[415, 110, 572, 344]]"
9d47d182_416.jpg,[],[],"[[361, 288, 474, 360]]"
b2045fbc_159.jpg,[],[],[]
b2045fbc_1268.jpg,[],[],[]
b2045fbc_2012.jpg,[],[],[]
f044cf1d_32.jpg,[],[],[]
b2045fbc_1196.jpg,[0.8931],"[[39, 224, 191, 360]]","[[37, 223, 190, 360]]"
9aa3bbb8_54.jpg,[],[],[]
f044cf1d_128.jpg,[],[],"[[369, 41, 522, 329]]"
b2045fbc_1187.jpg,[0.8783],"[[50, 217, 195, 359]]","[[51, 217, 196, 360]]"
b2045fbc_549.jpg,[0.8958],"[[165, 199, 253, 357]]","[[165, 199, 251, 356]]"
f044cf1d_19.jpg,[],[],"[[357, 36, 523, 360]]"
b2045fbc_221.jpg,[],[],[]
9d47d182_126.jpg,[],[],"[[433, 108, 587, 337]]"
b2045fbc_1965.jpg,[],[],[]
b2045fbc_870.jpg,[],[],[]
b2045fbc_1954.jpg,[],[],"[[0, 251, 48, 266]]"
b2045fbc_1167.jpg,[0.8944],"[[41, 201, 187, 358]]","[[40, 201, 186, 358]]"
b2045fbc_738.jpg,[],[],[]
b2045fbc_1882.jpg,[],[],[]
9d47d182_285.jpg,[],[],[]
b2045fbc_293.jpg,[],[],"[[445, 259, 623, 360]]"
b2045fbc_2063.jpg,[],[],[]
b2045fbc_1133.jpg,[],[],[]
9d47d182_40.jpg,[0.5344],"[[380, 206, 504, 360]]","[[380, 208, 503, 360]]"
b2045fbc_999.jpg,[],[],[]
b2045fbc_1688.jpg,[],[],[]
9d47d182_273.jpg,[],[],[]
f044cf1d_175.jpg,[],[],[]
9d47d182_131.jpg,[0.3061],"[[416, 115, 582, 348]]","[[419, 113, 576, 345]]"
b2045fbc_1463.jpg,[],[],[]
b2045fbc_247.jpg,[],[],[]
f044cf1d_92.jpg,[],[],[]
b2045fbc_1458.jpg,[],[],[]
f044cf1d_249.jpg,[0.853],"[[348, 67, 533, 360]]","[[353, 70, 529, 360]]"
b2045fbc_1049.jpg,[0.8249],"[[89, 296, 286, 359]]","[[88, 295, 284, 358]]"
9d47d182_86.jpg,[0.5361],"[[86, 270, 195, 359]]","[[86, 271, 194, 358]]"
b2045fbc_1288.jpg,[],[],[]
9aa3bbb8_60.jpg,[],[],[]
9d47d182_194.jpg,[0.8419],"[[425, 238, 546, 359]]","[[424, 238, 544, 360]]"
b2045fbc_1044.jpg,[0.8482],"[[11, 303, 237, 359]]","[[10, 302, 246, 359]]"
b2045fbc_454.jpg,[],[],[]
b2045fbc_1542.jpg,[],[],[]
b2045fbc_948.jpg,[0.2867],"[[0, 320, 215, 360]]","[[1, 325, 202, 360]]"
b2045fbc_2024.jpg,[],[],"[[59, 306, 189, 360]]"
b2045fbc_988.jpg,[],[],[]
b2045fbc_1934.jpg,[],[],[]
b2045fbc_726.jpg,[],[],[]
b2045fbc_606.jpg,[],[],[]
b2045fbc_2044.jpg,[],[],[]
b2045fbc_704.jpg,[],[],[]
b2045fbc_1257.jpg,[],[],[]
b2045fbc_1838.jpg,[],[],[]
b2045fbc_2025.jpg,[],[],"[[57, 306, 186, 360]]"
b2045fbc_423.jpg,[],[],[]
b2045fbc_436.jpg,[],[],[]
f044cf1d_69.jpg,[],[],"[[378, 58, 562, 360]]"
b2045fbc_1331.jpg,[],[],[]
9d47d182_362.jpg,[],[],[]
b2045fbc_1772.jpg,[],[],[]
b2045fbc_162.jpg,[],[],[]
b2045fbc_684.jpg,[],[],[]
9d47d182_192.jpg,[0.5466],"[[429, 238, 553, 359]]","[[430, 239, 552, 359]]"
b2045fbc_123.jpg,[],[],[]
b2045fbc_1743.jpg,[],[],[]
b2045fbc_917.jpg,[],[],[]
b2045fbc_1098.jpg,[],[],[]
9d47d182_368.jpg,[0.9136],"[[317, 272, 440, 359]]","[[316, 271, 439, 359]]"
b2045fbc_1032.jpg,[],[],"[[0, 345, 191, 360]]"
b2045fbc_1125.jpg,[],[],[]
b2045fbc_905.jpg,[],[],[]
b2045fbc_699.jpg,[],[],[]
b2045fbc_467.jpg,[],[],[]
b2045fbc_186.jpg,[],[],[]
f044cf1d_263.jpg,[],[],[]
b2045fbc_1103.jpg,[],[],[]
b2045fbc_1322.jpg,[],[],[]
b2045fbc_1649.jpg,[],[],[]
9d47d182_175.jpg,[],[],"[[440, 258, 568, 358]]"
b2045fbc_481.jpg,[],[],[]
b2045fbc_750.jpg,[],[],[]
b2045fbc_101.jpg,[],[],[]
b2045fbc_1319.jpg,[],[],[]
b2045fbc_1955.jpg,[],[],"[[0, 230, 36, 246]]"
b2045fbc_2009.jpg,[],[],"[[49, 309, 166, 360]]"
b2045fbc_1636.jpg,[0.8869],"[[425, 167, 552, 359]]","[[426, 167, 550, 358]]"
f044cf1d_164.jpg,[],[],[]
f044cf1d_77.jpg,[],[],[]
b2045fbc_1222.jpg,[],[],[]
b2045fbc_34.jpg,[],[],[]
b2045fbc_260.jpg,[],[],[]
9d47d182_67.jpg,[0.6779],"[[389, 228, 516, 359]]","[[389, 229, 515, 359]]"
b2045fbc_1464.jpg,[],[],[]
b2045fbc_1323.jpg,[],[],[]
9d47d182_31.jpg,[],[],[]
f044cf1d_261.jpg,[],[],[]
b2045fbc_1292.jpg,[],[],[]
b2045fbc_915.jpg,[],[],[]
9d47d182_381.jpg,[],[],[]
b2045fbc_1757.jpg,[],[],[]
b2045fbc_394.jpg,[],[],[]
b2045fbc_1003.jpg,[],[],[]
b2045fbc_964.jpg,[],[],"[[12, 313, 224, 360]]"
b2045fbc_104.jpg,[],[],[]
9aa3bbb8_58.jpg,[],[],[]
b2045fbc_102.jpg,[],[],[]
b2045fbc_1834.jpg,[0.9359],"[[100, 238, 227, 359]]","[[100, 238, 226, 359]]"
b2045fbc_808.jpg,[],[],[]
b2045fbc_1185.jpg,[0.8724],"[[45, 211, 194, 359]]","[[45, 211, 193, 359]]"
9d47d182_11.jpg,[],[],[]
9aa3bbb8_16.jpg,[],[],[]
b2045fbc_1248.jpg,[],[],[]
ed2e9e4c_72.jpg,[],[],"[[550, 208, 640, 360]]"
b2045fbc_38.jpg,[],[],[]
b2045fbc_1720.jpg,[],[],[]
f044cf1d_30.jpg,[],[],[]
9d47d182_320.jpg,[],[],"[[369, 95, 547, 330]]"
b2045fbc_1459.jpg,[],[],[]
b2045fbc_1775.jpg,[],[],[]
9d47d182_83.jpg,[],[],[]
9d47d182_160.jpg,[],[],[]
f044cf1d_21.jpg,[],[],[]
b2045fbc_1008.jpg,[],[],[]
b2045fbc_1488.jpg,[],[],[]
f044cf1d_111.jpg,[],[],"[[383, 38, 533, 323]]"
ed2e9e4c_52.jpg,[0.9119],"[[570, 185, 640, 358]]","[[570, 185, 638, 354]]"
b2045fbc_1944.jpg,[],[],"[[2, 235, 45, 251]]"
b2045fbc_1733.jpg,[],[],[]
b2045fbc_1456.jpg,[],[],[]
b2045fbc_625.jpg,[],[],[]
b2045fbc_1431.jpg,[],[],[]
f044cf1d_233.jpg,[],[],[]
9d47d182_203.jpg,[],[],[]
b2045fbc_206.jpg,[],[],[]
b2045fbc_1256.jpg,[],[],[]
b2045fbc_1094.jpg,[],[],[]
b2045fbc_698.jpg,[],[],[]
b2045fbc_995.jpg,[],[],[]
9d47d182_251.jpg,[0.7818],"[[389, 88, 572, 339]]","[[388, 84, 571, 342]]"
9aa3bbb8_104.jpg,[],[],[]
b2045fbc_749.jpg,[],[],[]
b2045fbc_1467.jpg,[],[],[]
9d47d182_30.jpg,[],[],[]
b2045fbc_1830.jpg,[],[],[]
9aa3bbb8_21.jpg,[],[],[]
b2045fbc_2003.jpg,[],[],[]
f044cf1d_165.jpg,[],[],[]
b2045fbc_1380.jpg,[],[],[]
9d47d182_395.jpg,[],[],"[[399, 265, 513, 360]]"
9aa3bbb8_7.jpg,[],[],[]
b2045fbc_1253.jpg,[],[],[]
b2045fbc_1244.jpg,[],[],[]
9aa3bbb8_100.jpg,[],[],[]
b2045fbc_1631.jpg,[0.6649],"[[421, 166, 554, 358]]","[[422, 167, 549, 359]]"
b2045fbc_1563.jpg,[],[],[]
ed2e9e4c_38.jpg,[],[],[]
f044cf1d_207.jpg,[],[],"[[391, 72, 537, 340]]"
b2045fbc_493.jpg,[],[],[]
9d47d182_334.jpg,[],[],[]
b2045fbc_1090.jpg,[],[],[]
b2045fbc_1092.jpg,[],[],[]
f044cf1d_166.jpg,[],[],[]
b2045fbc_1177.jpg,[0.8864],"[[45, 208, 192, 359]]","[[46, 208, 192, 358]]"
f044cf1d_154.jpg,[],[],"[[347, 73, 496, 353]]"
b2045fbc_1249.jpg,[],[],[]
b2045fbc_148.jpg,[],[],[]
9d47d182_253.jpg,[0.7704],"[[388, 87, 571, 343]]","[[387, 84, 569, 352]]"
b2045fbc_743.jpg,[],[],[]
b2045fbc_1489.jpg,[],[],[]
b2045fbc_20.jpg,[0.897],"[[93, 205, 217, 359]]","[[94, 205, 214, 357]]"
b2045fbc_1202.jpg,[],[],[]
b2045fbc_1264.jpg,[],[],[]
9aa3bbb8_38.jpg,[0.9016],"[[476, 137, 610, 358]]","[[476, 136, 610, 358]]"
b2045fbc_1251.jpg,[],[],[]
f044cf1d_75.jpg,[],[],"[[370, 26, 544, 347]]"
b2045fbc_641.jpg,[],[],[]
b2045fbc_1211.jpg,[],[],[]
9d47d182_358.jpg,[],[],"[[386, 141, 496, 333]]"
9aa3bbb8_86.jpg,[],[],[]
9d47d182_238.jpg,[],[],[]
b2045fbc_536.jpg,[],[],[]
b2045fbc_364.jpg,[],[],[]
b2045fbc_563.jpg,[],[],[]
b2045fbc_243.jpg,[],[],[]
b2045fbc_2067.jpg,[],[],[]
9d47d182_349.jpg,[],[],"[[389, 138, 499, 331]]"
b2045fbc_533.jpg,[],[],"[[141, 192, 231, 357]]"
b2045fbc_2013.jpg,[],[],"[[53, 306, 177, 360]]"
b2045fbc_1749.jpg,[],[],[]
b2045fbc_1306.jpg,[],[],[]
b2045fbc_661.jpg,[],[],[]
b2045fbc_237.jpg,[],[],[]
b2045fbc_1234.jpg,[],[],[]
b2045fbc_792.jpg,[],[],[]
b2045fbc_1928.jpg,[],[],[]
9d47d182_29.jpg,[],[],[]
b2045fbc_406.jpg,[],[],[]
f044cf1d_228.jpg,[0.8523],"[[349, 60, 534, 360]]","[[352, 65, 531, 360]]"
f044cf1d_219.jpg,[0.8326],"[[375, 44, 574, 360]]","[[379, 45, 565, 360]]"
9d47d182_81.jpg,[],[],[]
ed2e9e4c_66.jpg,[0.8684],"[[577, 201, 640, 359]]","[[579, 202, 640, 359]]"
ed2e9e4c_56.jpg,[],[],[]
9d47d182_312.jpg,[],[],[]
b2045fbc_187.jpg,[],[],[]
9d47d182_72.jpg,[],[],"[[396, 231, 523, 358]]"
b2045fbc_114.jpg,[],[],[]
b2045fbc_1555.jpg,[],[],[]
9d47d182_387.jpg,[],[],[]
9d47d182_240.jpg,[],[],[]
b2045fbc_267.jpg,[],[],"[[355, 255, 549, 360]]"
b2045fbc_1072.jpg,[],[],[]
b2045fbc_732.jpg,[],[],[]
b2045fbc_340.jpg,[],[],[]
f044cf1d_12.jpg,[],[],"[[350, 31, 521, 360]]"
b2045fbc_480.jpg,[],[],[]
b2045fbc_1558.jpg,[],[],[]
b2045fbc_1796.jpg,[],[],[]
9d47d182_134.jpg,[],[],[]
b2045fbc_929.jpg,[],[],[]
b2045fbc_767.jpg,[],[],[]
9aa3bbb8_65.jpg,[],[],[]
b2045fbc_1017.jpg,[],[],[]
f044cf1d_192.jpg,[],[],"[[393, 73, 539, 340]]"
b2045fbc_773.jpg,[],[],[]
f044cf1d_199.jpg,[],[],"[[395, 75, 540, 342]]"
ed2e9e4c_17.jpg,[],[],[]
9aa3bbb8_102.jpg,[],[],[]
9d47d182_132.jpg,[0.4231],"[[412, 110, 579, 344]]","[[415, 109, 575, 338]]"
9d47d182_115.jpg,[0.3889],"[[438, 105, 599, 337]]","[[441, 103, 601, 340]]"
b2045fbc_696.jpg,[],[],[]
b2045fbc_1082.jpg,[],[],[]
b2045fbc_1436.jpg,[],[],[]
b2045fbc_524.jpg,[],[],[]
b2045fbc_2002.jpg,[],[],[]
b2045fbc_1216.jpg,[],[],[]
9d47d182_311.jpg,[],[],"[[376, 93, 566, 325]]"
b2045fbc_1836.jpg,[],[],[]
b2045fbc_522.jpg,[],[],"[[78, 185, 214, 358]]"
b2045fbc_100.jpg,[],[],[]
b2045fbc_1208.jpg,[],[],[]
9d47d182_391.jpg,[],[],[]
b2045fbc_528.jpg,[],[],"[[80, 199, 220, 358]]"
9d47d182_207.jpg,[],[],"[[397, 154, 527, 358]]"
b2045fbc_1946.jpg,[],[],"[[2, 247, 46, 260]]"
b2045fbc_927.jpg,[],[],[]
b2045fbc_307.jpg,[],[],"[[370, 274, 494, 359]]"
b2045fbc_592.jpg,[],[],[]
b2045fbc_1709.jpg,[],[],[]
b2045fbc_1823.jpg,[0.9444],"[[103, 237, 228, 360]]","[[104, 236, 228, 360]]"
b2045fbc_1145.jpg,[],[],[]
b2045fbc_1832.jpg,[],[],[]
b2045fbc_258.jpg,[],[],[]
b2045fbc_1773.jpg,[],[],[]
b2045fbc_640.jpg,[],[],[]
b2045fbc_1243.jpg,[],[],[]
b2045fbc_350.jpg,[],[],[]
b2045fbc_1493.jpg,[],[],[]
b2045fbc_1136.jpg,[],[],[]
b2045fbc_1940.jpg,[],[],"[[2, 247, 50, 262]]"
b2045fbc_1549.jpg,[],[],[]
9d47d182_145.jpg,[0.8236],"[[427, 79, 560, 303]]","[[429, 78, 565, 306]]"
b2045fbc_1999.jpg,[],[],[]
f044cf1d_265.jpg,[],[],[]
b2045fbc_984.jpg,[],[],[]
b2045fbc_1138.jpg,[],[],[]
9d47d182_90.jpg,[],[],[]
b2045fbc_1559.jpg,[],[],[]
b2045fbc_308.jpg,[],[],[]
b2045fbc_1802.jpg,[],[],[]
9d47d182_174.jpg,[],[],"[[462, 255, 578, 360]]"
b2045fbc_477.jpg,[],[],[]
b2045fbc_486.jpg,[],[],[]
b2045fbc_591.jpg,[],[],[]
b2045fbc_291.jpg,[],[],[]
b2045fbc_1038.jpg,[],[],"[[0, 308, 236, 360]]"
9d47d182_242.jpg,[],[],[]
b2045fbc_931.jpg,[],[],[]
b2045fbc_532.jpg,[],[],"[[151, 187, 240, 352]]"
b2045fbc_1938.jpg,[],[],"[[0, 237, 44, 253]]"
b2045fbc_938.jpg,[],[],"[[0, 321, 212, 360]]"
b2045fbc_658.jpg,[],[],[]
b2045fbc_416.jpg,[],[],[]
b2045fbc_859.jpg,[],[],[]
b2045fbc_1899.jpg,[],[],[]
b2045fbc_1641.jpg,[0.8108],"[[400, 189, 572, 358]]","[[408, 189, 572, 358]]"
b2045fbc_2004.jpg,[],[],"[[46, 313, 210, 360]]"
f044cf1d_13.jpg,[],[],[]
b2045fbc_1487.jpg,[],[],[]
b2045fbc_1597.jpg,[],[],[]
b2045fbc_610.jpg,[],[],[]
b2045fbc_1233.jpg,[],[],[]
b2045fbc_1020.jpg,[0.3319],"[[0, 312, 196, 360]]","[[1, 318, 215, 360]]"
b2045fbc_1050.jpg,[0.7128],"[[94, 285, 287, 358]]","[[95, 285, 287, 357]]"
b2045fbc_508.jpg,[],[],"[[59, 198, 208, 358]]"
b2045fbc_1805.jpg,[],[],[]
9d47d182_372.jpg,[],[],[]
b2045fbc_1509.jpg,[],[],[]
9aa3bbb8_2.jpg,[],[],[]
b2045fbc_165.jpg,[],[],[]
ed2e9e4c_4.jpg,[],[],[]
b2045fbc_1637.jpg,[0.9084],"[[428, 168, 552, 360]]","[[430, 168, 550, 357]]"
b2045fbc_599.jpg,[0.8996],"[[291, 188, 458, 359]]","[[292, 187, 458, 358]]"
b2045fbc_1520.jpg,[],[],[]
9d47d182_105.jpg,[],[],[]
b2045fbc_1046.jpg,[],[],[]
b2045fbc_181.jpg,[],[],[]
b2045fbc_1435.jpg,[],[],[]
b2045fbc_1629.jpg,[0.3774],"[[414, 166, 545, 359]]","[[416, 167, 540, 359]]"
9d47d182_135.jpg,[],[],[]
f044cf1d_109.jpg,[],[],"[[384, 38, 535, 325]]"
b2045fbc_921.jpg,[],[],[]
b2045fbc_1885.jpg,[],[],[]
9d47d182_146.jpg,[],[],[]
f044cf1d_264.jpg,[],[],[]
9d47d182_259.jpg,[0.7919],"[[388, 90, 573, 341]]","[[388, 86, 572, 348]]"
b2045fbc_1644.jpg,[],[],[]
9aa3bbb8_98.jpg,[],[],[]
f044cf1d_162.jpg,[],[],"[[348, 65, 500, 345]]"
b2045fbc_41.jpg,[],[],[]
b2045fbc_713.jpg,[],[],[]
b2045fbc_1951.jpg,[],[],"[[5, 246, 42, 264]]"
b2045fbc_853.jpg,[],[],[]
b2045fbc_2.jpg,[],[],[]
9d47d182_127.jpg,[0.5381],"[[418, 108, 588, 330]]","[[425, 107, 586, 329]]"
9d47d182_410.jpg,[],[],"[[397, 264, 511, 360]]"
b2045fbc_202.jpg,[],[],[]
9d47d182_71.jpg,[],[],"[[394, 230, 520, 359]]"
9aa3bbb8_6.jpg,[],[],[]
b2045fbc_54.jpg,[],[],[]
b2045fbc_457.jpg,[],[],[]
b2045fbc_715.jpg,[],[],[]
b2045fbc_118.jpg,[],[],[]
b2045fbc_1232.jpg,[],[],[]
b2045fbc_1048.jpg,[0.8283],"[[91, 299, 291, 360]]","[[91, 298, 291, 358]]"
9d47d182_150.jpg,[0.8096],"[[415, 79, 551, 307]]","[[416, 79, 556, 306]]"
9d47d182_53.jpg,[],[],"[[392, 263, 503, 360]]"
9aa3bbb8_30.jpg,[0.9282],"[[347, 183, 496, 360]]","[[347, 183, 497, 360]]"
b2045fbc_59.jpg,[],[],[]
f044cf1d_243.jpg,[0.8668],"[[350, 63, 530, 360]]","[[351, 67, 529, 359]]"
b2045fbc_1499.jpg,[],[],[]
9d47d182_337.jpg,[],[],"[[393, 131, 526, 345]]"
9d47d182_339.jpg,[],[],[]
9d47d182_21.jpg,[],[],[]
b2045fbc_662.jpg,[],[],[]
b2045fbc_1751.jpg,[],[],[]
b2045fbc_46.jpg,[],[],[]
b2045fbc_535.jpg,[],[],[]
b2045fbc_1140.jpg,[],[],[]
f044cf1d_112.jpg,[],[],[]
b2045fbc_657.jpg,[],[],[]
9aa3bbb8_9.jpg,[],[],[]
b2045fbc_565.jpg,[],[],[]
b2045fbc_729.jpg,[],[],[]
9d47d182_264.jpg,[0.9385],"[[361, 262, 483, 359]]","[[362, 262, 482, 358]]"
b2045fbc_1943.jpg,[],[],"[[0, 245, 48, 262]]"
b2045fbc_98.jpg,[],[],[]
b2045fbc_1312.jpg,[],[],[]
b2045fbc_353.jpg,[],[],[]
b2045fbc_1166.jpg,[0.8181],"[[40, 197, 187, 359]]","[[39, 196, 184, 357]]"
b2045fbc_288.jpg,[],[],"[[548, 298, 640, 360]]"
b2045fbc_311.jpg,[0.9002],"[[33, 302, 150, 360]]","[[33, 302, 150, 359]]"
f044cf1d_159.jpg,[],[],"[[350, 72, 496, 349]]"
b2045fbc_1666.jpg,[],[],[]
b2045fbc_728.jpg,[],[],[]
b2045fbc_190.jpg,[],[],[]
b2045fbc_1019.jpg,[],[],[]
b2045fbc_596.jpg,[0.8914],"[[320, 227, 522, 359]]","[[320, 226, 522, 359]]"
f044cf1d_131.jpg,[],[],"[[369, 41, 523, 327]]"
b2045fbc_1911.jpg,[0.3343],"[[73, 224, 132, 253]]","[[24, 223, 131, 261]]"
9d47d182_252.jpg,[0.803],"[[386, 85, 571, 339]]","[[386, 82, 569, 346]]"
f044cf1d_79.jpg,[],[],[]
9d47d182_41.jpg,[],[],"[[383, 205, 505, 358]]"
b2045fbc_1572.jpg,[],[],"[[315, 73, 531, 358]]"
b2045fbc_717.jpg,[],[],[]
b2045fbc_1972.jpg,[0.8802],"[[312, 312, 373, 359]]","[[312, 311, 372, 358]]"
b2045fbc_1613.jpg,[],[],[]
b2045fbc_953.jpg,[],[],"[[6, 319, 212, 359]]"
b2045fbc_1438.jpg,[],[],[]
b2045fbc_1174.jpg,[0.872],"[[47, 205, 196, 360]]","[[47, 203, 196, 358]]"
b2045fbc_1449.jpg,[],[],[]
b2045fbc_1317.jpg,[],[],[]
9d47d182_218.jpg,[0.3007],"[[397, 160, 527, 359]]","[[396, 160, 524, 356]]"
f044cf1d_238.jpg,[0.807],"[[345, 62, 536, 360]]","[[351, 67, 528, 360]]"
b2045fbc_768.jpg,[],[],[]
b2045fbc_567.jpg,[],[],[]
b2045fbc_753.jpg,[],[],[]
b2045fbc_810.jpg,[],[],[]
b2045fbc_1300.jpg,[],[],[]
b2045fbc_1128.jpg,[],[],[]
b2045fbc_1898.jpg,[],[],[]
b2045fbc_1029.jpg,[],[],[]
9d47d182_350.jpg,[],[],"[[389, 139, 499, 332]]"
f044cf1d_277.jpg,[],[],[]
b2045fbc_1047.jpg,[0.7653],"[[107, 291, 309, 359]]","[[107, 289, 309, 359]]"
b2045fbc_1786.jpg,[],[],[]
9d47d182_5.jpg,[],[],[]
b2045fbc_31.jpg,[],[],[]
b2045fbc_1977.jpg,[],[],[]
f044cf1d_250.jpg,[0.8408],"[[347, 66, 533, 360]]","[[352, 70, 530, 360]]"
9d47d182_12.jpg,[],[],[]
9aa3bbb8_51.jpg,[],[],[]
b2045fbc_402.jpg,[],[],[]
b2045fbc_1883.jpg,[],[],[]
b2045fbc_491.jpg,[],[],[]
9aa3bbb8_59.jpg,[],[],[]
f044cf1d_80.jpg,[],[],[]
b2045fbc_1958.jpg,[0.7182],"[[282, 145, 358, 306]]","[[285, 147, 359, 305], [0, 237, 39, 253]]"
b2045fbc_922.jpg,[],[],[]
ed2e9e4c_13.jpg,[],[],[]
b2045fbc_379.jpg,[],[],[]
b2045fbc_1262.jpg,[],[],[]
ed2e9e4c_33.jpg,[],[],[]
f044cf1d_287.jpg,[],[],"[[338, 23, 510, 350]]"
b2045fbc_1787.jpg,[],[],[]
b2045fbc_175.jpg,[],[],[]
b2045fbc_1860.jpg,[],[],[]
b2045fbc_1826.jpg,[],[],[]
b2045fbc_973.jpg,[],[],[]
9d47d182_20.jpg,[],[],[]
b2045fbc_612.jpg,[],[],[]
b2045fbc_769.jpg,[],[],[]
f044cf1d_269.jpg,[],[],[]
b2045fbc_1686.jpg,[],[],[]
b2045fbc_895.jpg,[],[],[]
9d47d182_355.jpg,[],[],"[[386, 140, 496, 332]]"
b2045fbc_230.jpg,[],[],[]
b2045fbc_620.jpg,[],[],[]
9d47d182_154.jpg,[0.7141],"[[404, 81, 545, 307]]","[[405, 82, 547, 308]]"
f044cf1d_50.jpg,[],[],"[[382, 13, 561, 351]]"
9d47d182_276.jpg,[],[],[]
9d47d182_303.jpg,[],[],"[[375, 83, 557, 325]]"
b2045fbc_974.jpg,[],[],[]
9d47d182_97.jpg,[],[],"[[88, 273, 200, 359]]"
9d47d182_61.jpg,[],[],[]
b2045fbc_2029.jpg,[0.5927],"[[0, 242, 49, 318]]","[[0, 241, 49, 315]]"
9d47d182_257.jpg,[],[],[]
9d47d182_85.jpg,[0.5643],"[[85, 270, 197, 360]]","[[85, 270, 195, 358]]"
9d47d182_413.jpg,[],[],[]
b2045fbc_1658.jpg,[],[],[]
9d47d182_149.jpg,[0.5917],"[[417, 79, 549, 305]]","[[418, 79, 558, 306]]"
f044cf1d_103.jpg,[],[],"[[381, 37, 534, 323]]"
f044cf1d_4.jpg,[],[],"[[342, 25, 513, 354]]"
9aa3bbb8_91.jpg,[],[],[]
b2045fbc_1127.jpg,[],[],[]
b2045fbc_784.jpg,[],[],[]
b2045fbc_1517.jpg,[],[],[]
9d47d182_16.jpg,[],[],[]
ed2e9e4c_67.jpg,[],[],[]
b2045fbc_1728.jpg,[],[],[]
b2045fbc_505.jpg,[],[],[]
b2045fbc_443.jpg,[],[],[]
b2045fbc_546.jpg,[0.8559],"[[166, 199, 254, 357]]","[[167, 199, 253, 356]]"
b2045fbc_761.jpg,[],[],[]
b2045fbc_1682.jpg,[],[],[]
b2045fbc_1577.jpg,[],[],[]
9d47d182_227.jpg,[0.5117],"[[406, 167, 521, 360]]","[[408, 169, 519, 357]]"
b2045fbc_1627.jpg,[],[],"[[406, 167, 526, 359]]"
b2045fbc_520.jpg,[],[],"[[70, 193, 210, 359]]"
b2045fbc_447.jpg,[],[],[]
9d47d182_68.jpg,[],[],[]
b2045fbc_1478.jpg,[],[],[]
9aa3bbb8_67.jpg,[],[],[]
b2045fbc_268.jpg,[],[],[]
9d47d182_236.jpg,[],[],"[[396, 163, 516, 360]]"
ed2e9e4c_3.jpg,[],[],[]
b2045fbc_203.jpg,[],[],[]
b2045fbc_357.jpg,[],[],[]
b2045fbc_914.jpg,[],[],[]
9d47d182_267.jpg,[],[],[]
b2045fbc_872.jpg,[],[],[]
b2045fbc_1684.jpg,[],[],[]
b2045fbc_474.jpg,[],[],[]
b2045fbc_35.jpg,[],[],[]
b2045fbc_918.jpg,[],[],[]
b2045fbc_1343.jpg,[],[],[]
b2045fbc_1547.jpg,[],[],[]
b2045fbc_1382.jpg,[],[],[]
9d47d182_288.jpg,[],[],[]
b2045fbc_831.jpg,[0.3866],"[[270, 298, 390, 360]]","[[268, 298, 392, 358]]"
b2045fbc_127.jpg,[],[],[]
9d47d182_177.jpg,[0.8895],"[[436, 247, 563, 359]]","[[435, 247, 561, 359]]"
f044cf1d_282.jpg,[],[],"[[340, 17, 520, 356]]"
f044cf1d_87.jpg,[],[],[]
b2045fbc_1060.jpg,[0.6956],"[[0, 302, 162, 360]]","[[0, 301, 204, 360]]"
9d47d182_155.jpg,[0.4829],"[[403, 82, 540, 308]]","[[404, 82, 548, 308]]"
9d47d182_411.jpg,[],[],"[[396, 263, 512, 360]]"
b2045fbc_1404.jpg,[],[],[]
b2045fbc_15.jpg,[0.9107],"[[81, 204, 207, 358]]","[[82, 203, 206, 357]]"
b2045fbc_626.jpg,[],[],[]
b2045fbc_566.jpg,[],[],[]
f044cf1d_91.jpg,[],[],[]
b2045fbc_279.jpg,[0.8069],"[[367, 205, 519, 360]]","[[366, 203, 518, 359]]"
b2045fbc_1169.jpg,[0.8875],"[[44, 202, 189, 359]]","[[43, 202, 188, 359]]"
b2045fbc_1984.jpg,[0.8721],"[[270, 204, 381, 257]]","[[269, 204, 379, 255]]"
9d47d182_22.jpg,[],[],[]
9d47d182_345.jpg,[],[],"[[396, 135, 506, 331]]"
b2045fbc_1543.jpg,[],[],[]
b2045fbc_1557.jpg,[],[],[]
b2045fbc_1722.jpg,[],[],[]
b2045fbc_1848.jpg,[],[],[]
b2045fbc_1623.jpg,[],[],[]
b2045fbc_819.jpg,[],[],[]
b2045fbc_1285.jpg,[],[],[]
b2045fbc_867.jpg,[],[],[]
b2045fbc_982.jpg,[],[],[]
9d47d182_65.jpg,[],[],"[[387, 228, 511, 359]]"
b2045fbc_1717.jpg,[],[],[]
b2045fbc_1592.jpg,[],[],[]
b2045fbc_1245.jpg,[],[],[]
f044cf1d_126.jpg,[0.3072],"[[371, 40, 546, 302]]","[[380, 39, 528, 323]]"
b2045fbc_1454.jpg,[],[],[]
9d47d182_152.jpg,[0.4691],"[[410, 79, 548, 308]]","[[412, 80, 552, 307]]"
b2045fbc_1415.jpg,[],[],[]
f044cf1d_172.jpg,[],[],[]
9d47d182_15.jpg,[],[],[]
f044cf1d_125.jpg,[],[],"[[383, 40, 532, 324]]"
b2045fbc_484.jpg,[],[],[]
b2045fbc_40.jpg,[],[],[]
b2045fbc_1321.jpg,[],[],[]
9aa3bbb8_72.jpg,[],[],[]
b2045fbc_1988.jpg,[],[],[]
9d47d182_208.jpg,[],[],"[[400, 159, 544, 356]]"
b2045fbc_50.jpg,[],[],[]
ed2e9e4c_37.jpg,[],[],[]
b2045fbc_720.jpg,[],[],[]
b2045fbc_1422.jpg,[],[],[]
9d47d182_186.jpg,[0.9068],"[[405, 223, 527, 359]]","[[406, 222, 526, 360]]"
b2045fbc_1165.jpg,[0.8659],"[[34, 201, 183, 360]]","[[33, 201, 182, 359]]"
f044cf1d_273.jpg,[],[],[]
b2045fbc_8.jpg,[0.915],"[[84, 206, 209, 359]]","[[83, 205, 208, 357]]"
b2045fbc_407.jpg,[],[],[]
9d47d182_402.jpg,[],[],[]
b2045fbc_1781.jpg,[],[],[]
b2045fbc_1336.jpg,[],[],[]
ed2e9e4c_29.jpg,[0.8163],"[[315, 151, 423, 349]]","[[314, 150, 422, 340]]"
b2045fbc_979.jpg,[],[],[]
b2045fbc_1552.jpg,[],[],[]
f044cf1d_229.jpg,[0.8607],"[[348, 62, 532, 360]]","[[353, 66, 529, 360]]"
b2045fbc_1191.jpg,[0.8954],"[[51, 221, 196, 359]]","[[51, 220, 197, 359]]"
b2045fbc_39.jpg,[],[],[]
b2045fbc_663.jpg,[],[],[]
b2045fbc_1874.jpg,[],[],"[[31, 302, 93, 330]]"
b2045fbc_1067.jpg,[0.8537],"[[114, 257, 296, 347]]","[[113, 256, 297, 342]]"
b2045fbc_1015.jpg,[],[],[]
b2045fbc_950.jpg,[],[],"[[0, 321, 204, 360]]"
b2045fbc_170.jpg,[],[],[]
f044cf1d_98.jpg,[0.5448],"[[377, 35, 540, 255]]","[[381, 35, 533, 324]]"
f044cf1d_197.jpg,[],[],"[[396, 74, 540, 342]]"
f044cf1d_276.jpg,[],[],[]
b2045fbc_957.jpg,[],[],[]
b2045fbc_23.jpg,[0.7612],"[[4, 284, 178, 360]]","[[3, 283, 177, 359]]"
f044cf1d_40.jpg,[],[],[]
b2045fbc_1352.jpg,[],[],[]
b2045fbc_1303.jpg,[],[],[]
b2045fbc_858.jpg,[],[],[]
b2045fbc_1214.jpg,[],[],[]
b2045fbc_207.jpg,[],[],[]
b2045fbc_601.jpg,[0.8509],"[[304, 178, 485, 358]]","[[308, 177, 479, 356]]"
9aa3bbb8_25.jpg,[],[],[]
b2045fbc_182.jpg,[],[],[]
b2045fbc_1155.jpg,[],[],[]
b2045fbc_1778.jpg,[],[],[]
9d47d182_89.jpg,[],[],"[[90, 262, 197, 358]]"
9d47d182_344.jpg,[],[],"[[397, 135, 506, 331]]"
b2045fbc_586.jpg,[],[],[]
b2045fbc_448.jpg,[],[],[]
f044cf1d_278.jpg,[],[],"[[341, 60, 515, 360]]"
9d47d182_219.jpg,[],[],[]
b2045fbc_315.jpg,[0.9212],"[[83, 298, 200, 359]]","[[83, 297, 200, 358]]"
b2045fbc_541.jpg,[0.8685],"[[166, 197, 253, 357]]","[[167, 197, 253, 355]]"
b2045fbc_401.jpg,[],[],[]
b2045fbc_458.jpg,[],[],[]
b2045fbc_1784.jpg,[],[],[]
b2045fbc_1395.jpg,[],[],[]
b2045fbc_869.jpg,[],[],[]
b2045fbc_1172.jpg,[0.8922],"[[47, 205, 198, 360]]","[[49, 204, 198, 358]]"
b2045fbc_1362.jpg,[],[],[]
b2045fbc_873.jpg,[],[],[]
b2045fbc_1532.jpg,[],[],[]
9d47d182_62.jpg,[],[],[]
b2045fbc_400.jpg,[],[],[]
b2045fbc_249.jpg,[],[],[]
b2045fbc_1917.jpg,[],[],[]
b2045fbc_1307.jpg,[],[],[]
9d47d182_369.jpg,[],[],[]
b2045fbc_1366.jpg,[],[],[]
b2045fbc_1451.jpg,[],[],[]
f044cf1d_82.jpg,[],[],[]
b2045fbc_934.jpg,[],[],[]
b2045fbc_825.jpg,[],[],[]
9d47d182_420.jpg,[],[],[]
b2045fbc_265.jpg,[],[],[]
b2045fbc_987.jpg,[],[],[]
b2045fbc_1922.jpg,[],[],[]
b2045fbc_1514.jpg,[],[],[]
b2045fbc_189.jpg,[],[],[]
b2045fbc_1847.jpg,[],[],[]
b2045fbc_671.jpg,[],[],[]
b2045fbc_1877.jpg,[],[],"[[35, 300, 93, 327]]"
b2045fbc_53.jpg,[],[],[]
b2045fbc_1091.jpg,[],[],[]
f044cf1d_110.jpg,[],[],"[[383, 39, 532, 325]]"
b2045fbc_795.jpg,[],[],[]
b2045fbc_1470.jpg,[],[],[]
b2045fbc_1918.jpg,[],[],[]
b2045fbc_1767.jpg,[],[],[]
f044cf1d_285.jpg,[],[],"[[339, 19, 515, 354]]"
f044cf1d_24.jpg,[],[],[]
b2045fbc_841.jpg,[],[],[]
b2045fbc_1901.jpg,[0.9368],"[[102, 238, 228, 359]]","[[102, 238, 225, 359]]"
ed2e9e4c_65.jpg,[0.8778],"[[580, 201, 640, 360]]","[[580, 201, 640, 359]]"
b2045fbc_1476.jpg,[],[],[]
b2045fbc_1190.jpg,[],[],[]
b2045fbc_1472.jpg,[],[],[]
f044cf1d_54.jpg,[],[],"[[378, 15, 562, 349]]"
b2045fbc_548.jpg,[0.9125],"[[165, 197, 252, 357]]","[[165, 197, 250, 355]]"
9d47d182_170.jpg,[0.9172],"[[380, 132, 509, 360]]","[[381, 133, 507, 360]]"
b2045fbc_245.jpg,[],[],[]
b2045fbc_1150.jpg,[],[],[]
9d47d182_54.jpg,[],[],"[[398, 261, 512, 360]]"
b2045fbc_1803.jpg,[],[],"[[226, 1, 274, 58]]"
b2045fbc_1013.jpg,[],[],[]
b2045fbc_261.jpg,[],[],[]
b2045fbc_1690.jpg,[0.4957],"[[51, 317, 174, 359]]","[[50, 313, 174, 358]]"
b2045fbc_1971.jpg,[0.8841],"[[313, 310, 374, 359]]","[[312, 310, 372, 359]]"
9d47d182_163.jpg,[],[],[]
f044cf1d_244.jpg,[],[],[]
f044cf1d_134.jpg,[0.2896],"[[357, 54, 514, 293]]","[[359, 53, 513, 345]]"
b2045fbc_1506.jpg,[],[],[]
9d47d182_230.jpg,[],[],"[[340, 13, 568, 359]]"
b2045fbc_1484.jpg,[],[],[]
b2045fbc_1752.jpg,[],[],[]
b2045fbc_555.jpg,[0.8193],"[[149, 162, 243, 336]]","[[150, 163, 241, 333]]"
b2045fbc_444.jpg,[],[],[]
b2045fbc_1564.jpg,[],[],[]
b2045fbc_420.jpg,[],[],[]
b2045fbc_861.jpg,[],[],[]
9aa3bbb8_57.jpg,[],[],[]
b2045fbc_429.jpg,[],[],[]
f044cf1d_286.jpg,[],[],"[[341, 21, 517, 353]]"
b2045fbc_689.jpg,[],[],[]
b2045fbc_387.jpg,[],[],[]
9d47d182_167.jpg,[],[],[]
9d47d182_124.jpg,[0.9367],"[[322, 249, 446, 359]]","[[321, 248, 446, 358]]"
b2045fbc_75.jpg,[],[],[]
b2045fbc_1139.jpg,[],[],[]
b2045fbc_1616.jpg,[],[],[]
9aa3bbb8_95.jpg,[],[],[]
b2045fbc_431.jpg,[],[],[]
9d47d182_196.jpg,[0.8606],"[[416, 99, 527, 278]]","[[417, 99, 526, 277]]"
9d47d182_183.jpg,[],[],"[[421, 247, 547, 360]]"
9d47d182_250.jpg,[0.8023],"[[394, 86, 575, 342]]","[[395, 83, 572, 352]]"
b2045fbc_1062.jpg,[0.8252],"[[14, 277, 240, 358]]","[[13, 276, 239, 354]]"
b2045fbc_349.jpg,[],[],[]
b2045fbc_1112.jpg,[],[],[]
9d47d182_268.jpg,[],[],[]
b2045fbc_1328.jpg,[],[],[]
b2045fbc_1065.jpg,[0.7712],"[[106, 267, 294, 340]]","[[103, 267, 293, 336]]"
9d47d182_82.jpg,[],[],[]
b2045fbc_1218.jpg,[],[],[]
b2045fbc_1669.jpg,[],[],[]
9d47d182_376.jpg,[],[],[]
9d47d182_193.jpg,[],[],"[[429, 240, 546, 360]]"
b2045fbc_1299.jpg,[],[],[]
b2045fbc_80.jpg,[],[],[]
b2045fbc_1858.jpg,[],[],[]
b2045fbc_91.jpg,[],[],[]
b2045fbc_70.jpg,[],[],[]
9aa3bbb8_85.jpg,[],[],[]
b2045fbc_998.jpg,[],[],[]
f044cf1d_147.jpg,[0.8065],"[[351, 92, 497, 352]]","[[351, 91, 497, 341]]"
9d47d182_327.jpg,[],[],"[[396, 127, 524, 341]]"
b2045fbc_254.jpg,[0.8891],"[[360, 104, 494, 352]]","[[360, 104, 492, 350]]"
b2045fbc_421.jpg,[],[],[]
b2045fbc_432.jpg,[],[],[]
b2045fbc_1608.jpg,[],[],[]
b2045fbc_1318.jpg,[],[],[]
b2045fbc_854.jpg,[],[],[]
b2045fbc_856.jpg,[],[],[]
b2045fbc_1276.jpg,[],[],[]
b2045fbc_1527.jpg,[],[],[]
9d47d182_275.jpg,[],[],[]
b2045fbc_1420.jpg,[],[],[]
b2045fbc_909.jpg,[],[],[]
9d47d182_352.jpg,[],[],"[[388, 136, 499, 331]]"
b2045fbc_415.jpg,[],[],[]
f044cf1d_252.jpg,[0.8377],"[[348, 67, 531, 360]]","[[352, 69, 528, 360]]"
9d47d182_256.jpg,[0.7973],"[[391, 91, 573, 341]]","[[391, 86, 573, 347]]"
b2045fbc_1381.jpg,[],[],[]
b2045fbc_1915.jpg,[0.3238],"[[65, 212, 124, 246]]","[[17, 210, 123, 250]]"
b2045fbc_155.jpg,[],[],[]
9d47d182_198.jpg,[0.8937],"[[430, 100, 538, 283]]","[[431, 101, 537, 282]]"
ed2e9e4c_24.jpg,[0.9318],"[[296, 268, 473, 359]]","[[296, 267, 472, 357]]"
b2045fbc_1770.jpg,[],[],[]
9aa3bbb8_80.jpg,[],[],[]
b2045fbc_1034.jpg,[],[],"[[0, 340, 200, 360]]"
9d47d182_383.jpg,[],[],[]
b2045fbc_210.jpg,[],[],[]
9d47d182_308.jpg,[],[],"[[373, 90, 551, 327]]"
b2045fbc_885.jpg,[],[],[]
b2045fbc_710.jpg,[],[],[]
b2045fbc_823.jpg,[],[],[]
b2045fbc_706.jpg,[],[],[]
b2045fbc_811.jpg,[],[],[]
b2045fbc_646.jpg,[],[],[]
b2045fbc_2043.jpg,[],[],[]
ed2e9e4c_47.jpg,[0.9148],"[[571, 184, 640, 359]]","[[573, 183, 639, 354]]"
b2045fbc_1880.jpg,[],[],"[[166, 220, 216, 243]]"
b2045fbc_1985.jpg,[0.8809],"[[271, 203, 382, 256]]","[[271, 203, 381, 255]]"
9d47d182_386.jpg,[],[],[]
b2045fbc_1158.jpg,[0.7898],"[[159, 90, 289, 329]]","[[161, 90, 287, 328]]"
9d47d182_80.jpg,[],[],[]
b2045fbc_634.jpg,[],[],[]
b2045fbc_882.jpg,[],[],[]
f044cf1d_138.jpg,[0.8725],"[[347, 78, 512, 359]]","[[352, 76, 510, 359]]"
b2045fbc_1840.jpg,[],[],[]
b2045fbc_978.jpg,[],[],[]
9d47d182_9.jpg,[],[],[]
9d47d182_159.jpg,[0.5421],"[[400, 86, 542, 309]]","[[404, 86, 539, 309]]"
f044cf1d_167.jpg,[],[],[]
ed2e9e4c_2.jpg,[],[],[]
b2045fbc_1392.jpg,[],[],[]
b2045fbc_1443.jpg,[],[],[]
9d47d182_48.jpg,"[0.8282, 0.7301]","[[377, 154, 496, 360], [378, 220, 495, 360]]","[[379, 156, 495, 360]]"
b2045fbc_1604.jpg,[],[],[]
b2045fbc_1409.jpg,[],[],[]
b2045fbc_793.jpg,[],[],[]
b2045fbc_42.jpg,[],[],[]
b2045fbc_1346.jpg,[],[],[]
9aa3bbb8_93.jpg,[],[],[]
f044cf1d_34.jpg,[],[],[]
b2045fbc_874.jpg,[],[],[]
f044cf1d_254.jpg,[0.7941],"[[349, 67, 532, 360]]","[[355, 70, 529, 360]]"
b2045fbc_1846.jpg,[],[],[]
b2045fbc_1777.jpg,[],[],[]
b2045fbc_1570.jpg,[],[],[]
ed2e9e4c_54.jpg,[0.9158],"[[570, 186, 640, 359]]","[[572, 186, 639, 354]]"
b2045fbc_2015.jpg,[],[],"[[53, 310, 166, 360]]"
f044cf1d_168.jpg,[],[],[]
b2045fbc_1417.jpg,[],[],[]
b2045fbc_1916.jpg,[],[],[]
f044cf1d_132.jpg,[],[],"[[371, 42, 521, 329]]"
b2045fbc_1508.jpg,[],[],[]
b2045fbc_712.jpg,[],[],[]
b2045fbc_283.jpg,[0.8983],"[[370, 190, 510, 360]]","[[370, 190, 509, 360]]"
b2045fbc_227.jpg,[],[],[]
b2045fbc_1199.jpg,[0.8852],"[[67, 214, 206, 359]]","[[67, 213, 205, 360]]"
b2045fbc_1179.jpg,[],[],[]
b2045fbc_336.jpg,[],[],[]
b2045fbc_688.jpg,[],[],[]
b2045fbc_2060.jpg,[],[],[]
b2045fbc_748.jpg,[],[],[]
b2045fbc_1058.jpg,[],[],"[[1, 331, 150, 360]]"
b2045fbc_57.jpg,[],[],[]
9d47d182_42.jpg,[],[],"[[383, 206, 505, 358]]"
b2045fbc_1680.jpg,[],[],[]
b2045fbc_1358.jpg,[],[],[]
b2045fbc_12.jpg,[0.9075],"[[88, 206, 215, 358]]","[[88, 206, 212, 356]]"
ed2e9e4c_9.jpg,[],[],[]
f044cf1d_52.jpg,[],[],"[[373, 13, 555, 351]]"
b2045fbc_1146.jpg,[],[],[]
b2045fbc_758.jpg,[],[],[]
f044cf1d_123.jpg,[],[],"[[383, 39, 531, 323]]"
b2045fbc_3.jpg,[],[],[]
b2045fbc_697.jpg,[],[],[]
f044cf1d_271.jpg,[],[],[]
9d47d182_375.jpg,[],[],[]
9d47d182_316.jpg,[],[],"[[369, 94, 546, 323]]"
ed2e9e4c_34.jpg,[],[],[]
b2045fbc_842.jpg,[],[],[]
b2045fbc_1897.jpg,[],[],[]
9aa3bbb8_61.jpg,[],[],[]
b2045fbc_1964.jpg,[],[],[]
b2045fbc_1610.jpg,[],[],[]
b2045fbc_1667.jpg,[],[],[]
b2045fbc_77.jpg,[],[],[]
b2045fbc_55.jpg,[],[],[]
b2045fbc_1246.jpg,[],[],[]
9d47d182_199.jpg,[],[],[]
b2045fbc_1700.jpg,[],[],[]
b2045fbc_578.jpg,[],[],[]
b2045fbc_1301.jpg,[],[],[]
f044cf1d_140.jpg,[0.8737],"[[350, 82, 504, 356]]","[[351, 84, 501, 360]]"
b2045fbc_1568.jpg,[],[],[]
b2045fbc_660.jpg,[],[],[]
b2045fbc_981.jpg,[],[],[]
b2045fbc_1258.jpg,[],[],[]
b2045fbc_887.jpg,[],[],[]
b2045fbc_32.jpg,[],[],[]
b2045fbc_1375.jpg,[],[],[]
b2045fbc_2056.jpg,[],[],[]
b2045fbc_1910.jpg,[],[],"[[0, 211, 107, 252]]"
b2045fbc_1600.jpg,[],[],[]
9d47d182_156.jpg,[0.7085],"[[403, 82, 542, 307]]","[[404, 82, 540, 304]]"
f044cf1d_97.jpg,[0.5057],"[[376, 35, 552, 307]]","[[378, 35, 533, 324]]"
b2045fbc_2061.jpg,[],[],[]
b2045fbc_1031.jpg,[],[],[]
9d47d182_313.jpg,[],[],"[[374, 91, 550, 331]]"
9d47d182_32.jpg,[],[],[]
f044cf1d_145.jpg,[0.8242],"[[346, 89, 497, 359]]","[[346, 88, 497, 342]]"
b2045fbc_637.jpg,[],[],[]
b2045fbc_817.jpg,[],[],[]
b2045fbc_1862.jpg,[],[],[]
b2045fbc_796.jpg,[],[],[]
b2045fbc_266.jpg,[],[],[]
b2045fbc_21.jpg,[0.3328],"[[118, 190, 239, 341]]","[[118, 189, 237, 347]]"
b2045fbc_135.jpg,[],[],[]
b2045fbc_1450.jpg,[],[],[]
b2045fbc_463.jpg,[],[],[]
ed2e9e4c_68.jpg,[],[],"[[548, 209, 640, 360]]"
b2045fbc_1468.jpg,[0.675],"[[294, 293, 391, 359]]","[[294, 293, 390, 359]]"
9d47d182_118.jpg,[],[],"[[432, 109, 588, 342]]"
f044cf1d_141.jpg,"[0.6891, 0.2561]","[[340, 85, 492, 355], [339, 86, 436, 353]]","[[343, 84, 489, 360]]"
b2045fbc_163.jpg,[],[],[]
b2045fbc_1935.jpg,[],[],[]
9d47d182_346.jpg,[],[],[]
b2045fbc_949.jpg,[],[],"[[1, 321, 206, 360]]"
9d47d182_302.jpg,[],[],"[[386, 81, 589, 329]]"
b2045fbc_1080.jpg,[],[],[]
9d47d182_401.jpg,[],[],"[[398, 263, 513, 360]]"
f044cf1d_133.jpg,[],[],"[[369, 43, 523, 327]]"
b2045fbc_2011.jpg,[],[],"[[50, 309, 170, 360]]"
b2045fbc_744.jpg,[],[],[]
b2045fbc_638.jpg,[],[],[]
b2045fbc_1007.jpg,[],[],[]
9aa3bbb8_32.jpg,[0.8993],"[[427, 150, 559, 359]]","[[428, 150, 556, 360]]"
9aa3bbb8_73.jpg,[],[],[]
b2045fbc_1966.jpg,[],[],[]
b2045fbc_1135.jpg,[],[],[]
b2045fbc_1367.jpg,[],[],[]
b2045fbc_405.jpg,[],[],[]
ed2e9e4c_51.jpg,[0.899],"[[572, 184, 640, 359]]","[[575, 183, 639, 354]]"
f044cf1d_115.jpg,[],[],"[[381, 39, 531, 324]]"
b2045fbc_322.jpg,[],[],[]
9d47d182_50.jpg,[],[],[]
b2045fbc_1152.jpg,[],[],[]
b2045fbc_832.jpg,[0.9138],"[[371, 280, 494, 359]]","[[371, 279, 492, 358]]"
b2045fbc_1687.jpg,[],[],[]
b2045fbc_1117.jpg,[],[],[]
b2045fbc_1305.jpg,[],[],[]
b2045fbc_1334.jpg,[],[],[]
b2045fbc_255.jpg,[],[],[]
b2045fbc_1114.jpg,[],[],[]
b2045fbc_1524.jpg,[],[],[]
b2045fbc_273.jpg,[0.9073],"[[354, 215, 509, 360]]","[[355, 214, 509, 360]]"
b2045fbc_360.jpg,[],[],[]
9d47d182_315.jpg,[],[],"[[370, 95, 566, 324]]"
f044cf1d_71.jpg,[],[],"[[369, 24, 547, 342]]"
b2045fbc_1224.jpg,[],[],[]
9d47d182_27.jpg,[],[],[]
b2045fbc_1976.jpg,[],[],[]
b2045fbc_1176.jpg,[0.8631],"[[47, 206, 196, 359]]","[[46, 204, 194, 358]]"
b2045fbc_88.jpg,[],[],[]
9d47d182_87.jpg,[0.3468],"[[86, 266, 197, 359]]","[[87, 266, 197, 359]]"
b2045fbc_820.jpg,[],[],[]
b2045fbc_451.jpg,[],[],[]
b2045fbc_43.jpg,[],[],[]
b2045fbc_1424.jpg,[],[],[]
9d47d182_304.jpg,[],[],"[[376, 90, 564, 319]]"
f044cf1d_100.jpg,[0.437],"[[377, 36, 541, 269]]","[[382, 36, 533, 322]]"
b2045fbc_2010.jpg,[],[],"[[47, 308, 169, 360]]"
b2045fbc_96.jpg,[],[],[]
b2045fbc_514.jpg,[],[],"[[69, 202, 217, 359]]"
b2045fbc_799.jpg,[],[],[]
b2045fbc_702.jpg,[],[],[]
b2045fbc_1348.jpg,[],[],[]
b2045fbc_1495.jpg,[],[],[]
b2045fbc_58.jpg,[],[],[]
b2045fbc_1310.jpg,[],[],[]
b2045fbc_147.jpg,[],[],[]
b2045fbc_1001.jpg,[],[],[]
b2045fbc_525.jpg,[],[],"[[75, 192, 213, 359]]"
f044cf1d_266.jpg,[],[],[]
9aa3bbb8_46.jpg,[0.9082],"[[464, 145, 594, 360]]","[[463, 145, 593, 360]]"
b2045fbc_381.jpg,[],[],[]
b2045fbc_81.jpg,[],[],[]
b2045fbc_2037.jpg,[],[],[]
f044cf1d_279.jpg,[0.6088],"[[346, 21, 531, 295]]","[[344, 21, 520, 360]]"
b2045fbc_287.jpg,[],[],"[[482, 243, 640, 360]]"
b2045fbc_1904.jpg,[],[],[]
b2045fbc_1455.jpg,[],[],[]
b2045fbc_631.jpg,[],[],[]
b2045fbc_1078.jpg,[],[],[]
b2045fbc_1426.jpg,[],[],[]
b2045fbc_824.jpg,[],[],[]
f044cf1d_174.jpg,[],[],[]
b2045fbc_323.jpg,[],[],[]
b2045fbc_371.jpg,[],[],[]
b2045fbc_83.jpg,[],[],[]
b2045fbc_164.jpg,[],[],[]
9aa3bbb8_62.jpg,[],[],[]
b2045fbc_1685.jpg,[],[],[]
f044cf1d_124.jpg,[],[],[]
b2045fbc_622.jpg,[],[],[]
b2045fbc_1084.jpg,[],[],[]
b2045fbc_1259.jpg,[],[],[]
b2045fbc_17.jpg,[0.8855],"[[90, 205, 213, 358]]","[[89, 206, 209, 352]]"
b2045fbc_471.jpg,[],[],[]
ed2e9e4c_43.jpg,[0.8681],"[[585, 181, 640, 359]]","[[588, 183, 640, 360]]"
f044cf1d_88.jpg,[],[],[]
b2045fbc_354.jpg,[],[],[]
f044cf1d_256.jpg,[0.8659],"[[347, 68, 532, 360]]","[[350, 73, 530, 360]]"
f044cf1d_15.jpg,[],[],"[[352, 31, 524, 359]]"
f044cf1d_143.jpg,[0.8222],"[[352, 87, 503, 355]]","[[353, 88, 501, 360]]"
b2045fbc_608.jpg,[],[],[]
f044cf1d_194.jpg,[],[],"[[397, 75, 543, 342]]"
b2045fbc_1681.jpg,[],[],[]
b2045fbc_1106.jpg,[],[],[]
b2045fbc_993.jpg,[],[],[]
9d47d182_171.jpg,[0.8888],"[[410, 76, 545, 297]]","[[411, 75, 543, 299]]"
b2045fbc_774.jpg,[],[],[]
b2045fbc_1009.jpg,[],[],[]
b2045fbc_1501.jpg,[],[],"[[295, 261, 387, 358]]"
b2045fbc_1444.jpg,[],[],[]
b2045fbc_465.jpg,[],[],[]
b2045fbc_241.jpg,[],[],[]
9d47d182_296.jpg,[],[],"[[376, 77, 559, 327]]"
9aa3bbb8_14.jpg,[],[],[]
b2045fbc_544.jpg,[0.8642],"[[164, 198, 251, 357]]","[[165, 198, 250, 356]]"
b2045fbc_879.jpg,[],[],[]
b2045fbc_377.jpg,[],[],[]
b2045fbc_1546.jpg,[0.3555],"[[270, 231, 363, 359]]","[[271, 231, 364, 358]]"
b2045fbc_339.jpg,[],[],[]
9aa3bbb8_94.jpg,[],[],[]
9d47d182_56.jpg,[],[],"[[396, 257, 510, 359]]"
b2045fbc_571.jpg,[],[],[]
b2045fbc_1835.jpg,[],[],[]
b2045fbc_1014.jpg,[],[],[]
b2045fbc_1750.jpg,[],[],[]
9d47d182_356.jpg,[],[],"[[386, 140, 496, 332]]"
b2045fbc_428.jpg,[],[],[]
9d47d182_382.jpg,[],[],[]
b2045fbc_1746.jpg,[],[],[]
b2045fbc_157.jpg,[],[],[]
b2045fbc_71.jpg,[],[],[]
b2045fbc_1023.jpg,[],[],[]
b2045fbc_1030.jpg,[],[],"[[0, 337, 222, 360]]"
ed2e9e4c_64.jpg,[0.8863],"[[583, 201, 640, 360]]","[[584, 201, 640, 359]]"
b2045fbc_1900.jpg,[],[],[]
b2045fbc_996.jpg,[],[],[]
b2045fbc_664.jpg,[],[],[]
b2045fbc_517.jpg,[],[],"[[66, 201, 206, 360]]"
b2045fbc_44.jpg,[],[],[]
b2045fbc_1337.jpg,[],[],[]
b2045fbc_1738.jpg,[],[],[]
f044cf1d_173.jpg,[],[],[]
ed2e9e4c_62.jpg,[0.8844],"[[583, 198, 640, 360]]","[[584, 198, 639, 358]]"
b2045fbc_1646.jpg,[0.7215],"[[43, 319, 152, 359]]","[[42, 318, 161, 359]]"
9aa3bbb8_66.jpg,[],[],[]
b2045fbc_65.jpg,[],[],[]
b2045fbc_1850.jpg,[],[],[]
b2045fbc_1657.jpg,[0.4036],"[[40, 318, 150, 359]]","[[41, 318, 146, 359]]"
b2045fbc_843.jpg,[],[],[]
b2045fbc_584.jpg,[],[],[]
9d47d182_213.jpg,[],[],"[[405, 154, 529, 355]]"
b2045fbc_1975.jpg,[],[],[]
b2045fbc_794.jpg,[],[],[]
f044cf1d_235.jpg,[0.8371],"[[345, 59, 533, 360]]","[[351, 65, 528, 360]]"
b2045fbc_896.jpg,[],[],[]
b2045fbc_1896.jpg,[],[],[]
f044cf1d_169.jpg,[],[],[]
9aa3bbb8_52.jpg,[],[],[]
b2045fbc_1446.jpg,[],[],[]
f044cf1d_137.jpg,[0.8791],"[[344, 74, 511, 358]]","[[349, 74, 510, 360]]"
b2045fbc_1630.jpg,[0.6716],"[[415, 166, 547, 357]]","[[417, 167, 542, 356]]"
b2045fbc_772.jpg,[],[],[]
b2045fbc_151.jpg,[],[],[]
f044cf1d_74.jpg,[],[],"[[374, 24, 550, 347]]"
b2045fbc_925.jpg,[],[],[]
f044cf1d_183.jpg,[],[],"[[397, 75, 542, 343]]"
b2045fbc_225.jpg,[],[],[]
9d47d182_206.jpg,[],[],[]
b2045fbc_5.jpg,[0.8894],"[[84, 209, 210, 359]]","[[84, 208, 208, 358]]"
b2045fbc_351.jpg,[],[],[]
b2045fbc_2014.jpg,[],[],"[[52, 304, 174, 360]]"
f044cf1d_90.jpg,[],[],[]
b2045fbc_2006.jpg,[],[],"[[25, 304, 155, 356]]"
b2045fbc_562.jpg,[],[],[]
9aa3bbb8_63.jpg,[],[],[]
f044cf1d_195.jpg,[],[],"[[395, 73, 539, 342]]"
b2045fbc_2022.jpg,[],[],"[[55, 310, 181, 360]]"
9d47d182_200.jpg,[],[],[]
b2045fbc_281.jpg,[0.6416],"[[376, 201, 515, 359]]","[[373, 201, 515, 359]]"
b2045fbc_310.jpg,[],[],[]
b2045fbc_629.jpg,[],[],[]
b2045fbc_968.jpg,[],[],[]
b2045fbc_437.jpg,[],[],[]
b2045fbc_1340.jpg,[],[],[]
b2045fbc_388.jpg,[],[],[]
b2045fbc_299.jpg,[0.7649],"[[145, 259, 469, 360]]","[[158, 258, 470, 358]]"
b2045fbc_1824.jpg,[],[],[]
b2045fbc_851.jpg,[],[],[]
b2045fbc_1389.jpg,[],[],[]
b2045fbc_692.jpg,[],[],[]
b2045fbc_1914.jpg,[0.5468],"[[71, 220, 126, 252]]","[[22, 219, 126, 257]]"
b2045fbc_109.jpg,[],[],[]
f044cf1d_45.jpg,[],[],"[[363, 4, 541, 341]]"
b2045fbc_1004.jpg,[],[],[]
9d47d182_274.jpg,[],[],[]
f044cf1d_216.jpg,[0.8577],"[[364, 192, 470, 358]]","[[366, 193, 528, 359]]"
9d47d182_234.jpg,[],[],"[[361, 201, 477, 354]]"
b2045fbc_153.jpg,[],[],[]
b2045fbc_1766.jpg,[],[],[]
f044cf1d_107.jpg,[],[],"[[382, 38, 532, 323]]"
b2045fbc_569.jpg,[],[],[]
9d47d182_406.jpg,[],[],"[[401, 264, 513, 360]]"
b2045fbc_746.jpg,[],[],[]
9d47d182_190.jpg,[0.9249],"[[306, 287, 417, 359]]","[[306, 285, 417, 358]]"
b2045fbc_576.jpg,[],[],[]
b2045fbc_61.jpg,[],[],[]
ed2e9e4c_41.jpg,[0.4444],"[[532, 203, 640, 360]]","[[544, 202, 640, 359]]"
9d47d182_374.jpg,[],[],[]
f044cf1d_7.jpg,[],[],"[[346, 25, 517, 355]]"
b2045fbc_1386.jpg,[],[],[]
b2045fbc_296.jpg,[0.6502],"[[238, 302, 351, 360]]","[[170, 284, 521, 359]]"
b2045fbc_1440.jpg,[],[],[]
b2045fbc_1721.jpg,[],[],[]
b2045fbc_2069.jpg,[],[],[]
b2045fbc_1780.jpg,[],[],[]
b2045fbc_411.jpg,[],[],[]
b2045fbc_496.jpg,[],[],[]
b2045fbc_1507.jpg,[],[],[]
b2045fbc_1391.jpg,[],[],[]
b2045fbc_440.jpg,[],[],[]
9d47d182_394.jpg,[],[],"[[398, 265, 514, 359]]"
9d47d182_228.jpg,[],[],[]
b2045fbc_864.jpg,[],[],[]
b2045fbc_390.jpg,[],[],[]
b2045fbc_1345.jpg,[],[],[]
b2045fbc_1544.jpg,[],[],[]
b2045fbc_106.jpg,[],[],[]
b2045fbc_1790.jpg,[0.935],"[[96, 232, 220, 360]]","[[97, 231, 219, 360]]"
b2045fbc_1372.jpg,[],[],[]
b2045fbc_899.jpg,[],[],[]
f044cf1d_14.jpg,[],[],"[[351, 31, 521, 360]]"
9aa3bbb8_87.jpg,[],[],[]
b2045fbc_1333.jpg,[],[],[]
9d47d182_153.jpg,[0.3354],"[[406, 80, 543, 307]]","[[409, 80, 551, 307]]"
b2045fbc_424.jpg,[],[],[]
9d47d182_305.jpg,[],[],"[[375, 88, 553, 325]]"
b2045fbc_836.jpg,[0.2841],"[[361, 310, 492, 360]]","[[362, 309, 493, 359]]"
b2045fbc_902.jpg,[],[],[]
b2045fbc_193.jpg,[],[],[]
b2045fbc_1510.jpg,[],[],[]
b2045fbc_1102.jpg,[],[],[]
f044cf1d_102.jpg,[],[],"[[378, 34, 529, 322]]"
b2045fbc_1622.jpg,[0.849],"[[374, 161, 521, 360]]","[[376, 163, 516, 360]]"
b2045fbc_1274.jpg,[],[],[]
b2045fbc_1360.jpg,[],[],[]
b2045fbc_649.jpg,[],[],[]
b2045fbc_1602.jpg,[],[],[]
b2045fbc_1289.jpg,[],[],[]
b2045fbc_1729.jpg,[],[],[]
b2045fbc_632.jpg,[],[],[]
b2045fbc_49.jpg,[],[],[]
9d47d182_254.jpg,[0.812],"[[390, 90, 572, 333]]","[[391, 84, 569, 335]]"
9d47d182_210.jpg,[0.3432],"[[403, 146, 535, 357]]","[[406, 147, 534, 354]]"
b2045fbc_573.jpg,[],[],[]
b2045fbc_1171.jpg,[0.8853],"[[50, 203, 197, 360]]","[[50, 203, 196, 359]]"
b2045fbc_1226.jpg,[],[],[]
b2045fbc_22.jpg,[0.4477],"[[88, 190, 219, 341]]","[[89, 190, 219, 347]]"
9d47d182_390.jpg,[],[],[]
9aa3bbb8_84.jpg,[],[],[]
b2045fbc_828.jpg,[],[],[]
9aa3bbb8_31.jpg,[0.9127],"[[423, 155, 560, 360]]","[[424, 153, 559, 360]]"
9d47d182_398.jpg,[],[],"[[405, 263, 509, 360]]"
b2045fbc_269.jpg,[],[],[]
b2045fbc_48.jpg,[],[],[]
ed2e9e4c_10.jpg,[],[],[]
b2045fbc_1562.jpg,[],[],"[[314, 56, 514, 354]]"
b2045fbc_433.jpg,[],[],[]
b2045fbc_1788.jpg,[],[],[]
f044cf1d_106.jpg,[],[],"[[381, 37, 531, 322]]"
b2045fbc_1496.jpg,[],[],[]
b2045fbc_470.jpg,[],[],[]
b2045fbc_1963.jpg,[0.8556],"[[323, 155, 389, 279]]","[[323, 153, 388, 277]]"
b2045fbc_1471.jpg,[],[],[]
b2045fbc_1227.jpg,[],[],[]
f044cf1d_237.jpg,[0.8434],"[[346, 62, 529, 360]]","[[347, 66, 528, 360]]"
