File,Predicted_Confidences,Predicted_Boxes,Ground_Truth_Boxes
b2045fbc_1708.jpg,"[0.8622, 0.4248]","[[156, 163, 249, 265], [102, 223, 148, 278]]","[[157, 162, 249, 264]]"
b2045fbc_500.jpg,[0.9139],"[[257, 118, 386, 296]]","[[255, 118, 385, 295]]"
f044cf1d_239.jpg,[0.8933],"[[214, 77, 346, 260]]","[[213, 77, 346, 260]]"
b2045fbc_1184.jpg,[0.8933],"[[221, 122, 343, 295]]","[[220, 122, 344, 295]]"
b2045fbc_572.jpg,[0.7041],"[[0, 90, 141, 353]]","[[0, 93, 140, 351]]"
b2045fbc_257.jpg,[0.8949],"[[183, 106, 347, 342]]","[[184, 104, 348, 342]]"
b2045fbc_1132.jpg,[],[],[]
9d47d182_298.jpg,[0.8265],"[[179, 93, 329, 292]]","[[179, 92, 327, 291]]"
b2045fbc_764.jpg,[],[],[]
b2045fbc_2054.jpg,[0.7802],"[[230, 175, 396, 360]]","[[230, 175, 394, 359]]"
b2045fbc_2027.jpg,"[0.9089, 0.9061]","[[86, 23, 169, 133], [302, 117, 396, 221]]","[[298, 112, 396, 224], [83, 21, 169, 135]]"
b2045fbc_82.jpg,[0.9096],"[[125, 192, 237, 345]]","[[123, 190, 240, 351]]"
b2045fbc_1857.jpg,[0.8721],"[[323, 128, 414, 230]]","[[323, 127, 413, 229]]"
f044cf1d_176.jpg,[0.818],"[[186, 85, 332, 272]]","[[181, 82, 318, 273]]"
b2045fbc_348.jpg,[0.8919],"[[207, 98, 322, 281]]","[[206, 97, 322, 279]]"
9d47d182_301.jpg,[0.8407],"[[218, 100, 351, 287]]","[[217, 99, 350, 286]]"
b2045fbc_167.jpg,[0.9279],"[[297, 76, 433, 237]]","[[295, 75, 433, 234]]"
f044cf1d_139.jpg,[0.8848],"[[212, 77, 341, 248]]","[[213, 77, 339, 249]]"
b2045fbc_1110.jpg,[0.8413],"[[25, 84, 211, 325]]","[[25, 83, 210, 326]]"
b2045fbc_366.jpg,[0.8975],"[[175, 114, 321, 317]]","[[174, 113, 322, 316]]"
b2045fbc_1028.jpg,[0.9031],"[[192, 9, 355, 235]]","[[192, 9, 355, 234]]"
f044cf1d_38.jpg,[0.7468],"[[294, 91, 443, 274]]","[[296, 90, 440, 274]]"
b2045fbc_231.jpg,[0.924],"[[262, 110, 412, 326]]","[[261, 109, 411, 325]]"
b2045fbc_1437.jpg,[],[],[]
b2045fbc_890.jpg,[0.9151],"[[171, 115, 336, 329]]","[[171, 115, 336, 329]]"
b2045fbc_277.jpg,[0.8513],"[[228, 94, 378, 312]]","[[227, 93, 380, 311]]"
b2045fbc_735.jpg,[],[],[]
b2045fbc_1957.jpg,[0.8912],"[[227, 81, 345, 214]]","[[225, 81, 342, 211]]"
f044cf1d_83.jpg,[0.8458],"[[242, 79, 394, 256]]","[[243, 79, 393, 255]]"
b2045fbc_1876.jpg,"[0.9107, 0.8985]","[[310, 130, 397, 235], [141, 51, 199, 131]]","[[310, 130, 396, 234], [140, 52, 199, 131]]"
b2045fbc_904.jpg,[0.9083],"[[176, 130, 336, 343]]","[[175, 129, 336, 343]]"
f044cf1d_284.jpg,[0.8466],"[[165, 89, 296, 270]]","[[163, 88, 297, 268]]"
b2045fbc_149.jpg,[0.9139],"[[289, 87, 415, 242]]","[[289, 87, 415, 241]]"
b2045fbc_711.jpg,[0.7807],"[[577, 76, 640, 318]]","[[577, 74, 639, 317]]"
9d47d182_100.jpg,[0.7811],"[[201, 98, 339, 288]]","[[202, 96, 337, 288]]"
b2045fbc_66.jpg,[],[],"[[120, 241, 256, 358]]"
b2045fbc_1204.jpg,[],[],[]
f044cf1d_160.jpg,[0.8797],"[[170, 89, 308, 268]]","[[167, 87, 309, 267]]"
f044cf1d_37.jpg,[0.7665],"[[295, 91, 439, 274]]","[[296, 90, 436, 274]]"
b2045fbc_1173.jpg,[0.8799],"[[222, 122, 344, 295]]","[[222, 122, 346, 296]]"
b2045fbc_306.jpg,[0.8865],"[[162, 79, 330, 326]]","[[152, 82, 332, 325]]"
b2045fbc_1536.jpg,[0.7478],"[[157, 166, 309, 359]]","[[156, 166, 316, 360]]"
f044cf1d_231.jpg,[0.8902],"[[211, 77, 343, 261]]","[[210, 76, 346, 260]]"
b2045fbc_1818.jpg,[0.912],"[[217, 102, 376, 292]]","[[216, 102, 376, 290]]"
b2045fbc_1116.jpg,[],[],[]
b2045fbc_1513.jpg,[0.904],"[[184, 173, 314, 359]]","[[184, 171, 315, 358]]"
b2045fbc_274.jpg,[0.862],"[[227, 95, 371, 312]]","[[227, 93, 373, 311]]"
b2045fbc_1134.jpg,[],[],[]
9d47d182_371.jpg,[0.8671],"[[218, 99, 353, 289]]","[[219, 97, 352, 289]]"
b2045fbc_932.jpg,[0.9211],"[[219, 137, 367, 342]]","[[220, 136, 364, 340]]"
9d47d182_45.jpg,[0.8053],"[[200, 97, 351, 288]]","[[201, 96, 349, 285]]"
f044cf1d_234.jpg,[0.897],"[[212, 77, 343, 261]]","[[212, 76, 343, 260]]"
b2045fbc_731.jpg,[],[],[]
b2045fbc_1961.jpg,[0.4905],"[[263, 112, 349, 219]]","[[260, 114, 352, 214]]"
b2045fbc_1461.jpg,[],[],[]
b2045fbc_1556.jpg,[0.8965],"[[163, 158, 319, 359]]","[[165, 158, 318, 359]]"
9aa3bbb8_89.jpg,[],[],[]
9d47d182_351.jpg,[0.7354],"[[167, 96, 313, 293]]","[[164, 98, 304, 293]]"
b2045fbc_1866.jpg,"[0.913, 0.8951]","[[318, 131, 407, 231], [137, 56, 194, 136]]","[[318, 132, 406, 231], [135, 57, 193, 136]]"
b2045fbc_346.jpg,[0.8934],"[[207, 100, 318, 281]]","[[206, 99, 318, 279]]"
9d47d182_235.jpg,[0.8212],"[[211, 96, 344, 281]]","[[210, 93, 344, 279]]"
b2045fbc_2036.jpg,[0.8634],"[[363, 119, 446, 220]]","[[363, 118, 445, 218]]"
9d47d182_363.jpg,[0.8608],"[[217, 99, 351, 286]]","[[217, 97, 350, 286]]"
b2045fbc_331.jpg,[0.8973],"[[87, 64, 253, 292]]","[[86, 63, 257, 292]]"
b2045fbc_639.jpg,[0.8429],"[[0, 100, 207, 359]]","[[0, 100, 208, 358]]"
b2045fbc_403.jpg,[0.8842],"[[167, 115, 276, 295]]","[[167, 113, 277, 294]]"
b2045fbc_829.jpg,[0.8821],"[[175, 131, 311, 317]]","[[175, 131, 311, 314]]"
b2045fbc_1626.jpg,[0.8269],"[[158, 165, 316, 360]]","[[158, 165, 314, 359]]"
b2045fbc_502.jpg,[0.913],"[[291, 94, 440, 315]]","[[290, 94, 438, 314]]"
9d47d182_37.jpg,[0.8549],"[[205, 98, 356, 291]]","[[205, 97, 355, 289]]"
9d47d182_191.jpg,[0.8433],"[[193, 98, 343, 290]]","[[194, 97, 332, 289]]"
b2045fbc_205.jpg,[0.9223],"[[274, 96, 406, 254]]","[[274, 96, 406, 251]]"
b2045fbc_983.jpg,[0.4018],"[[37, 143, 236, 360]]","[[38, 144, 232, 360]]"
b2045fbc_1315.jpg,[0.3015],"[[170, 148, 272, 359]]","[[162, 147, 261, 360]]"
b2045fbc_673.jpg,[],[],[]
ed2e9e4c_14.jpg,[0.8627],"[[276, 133, 432, 351]]","[[276, 131, 436, 352]]"
b2045fbc_1753.jpg,[0.8688],"[[164, 158, 251, 252]]","[[161, 156, 251, 252]]"
b2045fbc_845.jpg,[0.9269],"[[200, 125, 338, 321]]","[[199, 124, 337, 320]]"
b2045fbc_1633.jpg,[0.5542],"[[170, 163, 339, 359]]","[[169, 163, 323, 355]]"
f044cf1d_189.jpg,[0.8243],"[[194, 84, 330, 273]]","[[193, 82, 329, 272]]"
b2045fbc_643.jpg,[0.913],"[[143, 89, 307, 319]]","[[144, 89, 308, 319]]"
b2045fbc_1871.jpg,"[0.9096, 0.8853]","[[312, 132, 401, 234], [148, 52, 205, 134]]","[[145, 50, 207, 133], [309, 131, 403, 233]]"
b2045fbc_512.jpg,[0.8978],"[[273, 115, 399, 284]]","[[272, 114, 399, 282]]"
b2045fbc_1907.jpg,[0.9122],"[[333, 134, 409, 225]]","[[333, 135, 409, 223]]"
b2045fbc_1538.jpg,[0.862],"[[163, 164, 310, 360]]","[[162, 163, 312, 359]]"
b2045fbc_1797.jpg,[0.9189],"[[262, 80, 431, 294]]","[[260, 80, 432, 293]]"
b2045fbc_1241.jpg,[],[],[]
b2045fbc_1909.jpg,[0.9199],"[[300, 137, 376, 227]]","[[299, 139, 376, 224]]"
b2045fbc_1242.jpg,[],[],[]
b2045fbc_557.jpg,[0.8306],"[[296, 121, 407, 287]]","[[296, 120, 407, 284]]"
b2045fbc_886.jpg,[0.8232],"[[211, 136, 386, 355]]","[[210, 135, 386, 354]]"
b2045fbc_910.jpg,[0.9106],"[[181, 141, 341, 356]]","[[181, 141, 341, 357]]"
9d47d182_165.jpg,[0.8863],"[[199, 99, 333, 287]]","[[199, 96, 333, 288]]"
b2045fbc_1678.jpg,[0.8647],"[[0, 6, 180, 243]]","[[0, 7, 180, 243]]"
b2045fbc_197.jpg,"[0.922, 0.8939]","[[40, 148, 166, 325], [374, 108, 508, 264]]","[[40, 148, 166, 323], [374, 109, 508, 262]]"
b2045fbc_518.jpg,[0.8933],"[[302, 138, 427, 307]]","[[301, 137, 427, 306]]"
b2045fbc_1950.jpg,[0.9196],"[[283, 105, 378, 216]]","[[281, 105, 379, 216]]"
f044cf1d_226.jpg,[0.8928],"[[209, 77, 342, 262]]","[[208, 76, 344, 261]]"
b2045fbc_2028.jpg,"[0.9061, 0.9042]","[[84, 25, 164, 132], [287, 112, 381, 221]]","[[284, 109, 380, 223], [81, 23, 165, 129]]"
9d47d182_309.jpg,[0.8183],"[[180, 94, 330, 290]]","[[176, 92, 316, 290]]"
b2045fbc_628.jpg,[],[],[]
f044cf1d_96.jpg,[0.8329],"[[187, 85, 316, 265]]","[[183, 81, 317, 265]]"
b2045fbc_270.jpg,[0.8526],"[[230, 95, 377, 312]]","[[229, 95, 378, 317]]"
9d47d182_404.jpg,[0.8177],"[[213, 100, 350, 291]]","[[214, 99, 350, 286]]"
f044cf1d_42.jpg,[0.8894],"[[186, 82, 312, 262]]","[[182, 78, 314, 266]]"
9aa3bbb8_99.jpg,[],[],[]
9d47d182_70.jpg,[0.7922],"[[200, 100, 343, 292]]","[[200, 99, 335, 292]]"
b2045fbc_1815.jpg,[0.9181],"[[244, 84, 406, 273]]","[[243, 83, 405, 271]]"
9d47d182_52.jpg,[0.83],"[[204, 99, 350, 292]]","[[205, 99, 346, 291]]"
b2045fbc_1087.jpg,[],[],[]
b2045fbc_95.jpg,"[0.9093, 0.8953]","[[389, 121, 529, 277], [70, 159, 187, 319]]","[[388, 120, 528, 276], [69, 159, 186, 318]]"
b2045fbc_944.jpg,[0.8988],"[[168, 8, 332, 236]]","[[166, 11, 330, 236]]"
b2045fbc_617.jpg,[],[],[]
b2045fbc_812.jpg,[0.9027],"[[168, 135, 304, 323]]","[[168, 135, 303, 321]]"
9d47d182_8.jpg,[0.8545],"[[215, 101, 354, 291]]","[[215, 100, 353, 291]]"
b2045fbc_701.jpg,[0.8906],"[[438, 96, 603, 305]]","[[438, 95, 602, 304]]"
f044cf1d_213.jpg,[0.8267],"[[262, 71, 410, 268]]","[[262, 70, 406, 267]]"
b2045fbc_888.jpg,[0.8454],"[[212, 133, 388, 349]]","[[212, 132, 390, 348]]"
9d47d182_347.jpg,[0.7593],"[[168, 96, 318, 294]]","[[164, 94, 304, 289]]"
b2045fbc_1041.jpg,[0.9035],"[[179, 1, 352, 215]]","[[178, 1, 354, 214]]"
b2045fbc_468.jpg,[0.9094],"[[286, 120, 400, 292]]","[[284, 119, 400, 290]]"
b2045fbc_1701.jpg,[0.91],"[[130, 137, 246, 300]]","[[129, 136, 250, 300]]"
9d47d182_216.jpg,[0.8657],"[[178, 98, 330, 292]]","[[178, 98, 329, 292]]"
b2045fbc_352.jpg,[0.8554],"[[177, 134, 290, 307]]","[[177, 135, 291, 307]]"
b2045fbc_1598.jpg,[0.7957],"[[159, 150, 333, 359]]","[[159, 148, 337, 360]]"
9aa3bbb8_17.jpg,[0.9273],"[[269, 139, 452, 359]]","[[268, 140, 452, 359]]"
9d47d182_137.jpg,[0.8864],"[[200, 99, 334, 288]]","[[199, 97, 333, 289]]"
b2045fbc_1235.jpg,[0.8411],"[[283, 100, 404, 254]]","[[281, 101, 414, 254]]"
9d47d182_269.jpg,[0.8981],"[[171, 88, 311, 285]]","[[170, 88, 310, 285]]"
b2045fbc_1068.jpg,[0.9165],"[[291, 99, 447, 326]]","[[290, 97, 446, 324]]"
b2045fbc_1075.jpg,[0.8706],"[[138, 9, 309, 240]]","[[137, 7, 315, 239]]"
9d47d182_169.jpg,[0.8867],"[[196, 98, 331, 288]]","[[196, 97, 330, 288]]"
b2045fbc_1273.jpg,[0.9047],"[[125, 138, 264, 336]]","[[125, 137, 266, 335]]"
9d47d182_412.jpg,[0.7837],"[[211, 100, 354, 291]]","[[212, 99, 352, 291]]"
b2045fbc_1419.jpg,[],[],[]
b2045fbc_716.jpg,[],[],[]
b2045fbc_185.jpg,"[0.9204, 0.9106]","[[104, 136, 224, 307], [447, 75, 594, 244]]","[[447, 76, 593, 243], [103, 136, 224, 306]]"
b2045fbc_2016.jpg,"[0.9016, 0.8976]","[[104, 31, 190, 147], [300, 123, 396, 233]]","[[296, 120, 396, 234], [101, 26, 190, 145]]"
b2045fbc_1175.jpg,[0.8856],"[[223, 123, 344, 294]]","[[222, 122, 346, 295]]"
ed2e9e4c_19.jpg,[0.8477],"[[247, 81, 406, 256]]","[[246, 80, 406, 256]]"
b2045fbc_1213.jpg,[0.9114],"[[288, 101, 404, 243]]","[[288, 102, 404, 242]]"
9d47d182_4.jpg,[0.8628],"[[217, 99, 353, 291]]","[[218, 99, 353, 291]]"
b2045fbc_714.jpg,[],[],[]
b2045fbc_192.jpg,"[0.9215, 0.9006]","[[24, 141, 154, 317], [376, 98, 510, 258]]","[[24, 139, 154, 316], [375, 98, 509, 256]]"
b2045fbc_1983.jpg,[0.9141],"[[277, 123, 362, 209]]","[[277, 122, 362, 208]]"
b2045fbc_1989.jpg,[0.904],"[[329, 107, 428, 210]]","[[328, 106, 428, 208]]"
b2045fbc_1845.jpg,[0.9042],"[[229, 145, 358, 333]]","[[229, 144, 359, 334]]"
9aa3bbb8_69.jpg,[0.8805],"[[312, 148, 449, 352]]","[[311, 147, 452, 351]]"
ed2e9e4c_61.jpg,[0.7224],"[[346, 97, 516, 306]]","[[345, 97, 517, 306]]"
ed2e9e4c_48.jpg,[0.8774],"[[324, 107, 474, 321]]","[[323, 106, 473, 320]]"
b2045fbc_1097.jpg,[],[],[]
b2045fbc_1284.jpg,[0.9069],"[[130, 149, 274, 345]]","[[130, 147, 274, 343]]"
b2045fbc_780.jpg,[0.9054],"[[288, 103, 448, 335]]","[[287, 100, 448, 335]]"
b2045fbc_937.jpg,[0.9116],"[[159, 25, 323, 248]]","[[160, 24, 323, 249]]"
b2045fbc_781.jpg,[0.9251],"[[212, 111, 341, 293]]","[[211, 109, 341, 292]]"
ed2e9e4c_75.jpg,[0.8875],"[[294, 100, 460, 320]]","[[295, 100, 429, 313]]"
b2045fbc_1077.jpg,[0.9279],"[[222, 117, 341, 288]]","[[222, 118, 342, 288]]"
9d47d182_423.jpg,[0.8641],"[[217, 101, 352, 291]]","[[217, 99, 351, 291]]"
9d47d182_319.jpg,[0.8146],"[[178, 93, 327, 292]]","[[178, 93, 318, 290]]"
f044cf1d_23.jpg,[0.833],"[[280, 91, 433, 288]]","[[281, 91, 433, 289]]"
b2045fbc_2026.jpg,"[0.907, 0.9008]","[[303, 116, 397, 222], [91, 27, 172, 135]]","[[298, 113, 398, 226], [88, 25, 172, 135]]"
b2045fbc_1759.jpg,[0.9003],"[[209, 154, 314, 275]]","[[209, 153, 314, 273]]"
b2045fbc_676.jpg,[],[],[]
f044cf1d_184.jpg,[0.8161],"[[195, 84, 334, 274]]","[[194, 84, 329, 273]]"
9d47d182_421.jpg,[0.8562],"[[217, 101, 351, 291]]","[[217, 100, 351, 291]]"
ed2e9e4c_12.jpg,[0.8979],"[[315, 131, 481, 345]]","[[314, 129, 480, 345]]"
b2045fbc_1416.jpg,[],[],[]
b2045fbc_788.jpg,[0.9201],"[[205, 114, 332, 297]]","[[205, 113, 331, 296]]"
b2045fbc_1923.jpg,[0.9089],"[[242, 145, 370, 335]]","[[241, 145, 371, 335]]"
b2045fbc_1585.jpg,[0.8621],"[[152, 147, 314, 359]]","[[149, 147, 315, 359]]"
b2045fbc_962.jpg,[0.9206],"[[177, 10, 337, 236]]","[[177, 14, 335, 234]]"
9d47d182_6.jpg,[0.8331],"[[216, 101, 354, 292]]","[[216, 99, 352, 291]]"
9d47d182_77.jpg,[0.8252],"[[201, 100, 354, 292]]","[[201, 99, 347, 291]]"
9d47d182_291.jpg,[0.7819],"[[180, 92, 331, 291]]","[[180, 91, 331, 290]]"
b2045fbc_897.jpg,[0.9055],"[[167, 135, 333, 350]]","[[169, 133, 333, 348]]"
b2045fbc_282.jpg,[0.8471],"[[236, 93, 386, 308]]","[[236, 92, 384, 307]]"
b2045fbc_152.jpg,[0.9279],"[[290, 82, 432, 253]]","[[290, 82, 432, 251]]"
b2045fbc_1178.jpg,[0.8926],"[[223, 122, 343, 294]]","[[222, 122, 345, 294]]"
b2045fbc_585.jpg,[0.9242],"[[240, 85, 386, 298]]","[[240, 83, 386, 297]]"
ed2e9e4c_23.jpg,[0.8969],"[[310, 131, 474, 346]]","[[310, 131, 474, 345]]"
b2045fbc_1052.jpg,[0.8988],"[[197, 1, 360, 212]]","[[196, 1, 360, 210]]"
ed2e9e4c_63.jpg,[0.8518],"[[418, 111, 568, 306]]","[[419, 109, 568, 305]]"
9d47d182_317.jpg,[0.8079],"[[179, 94, 327, 291]]","[[178, 93, 321, 290]]"
b2045fbc_368.jpg,[0.2905],"[[163, 125, 302, 294]]","[[162, 125, 301, 292]]"
b2045fbc_971.jpg,[0.925],"[[198, 53, 331, 246]]","[[196, 50, 332, 242]]"
9aa3bbb8_41.jpg,[0.908],"[[292, 99, 454, 315]]","[[291, 98, 453, 313]]"
f044cf1d_230.jpg,[0.888],"[[211, 77, 343, 261]]","[[211, 76, 345, 260]]"
b2045fbc_1714.jpg,[0.7731],"[[156, 160, 240, 257]]","[[155, 159, 240, 255]]"
9aa3bbb8_79.jpg,[],[],[]
b2045fbc_1124.jpg,[0.923],"[[252, 102, 405, 327]]","[[251, 100, 405, 326]]"
b2045fbc_439.jpg,[0.9142],"[[259, 107, 390, 291]]","[[259, 107, 389, 291]]"
f044cf1d_198.jpg,[0.8314],"[[195, 85, 328, 272]]","[[192, 82, 328, 273]]"
b2045fbc_136.jpg,[0.9208],"[[262, 111, 413, 327]]","[[262, 109, 412, 326]]"
b2045fbc_345.jpg,[0.8861],"[[207, 99, 322, 280]]","[[206, 97, 322, 280]]"
9d47d182_283.jpg,[0.898],"[[187, 98, 323, 293]]","[[185, 98, 321, 293]]"
b2045fbc_1412.jpg,[0.9058],"[[268, 102, 386, 245]]","[[268, 102, 388, 243]]"
b2045fbc_1705.jpg,[0.8579],"[[172, 172, 268, 273]]","[[172, 171, 268, 273]]"
b2045fbc_289.jpg,[0.8852],"[[181, 84, 343, 322]]","[[182, 82, 345, 322]]"
b2045fbc_2019.jpg,"[0.9066, 0.9054]","[[87, 30, 172, 144], [301, 124, 398, 235]]","[[85, 29, 175, 145], [297, 117, 398, 241]]"
b2045fbc_1981.jpg,[0.9157],"[[275, 124, 360, 220]]","[[275, 122, 361, 219]]"
9d47d182_399.jpg,[0.7995],"[[211, 99, 359, 291]]","[[213, 99, 349, 283]]"
b2045fbc_959.jpg,[0.9183],"[[176, 11, 337, 235]]","[[175, 16, 339, 235]]"
b2045fbc_1670.jpg,[0.8963],"[[52, 68, 231, 352]]","[[52, 68, 234, 350]]"
b2045fbc_835.jpg,[0.9101],"[[301, 108, 460, 339]]","[[300, 106, 459, 338]]"
9aa3bbb8_34.jpg,[0.9062],"[[290, 103, 440, 318]]","[[289, 102, 439, 317]]"
b2045fbc_1654.jpg,[],[],[]
b2045fbc_246.jpg,[0.9254],"[[236, 103, 389, 322]]","[[236, 100, 388, 322]]"
9d47d182_272.jpg,[0.9052],"[[186, 99, 322, 294]]","[[185, 97, 322, 293]]"
b2045fbc_1445.jpg,[],[],[]
b2045fbc_1583.jpg,[0.8828],"[[152, 140, 312, 359]]","[[151, 140, 313, 357]]"
b2045fbc_2045.jpg,[0.8671],"[[18, 130, 157, 312]]","[[18, 129, 157, 309]]"
b2045fbc_1183.jpg,[0.886],"[[221, 123, 343, 297]]","[[220, 122, 344, 295]]"
b2045fbc_822.jpg,[0.6898],"[[0, 94, 178, 338]]","[[0, 92, 179, 334]]"
f044cf1d_170.jpg,[0.7866],"[[266, 79, 407, 257]]","[[265, 78, 407, 257]]"
b2045fbc_209.jpg,[0.9209],"[[278, 98, 412, 259]]","[[277, 100, 411, 255]]"
b2045fbc_1302.jpg,[0.8244],"[[228, 145, 347, 358]]","[[227, 144, 349, 356]]"
f044cf1d_240.jpg,[0.8969],"[[216, 77, 347, 261]]","[[216, 77, 348, 260]]"
b2045fbc_1492.jpg,[],[],[]
b2045fbc_378.jpg,[0.8189],"[[160, 132, 285, 311]]","[[160, 129, 287, 308]]"
b2045fbc_1180.jpg,[0.8846],"[[223, 123, 344, 294]]","[[222, 122, 345, 295]]"
f044cf1d_68.jpg,[0.8181],"[[255, 73, 410, 269]]","[[256, 72, 403, 268]]"
b2045fbc_1741.jpg,[],[],[]
b2045fbc_519.jpg,[0.8946],"[[298, 131, 422, 304]]","[[298, 131, 421, 303]]"
b2045fbc_173.jpg,[0.9223],"[[282, 89, 417, 255]]","[[282, 89, 417, 251]]"
b2045fbc_1624.jpg,[0.7957],"[[153, 164, 305, 360]]","[[153, 164, 306, 360]]"
b2045fbc_1817.jpg,[0.9147],"[[233, 87, 392, 277]]","[[232, 87, 392, 277]]"
b2045fbc_107.jpg,"[0.9111, 0.9022]","[[33, 168, 158, 334], [386, 105, 509, 248]]","[[33, 167, 159, 332], [386, 106, 509, 244]]"
b2045fbc_112.jpg,"[0.8901, 0.884]","[[397, 102, 537, 263], [1, 177, 136, 351]]","[[397, 102, 537, 261], [2, 176, 138, 350]]"
b2045fbc_1953.jpg,[0.9195],"[[283, 107, 378, 218]]","[[282, 107, 378, 220]]"
b2045fbc_1025.jpg,[0.9199],"[[205, 9, 360, 229]]","[[206, 10, 360, 227]]"
f044cf1d_214.jpg,[0.839],"[[271, 70, 415, 262]]","[[271, 70, 412, 261]]"
b2045fbc_1131.jpg,[],[],[]
b2045fbc_719.jpg,[],[],[]
9d47d182_422.jpg,[0.8742],"[[217, 100, 351, 291]]","[[217, 99, 351, 291]]"
b2045fbc_1369.jpg,[0.8883],"[[136, 144, 300, 359]]","[[136, 144, 303, 358]]"
f044cf1d_209.jpg,[0.8558],"[[194, 85, 326, 272]]","[[191, 82, 325, 272]]"
f044cf1d_224.jpg,[0.8898],"[[208, 77, 341, 261]]","[[208, 76, 342, 260]]"
b2045fbc_850.jpg,[0.9098],"[[133, 45, 311, 276]]","[[132, 44, 311, 275]]"
b2045fbc_422.jpg,[0.8918],"[[166, 114, 281, 296]]","[[165, 111, 282, 294]]"
b2045fbc_1355.jpg,[0.6137],"[[189, 160, 294, 358]]","[[189, 159, 294, 358]]"
9d47d182_184.jpg,[0.857],"[[194, 97, 345, 290]]","[[195, 97, 341, 288]]"
b2045fbc_1327.jpg,[0.3408],"[[185, 147, 286, 357]]","[[185, 147, 286, 356]]"
9d47d182_400.jpg,[0.7969],"[[212, 99, 359, 291]]","[[213, 98, 354, 291]]"
b2045fbc_1143.jpg,[0.4482],"[[0, 153, 164, 360]]","[[0, 149, 164, 359]]"
f044cf1d_191.jpg,[0.8359],"[[195, 84, 330, 273]]","[[192, 84, 328, 273]]"
9d47d182_2.jpg,[0.8569],"[[226, 100, 358, 288]]","[[226, 98, 358, 289]]"
b2045fbc_651.jpg,[],[],[]
b2045fbc_683.jpg,[],[],[]
f044cf1d_225.jpg,[0.8889],"[[209, 77, 341, 262]]","[[209, 76, 342, 261]]"
f044cf1d_36.jpg,[0.7606],"[[293, 91, 437, 274]]","[[292, 89, 436, 274]]"
b2045fbc_865.jpg,[0.8436],"[[179, 76, 334, 319]]","[[180, 71, 344, 327]]"
b2045fbc_45.jpg,[0.7788],"[[162, 116, 306, 288]]","[[162, 114, 306, 288]]"
b2045fbc_19.jpg,[0.9024],"[[229, 133, 352, 308]]","[[228, 131, 351, 306]]"
b2045fbc_1161.jpg,[0.851],"[[217, 119, 338, 292]]","[[215, 117, 339, 291]]"
b2045fbc_1398.jpg,[],[],[]
9d47d182_220.jpg,[0.856],"[[178, 98, 328, 294]]","[[177, 97, 315, 293]]"
f044cf1d_155.jpg,[0.8849],"[[170, 89, 308, 267]]","[[168, 85, 312, 270]]"
9d47d182_217.jpg,[0.8688],"[[178, 98, 331, 293]]","[[178, 98, 328, 292]]"
b2045fbc_1905.jpg,[0.893],"[[256, 134, 332, 223]]","[[255, 133, 332, 222]]"
b2045fbc_1712.jpg,[0.889],"[[127, 139, 243, 301]]","[[126, 136, 242, 301]]"
b2045fbc_543.jpg,[0.7984],"[[302, 118, 413, 284]]","[[303, 117, 413, 283]]"
b2045fbc_199.jpg,[0.9126],"[[270, 92, 401, 251]]","[[269, 92, 401, 248]]"
b2045fbc_707.jpg,[0.7115],"[[529, 92, 640, 299]]","[[529, 91, 639, 300]]"
b2045fbc_527.jpg,[0.9098],"[[278, 120, 399, 287]]","[[277, 120, 398, 287]]"
b2045fbc_1486.jpg,[0.3328],"[[194, 270, 317, 359]]","[[192, 267, 302, 360]]"
9aa3bbb8_3.jpg,[],[],[]
b2045fbc_1978.jpg,[0.8884],"[[317, 106, 435, 246]]","[[317, 104, 438, 243]]"
9aa3bbb8_81.jpg,[],[],"[[238, 230, 392, 358]]"
b2045fbc_110.jpg,"[0.917, 0.8471]","[[17, 170, 145, 333], [381, 95, 513, 246]]","[[17, 167, 146, 331], [381, 93, 513, 244]]"
b2045fbc_1330.jpg,[0.3028],"[[188, 146, 287, 355]]","[[179, 148, 288, 360]]"
b2045fbc_365.jpg,[0.8918],"[[175, 114, 323, 318]]","[[174, 113, 322, 318]]"
b2045fbc_1650.jpg,[0.7855],"[[226, 233, 347, 359]]","[[225, 230, 347, 358]]"
b2045fbc_1286.jpg,[0.9116],"[[127, 150, 272, 345]]","[[127, 149, 273, 345]]"
ed2e9e4c_58.jpg,[0.7233],"[[308, 102, 461, 316]]","[[307, 102, 461, 316]]"
b2045fbc_1230.jpg,[],[],[]
f044cf1d_66.jpg,[0.8093],"[[182, 84, 323, 272]]","[[178, 79, 314, 271]]"
b2045fbc_1730.jpg,[0.2588],"[[159, 160, 249, 250]]","[[159, 159, 252, 249]]"
b2045fbc_582.jpg,[0.8531],"[[29, 44, 229, 312]]","[[27, 42, 231, 315]]"
9aa3bbb8_70.jpg,[0.9173],"[[292, 126, 431, 330]]","[[292, 125, 431, 329]]"
b2045fbc_1441.jpg,[],[],[]
9d47d182_121.jpg,[0.8386],"[[195, 98, 347, 290]]","[[194, 99, 330, 284]]"
b2045fbc_821.jpg,[],[],[]
9d47d182_300.jpg,[0.8369],"[[179, 93, 329, 292]]","[[179, 92, 323, 290]]"
b2045fbc_178.jpg,[0.9225],"[[289, 86, 422, 246]]","[[289, 86, 423, 243]]"
9d47d182_336.jpg,[0.8493],"[[174, 94, 310, 290]]","[[173, 93, 310, 289]]"
b2045fbc_666.jpg,[],[],[]
b2045fbc_898.jpg,[0.9073],"[[159, 139, 326, 352]]","[[159, 138, 325, 352]]"
9aa3bbb8_35.jpg,[0.901],"[[302, 101, 459, 319]]","[[302, 100, 458, 319]]"
f044cf1d_223.jpg,[0.8857],"[[208, 77, 340, 261]]","[[207, 76, 341, 260]]"
b2045fbc_881.jpg,[0.832],"[[178, 153, 359, 359]]","[[179, 154, 355, 356]]"
9aa3bbb8_105.jpg,[],[],[]
9d47d182_224.jpg,[0.8869],"[[217, 98, 352, 288]]","[[217, 96, 351, 288]]"
b2045fbc_1659.jpg,[0.9062],"[[174, 194, 286, 353]]","[[175, 194, 287, 353]]"
b2045fbc_1801.jpg,[0.895],"[[228, 141, 358, 329]]","[[228, 141, 359, 329]]"
b2045fbc_235.jpg,[0.923],"[[259, 108, 409, 325]]","[[259, 106, 409, 325]]"
b2045fbc_992.jpg,[0.8294],"[[56, 111, 230, 351]]","[[56, 110, 224, 351]]"
b2045fbc_361.jpg,[0.8962],"[[167, 125, 307, 314]]","[[167, 123, 308, 313]]"
9d47d182_161.jpg,[0.8657],"[[198, 99, 333, 290]]","[[198, 99, 333, 290]]"
b2045fbc_1892.jpg,"[0.8648, 0.8412]","[[291, 130, 363, 218], [0, 46, 48, 135]]","[[1, 44, 47, 130], [291, 128, 364, 209]]"
b2045fbc_537.jpg,[0.7843],"[[302, 117, 415, 283]]","[[303, 118, 413, 282]]"
b2045fbc_30.jpg,[],[],[]
b2045fbc_1237.jpg,[],[],[]
9d47d182_178.jpg,[0.8446],"[[194, 98, 344, 290]]","[[194, 97, 338, 288]]"
b2045fbc_1260.jpg,[0.768],"[[0, 194, 148, 360]]","[[0, 192, 147, 360]]"
b2045fbc_976.jpg,[0.9053],"[[200, 86, 353, 307]]","[[200, 85, 352, 306]]"
b2045fbc_47.jpg,[0.9217],"[[255, 111, 408, 336]]","[[254, 109, 408, 335]]"
b2045fbc_506.jpg,[0.8938],"[[265, 115, 390, 289]]","[[263, 113, 389, 287]]"
f044cf1d_25.jpg,[0.8601],"[[285, 91, 435, 287]]","[[285, 90, 435, 288]]"
b2045fbc_797.jpg,[0.8972],"[[183, 134, 317, 322]]","[[182, 132, 318, 322]]"
f044cf1d_59.jpg,[0.8858],"[[189, 88, 316, 269]]","[[187, 86, 317, 269]]"
b2045fbc_756.jpg,[],[],[]
b2045fbc_609.jpg,[0.7855],"[[0, 60, 143, 338]]","[[0, 59, 143, 336]]"
b2045fbc_483.jpg,[0.9092],"[[292, 122, 405, 292]]","[[290, 122, 405, 291]]"
9d47d182_17.jpg,[0.8482],"[[218, 100, 355, 291]]","[[218, 100, 354, 291]]"
9d47d182_281.jpg,[0.8978],"[[187, 98, 323, 293]]","[[185, 97, 321, 294]]"
b2045fbc_2052.jpg,[0.7554],"[[157, 2, 366, 214]]","[[155, 0, 367, 210]]"
b2045fbc_1215.jpg,[],[],[]
f044cf1d_55.jpg,[0.8009],"[[178, 89, 311, 274]]","[[174, 91, 306, 273]]"
f044cf1d_6.jpg,[0.8617],"[[165, 90, 295, 269]]","[[163, 90, 293, 271]]"
b2045fbc_1189.jpg,[0.8286],"[[214, 127, 336, 299]]","[[213, 127, 337, 300]]"
b2045fbc_1853.jpg,[0.9147],"[[306, 123, 396, 231]]","[[305, 122, 395, 228]]"
b2045fbc_1385.jpg,[],[],"[[135, 175, 309, 359]]"
b2045fbc_933.jpg,[0.9192],"[[221, 136, 368, 343]]","[[220, 136, 366, 343]]"
f044cf1d_86.jpg,[0.8437],"[[240, 81, 392, 261]]","[[239, 79, 393, 261]]"
9d47d182_331.jpg,[0.8528],"[[174, 94, 310, 290]]","[[173, 93, 310, 290]]"
b2045fbc_1018.jpg,[0.9223],"[[185, 57, 340, 271]]","[[185, 56, 339, 271]]"
b2045fbc_1407.jpg,[0.4193],"[[0, 216, 107, 360]]","[[0, 212, 101, 359]]"
b2045fbc_219.jpg,[0.9253],"[[280, 98, 414, 260]]","[[278, 99, 414, 256]]"
9d47d182_279.jpg,[0.8643],"[[221, 97, 352, 281]]","[[221, 97, 351, 280]]"
b2045fbc_1105.jpg,[0.8368],"[[0, 88, 167, 322]]","[[0, 87, 168, 322]]"
9d47d182_179.jpg,[0.8154],"[[215, 99, 360, 290]]","[[214, 98, 358, 289]]"
9aa3bbb8_28.jpg,[0.3218],"[[273, 96, 437, 275]]",[]
f044cf1d_81.jpg,[0.8334],"[[243, 79, 394, 255]]","[[243, 79, 393, 253]]"
9d47d182_38.jpg,[0.8158],"[[204, 97, 355, 291]]","[[204, 97, 355, 289]]"
b2045fbc_1974.jpg,[0.8806],"[[248, 99, 342, 214]]","[[248, 98, 342, 211]]"
f044cf1d_28.jpg,[0.7993],"[[278, 69, 418, 234]]","[[278, 68, 418, 233]]"
9d47d182_292.jpg,[0.7631],"[[180, 93, 331, 292]]","[[180, 92, 323, 290]]"
f044cf1d_186.jpg,[0.823],"[[194, 85, 328, 273]]","[[193, 82, 326, 272]]"
9d47d182_25.jpg,[0.8173],"[[211, 107, 344, 296]]","[[212, 106, 344, 295]]"
b2045fbc_1711.jpg,[0.6645],"[[157, 165, 247, 260]]","[[157, 163, 246, 259]]"
b2045fbc_143.jpg,"[0.8901, 0.8891]","[[335, 98, 469, 256], [0, 130, 88, 319]]","[[0, 128, 88, 318], [334, 97, 470, 255]]"
9d47d182_393.jpg,[0.8392],"[[211, 99, 360, 290]]","[[212, 98, 348, 283]]"
b2045fbc_2058.jpg,[0.8811],"[[215, 13, 372, 203]]","[[214, 10, 372, 201]]"
f044cf1d_156.jpg,[0.8679],"[[170, 88, 308, 268]]","[[167, 86, 312, 268]]"
b2045fbc_1037.jpg,[0.8807],"[[171, 1, 345, 213]]","[[164, 1, 348, 218]]"
b2045fbc_1070.jpg,[0.8394],"[[6, 31, 191, 266]]","[[6, 25, 192, 261]]"
9d47d182_418.jpg,[0.8677],"[[216, 100, 350, 291]]","[[216, 100, 350, 291]]"
b2045fbc_1498.jpg,[0.9141],"[[191, 169, 321, 359]]","[[191, 171, 321, 357]]"
b2045fbc_418.jpg,[0.8998],"[[170, 111, 283, 293]]","[[169, 109, 283, 290]]"
b2045fbc_213.jpg,[0.9225],"[[262, 109, 414, 328]]","[[263, 108, 413, 328]]"
b2045fbc_180.jpg,[0.9238],"[[259, 110, 410, 326]]","[[259, 107, 409, 325]]"
b2045fbc_232.jpg,[0.9196],"[[261, 109, 411, 326]]","[[261, 109, 410, 326]]"
b2045fbc_1429.jpg,[],[],[]
b2045fbc_1198.jpg,[0.9126],"[[221, 127, 348, 307]]","[[221, 125, 347, 307]]"
b2045fbc_1541.jpg,[0.798],"[[113, 160, 274, 360]]","[[113, 159, 277, 358]]"
b2045fbc_1731.jpg,[0.4876],"[[160, 161, 247, 257]]","[[159, 161, 248, 256]]"
b2045fbc_1814.jpg,[0.9158],"[[246, 92, 408, 286]]","[[246, 90, 408, 284]]"
b2045fbc_1769.jpg,[0.9142],"[[252, 81, 433, 297]]","[[251, 80, 433, 294]]"
9d47d182_43.jpg,[0.7922],"[[203, 98, 352, 290]]","[[203, 97, 347, 288]]"
b2045fbc_1452.jpg,[],[],[]
b2045fbc_434.jpg,[0.8936],"[[298, 117, 411, 293]]","[[297, 117, 411, 291]]"
b2045fbc_1699.jpg,[0.5591],"[[173, 294, 256, 359]]","[[171, 292, 256, 359]]"
b2045fbc_492.jpg,[0.9095],"[[292, 121, 405, 290]]","[[289, 120, 405, 289]]"
f044cf1d_190.jpg,[0.8277],"[[264, 72, 408, 269]]","[[264, 72, 407, 268]]"
b2045fbc_176.jpg,[0.9145],"[[285, 93, 420, 254]]","[[284, 93, 420, 252]]"
9d47d182_197.jpg,[0.821],"[[190, 97, 342, 289]]","[[189, 95, 342, 288]]"
9aa3bbb8_19.jpg,[0.9246],"[[272, 138, 453, 360]]","[[271, 137, 452, 360]]"
b2045fbc_1632.jpg,[0.712],"[[169, 161, 337, 359]]","[[169, 160, 327, 356]]"
b2045fbc_1364.jpg,[0.4438],"[[137, 151, 303, 356]]","[[135, 150, 301, 354]]"
b2045fbc_916.jpg,[0.9118],"[[179, 142, 339, 355]]","[[178, 143, 338, 356]]"
b2045fbc_1887.jpg,"[0.8758, 0.7147]","[[267, 110, 353, 202], [0, 42, 51, 130]]","[[266, 109, 350, 202], [0, 41, 56, 135]]"
b2045fbc_1530.jpg,[0.8172],"[[152, 166, 301, 360]]","[[152, 166, 303, 359]]"
b2045fbc_1039.jpg,[0.8879],"[[176, 1, 352, 215]]","[[175, 1, 353, 214]]"
b2045fbc_553.jpg,[0.6886],"[[252, 108, 370, 282]]","[[256, 107, 370, 280]]"
b2045fbc_1406.jpg,[0.413],"[[0, 216, 104, 360]]",[]
9d47d182_282.jpg,[0.8981],"[[187, 98, 322, 293]]","[[185, 97, 321, 293]]"
b2045fbc_7.jpg,[0.8954],"[[225, 130, 349, 307]]","[[225, 128, 350, 307]]"
b2045fbc_2059.jpg,[0.9116],"[[242, 76, 379, 246]]","[[242, 75, 378, 244]]"
b2045fbc_1504.jpg,[0.9042],"[[187, 171, 316, 359]]","[[187, 171, 317, 358]]"
f044cf1d_257.jpg,[0.8529],"[[253, 63, 401, 259]]","[[253, 62, 399, 257]]"
b2045fbc_1525.jpg,[0.7503],"[[150, 166, 303, 359]]","[[150, 166, 306, 359]]"
b2045fbc_1726.jpg,[0.8915],"[[164, 163, 254, 261]]","[[160, 160, 255, 262]]"
9d47d182_324.jpg,[0.8088],"[[175, 93, 313, 290]]","[[174, 92, 310, 290]]"
b2045fbc_449.jpg,[0.9147],"[[287, 120, 402, 293]]","[[286, 119, 401, 293]]"
b2045fbc_980.jpg,[0.8416],"[[299, 109, 455, 327]]","[[298, 107, 454, 325]]"
b2045fbc_991.jpg,[0.9094],"[[292, 103, 452, 334]]","[[292, 101, 451, 334]]"
b2045fbc_1298.jpg,[0.4782],"[[112, 160, 251, 343]]","[[112, 159, 248, 340]]"
9d47d182_136.jpg,[0.88],"[[199, 99, 333, 289]]","[[199, 98, 332, 289]]"
b2045fbc_1309.jpg,[0.5849],"[[210, 154, 309, 356]]","[[210, 155, 309, 353]]"
b2045fbc_124.jpg,"[0.9135, 0.8693]","[[94, 155, 207, 313], [335, 94, 468, 246]]","[[93, 154, 207, 311], [334, 92, 468, 245]]"
b2045fbc_1849.jpg,[0.9015],"[[284, 133, 357, 221]]","[[284, 133, 356, 220]]"
b2045fbc_1959.jpg,[0.5579],"[[261, 110, 346, 216]]","[[258, 108, 345, 214]]"
ed2e9e4c_39.jpg,[0.898],"[[270, 124, 432, 357]]","[[270, 123, 433, 356]]"
9d47d182_138.jpg,[0.8871],"[[201, 99, 334, 288]]","[[200, 97, 334, 289]]"
b2045fbc_1703.jpg,[0.8744],"[[159, 166, 244, 260]]","[[159, 166, 243, 259]]"
ed2e9e4c_15.jpg,[0.8504],"[[278, 135, 432, 356]]","[[278, 134, 434, 356]]"
b2045fbc_759.jpg,[],[],[]
f044cf1d_193.jpg,[0.8168],"[[195, 85, 331, 273]]","[[194, 84, 328, 275]]"
f044cf1d_31.jpg,[0.8234],"[[292, 91, 432, 274]]","[[293, 90, 430, 274]]"
9d47d182_168.jpg,[0.8729],"[[217, 99, 351, 288]]","[[217, 97, 350, 289]]"
b2045fbc_837.jpg,[0.9084],"[[231, 117, 388, 336]]","[[230, 116, 386, 334]]"
b2045fbc_1927.jpg,[0.9198],"[[299, 130, 389, 235]]","[[299, 130, 389, 234]]"
b2045fbc_1642.jpg,[0.9131],"[[83, 172, 214, 345]]","[[83, 167, 217, 347]]"
b2045fbc_751.jpg,[],[],[]
b2045fbc_1342.jpg,[0.5872],"[[180, 161, 287, 358]]","[[180, 159, 288, 357]]"
f044cf1d_151.jpg,[0.8889],"[[206, 78, 332, 253]]","[[205, 77, 334, 253]]"
9aa3bbb8_24.jpg,[0.8856],"[[305, 114, 466, 327]]","[[301, 116, 467, 328]]"
ed2e9e4c_45.jpg,[0.9003],"[[310, 134, 474, 351]]","[[310, 133, 474, 352]]"
b2045fbc_1414.jpg,[0.8998],"[[140, 129, 281, 323]]","[[140, 127, 282, 322]]"
b2045fbc_1864.jpg,[],[],[]
f044cf1d_158.jpg,[0.8798],"[[170, 88, 308, 268]]","[[167, 85, 309, 271]]"
b2045fbc_1886.jpg,[0.8911],"[[251, 116, 334, 208]]","[[250, 115, 334, 206]]"
b2045fbc_441.jpg,[0.9048],"[[252, 108, 389, 296]]","[[252, 106, 388, 293]]"
b2045fbc_29.jpg,[],[],[]
ed2e9e4c_83.jpg,[0.8988],"[[327, 109, 476, 317]]","[[324, 102, 476, 315]]"
b2045fbc_313.jpg,[0.9244],"[[229, 114, 368, 307]]","[[229, 115, 367, 306]]"
9d47d182_357.jpg,[0.8613],"[[219, 99, 353, 288]]","[[220, 97, 352, 288]]"
b2045fbc_1534.jpg,[0.9131],"[[281, 95, 411, 258]]","[[281, 96, 411, 255]]"
b2045fbc_1005.jpg,[0.913],"[[213, 128, 363, 334]]","[[213, 128, 363, 334]]"
b2045fbc_1439.jpg,[],[],[]
f044cf1d_57.jpg,[0.8329],"[[255, 73, 409, 270]]","[[255, 72, 401, 268]]"
b2045fbc_1170.jpg,[0.9066],"[[221, 121, 342, 295]]","[[221, 121, 343, 295]]"
b2045fbc_1843.jpg,[0.8487],"[[318, 136, 394, 214]]","[[316, 135, 394, 214]]"
b2045fbc_789.jpg,[0.9099],"[[196, 118, 324, 300]]","[[195, 117, 325, 299]]"
b2045fbc_880.jpg,[0.8736],"[[281, 106, 437, 333]]","[[280, 103, 436, 332]]"
b2045fbc_1236.jpg,[],[],[]
b2045fbc_515.jpg,[0.8966],"[[283, 118, 404, 284]]","[[281, 117, 403, 282]]"
b2045fbc_813.jpg,[0.9087],"[[282, 105, 441, 340]]","[[281, 102, 441, 339]]"
b2045fbc_1388.jpg,[0.8979],"[[161, 116, 278, 288]]","[[161, 115, 279, 286]]"
b2045fbc_1291.jpg,[],[],[]
f044cf1d_51.jpg,[0.8201],"[[179, 89, 310, 274]]","[[176, 89, 307, 274]]"
9d47d182_289.jpg,[0.8728],"[[191, 93, 326, 288]]","[[190, 92, 326, 289]]"
b2045fbc_1079.jpg,[0.9124],"[[295, 98, 457, 332]]","[[294, 97, 457, 331]]"
9aa3bbb8_29.jpg,[0.9277],"[[270, 130, 447, 360]]","[[269, 129, 446, 358]]"
b2045fbc_2075.jpg,[0.8238],"[[0, 128, 155, 337]]","[[0, 120, 154, 340]]"
9d47d182_172.jpg,[0.8566],"[[194, 97, 330, 288]]","[[194, 95, 328, 288]]"
b2045fbc_723.jpg,[],[],[]
9d47d182_109.jpg,[0.8286],"[[213, 101, 349, 291]]","[[213, 100, 349, 290]]"
b2045fbc_561.jpg,[0.9301],"[[211, 92, 349, 293]]","[[212, 90, 348, 291]]"
b2045fbc_510.jpg,[0.8929],"[[268, 115, 396, 284]]","[[267, 113, 395, 282]]"
b2045fbc_785.jpg,[0.9229],"[[205, 114, 332, 297]]","[[204, 113, 332, 296]]"
b2045fbc_332.jpg,[0.8599],"[[90, 63, 263, 295]]","[[89, 61, 265, 295]]"
9d47d182_330.jpg,[0.8379],"[[174, 94, 310, 289]]","[[173, 93, 309, 289]]"
b2045fbc_1353.jpg,[0.6578],"[[189, 160, 294, 359]]","[[189, 159, 294, 358]]"
f044cf1d_78.jpg,[0.8027],"[[247, 78, 396, 252]]","[[248, 77, 396, 250]]"
b2045fbc_1921.jpg,[0.8777],"[[303, 134, 375, 225]]","[[303, 133, 373, 223]]"
9d47d182_122.jpg,[0.8337],"[[196, 98, 346, 289]]","[[195, 97, 339, 288]]"
b2045fbc_475.jpg,[0.9058],"[[288, 121, 402, 293]]","[[286, 119, 402, 291]]"
b2045fbc_1539.jpg,[0.7434],"[[110, 159, 271, 360]]","[[111, 160, 272, 355]]"
b2045fbc_236.jpg,[0.9164],"[[238, 138, 372, 324]]","[[237, 138, 371, 323]]"
b2045fbc_233.jpg,[0.9253],"[[260, 110, 410, 327]]","[[259, 108, 409, 327]]"
b2045fbc_218.jpg,[0.9205],"[[282, 98, 416, 260]]","[[283, 98, 416, 256]]"
b2045fbc_74.jpg,[],[],"[[129, 213, 251, 360]]"
b2045fbc_342.jpg,[0.8867],"[[214, 99, 329, 280]]","[[214, 99, 330, 279]]"
9aa3bbb8_47.jpg,[0.9224],"[[282, 102, 441, 322]]","[[282, 103, 442, 322]]"
b2045fbc_1601.jpg,"[0.9263, 0.8927]","[[71, 121, 185, 268], [344, 103, 459, 236]]","[[71, 120, 185, 268], [344, 104, 458, 233]]"
b2045fbc_1413.jpg,[0.9087],"[[166, 128, 304, 317]]","[[164, 128, 304, 316]]"
b2045fbc_1992.jpg,[0.9134],"[[310, 103, 404, 210]]","[[309, 102, 403, 207]]"
b2045fbc_559.jpg,[0.8073],"[[283, 111, 389, 280]]","[[283, 111, 389, 279]]"
9aa3bbb8_27.jpg,[],[],[]
b2045fbc_675.jpg,[],[],[]
9aa3bbb8_15.jpg,[0.9317],"[[254, 153, 438, 359]]","[[252, 150, 436, 360]]"
b2045fbc_509.jpg,[0.8739],"[[268, 115, 395, 283]]","[[268, 113, 395, 281]]"
b2045fbc_538.jpg,[0.7737],"[[302, 119, 415, 287]]","[[304, 118, 415, 284]]"
b2045fbc_1933.jpg,[0.9114],"[[364, 115, 455, 215]]","[[364, 114, 455, 214]]"
b2045fbc_1365.jpg,[0.5671],"[[136, 151, 303, 355]]","[[134, 150, 302, 354]]"
b2045fbc_1793.jpg,[0.9109],"[[230, 113, 399, 309]]","[[230, 113, 400, 309]]"
b2045fbc_1512.jpg,[0.8861],"[[245, 104, 371, 253]]","[[241, 102, 371, 252]]"
b2045fbc_2000.jpg,[0.9122],"[[296, 117, 422, 262]]","[[294, 111, 422, 257]]"
b2045fbc_495.jpg,[0.91],"[[292, 123, 406, 290]]","[[290, 121, 406, 288]]"
b2045fbc_798.jpg,[0.9046],"[[184, 133, 318, 324]]","[[184, 132, 319, 322]]"
b2045fbc_2001.jpg,[0.924],"[[150, 105, 277, 280]]","[[149, 103, 278, 279]]"
b2045fbc_600.jpg,[0.7222],"[[212, 94, 384, 299]]","[[211, 93, 381, 297]]"
9d47d182_84.jpg,[0.8516],"[[205, 96, 339, 282]]","[[204, 92, 339, 281]]"
9d47d182_46.jpg,[0.8527],"[[225, 100, 356, 288]]","[[225, 98, 355, 288]]"
b2045fbc_678.jpg,[],[],[]
9d47d182_249.jpg,[0.8551],"[[172, 97, 314, 296]]","[[171, 95, 311, 295]]"
b2045fbc_1531.jpg,[0.7409],"[[153, 167, 303, 359]]","[[153, 166, 306, 359]]"
b2045fbc_298.jpg,[0.8171],"[[169, 95, 345, 265]]","[[168, 95, 332, 264]]"
b2045fbc_945.jpg,[0.9105],"[[169, 8, 332, 235]]","[[163, 10, 333, 234]]"
b2045fbc_1740.jpg,[],[],"[[158, 159, 248, 248]]"
9d47d182_258.jpg,[0.8562],"[[172, 95, 327, 295]]","[[170, 95, 324, 294]]"
b2045fbc_1064.jpg,[0.9064],"[[203, 1, 363, 214]]","[[203, 2, 369, 212]]"
ed2e9e4c_1.jpg,[0.8995],"[[315, 131, 480, 347]]","[[315, 129, 480, 348]]"
b2045fbc_1748.jpg,[],[],[]
b2045fbc_1428.jpg,[],[],[]
b2045fbc_912.jpg,[0.9124],"[[172, 142, 336, 359]]","[[172, 141, 335, 358]]"
b2045fbc_1115.jpg,[0.8844],"[[143, 102, 316, 329]]","[[144, 100, 320, 328]]"
b2045fbc_652.jpg,[],[],[]
b2045fbc_1867.jpg,[0.9151],"[[290, 98, 418, 254]]","[[290, 99, 418, 250]]"
b2045fbc_783.jpg,[0.9218],"[[206, 113, 333, 295]]","[[204, 111, 332, 294]]"
b2045fbc_223.jpg,[0.9178],"[[297, 85, 429, 242]]","[[298, 84, 429, 239]]"
b2045fbc_343.jpg,[0.8928],"[[210, 99, 324, 281]]","[[209, 97, 323, 280]]"
b2045fbc_2055.jpg,[0.8945],"[[202, 121, 383, 360]]","[[202, 120, 382, 360]]"
b2045fbc_1634.jpg,"[0.9174, 0.9068]","[[138, 134, 254, 298], [479, 82, 604, 215]]","[[137, 131, 255, 297], [479, 82, 603, 211]]"
9d47d182_205.jpg,[0.8601],"[[218, 97, 353, 289]]","[[217, 95, 351, 289]]"
b2045fbc_1240.jpg,[],[],[]
b2045fbc_1872.jpg,"[0.9128, 0.9034]","[[310, 132, 400, 234], [145, 52, 203, 134]]","[[143, 51, 203, 135], [309, 132, 401, 232]]"
b2045fbc_1071.jpg,[0.533],"[[0, 111, 97, 283]]",[]
b2045fbc_1893.jpg,"[0.8965, 0.8122, 0.5065]","[[297, 131, 370, 218], [0, 210, 74, 307], [0, 42, 15, 125]]","[[298, 131, 372, 215]]"
b2045fbc_476.jpg,[0.9009],"[[290, 121, 404, 292]]","[[289, 120, 403, 291]]"
b2045fbc_814.jpg,[0.9096],"[[171, 132, 308, 325]]","[[170, 133, 306, 323]]"
b2045fbc_399.jpg,[0.8828],"[[166, 115, 273, 296]]","[[166, 114, 273, 295]]"
b2045fbc_330.jpg,[0.9001],"[[215, 99, 351, 290]]","[[215, 98, 351, 289]]"
b2045fbc_806.jpg,[0.9086],"[[173, 133, 308, 326]]","[[173, 134, 307, 323]]"
b2045fbc_1074.jpg,[0.5967],"[[0, 75, 124, 282]]","[[0, 71, 115, 291]]"
b2045fbc_892.jpg,[0.9075],"[[170, 133, 334, 347]]","[[170, 132, 334, 347]]"
b2045fbc_68.jpg,[0.3372],"[[121, 243, 258, 359]]","[[121, 243, 258, 358]]"
b2045fbc_1737.jpg,[],[],"[[162, 161, 250, 256]]"
9d47d182_329.jpg,[0.8489],"[[174, 94, 310, 290]]","[[173, 93, 309, 289]]"
b2045fbc_1675.jpg,[0.8145],"[[77, 7, 266, 263]]","[[78, 7, 265, 266]]"
b2045fbc_1829.jpg,[0.9067],"[[290, 158, 370, 252]]","[[291, 158, 369, 250]]"
9d47d182_403.jpg,[0.7975],"[[213, 100, 355, 291]]","[[214, 99, 350, 290]]"
f044cf1d_8.jpg,[0.8728],"[[165, 90, 295, 269]]","[[162, 87, 293, 268]]"
b2045fbc_686.jpg,[],[],[]
b2045fbc_191.jpg,[0.9229],"[[262, 109, 412, 326]]","[[262, 108, 412, 326]]"
9d47d182_246.jpg,[0.853],"[[200, 85, 345, 278]]","[[201, 84, 345, 278]]"
b2045fbc_1519.jpg,[0.8657],"[[142, 185, 260, 338]]","[[142, 183, 262, 338]]"
b2045fbc_757.jpg,[0.9255],"[[237, 120, 368, 311]]","[[236, 119, 368, 311]]"
b2045fbc_1197.jpg,[0.9117],"[[220, 127, 347, 307]]","[[220, 125, 347, 304]]"
b2045fbc_1394.jpg,[],[],[]
b2045fbc_2038.jpg,[0.8335],"[[258, 127, 341, 219]]","[[256, 127, 340, 218]]"
b2045fbc_14.jpg,[0.9275],"[[253, 113, 405, 336]]","[[251, 110, 405, 335]]"
b2045fbc_1926.jpg,[0.9223],"[[292, 125, 380, 236]]","[[291, 125, 380, 235]]"
b2045fbc_776.jpg,[0.8063],"[[201, 129, 321, 289]]","[[201, 130, 321, 287]]"
b2045fbc_244.jpg,[0.9271],"[[182, 110, 327, 315]]","[[183, 111, 328, 315]]"
b2045fbc_1947.jpg,[0.9156],"[[278, 104, 370, 212]]","[[274, 102, 370, 212]]"
9d47d182_322.jpg,[0.8213],"[[177, 93, 326, 290]]","[[174, 93, 314, 288]]"
9d47d182_176.jpg,[0.8486],"[[195, 98, 344, 289]]","[[194, 97, 338, 288]]"
b2045fbc_602.jpg,[0.9187],"[[274, 103, 420, 318]]","[[274, 102, 420, 317]]"
b2045fbc_1210.jpg,[],[],[]
b2045fbc_121.jpg,"[0.9046, 0.8951]","[[255, 91, 378, 241], [0, 130, 71, 303]]","[[0, 127, 71, 301], [254, 91, 378, 238]]"
b2045fbc_1615.jpg,[0.8878],"[[147, 141, 313, 360]]","[[148, 141, 312, 358]]"
f044cf1d_280.jpg,[0.8897],"[[186, 89, 310, 267]]","[[181, 82, 311, 268]]"
b2045fbc_846.jpg,[0.9164],"[[281, 106, 437, 332]]","[[281, 103, 438, 332]]"
b2045fbc_2051.jpg,[],[],[]
b2045fbc_375.jpg,[0.822],"[[158, 135, 280, 316]]","[[158, 131, 282, 315]]"
f044cf1d_187.jpg,[0.8333],"[[194, 85, 328, 273]]","[[192, 81, 328, 271]]"
b2045fbc_87.jpg,"[0.9273, 0.9046]","[[75, 158, 188, 316], [387, 117, 525, 276]]","[[75, 158, 189, 315], [386, 116, 525, 274]]"
f044cf1d_247.jpg,[0.8894],"[[214, 77, 346, 260]]","[[213, 77, 346, 260]]"
9d47d182_370.jpg,[0.8714],"[[218, 100, 352, 288]]","[[218, 98, 350, 288]]"
f044cf1d_259.jpg,[0.8339],"[[266, 75, 416, 274]]","[[267, 75, 413, 273]]"
b2045fbc_263.jpg,[0.8963],"[[195, 91, 356, 323]]","[[195, 88, 357, 320]]"
9aa3bbb8_36.jpg,[0.9164],"[[301, 104, 458, 322]]","[[301, 104, 458, 322]]"
b2045fbc_1756.jpg,[0.9173],"[[291, 97, 419, 250]]","[[291, 98, 419, 246]]"
b2045fbc_1854.jpg,[0.8893],"[[319, 126, 410, 230]]","[[319, 126, 409, 229]]"
b2045fbc_1101.jpg,[],[],[]
b2045fbc_1586.jpg,[0.8977],"[[159, 146, 321, 359]]","[[155, 144, 321, 358]]"
b2045fbc_1811.jpg,[0.9083],"[[244, 98, 408, 296]]","[[243, 100, 408, 295]]"
ed2e9e4c_77.jpg,[0.9054],"[[309, 108, 461, 327]]","[[308, 108, 460, 327]]"
b2045fbc_1399.jpg,[],[],[]
b2045fbc_2023.jpg,[0.861],"[[13, 144, 161, 331]]","[[12, 143, 163, 329]]"
b2045fbc_581.jpg,[0.8497],"[[0, 45, 198, 325]]","[[0, 45, 196, 333]]"
b2045fbc_2071.jpg,[],[],[]
b2045fbc_271.jpg,[0.8859],"[[227, 95, 369, 312]]","[[226, 95, 370, 309]]"
9d47d182_354.jpg,[0.758],"[[168, 96, 308, 294]]","[[165, 98, 305, 295]]"
b2045fbc_1676.jpg,[],[],[]
b2045fbc_18.jpg,[0.9028],"[[229, 132, 352, 308]]","[[228, 131, 351, 307]]"
9d47d182_88.jpg,[0.8122],"[[198, 97, 352, 290]]","[[198, 95, 348, 288]]"
9d47d182_91.jpg,[0.7609],"[[200, 97, 348, 289]]","[[198, 98, 338, 283]]"
b2045fbc_942.jpg,[0.9142],"[[161, 8, 327, 233]]","[[158, 5, 328, 232]]"
9d47d182_378.jpg,[0.879],"[[221, 100, 353, 286]]","[[220, 99, 352, 286]]"
b2045fbc_356.jpg,[0.8912],"[[174, 125, 313, 311]]","[[174, 126, 314, 310]]"
9aa3bbb8_10.jpg,[0.9301],"[[270, 146, 453, 359]]","[[270, 145, 453, 358]]"
f044cf1d_72.jpg,[0.7492],"[[144, 87, 296, 258]]","[[141, 87, 295, 255]]"
b2045fbc_636.jpg,[],[],[]
b2045fbc_1754.jpg,[0.7844],"[[111, 155, 207, 255]]","[[109, 154, 209, 255]]"
f044cf1d_242.jpg,[0.9023],"[[217, 77, 349, 260]]","[[217, 76, 350, 260]]"
9d47d182_95.jpg,[0.7922],"[[199, 97, 341, 289]]","[[200, 95, 336, 287]]"
b2045fbc_2066.jpg,[],[],[]
b2045fbc_1225.jpg,[],[],[]
9d47d182_187.jpg,[0.8448],"[[194, 98, 344, 289]]","[[194, 97, 333, 288]]"
9d47d182_14.jpg,[0.8568],"[[219, 101, 353, 290]]","[[219, 100, 353, 291]]"
f044cf1d_135.jpg,[0.8144],"[[262, 73, 407, 270]]","[[261, 74, 405, 270]]"
9d47d182_415.jpg,[0.8071],"[[213, 100, 354, 292]]","[[215, 98, 349, 283]]"
9d47d182_277.jpg,[0.8972],"[[186, 98, 322, 293]]","[[185, 97, 322, 293]]"
b2045fbc_1324.jpg,[0.9067],"[[267, 94, 387, 243]]","[[267, 95, 387, 241]]"
b2045fbc_924.jpg,[0.8192],"[[302, 109, 454, 328]]","[[301, 106, 454, 328]]"
9aa3bbb8_92.jpg,[],[],[]
b2045fbc_398.jpg,[0.8896],"[[165, 116, 274, 297]]","[[166, 114, 274, 295]]"
b2045fbc_966.jpg,[0.9212],"[[180, 11, 339, 233]]","[[180, 15, 336, 231]]"
b2045fbc_990.jpg,[0.7816],"[[51, 112, 213, 340]]","[[52, 109, 211, 344]]"
b2045fbc_1088.jpg,[],[],[]
b2045fbc_1574.jpg,[0.8696],"[[135, 139, 311, 359]]","[[134, 139, 312, 358]]"
9d47d182_223.jpg,[0.8637],"[[219, 99, 353, 288]]","[[219, 97, 352, 289]]"
b2045fbc_412.jpg,[0.8943],"[[169, 113, 281, 294]]","[[169, 110, 282, 291]]"
b2045fbc_79.jpg,[0.3721],"[[37, 207, 166, 360]]","[[37, 205, 167, 358]]"
b2045fbc_2034.jpg,[0.8763],"[[29, 135, 170, 320]]","[[29, 134, 171, 319]]"
b2045fbc_1707.jpg,[0.8361],"[[166, 161, 257, 255]]","[[165, 161, 257, 255]]"
b2045fbc_1994.jpg,[0.9145],"[[295, 131, 389, 245]]","[[295, 133, 389, 244]]"
b2045fbc_1153.jpg,[0.8865],"[[184, 131, 321, 321]]","[[184, 129, 320, 320]]"
b2045fbc_1393.jpg,[0.2751],"[[0, 157, 134, 360]]",[]
b2045fbc_521.jpg,[],[],[]
f044cf1d_171.jpg,[0.8024],"[[264, 80, 409, 259]]","[[264, 79, 410, 258]]"
b2045fbc_1643.jpg,[0.9203],"[[80, 153, 225, 349]]","[[79, 153, 224, 347]]"
b2045fbc_256.jpg,[0.9058],"[[208, 100, 363, 322]]","[[208, 98, 364, 321]]"
f044cf1d_85.jpg,[0.8634],"[[241, 80, 393, 256]]","[[241, 79, 391, 256]]"
b2045fbc_117.jpg,"[0.9218, 0.8886]","[[16, 163, 134, 318], [400, 107, 541, 270]]","[[16, 162, 135, 318], [400, 108, 540, 268]]"
b2045fbc_708.jpg,[0.7831],"[[517, 94, 639, 315]]","[[517, 92, 639, 317]]"
b2045fbc_1837.jpg,[0.6746],"[[297, 173, 366, 265]]","[[299, 172, 365, 263]]"
b2045fbc_1807.jpg,[0.9199],"[[255, 91, 422, 293]]","[[255, 92, 420, 293]]"
b2045fbc_1656.jpg,[],[],[]
b2045fbc_1960.jpg,[0.8829],"[[261, 110, 350, 214]]","[[261, 108, 347, 214]]"
f044cf1d_63.jpg,[0.8929],"[[214, 89, 341, 270]]","[[209, 89, 339, 271]]"
9d47d182_388.jpg,[0.836],"[[214, 96, 347, 281]]","[[214, 94, 346, 280]]"
f044cf1d_3.jpg,[0.8209],"[[164, 90, 301, 270]]","[[161, 88, 291, 270]]"
b2045fbc_1607.jpg,[0.8741],"[[152, 141, 319, 360]]","[[150, 141, 317, 358]]"
b2045fbc_1800.jpg,[0.9131],"[[216, 92, 372, 270]]","[[215, 91, 371, 269]]"
b2045fbc_670.jpg,[],[],[]
b2045fbc_275.jpg,[0.7877],"[[225, 94, 376, 312]]","[[224, 91, 380, 311]]"
b2045fbc_961.jpg,[0.9151],"[[174, 9, 336, 237]]","[[172, 9, 336, 235]]"
b2045fbc_1201.jpg,[0.9116],"[[282, 94, 409, 258]]","[[282, 95, 410, 257]]"
b2045fbc_762.jpg,[],[],[]
b2045fbc_1126.jpg,[],[],[]
9d47d182_64.jpg,[0.807],"[[197, 96, 353, 290]]","[[198, 97, 348, 289]]"
b2045fbc_122.jpg,"[0.9161, 0.8996]","[[0, 146, 124, 309], [271, 96, 396, 248]]","[[0, 145, 124, 309], [271, 95, 396, 246]]"
f044cf1d_93.jpg,[0.8348],"[[240, 81, 392, 262]]","[[239, 81, 393, 262]]"
b2045fbc_248.jpg,[0.927],"[[243, 106, 392, 320]]","[[244, 104, 392, 320]]"
b2045fbc_1593.jpg,[0.7317],"[[128, 144, 323, 359]]","[[128, 145, 319, 358]]"
b2045fbc_142.jpg,"[0.9255, 0.9014]","[[27, 135, 154, 305], [335, 99, 468, 254]]","[[26, 135, 154, 304], [335, 99, 469, 253]]"
b2045fbc_1159.jpg,[0.9151],"[[248, 125, 377, 302]]","[[247, 123, 377, 303]]"
b2045fbc_1890.jpg,[0.8648],"[[205, 150, 333, 337]]","[[205, 149, 335, 336]]"
ed2e9e4c_73.jpg,[0.8654],"[[294, 103, 449, 322]]","[[294, 99, 430, 319]]"
f044cf1d_211.jpg,[0.8378],"[[253, 72, 406, 273]]","[[254, 71, 398, 272]]"
b2045fbc_685.jpg,[],[],[]
b2045fbc_1522.jpg,[0.7814],"[[153, 166, 299, 360]]","[[153, 166, 302, 359]]"
b2045fbc_1566.jpg,[0.8372],"[[132, 137, 311, 359]]","[[132, 136, 300, 356]]"
b2045fbc_722.jpg,[],[],[]
b2045fbc_144.jpg,[0.9012],"[[335, 96, 469, 256]]","[[335, 94, 469, 253]]"
9d47d182_295.jpg,[0.8271],"[[181, 92, 332, 292]]","[[182, 92, 330, 291]]"
f044cf1d_262.jpg,[0.8637],"[[271, 82, 415, 283]]","[[271, 82, 412, 282]]"
b2045fbc_1679.jpg,[0.915],"[[131, 137, 246, 301]]","[[129, 136, 247, 300]]"
b2045fbc_304.jpg,[0.8914],"[[150, 79, 317, 325]]","[[143, 78, 316, 322]]"
b2045fbc_791.jpg,[0.9044],"[[286, 105, 448, 340]]","[[286, 104, 448, 339]]"
b2045fbc_1255.jpg,[],[],[]
b2045fbc_911.jpg,[0.9182],"[[180, 143, 344, 359]]","[[180, 144, 343, 358]]"
b2045fbc_24.jpg,[0.861],"[[0, 125, 154, 333]]","[[0, 123, 155, 330]]"
b2045fbc_1293.jpg,[],[],[]
b2045fbc_2073.jpg,[],[],[]
b2045fbc_125.jpg,[0.921],"[[263, 111, 414, 329]]","[[263, 109, 413, 327]]"
b2045fbc_2068.jpg,[],[],[]
b2045fbc_1533.jpg,[0.7438],"[[154, 164, 309, 359]]","[[153, 165, 315, 360]]"
b2045fbc_986.jpg,[0.4772],"[[46, 140, 244, 360]]","[[48, 140, 244, 358]]"
b2045fbc_419.jpg,[0.8918],"[[171, 112, 284, 291]]","[[171, 109, 285, 291]]"
b2045fbc_587.jpg,[0.8866],"[[143, 98, 296, 314]]","[[143, 97, 297, 312]]"
b2045fbc_169.jpg,[0.9251],"[[260, 109, 411, 325]]","[[260, 109, 410, 326]]"
b2045fbc_1942.jpg,[0.9221],"[[298, 119, 388, 225]]","[[297, 118, 387, 221]]"
b2045fbc_13.jpg,[0.9133],"[[235, 130, 359, 307]]","[[235, 129, 360, 306]]"
b2045fbc_1594.jpg,[0.6114],"[[131, 149, 319, 359]]","[[130, 150, 309, 358]]"
f044cf1d_129.jpg,[0.862],"[[173, 83, 301, 264]]","[[170, 82, 302, 263]]"
b2045fbc_703.jpg,[],[],[]
9d47d182_229.jpg,[0.784],"[[174, 98, 316, 292]]","[[174, 98, 317, 292]]"
b2045fbc_1560.jpg,[0.9119],"[[156, 145, 314, 360]]","[[153, 148, 315, 360]]"
b2045fbc_417.jpg,[0.8993],"[[170, 112, 283, 292]]","[[170, 109, 285, 291]]"
9d47d182_233.jpg,[0.7841],"[[172, 97, 326, 294]]","[[171, 96, 315, 293]]"
f044cf1d_84.jpg,[0.8578],"[[242, 79, 393, 256]]","[[243, 79, 393, 255]]"
f044cf1d_260.jpg,[0.8537],"[[270, 81, 414, 283]]","[[270, 80, 412, 282]]"
b2045fbc_1715.jpg,[0.871],"[[156, 161, 244, 262]]","[[156, 160, 244, 262]]"
b2045fbc_56.jpg,[0.925],"[[110, 160, 234, 334]]","[[110, 158, 234, 333]]"
f044cf1d_121.jpg,[0.8792],"[[186, 83, 312, 263]]","[[181, 84, 315, 266]]"
b2045fbc_871.jpg,[0.8063],"[[172, 77, 328, 320]]","[[172, 71, 328, 320]]"
b2045fbc_547.jpg,[0.9264],"[[289, 101, 440, 324]]","[[289, 98, 439, 321]]"
b2045fbc_705.jpg,[],[],[]
f044cf1d_221.jpg,[0.884],"[[213, 77, 344, 261]]","[[212, 76, 348, 261]]"
b2045fbc_669.jpg,[0.9216],"[[287, 99, 439, 323]]","[[286, 97, 438, 321]]"
b2045fbc_665.jpg,[],[],[]
b2045fbc_262.jpg,[0.901],"[[186, 90, 348, 320]]","[[185, 89, 347, 318]]"
f044cf1d_179.jpg,[0.8242],"[[263, 73, 407, 269]]","[[262, 73, 406, 269]]"
9d47d182_225.jpg,[0.8228],"[[177, 99, 328, 294]]","[[176, 98, 316, 294]]"
9d47d182_120.jpg,[0.8244],"[[195, 98, 346, 289]]","[[194, 97, 330, 284]]"
f044cf1d_5.jpg,[0.8532],"[[165, 89, 296, 269]]","[[164, 85, 295, 270]]"
b2045fbc_1995.jpg,[0.8996],"[[302, 142, 395, 246]]","[[301, 143, 395, 244]]"
b2045fbc_883.jpg,[0.8215],"[[184, 149, 360, 359]]","[[184, 149, 360, 358]]"
b2045fbc_1113.jpg,[0.9139],"[[283, 102, 443, 332]]","[[282, 100, 442, 331]]"
b2045fbc_1856.jpg,[0.9013],"[[227, 145, 359, 335]]","[[228, 145, 359, 335]]"
9d47d182_111.jpg,[0.8303],"[[197, 99, 346, 289]]","[[197, 99, 338, 290]]"
b2045fbc_875.jpg,[0.8724],"[[188, 81, 335, 322]]","[[189, 78, 338, 322]]"
b2045fbc_1745.jpg,[0.876],"[[35, 177, 164, 342]]","[[35, 176, 165, 340]]"
b2045fbc_1855.jpg,[0.8894],"[[320, 125, 413, 229]]","[[319, 124, 413, 229]]"
b2045fbc_358.jpg,[0.9157],"[[243, 135, 373, 321]]","[[242, 134, 373, 319]]"
b2045fbc_2040.jpg,[0.8979],"[[238, 123, 321, 207]]","[[237, 121, 319, 206]]"
b2045fbc_1993.jpg,[0.9042],"[[292, 105, 383, 208]]","[[292, 104, 382, 206]]"
9d47d182_130.jpg,[0.8088],"[[195, 99, 345, 289]]","[[195, 97, 331, 285]]"
9d47d182_180.jpg,[0.858],"[[194, 98, 344, 289]]","[[195, 97, 337, 288]]"
b2045fbc_1511.jpg,[0.8997],"[[187, 172, 320, 359]]","[[186, 171, 320, 358]]"
b2045fbc_462.jpg,[0.9107],"[[286, 120, 401, 293]]","[[285, 119, 401, 291]]"
b2045fbc_595.jpg,[0.7774],"[[212, 88, 369, 292]]","[[211, 89, 357, 289]]"
ed2e9e4c_31.jpg,[0.2836],"[[289, 88, 397, 235]]","[[288, 88, 399, 234]]"
b2045fbc_1571.jpg,[0.8704],"[[141, 138, 309, 359]]","[[140, 136, 314, 359]]"
f044cf1d_95.jpg,[0.8927],"[[197, 82, 321, 254]]","[[198, 78, 325, 258]]"
b2045fbc_1873.jpg,"[0.909, 0.9039]","[[310, 133, 399, 235], [145, 54, 202, 134]]","[[145, 53, 202, 133], [307, 129, 401, 234]]"
b2045fbc_894.jpg,[0.9054],"[[175, 140, 339, 351]]","[[174, 139, 338, 351]]"
f044cf1d_48.jpg,[0.8759],"[[178, 88, 304, 270]]","[[175, 83, 305, 271]]"
9d47d182_195.jpg,[0.8109],"[[193, 98, 343, 290]]","[[193, 97, 339, 289]]"
b2045fbc_985.jpg,[0.4269],"[[37, 141, 243, 360]]","[[39, 141, 240, 358]]"
b2045fbc_1596.jpg,[0.7155],"[[137, 148, 324, 359]]","[[137, 149, 319, 358]]"
b2045fbc_1674.jpg,[0.8973],"[[59, 51, 231, 298]]","[[58, 50, 232, 297]]"
b2045fbc_1290.jpg,[0.8982],"[[293, 101, 413, 243]]","[[293, 102, 414, 241]]"
9d47d182_366.jpg,[0.8787],"[[207, 97, 360, 288]]","[[207, 95, 360, 287]]"
b2045fbc_1925.jpg,[0.9189],"[[327, 117, 421, 220]]","[[328, 117, 420, 219]]"
9d47d182_408.jpg,[0.8066],"[[212, 99, 359, 292]]","[[212, 99, 355, 290]]"
b2045fbc_73.jpg,[],[],[]
ed2e9e4c_27.jpg,[0.6785],"[[272, 86, 429, 273]]","[[272, 84, 428, 272]]"
b2045fbc_1833.jpg,[0.7133],"[[297, 167, 370, 250]]","[[295, 165, 369, 249]]"
b2045fbc_1968.jpg,[0.9141],"[[278, 111, 376, 224]]","[[278, 112, 376, 224]]"
b2045fbc_1359.jpg,[0.5332],"[[189, 159, 296, 359]]","[[189, 158, 298, 359]]"
b2045fbc_226.jpg,[0.9093],"[[294, 86, 421, 237]]","[[294, 86, 421, 234]]"
b2045fbc_1254.jpg,[0.6596],"[[151, 129, 285, 320]]","[[150, 127, 285, 313]]"
b2045fbc_682.jpg,[],[],[]
b2045fbc_485.jpg,[0.9103],"[[291, 121, 405, 292]]","[[289, 120, 405, 291]]"
9d47d182_26.jpg,[0.844],"[[212, 113, 345, 303]]","[[211, 112, 345, 304]]"
b2045fbc_1693.jpg,[0.783],"[[265, 240, 341, 329]]","[[267, 240, 341, 327]]"
9d47d182_409.jpg,[0.8113],"[[214, 100, 353, 291]]","[[213, 100, 349, 286]]"
b2045fbc_409.jpg,[0.8787],"[[179, 109, 298, 293]]","[[177, 108, 298, 291]]"
b2045fbc_1425.jpg,[],[],[]
b2045fbc_1383.jpg,[0.258],"[[136, 175, 312, 359]]","[[135, 175, 309, 359]]"
f044cf1d_227.jpg,[0.8887],"[[210, 76, 343, 262]]","[[210, 76, 346, 261]]"
b2045fbc_294.jpg,[0.919],"[[231, 100, 379, 313]]","[[230, 97, 378, 311]]"
b2045fbc_292.jpg,[0.8881],"[[216, 79, 369, 307]]","[[214, 76, 370, 304]]"
9d47d182_215.jpg,[0.8634],"[[178, 98, 331, 293]]","[[178, 98, 329, 293]]"
b2045fbc_1010.jpg,[0.9172],"[[233, 127, 379, 331]]","[[233, 126, 379, 331]]"
9d47d182_125.jpg,[0.8443],"[[195, 98, 347, 290]]","[[194, 99, 330, 286]]"
b2045fbc_1400.jpg,[],[],[]
ed2e9e4c_44.jpg,[0.8734],"[[328, 109, 480, 319]]","[[327, 106, 476, 311]]"
b2045fbc_2008.jpg,"[0.907, 0.8848]","[[301, 123, 398, 228], [100, 42, 190, 153]]","[[96, 40, 190, 151], [297, 121, 398, 232]]"
b2045fbc_1073.jpg,[0.6886],"[[0, 66, 117, 290]]","[[0, 65, 111, 298]]"
b2045fbc_1250.jpg,[],[],[]
b2045fbc_1483.jpg,[0.843],"[[290, 255, 381, 359]]","[[289, 255, 381, 359]]"
b2045fbc_618.jpg,[],[],[]
b2045fbc_1475.jpg,[0.8439],"[[333, 238, 436, 359]]","[[327, 236, 437, 360]]"
b2045fbc_598.jpg,[0.7248],"[[211, 95, 361, 287]]","[[211, 94, 369, 286]]"
f044cf1d_10.jpg,[0.8466],"[[164, 89, 296, 270]]","[[162, 88, 293, 268]]"
b2045fbc_1453.jpg,[],[],[]
9d47d182_307.jpg,[0.8156],"[[180, 94, 329, 291]]","[[180, 93, 320, 290]]"
b2045fbc_442.jpg,[0.917],"[[279, 107, 400, 288]]","[[277, 106, 399, 288]]"
ed2e9e4c_18.jpg,[0.8761],"[[271, 84, 416, 299]]","[[271, 83, 416, 298]]"
b2045fbc_131.jpg,"[0.9233, 0.8969]","[[46, 139, 172, 308], [336, 98, 470, 253]]","[[46, 138, 172, 307], [335, 97, 471, 251]]"
b2045fbc_347.jpg,[0.919],"[[243, 137, 375, 323]]","[[242, 137, 373, 324]]"
b2045fbc_1744.jpg,[0.8691],"[[169, 164, 255, 264]]","[[167, 163, 256, 263]]"
9aa3bbb8_20.jpg,[0.927],"[[269, 140, 449, 359]]","[[268, 140, 448, 358]]"
b2045fbc_2049.jpg,[0.6088],"[[9, 71, 206, 318]]","[[10, 72, 205, 319]]"
9d47d182_107.jpg,[0.8124],"[[211, 102, 351, 293]]","[[212, 101, 350, 291]]"
b2045fbc_1308.jpg,[0.5735],"[[209, 154, 307, 358]]","[[209, 155, 307, 356]]"
b2045fbc_1868.jpg,[0.8985],"[[220, 144, 350, 335]]","[[220, 144, 351, 335]]"
b2045fbc_539.jpg,[0.7849],"[[300, 116, 412, 284]]","[[301, 116, 411, 283]]"
b2045fbc_1683.jpg,[0.8786],"[[155, 54, 314, 272]]","[[154, 53, 313, 271]]"
b2045fbc_946.jpg,[0.6497],"[[298, 107, 453, 331]]","[[297, 105, 454, 331]]"
b2045fbc_1460.jpg,[],[],[]
b2045fbc_930.jpg,[0.9198],"[[221, 138, 368, 344]]","[[220, 137, 366, 343]]"
b2045fbc_1581.jpg,[0.8524],"[[137, 137, 312, 359]]","[[136, 136, 315, 359]]"
b2045fbc_816.jpg,[0.8644],"[[89, 133, 244, 329]]","[[90, 133, 241, 327]]"
b2045fbc_1370.jpg,[0.816],"[[139, 148, 303, 359]]","[[139, 146, 304, 356]]"
b2045fbc_1692.jpg,[],[],[]
9d47d182_325.jpg,[0.8273],"[[175, 93, 312, 290]]","[[174, 92, 310, 290]]"
f044cf1d_101.jpg,[0.7961],"[[256, 73, 408, 269]]","[[256, 73, 404, 270]]"
b2045fbc_1141.jpg,[0.2656],"[[0, 199, 133, 360]]","[[0, 200, 133, 360]]"
f044cf1d_18.jpg,[0.838],"[[163, 90, 297, 271]]","[[161, 88, 291, 270]]"
9aa3bbb8_1.jpg,[0.9215],"[[279, 122, 454, 356]]","[[279, 120, 453, 356]]"
b2045fbc_588.jpg,[0.8912],"[[134, 98, 288, 312]]","[[134, 98, 288, 310]]"
9d47d182_232.jpg,[0.7458],"[[171, 98, 324, 294]]","[[171, 97, 321, 294]]"
f044cf1d_212.jpg,[0.8216],"[[264, 72, 410, 268]]","[[264, 71, 407, 267]]"
9d47d182_270.jpg,[0.8802],"[[184, 98, 322, 294]]","[[184, 97, 320, 294]]"
b2045fbc_862.jpg,[0.7672],"[[178, 61, 347, 318]]","[[177, 61, 346, 316]]"
b2045fbc_752.jpg,[],[],[]
f044cf1d_148.jpg,[0.8754],"[[205, 78, 333, 254]]","[[204, 77, 335, 252]]"
b2045fbc_1640.jpg,[0.8642],"[[182, 164, 348, 359]]","[[182, 163, 341, 359]]"
f044cf1d_105.jpg,[0.8793],"[[187, 85, 313, 264]]","[[184, 82, 316, 263]]"
b2045fbc_674.jpg,[],[],[]
f044cf1d_26.jpg,[0.8532],"[[286, 91, 436, 289]]","[[285, 91, 435, 289]]"
b2045fbc_838.jpg,[0.9238],"[[191, 116, 341, 332]]","[[191, 113, 341, 331]]"
9d47d182_360.jpg,[0.7715],"[[167, 97, 319, 294]]","[[164, 97, 304, 293]]"
b2045fbc_145.jpg,[0.8916],"[[335, 97, 469, 254]]","[[335, 96, 469, 251]]"
f044cf1d_152.jpg,[0.8716],"[[201, 77, 332, 254]]","[[199, 77, 329, 255]]"
b2045fbc_736.jpg,[],[],[]
9d47d182_361.jpg,[0.7362],"[[167, 96, 317, 294]]","[[165, 97, 306, 294]]"
b2045fbc_1357.jpg,[0.9272],"[[251, 95, 381, 256]]","[[251, 97, 380, 255]]"
b2045fbc_1919.jpg,[0.9205],"[[299, 134, 373, 224]]","[[298, 133, 372, 222]]"
b2045fbc_760.jpg,[],[],[]
b2045fbc_1332.jpg,[0.3714],"[[189, 146, 290, 354]]","[[189, 146, 294, 352]]"
ed2e9e4c_20.jpg,[0.8747],"[[260, 94, 420, 280]]","[[260, 94, 422, 279]]"
b2045fbc_623.jpg,[],[],[]
9d47d182_108.jpg,[0.8107],"[[210, 101, 350, 292]]","[[212, 100, 348, 291]]"
9d47d182_102.jpg,[0.762],"[[202, 98, 340, 288]]","[[198, 100, 338, 280]]"
b2045fbc_721.jpg,[],[],[]
f044cf1d_99.jpg,[0.884],"[[188, 85, 315, 264]]","[[185, 84, 317, 268]]"
b2045fbc_907.jpg,[0.9131],"[[176, 126, 336, 342]]","[[176, 127, 336, 342]]"
b2045fbc_1271.jpg,[0.9081],"[[129, 138, 270, 336]]","[[129, 137, 271, 335]]"
b2045fbc_1894.jpg,[0.907],"[[305, 133, 382, 226]]","[[304, 132, 380, 223]]"
b2045fbc_866.jpg,[0.8181],"[[174, 77, 330, 319]]","[[176, 70, 331, 320]]"
ed2e9e4c_53.jpg,[0.7752],"[[313, 101, 464, 318]]","[[312, 100, 463, 318]]"
9d47d182_104.jpg,[0.8827],"[[207, 97, 340, 286]]","[[207, 96, 341, 286]]"
b2045fbc_179.jpg,[0.9193],"[[290, 85, 422, 244]]","[[290, 86, 422, 241]]"
9d47d182_110.jpg,[0.8525],"[[199, 99, 335, 288]]","[[200, 97, 335, 288]]"
b2045fbc_1652.jpg,[0.8567],"[[244, 233, 364, 359]]","[[237, 226, 365, 360]]"
b2045fbc_1758.jpg,[0.8711],"[[152, 118, 252, 232]]","[[148, 117, 254, 232]]"
b2045fbc_1982.jpg,[0.9089],"[[275, 125, 361, 211]]","[[275, 124, 361, 211]]"
b2045fbc_376.jpg,[0.8135],"[[160, 134, 281, 314]]","[[160, 133, 283, 312]]"
b2045fbc_1518.jpg,[0.9098],"[[180, 172, 300, 344]]","[[180, 172, 299, 343]]"
b2045fbc_1595.jpg,[0.5813],"[[131, 151, 293, 359]]","[[130, 150, 306, 358]]"
b2045fbc_160.jpg,[0.9148],"[[271, 91, 408, 257]]","[[271, 91, 409, 254]]"
b2045fbc_1697.jpg,[0.68],"[[173, 293, 256, 359]]","[[172, 292, 255, 359]]"
b2045fbc_802.jpg,[0.8969],"[[289, 105, 449, 341]]","[[288, 104, 448, 340]]"
b2045fbc_290.jpg,[0.8932],"[[188, 84, 352, 324]]","[[189, 81, 353, 318]]"
b2045fbc_1704.jpg,[0.8726],"[[172, 165, 262, 262]]","[[172, 164, 262, 261]]"
b2045fbc_613.jpg,[0.9213],"[[287, 95, 442, 327]]","[[286, 93, 441, 327]]"
b2045fbc_1776.jpg,[0.9096],"[[247, 82, 426, 301]]","[[246, 81, 426, 300]]"
b2045fbc_466.jpg,[0.9138],"[[287, 121, 401, 293]]","[[286, 120, 401, 291]]"
b2045fbc_1782.jpg,[0.9096],"[[247, 83, 428, 300]]","[[246, 82, 429, 300]]"
b2045fbc_1263.jpg,[0.9055],"[[160, 142, 291, 327]]","[[160, 140, 291, 327]]"
b2045fbc_1694.jpg,[0.8321],"[[226, 227, 311, 324]]","[[226, 227, 310, 325]]"
9d47d182_335.jpg,[0.8478],"[[222, 100, 357, 289]]","[[223, 98, 356, 289]]"
b2045fbc_1402.jpg,[],[],[]
b2045fbc_2048.jpg,[0.8867],"[[380, 136, 585, 360]]","[[380, 136, 584, 358]]"
b2045fbc_321.jpg,[0.9155],"[[214, 91, 361, 302]]","[[215, 90, 361, 301]]"
b2045fbc_695.jpg,[0.813],"[[109, 102, 284, 344]]","[[108, 101, 282, 343]]"
b2045fbc_126.jpg,"[0.9246, 0.8983]","[[38, 147, 164, 313], [331, 89, 465, 243]]","[[37, 147, 163, 313], [330, 88, 465, 240]]"
b2045fbc_450.jpg,[0.92],"[[284, 119, 400, 292]]","[[284, 117, 400, 291]]"
9aa3bbb8_90.jpg,[],[],[]
9d47d182_75.jpg,[0.8724],"[[201, 100, 336, 291]]","[[201, 99, 335, 291]]"
b2045fbc_1186.jpg,[0.2776],"[[215, 123, 366, 302]]",[]
b2045fbc_1713.jpg,[0.8471],"[[136, 156, 221, 254]]","[[135, 156, 220, 252]]"
f044cf1d_248.jpg,[0.8831],"[[215, 77, 347, 260]]","[[215, 77, 348, 260]]"
b2045fbc_1278.jpg,[0.891],"[[134, 141, 268, 340]]","[[133, 140, 269, 336]]"
b2045fbc_1903.jpg,[0.8934],"[[344, 129, 416, 217]]","[[344, 129, 416, 216]]"
b2045fbc_1582.jpg,[0.841],"[[136, 139, 311, 359]]","[[135, 138, 312, 359]]"
b2045fbc_1093.jpg,[],[],[]
ed2e9e4c_74.jpg,[0.8814],"[[292, 102, 457, 321]]","[[290, 100, 426, 313]]"
b2045fbc_1888.jpg,"[0.8972, 0.8]","[[278, 109, 359, 203], [0, 41, 54, 130]]","[[276, 110, 360, 200], [0, 37, 56, 129]]"
b2045fbc_1878.jpg,"[0.9135, 0.8873]","[[315, 123, 402, 228], [173, 74, 233, 146]]","[[313, 120, 403, 227], [172, 74, 232, 147]]"
9aa3bbb8_45.jpg,[0.9202],"[[286, 104, 445, 320]]","[[286, 102, 446, 321]]"
f044cf1d_104.jpg,[0.8782],"[[187, 85, 315, 265]]","[[184, 82, 315, 265]]"
b2045fbc_1148.jpg,[0.8668],"[[110, 138, 255, 341]]","[[110, 139, 253, 342]]"
b2045fbc_1841.jpg,[0.8763],"[[290, 148, 388, 270]]","[[289, 148, 387, 270]]"
b2045fbc_2005.jpg,"[0.9075, 0.8914]","[[297, 121, 394, 226], [97, 46, 188, 163]]","[[92, 43, 187, 158], [293, 118, 394, 234]]"
9aa3bbb8_56.jpg,[0.8225],"[[308, 142, 454, 357]]","[[308, 142, 459, 357]]"
b2045fbc_1287.jpg,[0.9153],"[[131, 147, 274, 343]]","[[131, 146, 275, 342]]"
b2045fbc_459.jpg,[0.9211],"[[283, 119, 400, 292]]","[[283, 117, 399, 291]]"
b2045fbc_2062.jpg,[0.9089],"[[246, 59, 387, 266]]","[[245, 57, 387, 263]]"
b2045fbc_1664.jpg,[0.9178],"[[335, 51, 496, 287]]","[[335, 50, 496, 286]]"
9d47d182_377.jpg,[0.8529],"[[217, 100, 351, 288]]","[[217, 97, 350, 288]]"
f044cf1d_9.jpg,[0.8541],"[[165, 90, 295, 269]]","[[163, 86, 293, 268]]"
b2045fbc_1762.jpg,[0.8759],"[[224, 67, 408, 315]]","[[221, 65, 410, 317]]"
9aa3bbb8_39.jpg,[0.9207],"[[293, 102, 450, 322]]","[[293, 103, 449, 322]]"
9d47d182_35.jpg,[0.8384],"[[224, 100, 355, 288]]","[[224, 98, 356, 289]]"
b2045fbc_507.jpg,[0.8855],"[[258, 114, 390, 289]]","[[255, 112, 389, 288]]"
9d47d182_310.jpg,[0.7982],"[[179, 94, 327, 291]]","[[178, 92, 318, 290]]"
b2045fbc_93.jpg,"[0.9213, 0.9012]","[[71, 157, 187, 320], [388, 120, 527, 276]]","[[71, 156, 188, 320], [388, 119, 527, 275]]"
b2045fbc_103.jpg,"[0.8937, 0.8632]","[[55, 161, 176, 329], [388, 130, 529, 287]]","[[55, 161, 176, 328], [388, 132, 528, 286]]"
b2045fbc_906.jpg,[0.9061],"[[180, 127, 340, 342]]","[[180, 127, 340, 343]]"
b2045fbc_852.jpg,[0.3934],"[[154, 31, 289, 274]]","[[152, 27, 307, 273]]"
b2045fbc_1816.jpg,[0.9121],"[[232, 85, 392, 274]]","[[232, 84, 392, 271]]"
b2045fbc_550.jpg,[0.749],"[[303, 119, 414, 284]]","[[306, 118, 414, 282]]"
9d47d182_278.jpg,[0.9027],"[[186, 99, 323, 293]]","[[185, 97, 321, 294]]"
b2045fbc_324.jpg,[0.848],"[[30, 84, 225, 358]]","[[27, 79, 225, 356]]"
9d47d182_47.jpg,[0.7865],"[[200, 96, 348, 288]]","[[201, 96, 346, 285]]"
b2045fbc_426.jpg,[0.9031],"[[169, 104, 306, 303]]","[[169, 102, 306, 303]]"
b2045fbc_1696.jpg,[0.7041],"[[175, 295, 256, 359]]","[[172, 292, 256, 359]]"
b2045fbc_1986.jpg,[0.9067],"[[278, 126, 364, 209]]","[[278, 125, 364, 208]]"
b2045fbc_943.jpg,[0.9109],"[[167, 8, 330, 233]]","[[166, 12, 330, 227]]"
b2045fbc_745.jpg,[],[],[]
b2045fbc_730.jpg,[],[],[]
b2045fbc_1863.jpg,[],[],[]
b2045fbc_1433.jpg,[],[],[]
b2045fbc_1502.jpg,[0.9044],"[[190, 171, 324, 359]]","[[190, 174, 325, 359]]"
b2045fbc_1059.jpg,[0.8652],"[[79, 16, 250, 242]]","[[70, 13, 253, 244]]"
b2045fbc_1168.jpg,[0.9188],"[[203, 104, 342, 306]]","[[202, 103, 342, 305]]"
f044cf1d_201.jpg,[0.8247],"[[264, 72, 407, 269]]","[[264, 72, 406, 268]]"
b2045fbc_370.jpg,[0.6263],"[[176, 136, 316, 318]]","[[176, 136, 316, 318]]"
f044cf1d_62.jpg,[0.9015],"[[227, 86, 351, 266]]","[[223, 85, 353, 268]]"
ed2e9e4c_11.jpg,[0.8968],"[[281, 130, 432, 350]]","[[281, 129, 431, 351]]"
b2045fbc_594.jpg,[0.8525],"[[233, 85, 388, 286]]","[[232, 85, 374, 286]]"
b2045fbc_141.jpg,"[0.9249, 0.8787]","[[38, 137, 165, 307], [331, 99, 467, 256]]","[[38, 137, 165, 307], [330, 99, 466, 254]]"
f044cf1d_113.jpg,[0.7996],"[[257, 74, 406, 270]]","[[258, 74, 402, 270]]"
b2045fbc_37.jpg,[0.888],"[[167, 129, 309, 322]]","[[166, 132, 310, 320]]"
b2045fbc_295.jpg,[0.9175],"[[209, 101, 361, 317]]","[[208, 100, 360, 316]]"
b2045fbc_1844.jpg,[0.9214],"[[301, 128, 375, 213]]","[[301, 127, 375, 211]]"
b2045fbc_1021.jpg,[0.9188],"[[197, 6, 357, 229]]",[]
9d47d182_39.jpg,[0.8047],"[[204, 97, 354, 290]]","[[204, 97, 352, 288]]"
9d47d182_73.jpg,[0.8852],"[[200, 99, 335, 292]]","[[197, 98, 335, 289]]"
b2045fbc_1660.jpg,[0.9187],"[[200, 210, 290, 343]]","[[196, 208, 292, 345]]"
b2045fbc_1194.jpg,[0.8662],"[[215, 129, 338, 302]]","[[215, 126, 340, 301]]"
b2045fbc_1347.jpg,[0.4928],"[[174, 163, 281, 358]]","[[175, 163, 284, 358]]"
f044cf1d_22.jpg,[0.8162],"[[288, 85, 442, 276]]","[[291, 84, 441, 275]]"
b2045fbc_211.jpg,[0.9206],"[[284, 97, 418, 258]]","[[284, 98, 418, 255]]"
b2045fbc_1085.jpg,[0.7976],"[[96, 108, 246, 299]]","[[96, 106, 246, 298]]"
b2045fbc_90.jpg,"[0.9221, 0.9045]","[[53, 160, 173, 323], [376, 119, 516, 278]]","[[53, 158, 173, 323], [375, 120, 517, 277]]"
b2045fbc_1344.jpg,[0.5665],"[[173, 164, 278, 355]]","[[173, 163, 283, 356]]"
9d47d182_348.jpg,[0.7102],"[[167, 96, 317, 293]]","[[166, 99, 304, 291]]"
b2045fbc_1447.jpg,[],[],[]
9d47d182_262.jpg,[0.872],"[[171, 98, 328, 296]]","[[170, 96, 326, 295]]"
b2045fbc_1798.jpg,[0.9146],"[[257, 79, 423, 283]]","[[257, 80, 421, 282]]"
b2045fbc_250.jpg,[0.9036],"[[228, 99, 357, 305]]","[[228, 97, 358, 304]]"
9d47d182_265.jpg,[0.8588],"[[173, 97, 328, 296]]","[[173, 96, 326, 295]]"
9d47d182_93.jpg,[0.7706],"[[202, 98, 341, 289]]","[[202, 96, 338, 288]]"
9d47d182_359.jpg,[0.7517],"[[167, 96, 319, 295]]","[[165, 99, 305, 293]]"
b2045fbc_28.jpg,[],[],[]
f044cf1d_161.jpg,[0.8818],"[[173, 82, 304, 260]]","[[170, 75, 306, 264]]"
b2045fbc_653.jpg,[],[],[]
b2045fbc_1956.jpg,[0.5987],"[[0, 166, 73, 357]]","[[0, 160, 72, 352]]"
ed2e9e4c_70.jpg,[0.9],"[[301, 104, 447, 325]]","[[302, 100, 446, 325]]"
b2045fbc_239.jpg,[0.9255],"[[258, 110, 408, 325]]","[[257, 107, 407, 325]]"
9d47d182_271.jpg,[0.8859],"[[183, 99, 320, 295]]","[[182, 97, 318, 294]]"
b2045fbc_516.jpg,[0.8752],"[[299, 136, 423, 309]]","[[298, 135, 422, 309]]"
b2045fbc_272.jpg,[0.8402],"[[229, 94, 377, 312]]","[[228, 92, 379, 311]]"
f044cf1d_142.jpg,[0.8926],"[[207, 78, 333, 251]]","[[205, 75, 335, 252]]"
b2045fbc_1086.jpg,[],[],[]
9d47d182_260.jpg,[0.864],"[[171, 95, 327, 296]]","[[169, 97, 310, 289]]"
b2045fbc_504.jpg,[0.9089],"[[268, 113, 390, 288]]","[[267, 112, 389, 287]]"
9d47d182_211.jpg,[0.8446],"[[179, 99, 332, 292]]","[[178, 98, 329, 292]]"
b2045fbc_490.jpg,[0.908],"[[292, 123, 406, 292]]","[[290, 122, 406, 291]]"
b2045fbc_446.jpg,[0.9232],"[[284, 118, 400, 291]]","[[284, 117, 399, 291]]"
9aa3bbb8_55.jpg,[0.8886],"[[305, 126, 446, 339]]","[[305, 123, 449, 339]]"
b2045fbc_1387.jpg,[0.9249],"[[177, 117, 303, 288]]","[[177, 117, 303, 286]]"
b2045fbc_754.jpg,[],[],[]
b2045fbc_1567.jpg,[0.8457],"[[140, 138, 312, 359]]","[[140, 138, 312, 359]]"
9aa3bbb8_103.jpg,[],[],[]
f044cf1d_208.jpg,[0.843],"[[194, 85, 327, 272]]","[[193, 82, 327, 272]]"
b2045fbc_1677.jpg,[0.5419],"[[0, 4, 115, 233]]","[[0, 3, 116, 235]]"
ed2e9e4c_57.jpg,[0.8423],"[[314, 102, 459, 318]]","[[314, 101, 460, 318]]"
b2045fbc_734.jpg,[],[],[]
b2045fbc_2020.jpg,"[0.9055, 0.8994]","[[84, 31, 171, 143], [300, 124, 397, 234]]","[[83, 28, 173, 144], [297, 119, 398, 237]]"
b2045fbc_560.jpg,[0.9294],"[[185, 98, 325, 295]]","[[185, 97, 326, 293]]"
9d47d182_57.jpg,[0.8734],"[[224, 100, 355, 288]]","[[224, 98, 355, 288]]"
9aa3bbb8_40.jpg,[0.9316],"[[267, 136, 445, 359]]","[[268, 133, 444, 357]]"
9d47d182_284.jpg,[0.8862],"[[188, 98, 322, 291]]","[[186, 98, 322, 292]]"
b2045fbc_1561.jpg,[0.907],"[[149, 148, 308, 360]]","[[147, 147, 309, 360]]"
b2045fbc_217.jpg,[0.921],"[[283, 99, 416, 258]]","[[283, 100, 416, 255]]"
b2045fbc_2057.jpg,[0.8962],"[[225, 5, 394, 235]]","[[225, 3, 394, 234]]"
f044cf1d_17.jpg,[0.8454],"[[163, 90, 297, 271]]","[[161, 88, 291, 271]]"
9d47d182_306.jpg,[0.8133],"[[180, 94, 329, 292]]","[[180, 93, 320, 290]]"
b2045fbc_105.jpg,"[0.9241, 0.8972]","[[73, 163, 191, 329], [384, 120, 523, 279]]","[[72, 162, 192, 328], [384, 121, 524, 279]]"
b2045fbc_2039.jpg,[0.8723],"[[216, 126, 296, 215]]","[[216, 125, 296, 212]]"
b2045fbc_16.jpg,[0.8992],"[[229, 132, 353, 310]]","[[229, 131, 353, 308]]"
f044cf1d_119.jpg,[0.8627],"[[185, 84, 313, 265]]","[[181, 82, 315, 264]]"
b2045fbc_63.jpg,[0.8539],"[[123, 222, 257, 359]]","[[123, 221, 257, 359]]"
9d47d182_340.jpg,[0.8703],"[[167, 95, 304, 289]]","[[167, 94, 304, 289]]"
b2045fbc_1356.jpg,[0.6223],"[[189, 160, 296, 359]]","[[189, 158, 297, 358]]"
b2045fbc_1908.jpg,[0.9038],"[[346, 135, 424, 226]]","[[346, 135, 422, 226]]"
b2045fbc_1192.jpg,[0.8528],"[[214, 129, 337, 300]]","[[214, 128, 338, 299]]"
b2045fbc_1619.jpg,[0.8404],"[[178, 167, 336, 360]]","[[177, 167, 339, 358]]"
b2045fbc_425.jpg,[0.9102],"[[240, 94, 392, 315]]","[[240, 94, 392, 314]]"
9d47d182_280.jpg,[0.8871],"[[186, 98, 324, 294]]","[[186, 97, 322, 293]]"
b2045fbc_1639.jpg,[0.8273],"[[172, 165, 323, 359]]","[[171, 163, 333, 359]]"
b2045fbc_765.jpg,[],[],[]
b2045fbc_860.jpg,[0.7992],"[[171, 62, 338, 318]]","[[172, 59, 335, 316]]"
b2045fbc_384.jpg,[0.8466],"[[157, 133, 288, 313]]","[[157, 132, 287, 312]]"
b2045fbc_969.jpg,[0.9241],"[[180, 18, 334, 241]]","[[180, 17, 334, 238]]"
b2045fbc_1339.jpg,[],[],"[[199, 174, 341, 358]]"
b2045fbc_994.jpg,[0.8762],"[[94, 100, 261, 335]]","[[97, 98, 258, 340]]"
b2045fbc_1368.jpg,[0.9168],"[[248, 98, 376, 258]]","[[247, 98, 376, 256]]"
b2045fbc_1474.jpg,[0.9144],"[[248, 211, 359, 359]]","[[247, 209, 359, 360]]"
ed2e9e4c_22.jpg,[0.8988],"[[271, 97, 430, 294]]","[[272, 97, 430, 294]]"
b2045fbc_855.jpg,[0.7728],"[[171, 59, 339, 318]]","[[172, 55, 344, 317], [292, 114, 439, 309]]"
f044cf1d_47.jpg,[0.8657],"[[177, 88, 303, 270]]","[[172, 86, 303, 272]]"
b2045fbc_1580.jpg,[0.8519],"[[136, 139, 311, 359]]","[[136, 136, 311, 359]]"
b2045fbc_97.jpg,"[0.9045, 0.8951]","[[388, 125, 528, 282], [69, 161, 187, 322]]","[[69, 160, 187, 321], [388, 125, 528, 280]]"
b2045fbc_1865.jpg,"[0.9123, 0.6065]","[[297, 132, 381, 230], [0, 74, 40, 146]]","[[296, 132, 380, 228], [0, 73, 40, 145]]"
b2045fbc_951.jpg,[0.9056],"[[174, 9, 336, 233]]","[[172, 5, 336, 233]]"
b2045fbc_382.jpg,[0.602],"[[158, 146, 288, 317]]","[[158, 142, 290, 316]]"
b2045fbc_1297.jpg,[0.7308],"[[113, 157, 246, 335]]","[[112, 157, 247, 332]]"
b2045fbc_224.jpg,[0.9233],"[[233, 133, 366, 321]]","[[233, 132, 366, 321]]"
b2045fbc_551.jpg,[0.795],"[[302, 119, 413, 283]]","[[303, 118, 413, 282]]"
b2045fbc_194.jpg,"[0.9058, 0.8655]","[[374, 104, 508, 264], [0, 156, 131, 350]]","[[372, 106, 508, 261], [0, 156, 132, 349]]"
b2045fbc_198.jpg,[0.8984],"[[332, 95, 461, 255]]","[[331, 95, 461, 253]]"
b2045fbc_1698.jpg,[0.5641],"[[180, 294, 259, 359]]","[[178, 292, 258, 359]]"
b2045fbc_1377.jpg,[0.5301],"[[125, 162, 290, 358]]","[[125, 162, 291, 354]]"
b2045fbc_1012.jpg,[0.9017],"[[238, 126, 384, 329]]","[[237, 125, 383, 328]]"
b2045fbc_1719.jpg,[],[],[]
b2045fbc_1799.jpg,[0.6957],"[[216, 109, 379, 285]]",[]
b2045fbc_392.jpg,[0.8453],"[[151, 129, 268, 313]]","[[149, 126, 267, 313]]"
b2045fbc_1477.jpg,[0.752],"[[351, 262, 428, 359]]","[[345, 258, 430, 360]]"
9aa3bbb8_12.jpg,[0.9264],"[[266, 144, 444, 359]]","[[266, 144, 445, 358]]"
9d47d182_341.jpg,[0.8398],"[[174, 91, 312, 283]]","[[172, 91, 311, 280]]"
9d47d182_373.jpg,[0.8663],"[[222, 100, 354, 289]]","[[222, 98, 354, 289]]"
b2045fbc_1651.jpg,[0.8877],"[[242, 229, 356, 359]]","[[235, 226, 357, 360]]"
f044cf1d_1.jpg,[0.8375],"[[258, 69, 410, 265]]","[[258, 68, 401, 264]]"
b2045fbc_1804.jpg,[0.9093],"[[215, 92, 369, 269]]","[[215, 91, 368, 268]]"
b2045fbc_681.jpg,[],[],[]
b2045fbc_977.jpg,[0.8926],"[[200, 89, 349, 311]]","[[199, 88, 349, 311]]"
b2045fbc_1515.jpg,[0.8971],"[[183, 173, 313, 359]]","[[182, 172, 313, 358]]"
b2045fbc_1795.jpg,[0.9255],"[[243, 177, 425, 359]]","[[242, 177, 424, 360]]"
b2045fbc_501.jpg,[0.9131],"[[248, 115, 383, 299]]","[[246, 112, 382, 296]]"
b2045fbc_1554.jpg,[0.8512],"[[133, 165, 304, 359]]","[[133, 165, 297, 360]]"
b2045fbc_252.jpg,[0.8886],"[[227, 91, 369, 304]]","[[227, 89, 368, 302]]"
b2045fbc_889.jpg,[0.8222],"[[200, 131, 372, 348]]","[[200, 128, 372, 345]]"
b2045fbc_1182.jpg,[0.8781],"[[221, 123, 342, 296]]","[[222, 122, 342, 294]]"
b2045fbc_630.jpg,[],[],[]
b2045fbc_1083.jpg,[0.9222],"[[167, 117, 302, 300]]","[[167, 117, 303, 299]]"
b2045fbc_76.jpg,[0.8276],"[[58, 196, 186, 359]]","[[59, 198, 187, 358]]"
b2045fbc_672.jpg,[],[],[]
9d47d182_58.jpg,[0.8471],"[[204, 100, 342, 291]]","[[204, 99, 340, 291]]"
b2045fbc_464.jpg,[0.9052],"[[289, 121, 403, 293]]","[[288, 120, 403, 291]]"
b2045fbc_1351.jpg,[0.6617],"[[176, 162, 279, 359]]","[[175, 163, 280, 359]]"
b2045fbc_344.jpg,[0.8798],"[[209, 99, 322, 281]]","[[208, 97, 323, 280]]"
b2045fbc_1831.jpg,[],[],"[[303, 170, 375, 244]]"
9d47d182_392.jpg,[0.8135],"[[212, 98, 358, 289]]","[[212, 97, 355, 289]]"
b2045fbc_1599.jpg,[0.6865],"[[155, 154, 311, 359]]","[[154, 150, 322, 358]]"
b2045fbc_511.jpg,[0.8927],"[[270, 114, 396, 283]]","[[269, 113, 395, 281]]"
b2045fbc_967.jpg,[0.9234],"[[177, 11, 335, 236]]","[[178, 19, 334, 232]]"
b2045fbc_1523.jpg,[0.7475],"[[237, 101, 376, 247]]","[[236, 100, 376, 245]]"
b2045fbc_303.jpg,[0.8973],"[[166, 94, 324, 316]]","[[165, 95, 330, 314]]"
f044cf1d_60.jpg,[],[],[]
b2045fbc_1760.jpg,[0.9173],"[[272, 129, 427, 314]]","[[273, 129, 427, 315]]"
ed2e9e4c_81.jpg,[0.8782],"[[373, 102, 522, 314]]","[[373, 102, 522, 313]]"
9d47d182_7.jpg,[0.8584],"[[217, 101, 353, 291]]","[[218, 99, 353, 291]]"
b2045fbc_1609.jpg,[0.8643],"[[147, 147, 314, 360]]","[[148, 145, 315, 358]]"
b2045fbc_655.jpg,[],[],[]
b2045fbc_309.jpg,[0.9216],"[[273, 107, 418, 313]]","[[272, 105, 416, 312]]"
b2045fbc_847.jpg,[0.9218],"[[190, 144, 334, 341]]","[[189, 142, 335, 339]]"
b2045fbc_1108.jpg,[0.847],"[[49, 72, 227, 307]]","[[49, 71, 227, 309]]"
b2045fbc_1096.jpg,[],[],[]
f044cf1d_157.jpg,[0.8395],"[[263, 72, 409, 269]]","[[264, 72, 407, 268]]"
b2045fbc_301.jpg,[0.7902],"[[168, 95, 320, 268]]","[[168, 95, 320, 268]]"
b2045fbc_240.jpg,[0.9218],"[[259, 108, 408, 326]]","[[259, 106, 408, 325]]"
b2045fbc_452.jpg,[0.9149],"[[286, 120, 401, 293]]","[[284, 118, 400, 292]]"
b2045fbc_316.jpg,[0.9093],"[[175, 99, 321, 303]]","[[175, 100, 321, 304]]"
9d47d182_119.jpg,[0.8348],"[[196, 99, 347, 290]]","[[194, 97, 330, 288]]"
b2045fbc_786.jpg,[0.9241],"[[207, 113, 336, 296]]","[[205, 112, 335, 296]]"
b2045fbc_1142.jpg,[0.3348],"[[0, 182, 137, 360]]",[]
b2045fbc_139.jpg,"[0.9222, 0.8954]","[[39, 138, 165, 308], [334, 99, 469, 255]]","[[38, 137, 165, 307], [334, 97, 470, 253]]"
9aa3bbb8_18.jpg,[0.9244],"[[279, 123, 454, 357]]","[[277, 122, 451, 356]]"
b2045fbc_1655.jpg,[],[],[]
b2045fbc_212.jpg,[0.9195],"[[283, 98, 417, 257]]","[[283, 99, 417, 254]]"
b2045fbc_947.jpg,[0.9136],"[[173, 9, 334, 232]]","[[170, 11, 338, 228]]"
b2045fbc_1304.jpg,[0.5303],"[[204, 157, 299, 356]]","[[203, 156, 303, 357]]"
b2045fbc_1794.jpg,[0.9078],"[[212, 99, 384, 300]]","[[211, 99, 385, 300]]"
b2045fbc_166.jpg,[0.9173],"[[299, 90, 440, 256]]","[[300, 90, 440, 253]]"
b2045fbc_1363.jpg,[0.6988],"[[137, 151, 305, 359]]","[[140, 149, 307, 359]]"
b2045fbc_325.jpg,[0.9188],"[[239, 138, 370, 323]]","[[239, 138, 369, 323]]"
b2045fbc_1160.jpg,[0.9087],"[[236, 120, 360, 297]]","[[235, 119, 360, 297]]"
b2045fbc_1229.jpg,[],[],[]
b2045fbc_1881.jpg,"[0.9092, 0.8671]","[[349, 112, 444, 220], [0, 69, 50, 145]]","[[349, 113, 443, 218], [0, 68, 49, 143]]"
b2045fbc_1584.jpg,[0.873],"[[156, 145, 316, 359]]","[[153, 145, 317, 358]]"
9d47d182_286.jpg,[0.884],"[[189, 97, 324, 292]]","[[188, 97, 324, 292]]"
b2045fbc_2032.jpg,[],[],[]
9d47d182_353.jpg,[0.753],"[[168, 96, 314, 294]]","[[165, 98, 305, 293]]"
b2045fbc_1612.jpg,"[0.9259, 0.8526]","[[155, 123, 261, 278], [424, 82, 555, 226]]","[[153, 122, 259, 276], [423, 82, 553, 224]]"
b2045fbc_1465.jpg,[0.7886],"[[308, 197, 431, 359]]","[[306, 196, 430, 358]]"
9aa3bbb8_97.jpg,[0.2885],"[[245, 207, 426, 359]]","[[245, 205, 423, 358]]"
b2045fbc_1930.jpg,[0.9186],"[[296, 122, 384, 228]]","[[296, 121, 384, 226]]"
b2045fbc_616.jpg,[],[],[]
b2045fbc_4.jpg,[0.885],"[[225, 130, 350, 307]]","[[225, 129, 351, 306]]"
b2045fbc_787.jpg,[0.9262],"[[206, 114, 334, 297]]","[[206, 113, 333, 295]]"
b2045fbc_668.jpg,[],[],[]
f044cf1d_67.jpg,[0.8307],"[[177, 83, 319, 276]]","[[175, 81, 312, 273]]"
b2045fbc_1987.jpg,[0.9141],"[[277, 125, 363, 210]]","[[277, 124, 363, 210]]"
b2045fbc_724.jpg,[0.9251],"[[222, 91, 380, 321]]","[[222, 89, 380, 319]]"
b2045fbc_1516.jpg,[0.9024],"[[182, 175, 314, 359]]","[[182, 176, 314, 359]]"
b2045fbc_1378.jpg,[0.3321],"[[132, 181, 309, 360]]","[[132, 181, 307, 360]]"
9d47d182_343.jpg,[0.7864],"[[169, 95, 320, 293]]","[[166, 98, 305, 291]]"
9d47d182_221.jpg,[0.8723],"[[177, 98, 318, 293]]","[[177, 98, 314, 293]]"
9aa3bbb8_76.jpg,[],[],[]
f044cf1d_16.jpg,[0.846],"[[163, 90, 297, 271]]","[[162, 91, 294, 272]]"
b2045fbc_1945.jpg,[0.8537],"[[0, 111, 136, 305]]","[[0, 109, 138, 304]]"
b2045fbc_809.jpg,[0.8982],"[[164, 135, 300, 322]]","[[164, 134, 300, 320]]"
b2045fbc_1895.jpg,[0.913],"[[301, 132, 377, 226]]","[[300, 131, 376, 224]]"
b2045fbc_763.jpg,[],[],[]
b2045fbc_1151.jpg,[0.8671],"[[132, 131, 272, 334]]","[[133, 130, 273, 333]]"
b2045fbc_2070.jpg,[],[],[]
b2045fbc_113.jpg,[0.9185],"[[237, 132, 370, 321]]","[[235, 131, 369, 321]]"
b2045fbc_1261.jpg,[],[],"[[0, 204, 144, 358]]"
b2045fbc_2031.jpg,[0.8305],"[[188, 115, 290, 229]]","[[186, 114, 290, 228]]"
9d47d182_328.jpg,[0.8343],"[[173, 93, 310, 289]]","[[173, 92, 310, 289]]"
b2045fbc_1002.jpg,[0.9158],"[[291, 102, 451, 330]]","[[291, 99, 449, 328]]"
b2045fbc_1948.jpg,[0.9181],"[[282, 104, 376, 215]]","[[280, 104, 379, 215]]"
b2045fbc_2074.jpg,[],[],[]
b2045fbc_1819.jpg,[0.9115],"[[299, 149, 454, 339]]","[[299, 150, 452, 336]]"
b2045fbc_1482.jpg,[0.8679],"[[299, 256, 388, 359]]","[[299, 255, 388, 359]]"
b2045fbc_1573.jpg,[0.857],"[[137, 139, 311, 358]]","[[135, 138, 309, 357]]"
b2045fbc_815.jpg,[0.9067],"[[199, 129, 334, 325]]","[[199, 130, 333, 323]]"
b2045fbc_67.jpg,[],[],"[[119, 243, 255, 358]]"
b2045fbc_1725.jpg,[0.2844],"[[154, 163, 241, 267]]","[[153, 161, 243, 262]]"
b2045fbc_782.jpg,[0.9234],"[[204, 113, 332, 295]]","[[203, 112, 333, 295]]"
b2045fbc_1272.jpg,[0.9014],"[[126, 138, 266, 337]]","[[125, 137, 267, 335]]"
f044cf1d_255.jpg,[0.8299],"[[254, 73, 410, 272]]","[[255, 73, 405, 272]]"
b2045fbc_583.jpg,[0.9101],"[[116, 64, 290, 301]]","[[114, 64, 290, 300]]"
b2045fbc_900.jpg,[0.9104],"[[187, 125, 344, 337]]","[[185, 123, 343, 336]]"
b2045fbc_1157.jpg,[0.9253],"[[232, 103, 379, 315]]","[[231, 100, 377, 314]]"
b2045fbc_1611.jpg,[0.8903],"[[149, 140, 312, 360]]","[[148, 140, 312, 359]]"
b2045fbc_1275.jpg,[0.9036],"[[124, 138, 265, 337]]","[[123, 137, 267, 335]]"
b2045fbc_1220.jpg,[],[],[]
b2045fbc_1821.jpg,[0.9153],"[[283, 221, 382, 335]]","[[282, 220, 381, 333]]"
b2045fbc_389.jpg,[0.8461],"[[150, 135, 281, 313]]","[[150, 133, 285, 310]]"
b2045fbc_903.jpg,[0.9105],"[[173, 127, 333, 343]]","[[173, 127, 333, 342]]"
b2045fbc_523.jpg,[0.8409],"[[279, 127, 401, 295]]","[[277, 126, 399, 291]]"
b2045fbc_868.jpg,[0.9246],"[[245, 115, 375, 306]]","[[245, 113, 375, 305]]"
b2045fbc_367.jpg,[0.8926],"[[174, 113, 320, 318]]","[[174, 112, 321, 316]]"
b2045fbc_1503.jpg,[0.911],"[[188, 170, 322, 359]]","[[187, 171, 321, 358]]"
9aa3bbb8_96.jpg,[],[],[]
b2045fbc_397.jpg,[0.8861],"[[165, 115, 272, 299]]","[[164, 113, 272, 298]]"
9d47d182_128.jpg,[0.8098],"[[196, 98, 345, 289]]","[[196, 97, 336, 288]]"
9d47d182_263.jpg,[0.8639],"[[172, 97, 328, 295]]","[[171, 96, 325, 294]]"
b2045fbc_1403.jpg,[0.7184],"[[133, 152, 266, 332]]","[[132, 150, 264, 338]]"
b2045fbc_1423.jpg,[0.9161],"[[279, 95, 408, 256]]","[[279, 95, 409, 252]]"
b2045fbc_1884.jpg,[0.9156],"[[296, 137, 369, 222]]","[[295, 135, 369, 221]]"
b2045fbc_1338.jpg,[],[],"[[183, 144, 293, 358]]"
b2045fbc_727.jpg,[],[],[]
b2045fbc_531.jpg,[0.8133],"[[269, 119, 392, 289]]","[[269, 118, 391, 289]]"
b2045fbc_1785.jpg,[0.9169],"[[251, 83, 432, 304]]","[[251, 81, 432, 302]]"
b2045fbc_935.jpg,[0.7904],"[[296, 110, 454, 331]]","[[294, 108, 454, 330]]"
b2045fbc_1537.jpg,[0.8108],"[[161, 163, 320, 360]]","[[161, 163, 322, 358]]"
9aa3bbb8_26.jpg,[0.9094],"[[288, 91, 439, 296]]","[[288, 92, 439, 297]]"
b2045fbc_69.jpg,[0.9264],"[[252, 111, 405, 336]]","[[251, 110, 405, 335]]"
b2045fbc_280.jpg,[0.9201],"[[236, 136, 367, 321]]","[[236, 136, 367, 320]]"
b2045fbc_10.jpg,[0.9012],"[[224, 131, 349, 306]]","[[223, 129, 349, 305]]"
b2045fbc_1480.jpg,[0.8722],"[[308, 251, 402, 359]]","[[306, 249, 402, 358]]"
b2045fbc_1247.jpg,[],[],[]
9d47d182_222.jpg,[0.8418],"[[177, 99, 317, 293]]","[[177, 99, 314, 293]]"
b2045fbc_408.jpg,[0.8898],"[[170, 112, 285, 295]]","[[170, 108, 285, 295]]"
b2045fbc_1724.jpg,[0.8449],"[[158, 164, 244, 264]]","[[159, 162, 245, 264]]"
b2045fbc_1466.jpg,[],[],"[[344, 229, 412, 359]]"
ed2e9e4c_50.jpg,[0.8833],"[[322, 109, 471, 321]]","[[321, 108, 471, 321]]"
9d47d182_419.jpg,[0.829],"[[212, 100, 352, 292]]","[[215, 99, 351, 291]]"
f044cf1d_150.jpg,[0.8811],"[[206, 78, 332, 252]]","[[204, 78, 335, 255]]"
b2045fbc_589.jpg,[0.9093],"[[185, 90, 325, 290]]","[[185, 90, 327, 288]]"
b2045fbc_545.jpg,[0.7473],"[[303, 119, 414, 284]]","[[305, 117, 414, 282]]"
f044cf1d_89.jpg,[0.8602],"[[240, 81, 393, 262]]","[[239, 79, 393, 261]]"
b2045fbc_469.jpg,[0.9218],"[[298, 98, 451, 323]]","[[297, 96, 451, 322]]"
b2045fbc_1970.jpg,[0.9174],"[[277, 109, 378, 228]]","[[277, 109, 377, 227]]"
b2045fbc_1768.jpg,[0.923],"[[267, 161, 400, 348]]","[[266, 160, 401, 347]]"
b2045fbc_1252.jpg,[],[],[]
f044cf1d_281.jpg,[0.896],"[[188, 88, 311, 265]]","[[182, 87, 312, 267]]"
b2045fbc_830.jpg,[0.9114],"[[184, 129, 322, 320]]","[[184, 128, 320, 320]]"
b2045fbc_928.jpg,[0.9179],"[[219, 139, 367, 344]]","[[219, 138, 367, 343]]"
b2045fbc_36.jpg,[0.923],"[[256, 111, 408, 334]]","[[256, 109, 407, 334]]"
b2045fbc_488.jpg,[0.9098],"[[292, 123, 405, 292]]","[[290, 122, 405, 290]]"
b2045fbc_404.jpg,[0.8927],"[[169, 114, 282, 295]]","[[168, 111, 284, 294]]"
b2045fbc_1203.jpg,[],[],[]
b2045fbc_1869.jpg,"[0.9166, 0.8958]","[[316, 132, 406, 234], [148, 56, 205, 135]]","[[146, 55, 205, 136], [315, 127, 408, 233]]"
b2045fbc_1812.jpg,[0.9062],"[[230, 144, 360, 333]]","[[230, 142, 361, 333]]"
b2045fbc_1311.jpg,[],[],"[[151, 158, 241, 359]]"
b2045fbc_1932.jpg,[0.9148],"[[343, 127, 436, 227]]","[[344, 127, 436, 226]]"
b2045fbc_627.jpg,[],[],[]
b2045fbc_554.jpg,[0.8365],"[[285, 116, 395, 281]]","[[284, 115, 395, 280]]"
b2045fbc_327.jpg,[0.8572],"[[93, 92, 280, 353]]","[[90, 90, 277, 355]]"
b2045fbc_329.jpg,[0.9103],"[[244, 124, 391, 324]]","[[244, 122, 391, 322]]"
ed2e9e4c_25.jpg,[0.8091],"[[271, 96, 431, 301]]","[[271, 95, 431, 299]]"
b2045fbc_1485.jpg,[],[],"[[185, 264, 309, 360]]"
f044cf1d_144.jpg,[0.8995],"[[206, 78, 333, 251]]","[[204, 78, 336, 255]]"
b2045fbc_1056.jpg,[0.8286],"[[30, 38, 215, 273]]","[[31, 38, 215, 272]]"
b2045fbc_1267.jpg,[0.9166],"[[134, 138, 275, 336]]","[[134, 137, 274, 334]]"
b2045fbc_1109.jpg,[0.8201],"[[19, 84, 204, 321]]","[[19, 83, 201, 320]]"
9d47d182_92.jpg,[0.783],"[[202, 98, 339, 287]]","[[202, 101, 338, 280]]"
b2045fbc_1095.jpg,[],[],[]
b2045fbc_940.jpg,[0.9031],"[[156, 6, 325, 232]]","[[155, 5, 324, 232]]"
9d47d182_66.jpg,[0.7913],"[[198, 99, 352, 293]]","[[198, 98, 349, 292]]"
b2045fbc_359.jpg,[0.8987],"[[176, 122, 317, 312]]","[[176, 122, 316, 311]]"
9d47d182_321.jpg,[0.8077],"[[178, 93, 327, 291]]","[[177, 93, 318, 290]]"
b2045fbc_380.jpg,[0.9234],"[[230, 106, 374, 315]]","[[230, 104, 374, 313]]"
b2045fbc_138.jpg,"[0.9257, 0.8851]","[[43, 138, 169, 308], [332, 99, 467, 257]]","[[43, 138, 169, 307], [332, 99, 468, 256]]"
b2045fbc_1217.jpg,[],[],[]
b2045fbc_1207.jpg,[],[],[]
b2045fbc_229.jpg,[0.9223],"[[262, 110, 412, 326]]","[[262, 107, 412, 325]]"
b2045fbc_1979.jpg,[0.6357],"[[0, 170, 102, 359]]","[[0, 167, 101, 358]]"
9d47d182_151.jpg,[0.842],"[[195, 97, 346, 289]]","[[195, 96, 331, 285]]"
b2045fbc_146.jpg,[0.8684],"[[335, 97, 468, 253]]","[[335, 97, 469, 252]]"
9d47d182_36.jpg,[0.8646],"[[204, 95, 354, 289]]","[[204, 94, 355, 287]]"
b2045fbc_1024.jpg,[0.8748],"[[297, 103, 452, 325]]","[[298, 100, 453, 326]]"
b2045fbc_1269.jpg,[0.9109],"[[133, 137, 272, 337]]","[[132, 136, 272, 335]]"
f044cf1d_245.jpg,[0.9016],"[[217, 77, 347, 260]]","[[217, 78, 347, 259]]"
f044cf1d_274.jpg,[0.8542],"[[271, 78, 417, 281]]","[[272, 79, 416, 280]]"
ed2e9e4c_32.jpg,[],[],[]
9aa3bbb8_74.jpg,[0.9034],"[[319, 136, 457, 339]]","[[318, 135, 458, 338]]"
9d47d182_33.jpg,[0.8669],"[[208, 97, 340, 282]]","[[208, 95, 339, 282]]"
b2045fbc_1791.jpg,[0.9085],"[[227, 27, 407, 241]]","[[227, 26, 408, 239]]"
b2045fbc_1045.jpg,[0.8886],"[[186, 1, 355, 213]]","[[185, 1, 354, 212]]"
b2045fbc_64.jpg,[0.7266],"[[122, 233, 258, 359]]","[[122, 232, 258, 358]]"
b2045fbc_1063.jpg,[0.8976],"[[207, 2, 370, 219]]","[[206, 4, 370, 217]]"
b2045fbc_337.jpg,[0.8943],"[[214, 95, 330, 281]]","[[214, 94, 332, 278]]"
f044cf1d_53.jpg,[0.8502],"[[178, 89, 306, 273]]","[[176, 88, 307, 274]]"
b2045fbc_1316.jpg,[],[],"[[165, 149, 265, 359]]"
b2045fbc_338.jpg,[0.8903],"[[215, 95, 330, 280]]","[[215, 94, 332, 277]]"
b2045fbc_1535.jpg,[0.7987],"[[239, 101, 376, 241]]","[[239, 99, 376, 238]]"
b2045fbc_1661.jpg,[0.9007],"[[226, 214, 334, 352]]","[[225, 212, 335, 351]]"
b2045fbc_2053.jpg,[0.8263],"[[72, 21, 279, 286]]","[[70, 19, 277, 287]]"
b2045fbc_1119.jpg,[],[],[]
9aa3bbb8_64.jpg,[0.9059],"[[332, 152, 479, 360]]","[[332, 151, 480, 358]]"
b2045fbc_1827.jpg,[0.9228],"[[272, 133, 372, 253]]","[[272, 133, 372, 251]]"
b2045fbc_1384.jpg,[],[],"[[134, 176, 310, 359]]"
b2045fbc_1569.jpg,[0.8659],"[[141, 138, 315, 360]]","[[141, 136, 318, 359]]"
b2045fbc_923.jpg,[0.9186],"[[226, 135, 374, 341]]","[[225, 132, 374, 340]]"
b2045fbc_328.jpg,[0.8891],"[[243, 138, 395, 334]]","[[244, 138, 395, 334]]"
b2045fbc_1638.jpg,[0.8279],"[[172, 164, 323, 359]]","[[172, 163, 332, 359]]"
ed2e9e4c_76.jpg,[0.8775],"[[293, 102, 458, 322]]","[[293, 102, 458, 323]]"
b2045fbc_800.jpg,[0.902],"[[182, 132, 317, 322]]","[[183, 132, 316, 321]]"
b2045fbc_1432.jpg,[],[],[]
b2045fbc_1912.jpg,[0.9044],"[[219, 146, 349, 335]]","[[219, 145, 349, 335]]"
9d47d182_141.jpg,[0.8304],"[[198, 97, 349, 288]]","[[196, 98, 332, 281]]"
b2045fbc_1442.jpg,[],[],[]
ed2e9e4c_6.jpg,[0.8958],"[[278, 128, 423, 345]]","[[279, 127, 421, 345]]"
b2045fbc_1040.jpg,[0.8981],"[[177, 1, 352, 215]]","[[179, 0, 353, 211]]"
b2045fbc_2072.jpg,[],[],[]
b2045fbc_597.jpg,[],[],[]
9d47d182_49.jpg,[0.8457],"[[204, 98, 341, 289]]","[[198, 99, 338, 285]]"
b2045fbc_926.jpg,[0.9212],"[[222, 138, 370, 343]]","[[222, 137, 369, 343]]"
b2045fbc_111.jpg,"[0.9069, 0.8984]","[[13, 174, 147, 343], [398, 102, 537, 264]]","[[398, 102, 537, 261], [12, 173, 147, 343]]"
b2045fbc_1016.jpg,[0.882],"[[200, 126, 353, 336]]","[[199, 124, 353, 336]]"
b2045fbc_1.jpg,[0.9279],"[[230, 114, 368, 308]]","[[231, 113, 368, 307]]"
b2045fbc_9.jpg,[0.8864],"[[224, 130, 347, 306]]","[[224, 129, 348, 306]]"
b2045fbc_1122.jpg,[],[],[]
b2045fbc_1553.jpg,[0.8654],"[[134, 165, 302, 359]]","[[135, 166, 301, 359]]"
b2045fbc_558.jpg,[0.9239],"[[239, 95, 390, 318]]","[[239, 93, 389, 316]]"
b2045fbc_33.jpg,[0.9013],"[[180, 110, 322, 315]]","[[180, 109, 323, 313]]"
b2045fbc_1839.jpg,[0.8431],"[[300, 166, 374, 245]]","[[300, 165, 374, 243]]"
b2045fbc_498.jpg,[0.9165],"[[259, 119, 386, 293]]","[[259, 117, 385, 292]]"
9d47d182_103.jpg,[0.8566],"[[202, 98, 337, 287]]","[[203, 96, 336, 286]]"
b2045fbc_158.jpg,[0.9194],"[[262, 108, 413, 326]]","[[262, 107, 412, 325]]"
9aa3bbb8_53.jpg,[0.9066],"[[294, 105, 445, 313]]","[[294, 104, 445, 313]]"
b2045fbc_1026.jpg,[0.9198],"[[202, 10, 360, 230]]","[[202, 10, 358, 227]]"
b2045fbc_215.jpg,[0.9208],"[[282, 98, 416, 257]]","[[281, 99, 415, 254]]"
f044cf1d_120.jpg,[0.8759],"[[186, 84, 313, 264]]","[[181, 83, 315, 263]]"
b2045fbc_1648.jpg,[0.7778],"[[186, 225, 308, 360]]","[[185, 223, 307, 358]]"
ed2e9e4c_46.jpg,[0.8892],"[[328, 109, 477, 323]]","[[327, 108, 476, 322]]"
ed2e9e4c_7.jpg,[0.8767],"[[279, 126, 427, 347]]","[[280, 125, 434, 346]]"
f044cf1d_149.jpg,[0.8849],"[[206, 78, 332, 252]]","[[205, 80, 334, 253]]"
b2045fbc_1716.jpg,[0.8901],"[[155, 177, 246, 284]]","[[156, 176, 246, 284]]"
b2045fbc_1361.jpg,[0.8808],"[[145, 144, 307, 356]]","[[144, 143, 308, 355]]"
b2045fbc_297.jpg,[0.8557],"[[167, 98, 344, 265]]","[[168, 99, 342, 264]]"
b2045fbc_827.jpg,[0.8532],"[[135, 127, 272, 323]]","[[135, 126, 272, 320]]"
b2045fbc_1967.jpg,[0.5262],"[[0, 171, 83, 359]]","[[0, 168, 83, 358]]"
b2045fbc_1578.jpg,[0.851],"[[137, 139, 303, 359]]","[[135, 139, 297, 358]]"
b2045fbc_115.jpg,"[0.8882, 0.8841]","[[398, 104, 539, 267], [1, 182, 140, 358]]","[[398, 104, 538, 266], [2, 180, 141, 358]]"
b2045fbc_25.jpg,[0.9255],"[[253, 111, 406, 336]]","[[252, 109, 406, 335]]"
b2045fbc_1723.jpg,[0.9232],"[[128, 168, 245, 335]]","[[127, 167, 245, 333]]"
b2045fbc_333.jpg,[0.8606],"[[207, 87, 330, 281]]","[[205, 85, 331, 279]]"
b2045fbc_1891.jpg,"[0.8939, 0.7203]","[[297, 128, 368, 215], [0, 44, 46, 133]]","[[297, 127, 370, 209], [0, 45, 48, 139]]"
9d47d182_365.jpg,[0.8722],"[[207, 96, 360, 287]]","[[207, 95, 359, 287]]"
9d47d182_185.jpg,[0.8617],"[[194, 97, 345, 290]]","[[193, 97, 343, 289]]"
ed2e9e4c_59.jpg,[0.8441],"[[298, 98, 450, 308]]","[[298, 98, 446, 307]]"
b2045fbc_305.jpg,[0.8753],"[[154, 81, 321, 327]]","[[149, 80, 319, 319]]"
b2045fbc_460.jpg,[0.9186],"[[283, 118, 399, 292]]","[[283, 117, 399, 292]]"
b2045fbc_779.jpg,[0.9271],"[[213, 107, 344, 293]]","[[211, 107, 345, 293]]"
f044cf1d_258.jpg,[0.8286],"[[269, 68, 418, 267]]","[[269, 68, 414, 267]]"
b2045fbc_1427.jpg,[],[],[]
b2045fbc_1279.jpg,[0.8392],"[[290, 100, 411, 246]]","[[288, 101, 416, 243]]"
f044cf1d_118.jpg,[0.8658],"[[185, 84, 313, 265]]","[[182, 82, 314, 266]]"
9d47d182_214.jpg,[0.8631],"[[178, 98, 330, 292]]","[[178, 98, 329, 292]]"
f044cf1d_178.jpg,[0.8391],"[[196, 85, 329, 272]]","[[196, 84, 330, 275]]"
b2045fbc_1390.jpg,[0.9124],"[[249, 94, 381, 249]]","[[249, 95, 381, 245]]"
b2045fbc_590.jpg,[0.7148],"[[198, 79, 348, 274]]","[[197, 78, 350, 275]]"
ed2e9e4c_42.jpg,[0.8879],"[[341, 102, 492, 312]]","[[335, 100, 489, 304]]"
b2045fbc_410.jpg,[0.8891],"[[172, 111, 290, 297]]","[[172, 109, 290, 297]]"
b2045fbc_1277.jpg,[0.8967],"[[135, 138, 269, 336]]","[[134, 137, 270, 334]]"
b2045fbc_939.jpg,[0.9131],"[[154, 8, 319, 231]]","[[153, 4, 318, 225]]"
b2045fbc_341.jpg,[0.8905],"[[212, 97, 326, 281]]","[[212, 95, 328, 279]]"
b2045fbc_574.jpg,[0.7264],"[[0, 98, 158, 358]]","[[0, 106, 156, 358]]"
f044cf1d_127.jpg,[0.8565],"[[171, 83, 301, 264]]","[[170, 81, 302, 264]]"
b2045fbc_635.jpg,[0.9203],"[[306, 102, 462, 332]]","[[306, 102, 461, 332]]"
9aa3bbb8_82.jpg,[0.9017],"[[277, 147, 432, 347]]","[[277, 146, 433, 350]]"
b2045fbc_317.jpg,[0.9025],"[[172, 100, 318, 304]]","[[171, 99, 317, 302]]"
b2045fbc_195.jpg,"[0.9098, 0.8566]","[[374, 106, 508, 267], [0, 158, 141, 353]]","[[372, 108, 508, 264], [0, 157, 141, 352]]"
b2045fbc_718.jpg,[],[],[]
9d47d182_34.jpg,[0.8542],"[[202, 95, 353, 285]]","[[203, 93, 353, 284]]"
b2045fbc_1107.jpg,[0.8932],"[[64, 67, 251, 306]]","[[63, 66, 253, 306]]"
b2045fbc_228.jpg,[0.92],"[[262, 110, 413, 326]]","[[263, 109, 412, 326]]"
b2045fbc_1628.jpg,[0.8399],"[[159, 163, 323, 359]]","[[159, 163, 313, 358]]"
9d47d182_13.jpg,[0.8212],"[[225, 100, 357, 288]]","[[225, 98, 357, 289]]"
b2045fbc_386.jpg,[0.8385],"[[151, 136, 278, 310]]","[[151, 134, 281, 309]]"
f044cf1d_163.jpg,[0.8343],"[[168, 86, 297, 272]]","[[164, 86, 298, 271]]"
b2045fbc_1491.jpg,[0.9058],"[[204, 161, 336, 351]]","[[201, 157, 335, 350]]"
9d47d182_294.jpg,[0.825],"[[181, 93, 332, 292]]","[[181, 92, 330, 291]]"
b2045fbc_1266.jpg,[0.9181],"[[134, 137, 274, 336]]","[[134, 136, 274, 335]]"
ed2e9e4c_49.jpg,[0.8859],"[[322, 109, 470, 324]]","[[321, 109, 470, 323]]"
b2045fbc_285.jpg,[0.7994],"[[228, 94, 385, 312]]","[[228, 91, 394, 311]]"
b2045fbc_694.jpg,[0.843],"[[102, 96, 276, 340]]","[[101, 95, 275, 339]]"
b2045fbc_1870.jpg,"[0.9149, 0.893]","[[313, 132, 402, 234], [149, 53, 206, 135]]","[[146, 51, 206, 133], [311, 129, 404, 230]]"
9aa3bbb8_13.jpg,[0.9292],"[[260, 153, 443, 359]]","[[261, 151, 443, 358]]"
b2045fbc_972.jpg,[0.9144],"[[180, 34, 329, 247]]","[[180, 33, 330, 246]]"
9d47d182_76.jpg,[0.8471],"[[201, 100, 355, 292]]","[[201, 99, 351, 291]]"
b2045fbc_1665.jpg,[0.9001],"[[368, 84, 521, 307]]","[[367, 84, 521, 306]]"
b2045fbc_1614.jpg,[0.8653],"[[146, 143, 314, 360]]","[[147, 141, 313, 357]]"
b2045fbc_857.jpg,[0.8801],"[[281, 107, 436, 332]]","[[280, 104, 436, 331]]"
9d47d182_299.jpg,[0.8151],"[[178, 93, 329, 292]]","[[178, 93, 325, 291]]"
b2045fbc_1069.jpg,[0.8732],"[[173, 4, 333, 220]]","[[172, 3, 335, 221]]"
b2045fbc_770.jpg,[0.7059],"[[385, 186, 568, 359]]","[[387, 190, 573, 358]]"
9d47d182_117.jpg,[0.8393],"[[197, 98, 348, 290]]","[[197, 97, 346, 289]]"
b2045fbc_648.jpg,[],[],[]
9d47d182_1.jpg,[0.8469],"[[219, 98, 353, 286]]","[[219, 96, 352, 285]]"
b2045fbc_1747.jpg,[0.5938],"[[167, 164, 255, 261]]","[[163, 161, 257, 262]]"
9d47d182_241.jpg,[0.8729],"[[181, 85, 322, 281]]","[[180, 84, 320, 280]]"
b2045fbc_801.jpg,[0.899],"[[182, 132, 315, 323]]","[[181, 132, 315, 321]]"
9d47d182_202.jpg,[0.8627],"[[193, 95, 330, 287]]","[[193, 94, 330, 288]]"
b2045fbc_1228.jpg,[],[],[]
9d47d182_385.jpg,[0.8398],"[[222, 100, 358, 289]]","[[222, 98, 358, 289]]"
b2045fbc_570.jpg,[0.7333],"[[0, 61, 148, 342]]","[[0, 66, 149, 341]]"
f044cf1d_76.jpg,[0.8835],"[[170, 83, 305, 248]]","[[170, 81, 306, 249]]"
9d47d182_148.jpg,[0.8593],"[[195, 97, 347, 289]]","[[195, 97, 332, 286]]"
b2045fbc_430.jpg,[0.9056],"[[249, 94, 380, 286]]","[[249, 93, 379, 284]]"
b2045fbc_1212.jpg,[],[],[]
b2045fbc_1889.jpg,"[0.9045, 0.855]","[[306, 128, 382, 215], [0, 42, 57, 132]]","[[0, 40, 60, 136], [304, 129, 380, 212]]"
9d47d182_96.jpg,[0.7589],"[[200, 97, 344, 289]]","[[200, 95, 336, 287]]"
b2045fbc_264.jpg,[0.8966],"[[196, 90, 356, 321]]","[[196, 88, 356, 320]]"
b2045fbc_1548.jpg,[0.6948],"[[112, 162, 273, 359]]","[[112, 162, 278, 356]]"
b2045fbc_849.jpg,[0.9221],"[[183, 146, 326, 342]]","[[183, 145, 327, 342]]"
b2045fbc_1011.jpg,[0.9167],"[[234, 127, 381, 331]]","[[234, 124, 381, 330]]"
b2045fbc_1100.jpg,[],[],[]
b2045fbc_1591.jpg,[0.723],"[[156, 150, 308, 359]]","[[156, 148, 320, 358]]"
b2045fbc_438.jpg,[0.9152],"[[262, 108, 390, 289]]","[[261, 108, 390, 289]]"
9d47d182_79.jpg,[0.8409],"[[223, 100, 355, 288]]","[[222, 98, 354, 288]]"
b2045fbc_725.jpg,[],[],[]
b2045fbc_1742.jpg,[0.7011],"[[156, 159, 240, 255]]","[[155, 156, 240, 254]]"
b2045fbc_1144.jpg,[0.6562],"[[186, 138, 327, 328]]","[[187, 135, 329, 327]]"
b2045fbc_884.jpg,[0.8269],"[[188, 144, 365, 359]]","[[188, 143, 362, 356]]"
b2045fbc_1043.jpg,[0.91],"[[180, 1, 349, 214]]","[[177, 0, 353, 214]]"
b2045fbc_503.jpg,[0.9136],"[[257, 111, 388, 295]]","[[259, 109, 388, 292]]"
9d47d182_157.jpg,[0.87],"[[217, 99, 352, 289]]","[[217, 97, 351, 289]]"
b2045fbc_204.jpg,[0.9241],"[[269, 91, 401, 252]]","[[267, 91, 401, 247]]"
b2045fbc_150.jpg,[0.9177],"[[233, 87, 372, 253]]","[[232, 90, 372, 253]]"
f044cf1d_73.jpg,[0.8045],"[[147, 86, 295, 258]]","[[141, 84, 295, 253]]"
b2045fbc_1231.jpg,[],[],[]
b2045fbc_913.jpg,[0.8563],"[[290, 108, 444, 317]]","[[289, 106, 443, 315]]"
b2045fbc_970.jpg,[0.9151],"[[192, 40, 333, 243]]","[[192, 39, 334, 242]]"
b2045fbc_1706.jpg,[0.8443],"[[164, 158, 252, 252]]","[[166, 154, 254, 254]]"
b2045fbc_168.jpg,[0.9321],"[[294, 79, 428, 239]]","[[294, 79, 429, 238]]"
9d47d182_397.jpg,[0.8071],"[[211, 99, 359, 290]]","[[212, 98, 354, 289]]"
b2045fbc_183.jpg,[0.9148],"[[287, 93, 421, 256]]","[[286, 93, 420, 253]]"
b2045fbc_130.jpg,"[0.9217, 0.9011]","[[46, 138, 172, 307], [336, 99, 470, 253]]","[[46, 138, 172, 306], [334, 97, 470, 250]]"
b2045fbc_534.jpg,[0.8235],"[[299, 116, 410, 284]]","[[299, 116, 409, 282]]"
b2045fbc_259.jpg,[0.889],"[[183, 105, 348, 339]]","[[183, 104, 349, 339]]"
f044cf1d_220.jpg,[0.8827],"[[213, 76, 346, 261]]","[[214, 76, 350, 260]]"
b2045fbc_234.jpg,[0.9223],"[[259, 110, 409, 327]]","[[259, 108, 409, 327]]"
9d47d182_209.jpg,[0.8311],"[[180, 98, 331, 291]]","[[180, 97, 327, 291]]"
b2045fbc_1270.jpg,[0.9106],"[[132, 138, 272, 336]]","[[132, 137, 272, 335]]"
b2045fbc_709.jpg,[0.7089],"[[528, 93, 640, 316]]","[[525, 91, 639, 318]]"
f044cf1d_61.jpg,[0.8812],"[[236, 90, 348, 267]]","[[234, 87, 349, 268]]"
b2045fbc_1027.jpg,[0.917],"[[205, 9, 363, 233]]","[[206, 8, 361, 229]]"
b2045fbc_363.jpg,[0.8836],"[[173, 114, 321, 317]]","[[172, 112, 322, 315]]"
b2045fbc_445.jpg,[0.9183],"[[283, 118, 399, 291]]","[[282, 118, 398, 290]]"
b2045fbc_1448.jpg,[],[],[]
b2045fbc_1294.jpg,[0.6702],"[[41, 158, 206, 360]]","[[41, 156, 206, 358]]"
9d47d182_204.jpg,[0.8268],"[[213, 98, 352, 290]]","[[213, 98, 349, 289]]"
b2045fbc_208.jpg,[0.9203],"[[276, 98, 409, 257]]","[[275, 99, 409, 254]]"
9d47d182_239.jpg,[0.9018],"[[185, 96, 320, 293]]","[[184, 96, 320, 291]]"
b2045fbc_633.jpg,[],[],[]
b2045fbc_1851.jpg,[0.906],"[[280, 136, 354, 226]]","[[279, 136, 353, 226]]"
b2045fbc_1663.jpg,[],[],[]
9d47d182_139.jpg,[0.8095],"[[198, 97, 348, 288]]","[[195, 98, 333, 284]]"
b2045fbc_908.jpg,[0.9129],"[[170, 139, 331, 357]]","[[171, 140, 331, 357]]"
b2045fbc_1620.jpg,[0.9331],"[[177, 169, 303, 347]]","[[177, 168, 303, 347]]"
f044cf1d_283.jpg,[0.878],"[[174, 87, 303, 264]]","[[169, 86, 303, 267]]"
b2045fbc_62.jpg,[0.8885],"[[118, 215, 252, 359]]","[[116, 213, 252, 358]]"
b2045fbc_771.jpg,[0.4487],"[[393, 172, 571, 360]]","[[391, 171, 569, 360]]"
b2045fbc_963.jpg,[0.9206],"[[175, 9, 336, 237]]","[[174, 14, 338, 235]]"
9aa3bbb8_71.jpg,[0.9033],"[[323, 125, 463, 325]]","[[323, 124, 464, 325]]"
b2045fbc_238.jpg,[0.9232],"[[259, 109, 409, 326]]","[[259, 106, 408, 325]]"
b2045fbc_383.jpg,[0.8535],"[[150, 139, 283, 314]]","[[150, 138, 284, 312]]"
9aa3bbb8_44.jpg,[0.921],"[[287, 103, 446, 321]]","[[286, 102, 446, 321]]"
f044cf1d_200.jpg,[0.8324],"[[194, 85, 328, 272]]","[[193, 86, 326, 272]]"
b2045fbc_286.jpg,[0.784],"[[231, 97, 385, 316]]","[[230, 95, 386, 314]]"
b2045fbc_1181.jpg,[0.8857],"[[223, 122, 343, 294]]","[[223, 122, 344, 294]]"
b2045fbc_1325.jpg,[],[],"[[172, 144, 283, 360]]"
b2045fbc_478.jpg,[0.9077],"[[290, 123, 404, 292]]","[[288, 122, 404, 290]]"
b2045fbc_564.jpg,[0.916],"[[296, 93, 454, 317]]","[[297, 91, 454, 317]]"
b2045fbc_691.jpg,[0.922],"[[295, 103, 449, 329]]","[[293, 100, 447, 327]]"
b2045fbc_1200.jpg,[0.8864],"[[221, 129, 347, 306]]","[[221, 127, 347, 304]]"
b2045fbc_997.jpg,[0.8631],"[[140, 119, 314, 343]]","[[140, 119, 316, 343]]"
b2045fbc_680.jpg,[0.9206],"[[307, 104, 460, 324]]","[[306, 103, 458, 324]]"
b2045fbc_314.jpg,[0.9169],"[[241, 138, 372, 321]]","[[241, 136, 371, 320]]"
b2045fbc_766.jpg,[0.815],"[[509, 120, 639, 332]]","[[509, 120, 639, 332]]"
b2045fbc_1421.jpg,[],[],[]
ed2e9e4c_82.jpg,[0.8881],"[[331, 107, 480, 313]]","[[328, 103, 480, 314]]"
b2045fbc_893.jpg,[0.9064],"[[171, 138, 335, 351]]","[[172, 138, 334, 351]]"
ed2e9e4c_55.jpg,[0.8664],"[[313, 102, 455, 318]]","[[312, 101, 456, 316]]"
b2045fbc_334.jpg,[0.8888],"[[196, 94, 310, 278]]","[[196, 94, 311, 278]]"
b2045fbc_687.jpg,[],[],[]
b2045fbc_1193.jpg,[0.8533],"[[215, 128, 338, 299]]","[[214, 128, 338, 298]]"
b2045fbc_778.jpg,[0.9052],"[[208, 118, 335, 305]]","[[208, 117, 335, 304]]"
b2045fbc_700.jpg,[0.9135],"[[290, 113, 426, 308]]","[[290, 111, 426, 307]]"
9aa3bbb8_37.jpg,[0.9157],"[[293, 103, 450, 320]]","[[293, 104, 450, 320]]"
b2045fbc_300.jpg,[0.7662],"[[166, 95, 337, 269]]","[[166, 95, 322, 267]]"
f044cf1d_270.jpg,[0.8531],"[[271, 80, 414, 281]]","[[271, 80, 412, 280]]"
b2045fbc_604.jpg,[0.8626],"[[198, 84, 335, 292]]","[[197, 83, 337, 291]]"
b2045fbc_2021.jpg,"[0.9105, 0.909]","[[298, 122, 394, 236], [87, 31, 173, 142]]","[[294, 117, 394, 239], [84, 29, 174, 140]]"
b2045fbc_177.jpg,[0.9188],"[[289, 91, 424, 255]]","[[288, 92, 424, 253]]"
b2045fbc_1727.jpg,[0.8934],"[[162, 164, 254, 260]]","[[161, 162, 255, 261]]"
b2045fbc_1335.jpg,[0.9117],"[[241, 94, 361, 240]]","[[240, 93, 360, 237]]"
b2045fbc_1662.jpg,[0.8293],"[[367, 250, 457, 354]]","[[366, 249, 457, 354]]"
b2045fbc_952.jpg,[0.9125],"[[175, 8, 338, 234]]","[[176, 3, 340, 230]]"
9d47d182_98.jpg,[0.7612],"[[198, 97, 344, 289]]","[[199, 97, 337, 288]]"
9aa3bbb8_22.jpg,[0.9251],"[[279, 131, 460, 360]]","[[278, 131, 458, 359]]"
b2045fbc_1783.jpg,[0.9113],"[[247, 82, 429, 301]]","[[246, 81, 430, 300]]"
f044cf1d_267.jpg,[0.8605],"[[270, 79, 416, 280]]","[[269, 78, 413, 279]]"
b2045fbc_86.jpg,"[0.9211, 0.9074]","[[76, 158, 189, 316], [364, 118, 505, 278]]","[[364, 118, 504, 277], [75, 157, 189, 314]]"
b2045fbc_1521.jpg,[0.8498],"[[174, 168, 317, 360]]","[[174, 167, 318, 358]]"
b2045fbc_1505.jpg,[0.9091],"[[187, 171, 313, 359]]","[[187, 172, 313, 358]]"
b2045fbc_1490.jpg,[0.9105],"[[247, 105, 370, 250]]","[[246, 105, 370, 248]]"
b2045fbc_1603.jpg,[0.5933],"[[153, 155, 325, 359]]","[[153, 149, 327, 359]]"
b2045fbc_1061.jpg,[0.8658],"[[109, 11, 272, 244]]","[[109, 8, 273, 243]]"
b2045fbc_1941.jpg,[0.9041],"[[329, 122, 415, 221]]","[[326, 117, 417, 220]]"
b2045fbc_374.jpg,[0.8256],"[[157, 136, 276, 318]]","[[158, 131, 278, 314]]"
b2045fbc_1590.jpg,"[0.9016, 0.892]","[[0, 157, 117, 331], [388, 104, 504, 240]]","[[0, 156, 116, 330], [388, 105, 504, 237]]"
b2045fbc_936.jpg,[0.8294],"[[163, 158, 328, 357]]","[[163, 157, 328, 358]]"
b2045fbc_677.jpg,[],[],[]
f044cf1d_46.jpg,[0.813],"[[257, 73, 409, 269]]","[[258, 71, 401, 267]]"
b2045fbc_954.jpg,[0.9096],"[[178, 9, 340, 234]]","[[178, 7, 338, 230]]"
9d47d182_201.jpg,[0.8462],"[[214, 98, 360, 289]]","[[213, 97, 359, 288]]"
f044cf1d_117.jpg,[0.8638],"[[185, 84, 313, 265]]","[[182, 83, 314, 264]]"
b2045fbc_1671.jpg,[0.8653],"[[85, 84, 237, 328]]","[[83, 83, 240, 327]]"
b2045fbc_1764.jpg,[0.9055],"[[222, 103, 414, 343]]","[[219, 99, 417, 342]]"
b2045fbc_1283.jpg,[0.9121],"[[126, 150, 272, 345]]","[[127, 148, 273, 343]]"
f044cf1d_253.jpg,[0.8918],"[[217, 76, 351, 260]]","[[217, 76, 351, 259]]"
ed2e9e4c_35.jpg,[0.9064],"[[276, 121, 443, 359]]","[[277, 120, 443, 358]]"
b2045fbc_878.jpg,[0.828],"[[193, 82, 342, 321]]","[[191, 79, 341, 320]]"
9d47d182_181.jpg,[0.8465],"[[194, 97, 344, 289]]","[[194, 97, 337, 288]]"
9d47d182_182.jpg,[0.8527],"[[194, 98, 344, 289]]","[[194, 97, 338, 288]]"
f044cf1d_44.jpg,[0.8873],"[[176, 87, 302, 269]]","[[172, 84, 304, 273]]"
f044cf1d_41.jpg,[0.8944],"[[203, 75, 330, 253]]","[[199, 71, 333, 253]]"
b2045fbc_1734.jpg,[0.9208],"[[97, 172, 215, 332]]","[[96, 171, 216, 330]]"
9d47d182_364.jpg,[0.8648],"[[217, 99, 351, 288]]","[[217, 97, 351, 288]]"
9d47d182_44.jpg,[0.8133],"[[202, 98, 353, 290]]","[[201, 95, 351, 288]]"
b2045fbc_1529.jpg,[0.8038],"[[153, 167, 301, 360]]","[[153, 167, 303, 359]]"
b2045fbc_133.jpg,"[0.9193, 0.8808]","[[44, 138, 169, 307], [335, 99, 470, 254]]","[[43, 138, 168, 306], [334, 99, 470, 253]]"
9d47d182_417.jpg,[0.8432],"[[216, 100, 352, 292]]","[[217, 99, 351, 292]]"
9d47d182_63.jpg,[0.8824],"[[203, 96, 337, 287]]","[[203, 95, 336, 287]]"
b2045fbc_1710.jpg,[0.8717],"[[161, 172, 253, 273]]","[[161, 172, 251, 273]]"
b2045fbc_1924.jpg,[0.9113],"[[325, 111, 419, 217]]","[[325, 111, 419, 216]]"
b2045fbc_891.jpg,[0.8843],"[[297, 106, 451, 327]]","[[296, 104, 450, 326]]"
b2045fbc_1550.jpg,[0.6774],"[[106, 161, 266, 360]]","[[105, 161, 267, 354]]"
b2045fbc_1842.jpg,[0.9224],"[[296, 113, 378, 213]]","[[296, 113, 378, 212]]"
b2045fbc_667.jpg,[],[],[]
9d47d182_255.jpg,[0.8466],"[[172, 96, 327, 295]]","[[172, 96, 316, 295]]"
b2045fbc_1051.jpg,[0.8771],"[[197, 1, 362, 213]]","[[195, 0, 361, 210]]"
b2045fbc_955.jpg,[0.9135],"[[178, 8, 340, 233]]","[[178, 7, 342, 230]]"
b2045fbc_395.jpg,[0.8959],"[[162, 116, 270, 299]]","[[161, 112, 271, 298]]"
b2045fbc_1410.jpg,[0.3026],"[[0, 227, 104, 360]]","[[0, 221, 100, 358]]"
b2045fbc_960.jpg,[0.92],"[[173, 10, 335, 234]]","[[172, 12, 335, 232]]"
9aa3bbb8_4.jpg,[],[],[]
b2045fbc_312.jpg,[0.9168],"[[207, 113, 348, 314]]","[[207, 113, 349, 314]]"
9d47d182_247.jpg,[0.8325],"[[173, 96, 323, 294]]","[[173, 96, 314, 294]]"
b2045fbc_201.jpg,[0.9233],"[[260, 92, 394, 256]]","[[259, 93, 393, 253]]"
b2045fbc_184.jpg,[0.9059],"[[286, 98, 418, 260]]","[[286, 98, 418, 256]]"
f044cf1d_217.jpg,[0.8451],"[[255, 75, 388, 260]]","[[255, 75, 400, 261]]"
f044cf1d_196.jpg,[0.828],"[[195, 85, 331, 272]]","[[194, 84, 328, 271]]"
9d47d182_60.jpg,[0.8887],"[[202, 98, 336, 289]]","[[201, 97, 335, 288]]"
b2045fbc_1672.jpg,[0.8846],"[[118, 115, 254, 342]]","[[117, 113, 257, 340]]"
b2045fbc_1565.jpg,[0.613],"[[128, 131, 253, 338]]","[[127, 131, 256, 338]]"
b2045fbc_580.jpg,[0.8014],"[[273, 115, 416, 318]]","[[272, 116, 416, 318]]"
f044cf1d_205.jpg,[0.8344],"[[195, 85, 328, 272]]","[[193, 81, 326, 273]]"
b2045fbc_807.jpg,[0.8986],"[[166, 135, 302, 325]]","[[166, 134, 302, 323]]"
9d47d182_140.jpg,[0.8401],"[[199, 97, 349, 288]]","[[198, 96, 334, 282]]"
b2045fbc_790.jpg,[0.8906],"[[188, 137, 320, 318]]","[[188, 136, 319, 313]]"
b2045fbc_941.jpg,[0.8928],"[[160, 8, 325, 233]]","[[158, 7, 326, 232]]"
b2045fbc_1036.jpg,[0.8379],"[[168, 3, 340, 218]]","[[167, 0, 339, 214]]"
9d47d182_248.jpg,[0.8402],"[[172, 96, 325, 293]]","[[172, 95, 314, 294]]"
b2045fbc_1280.jpg,[0.8967],"[[134, 146, 278, 342]]","[[134, 145, 278, 340]]"
b2045fbc_1545.jpg,[0.7518],"[[112, 162, 274, 359]]","[[112, 162, 275, 358]]"
b2045fbc_1089.jpg,[],[],[]
b2045fbc_1739.jpg,[0.2808],"[[159, 162, 247, 258]]","[[159, 161, 249, 257]]"
b2045fbc_1732.jpg,[0.2673],"[[162, 162, 247, 257]]","[[161, 161, 247, 257]]"
9d47d182_323.jpg,[0.8514],"[[223, 101, 356, 289]]","[[222, 100, 354, 289]]"
f044cf1d_146.jpg,[0.8299],"[[263, 72, 407, 270]]","[[262, 74, 406, 270]]"
b2045fbc_385.jpg,[0.8365],"[[152, 135, 277, 308]]","[[153, 131, 279, 305]]"
b2045fbc_85.jpg,"[0.9268, 0.6668]","[[81, 151, 194, 312], [341, 123, 449, 243]]","[[81, 150, 194, 311], [340, 122, 450, 241]]"
9d47d182_245.jpg,[0.8332],"[[172, 95, 328, 293]]","[[172, 95, 319, 293]]"
b2045fbc_494.jpg,[0.9084],"[[291, 123, 407, 292]]","[[290, 122, 406, 291]]"
b2045fbc_1481.jpg,[0.8736],"[[292, 254, 382, 359]]","[[291, 253, 381, 359]]"
b2045fbc_989.jpg,[0.824],"[[44, 119, 222, 360]]","[[45, 117, 218, 358]]"
b2045fbc_1434.jpg,[],[],[]
9d47d182_51.jpg,[0.8359],"[[204, 99, 345, 290]]","[[204, 99, 340, 290]]"
b2045fbc_2050.jpg,[],[],[]
b2045fbc_614.jpg,[0.9021],"[[84, 74, 252, 301]]","[[83, 72, 252, 300]]"
b2045fbc_119.jpg,"[0.9055, 0.7924]","[[25, 145, 146, 303], [337, 98, 466, 246]]","[[25, 143, 146, 302], [337, 97, 463, 244]]"
b2045fbc_1526.jpg,[0.7994],"[[150, 170, 299, 360]]","[[150, 171, 301, 358]]"
f044cf1d_114.jpg,[0.8668],"[[185, 84, 313, 264]]","[[182, 84, 314, 267]]"
b2045fbc_413.jpg,[0.9278],"[[219, 106, 389, 353]]","[[219, 104, 389, 352]]"
f044cf1d_122.jpg,[0.8816],"[[186, 83, 313, 263]]","[[182, 82, 314, 265]]"
b2045fbc_621.jpg,[],[],[]
9d47d182_123.jpg,[0.8366],"[[195, 98, 346, 290]]","[[195, 97, 331, 286]]"
b2045fbc_1156.jpg,[0.9189],"[[208, 121, 344, 314]]","[[208, 121, 344, 313]]"
b2045fbc_540.jpg,[0.727],"[[304, 119, 415, 284]]","[[305, 118, 415, 282]]"
b2045fbc_1736.jpg,[0.282],"[[161, 162, 249, 258]]","[[160, 161, 251, 257]]"
b2045fbc_1053.jpg,[0.8704],"[[200, 1, 365, 212]]","[[200, 1, 371, 210]]"
b2045fbc_216.jpg,[0.9173],"[[283, 98, 416, 259]]","[[283, 99, 416, 256]]"
b2045fbc_1329.jpg,[0.3138],"[[185, 148, 287, 354]]","[[174, 147, 290, 360]]"
b2045fbc_645.jpg,[],[],[]
b2045fbc_1673.jpg,[0.9059],"[[126, 13, 355, 320]]","[[126, 11, 356, 320]]"
b2045fbc_1295.jpg,[0.9202],"[[187, 129, 327, 329]]","[[186, 128, 326, 329]]"
b2045fbc_1718.jpg,[0.6809],"[[151, 165, 240, 261]]","[[151, 165, 241, 259]]"
b2045fbc_775.jpg,[0.8814],"[[201, 117, 324, 290]]","[[200, 115, 324, 288]]"
b2045fbc_78.jpg,[0.4389],"[[49, 204, 181, 359]]","[[48, 203, 183, 359]]"
b2045fbc_659.jpg,[],[],[]
b2045fbc_624.jpg,[0.9169],"[[304, 101, 462, 333]]","[[304, 101, 460, 333]]"
b2045fbc_1825.jpg,[0.9195],"[[263, 138, 359, 251]]","[[263, 138, 359, 250]]"
b2045fbc_453.jpg,[0.9118],"[[285, 119, 400, 291]]","[[284, 118, 400, 291]]"
b2045fbc_1990.jpg,[0.8885],"[[78, 96, 220, 286]]","[[77, 95, 221, 286]]"
b2045fbc_94.jpg,"[0.9089, 0.8964]","[[387, 118, 524, 273], [68, 159, 186, 319]]","[[386, 119, 524, 272], [68, 158, 187, 318]]"
b2045fbc_1401.jpg,[0.9156],"[[257, 99, 383, 254]]","[[257, 100, 383, 251]]"
b2045fbc_222.jpg,[0.9205],"[[295, 82, 424, 237]]","[[295, 82, 424, 236]]"
b2045fbc_1810.jpg,[0.9087],"[[246, 96, 409, 298]]","[[246, 96, 410, 297]]"
b2045fbc_1980.jpg,[0.9098],"[[289, 115, 387, 224]]","[[289, 114, 386, 223]]"
b2045fbc_656.jpg,[],[],[]
b2045fbc_373.jpg,[0.7866],"[[153, 137, 272, 312]]","[[154, 134, 270, 310]]"
b2045fbc_737.jpg,[],[],[]
b2045fbc_482.jpg,[0.9089],"[[292, 123, 405, 291]]","[[290, 122, 405, 291]]"
ed2e9e4c_40.jpg,[0.8942],"[[304, 93, 457, 316]]","[[303, 94, 456, 314]]"
ed2e9e4c_21.jpg,[0.8865],"[[267, 94, 428, 289]]","[[268, 94, 428, 288]]"
b2045fbc_1281.jpg,[0.9078],"[[128, 151, 274, 345]]","[[129, 149, 275, 345]]"
9aa3bbb8_23.jpg,[0.928],"[[279, 138, 459, 360]]","[[278, 136, 458, 358]]"
b2045fbc_1618.jpg,[0.7211],"[[172, 150, 336, 350]]","[[172, 147, 332, 352]]"
b2045fbc_108.jpg,[0.8182],"[[33, 168, 160, 331]]","[[32, 166, 160, 331]]"
b2045fbc_27.jpg,[],[],[]
b2045fbc_1997.jpg,[0.8956],"[[298, 140, 393, 249]]","[[298, 142, 393, 248]]"
b2045fbc_615.jpg,[0.9132],"[[149, 87, 308, 313]]","[[148, 85, 308, 313]]"
9d47d182_407.jpg,[0.8235],"[[210, 99, 360, 292]]","[[212, 99, 356, 291]]"
9d47d182_23.jpg,[0.7944],"[[210, 102, 346, 292]]","[[211, 102, 345, 293]]"
9d47d182_293.jpg,[0.8167],"[[181, 92, 333, 293]]","[[180, 92, 331, 291]]"
9d47d182_287.jpg,[0.902],"[[188, 96, 323, 292]]","[[188, 95, 323, 291]]"
b2045fbc_456.jpg,[0.912],"[[284, 118, 399, 292]]","[[284, 117, 399, 291]]"
9d47d182_19.jpg,[0.8806],"[[222, 101, 353, 289]]","[[222, 101, 354, 290]]"
9d47d182_144.jpg,[0.8575],"[[197, 97, 348, 289]]","[[197, 97, 331, 285]]"
9d47d182_101.jpg,[0.8544],"[[207, 96, 358, 286]]","[[207, 95, 357, 286]]"
b2045fbc_1206.jpg,[],[],[]
b2045fbc_1906.jpg,[0.906],"[[276, 137, 350, 225]]","[[274, 136, 350, 224]]"
f044cf1d_232.jpg,[0.8891],"[[211, 77, 342, 261]]","[[210, 77, 344, 259]]"
b2045fbc_251.jpg,[0.8899],"[[223, 91, 362, 309]]","[[222, 91, 361, 309]]"
f044cf1d_33.jpg,[0.7698],"[[291, 90, 434, 274]]","[[294, 89, 433, 274]]"
b2045fbc_1379.jpg,[0.9096],"[[241, 95, 374, 257]]","[[240, 95, 374, 255]]"
9aa3bbb8_101.jpg,[],[],[]
b2045fbc_2046.jpg,[0.903],"[[186, 45, 324, 205]]","[[186, 44, 324, 202]]"
b2045fbc_650.jpg,[],[],[]
b2045fbc_1006.jpg,[0.9031],"[[213, 129, 363, 335]]","[[212, 128, 363, 334]]"
b2045fbc_1411.jpg,[0.8402],"[[21, 177, 175, 358]]","[[20, 171, 175, 360]]"
b2045fbc_1296.jpg,[0.9179],"[[218, 137, 355, 323]]","[[217, 136, 355, 322]]"
b2045fbc_619.jpg,[],[],[]
b2045fbc_1205.jpg,[],[],[]
b2045fbc_1931.jpg,[0.9219],"[[298, 120, 386, 226]]","[[298, 120, 386, 225]]"
9d47d182_99.jpg,[0.8062],"[[203, 98, 338, 288]]","[[203, 96, 337, 288]]"
b2045fbc_1137.jpg,[0.4502],"[[176, 169, 322, 359]]",[]
ed2e9e4c_79.jpg,[0.9014],"[[310, 108, 462, 325]]","[[310, 108, 462, 326]]"
b2045fbc_1033.jpg,[0.8983],"[[180, 2, 348, 225]]","[[179, 4, 348, 225]]"
b2045fbc_1937.jpg,[0.892],"[[349, 144, 445, 242]]","[[349, 144, 445, 240]]"
b2045fbc_1497.jpg,[0.918],"[[191, 167, 319, 359]]","[[191, 168, 320, 357]]"
b2045fbc_1735.jpg,[],[],"[[160, 161, 251, 257]]"
9d47d182_3.jpg,[0.8738],"[[217, 100, 352, 291]]","[[217, 100, 351, 291]]"
b2045fbc_1314.jpg,[],[],"[[158, 153, 262, 360]]"
9d47d182_266.jpg,[0.9027],"[[173, 97, 312, 294]]","[[172, 97, 312, 295]]"
b2045fbc_1973.jpg,[0.9175],"[[283, 106, 383, 218]]","[[282, 106, 381, 217]]"
b2045fbc_372.jpg,[0.858],"[[164, 130, 310, 328]]","[[164, 127, 311, 327]]"
b2045fbc_174.jpg,[0.915],"[[283, 90, 418, 252]]","[[283, 90, 419, 250]]"
b2045fbc_1771.jpg,[0.9105],"[[248, 77, 428, 295]]","[[248, 79, 427, 294]]"
b2045fbc_278.jpg,[0.767],"[[230, 94, 383, 313]]","[[229, 90, 390, 311]]"
b2045fbc_1806.jpg,[0.8665],"[[217, 93, 376, 258]]","[[216, 91, 376, 257]]"
b2045fbc_956.jpg,[0.9134],"[[178, 9, 338, 233]]","[[176, 7, 336, 232]]"
b2045fbc_1022.jpg,[0.9169],"[[196, 6, 354, 228]]",[]
b2045fbc_840.jpg,[0.8033],"[[7, 123, 187, 359]]","[[6, 121, 182, 359]]"
9d47d182_173.jpg,[0.8867],"[[195, 97, 331, 288]]","[[195, 97, 331, 288]]"
b2045fbc_1055.jpg,[0.8298],"[[29, 36, 210, 263]]","[[29, 36, 211, 264]]"
f044cf1d_203.jpg,[0.8266],"[[194, 85, 329, 272]]","[[194, 83, 328, 272]]"
9d47d182_78.jpg,[0.8156],"[[201, 99, 343, 291]]","[[200, 102, 336, 288]]"
9aa3bbb8_33.jpg,[0.9185],"[[287, 100, 422, 316]]","[[287, 100, 423, 315]]"
b2045fbc_1326.jpg,[],[],"[[175, 147, 280, 360]]"
9d47d182_106.jpg,[0.8292],"[[213, 101, 349, 292]]","[[213, 100, 349, 291]]"
b2045fbc_1625.jpg,[0.8482],"[[157, 163, 306, 360]]","[[157, 163, 309, 358]]"
9d47d182_189.jpg,[0.8332],"[[193, 97, 336, 289]]","[[194, 97, 330, 289]]"
b2045fbc_1000.jpg,[0.898],"[[176, 128, 337, 340]]","[[176, 127, 336, 341]]"
b2045fbc_1104.jpg,[0.8568],"[[0, 105, 152, 306]]","[[0, 99, 156, 312]]"
b2045fbc_154.jpg,[0.9206],"[[306, 88, 432, 239]]","[[305, 88, 431, 235]]"
b2045fbc_542.jpg,[0.7659],"[[302, 119, 414, 284]]","[[301, 118, 414, 282]]"
b2045fbc_171.jpg,[0.9221],"[[294, 83, 429, 246]]","[[294, 83, 430, 243]]"
b2045fbc_414.jpg,[0.8955],"[[171, 112, 283, 294]]","[[171, 109, 285, 291]]"
9d47d182_59.jpg,[0.8284],"[[205, 100, 343, 291]]","[[204, 99, 340, 291]]"
b2045fbc_1500.jpg,[0.9052],"[[190, 171, 322, 359]]","[[190, 175, 322, 359]]"
b2045fbc_487.jpg,[0.9091],"[[291, 123, 405, 292]]","[[289, 122, 405, 290]]"
b2045fbc_1635.jpg,[0.639],"[[170, 163, 341, 359]]","[[170, 162, 326, 356]]"
b2045fbc_489.jpg,[0.9075],"[[291, 120, 403, 291]]","[[289, 120, 403, 290]]"
b2045fbc_920.jpg,[0.9195],"[[193, 140, 346, 347]]","[[193, 138, 346, 347]]"
9d47d182_55.jpg,[0.8282],"[[204, 99, 348, 291]]","[[204, 99, 344, 291]]"
f044cf1d_206.jpg,[0.8393],"[[194, 85, 327, 272]]","[[192, 81, 327, 275]]"
9aa3bbb8_68.jpg,[0.8743],"[[307, 158, 447, 359]]","[[306, 158, 450, 357]]"
b2045fbc_1147.jpg,[0.8301],"[[99, 143, 240, 344]]","[[99, 142, 241, 342]]"
b2045fbc_1576.jpg,[0.8748],"[[134, 138, 309, 359]]","[[133, 135, 309, 358]]"
b2045fbc_499.jpg,[0.9154],"[[254, 116, 382, 294]]","[[252, 115, 382, 291]]"
b2045fbc_1479.jpg,[0.9106],"[[250, 106, 372, 252]]","[[250, 106, 370, 248]]"
b2045fbc_1130.jpg,[],[],[]
9d47d182_367.jpg,[0.8431],"[[208, 98, 363, 289]]","[[208, 95, 364, 288]]"
b2045fbc_132.jpg,"[0.9235, 0.8898]","[[44, 139, 171, 307], [336, 99, 470, 252]]","[[45, 138, 171, 306], [334, 99, 470, 250]]"
f044cf1d_215.jpg,[0.865],"[[267, 70, 392, 238]]","[[261, 68, 395, 241]]"
b2045fbc_1120.jpg,[],[],[]
b2045fbc_777.jpg,[0.9143],"[[213, 114, 343, 303]]","[[213, 113, 343, 302]]"
b2045fbc_1111.jpg,[0.8614],"[[66, 76, 246, 318]]","[[67, 73, 245, 326]]"
b2045fbc_2033.jpg,[],[],[]
b2045fbc_6.jpg,[0.9021],"[[225, 130, 349, 306]]","[[225, 129, 350, 306]]"
b2045fbc_1668.jpg,[0.9241],"[[133, 136, 250, 300]]","[[132, 135, 251, 300]]"
b2045fbc_1936.jpg,[0.8573],"[[343, 137, 430, 237]]","[[343, 137, 429, 235]]"
9d47d182_244.jpg,[0.8548],"[[172, 95, 327, 294]]","[[171, 95, 321, 293]]"
9d47d182_69.jpg,[0.7853],"[[200, 99, 352, 292]]","[[200, 98, 342, 291]]"
b2045fbc_52.jpg,[0.9194],"[[102, 141, 219, 300]]","[[101, 138, 218, 299]]"
b2045fbc_826.jpg,[0.8758],"[[152, 127, 292, 324]]","[[152, 125, 288, 324]]"
b2045fbc_739.jpg,[0.7832],"[[469, 127, 639, 340]]","[[469, 127, 639, 334]]"
f044cf1d_268.jpg,[0.8488],"[[270, 78, 414, 280]]","[[270, 77, 412, 278]]"
b2045fbc_1066.jpg,[0.9124],"[[206, 1, 366, 213]]","[[207, 5, 368, 212]]"
b2045fbc_690.jpg,[0.3557],"[[6, 86, 257, 352]]",[]
b2045fbc_1282.jpg,[0.9083],"[[128, 151, 273, 346]]","[[128, 149, 274, 345]]"
b2045fbc_1374.jpg,[0.9026],"[[140, 147, 303, 360]]","[[140, 146, 304, 360]]"
b2045fbc_161.jpg,[0.9168],"[[275, 94, 412, 255]]","[[275, 95, 411, 253]]"
b2045fbc_1076.jpg,[0.9198],"[[207, 78, 350, 272]]","[[206, 76, 350, 271]]"
b2045fbc_1789.jpg,[0.8999],"[[230, 20, 416, 249]]","[[228, 19, 416, 248]]"
b2045fbc_2007.jpg,"[0.9042, 0.886]","[[300, 123, 398, 230], [93, 60, 182, 160]]","[[91, 57, 185, 158], [297, 116, 399, 234]]"
b2045fbc_1779.jpg,[0.9188],"[[183, 139, 302, 314]]","[[182, 139, 302, 314]]"
b2045fbc_1121.jpg,[],[],[]
f044cf1d_20.jpg,[0.7868],"[[201, 82, 343, 259]]","[[202, 80, 342, 258]]"
b2045fbc_2018.jpg,"[0.9085, 0.9037]","[[106, 29, 188, 142], [301, 124, 398, 233]]","[[299, 119, 397, 236], [101, 27, 187, 140]]"
f044cf1d_236.jpg,[0.9014],"[[213, 76, 344, 260]]","[[212, 76, 344, 261]]"
b2045fbc_605.jpg,[0.7447],"[[203, 84, 359, 295]]","[[203, 82, 373, 295]]"
9d47d182_24.jpg,[0.8303],"[[223, 100, 357, 288]]","[[223, 98, 357, 289]]"
9aa3bbb8_75.jpg,[0.9021],"[[293, 172, 437, 359]]","[[293, 171, 438, 358]]"
b2045fbc_1396.jpg,[],[],[]
f044cf1d_39.jpg,[0.8645],"[[268, 75, 411, 258]]","[[268, 74, 411, 257]]"
9d47d182_116.jpg,[0.831],"[[197, 98, 349, 290]]","[[197, 98, 347, 289]]"
9d47d182_384.jpg,[0.8493],"[[224, 100, 358, 289]]","[[223, 98, 356, 289]]"
b2045fbc_834.jpg,[0.8763],"[[161, 119, 315, 335]]","[[160, 118, 316, 334]]"
f044cf1d_29.jpg,[0.8245],"[[289, 90, 430, 274]]","[[291, 89, 428, 275]]"
f044cf1d_210.jpg,[0.815],"[[263, 72, 411, 269]]","[[264, 72, 407, 268]]"
b2045fbc_242.jpg,[0.9235],"[[260, 109, 410, 325]]","[[259, 108, 409, 323]]"
b2045fbc_1808.jpg,[0.9146],"[[241, 97, 406, 298]]","[[241, 98, 405, 298]]"
b2045fbc_1313.jpg,[0.9059],"[[270, 95, 391, 243]]","[[270, 96, 390, 240]]"
b2045fbc_876.jpg,[0.8726],"[[189, 82, 336, 322]]","[[187, 84, 336, 322]]"
b2045fbc_1164.jpg,[0.8884],"[[217, 120, 339, 295]]","[[217, 120, 339, 293]]"
f044cf1d_251.jpg,[0.8961],"[[218, 76, 348, 259]]","[[218, 75, 349, 259]]"
b2045fbc_742.jpg,[0.6923],"[[501, 84, 640, 305]]","[[505, 84, 639, 313]]"
b2045fbc_513.jpg,[0.9193],"[[268, 93, 422, 321]]","[[267, 89, 421, 320]]"
b2045fbc_1430.jpg,[],[],[]
9d47d182_243.jpg,[0.854],"[[172, 95, 327, 295]]","[[170, 95, 314, 294]]"
b2045fbc_140.jpg,"[0.9208, 0.8868]","[[40, 138, 166, 307], [335, 99, 470, 256]]","[[40, 137, 166, 307], [334, 99, 470, 254]]"
b2045fbc_740.jpg,[0.7307],"[[336, 213, 491, 359]]","[[340, 220, 492, 359]]"
b2045fbc_1057.jpg,[0.9181],"[[292, 100, 448, 327]]","[[292, 99, 447, 327]]"
b2045fbc_1606.jpg,[0.8687],"[[144, 145, 316, 360]]","[[142, 145, 314, 358]]"
b2045fbc_116.jpg,"[0.8902, 0.8869]","[[396, 106, 537, 269], [5, 181, 141, 358]]","[[396, 107, 536, 266], [5, 180, 142, 358]]"
b2045fbc_1621.jpg,[0.8331],"[[146, 162, 290, 358]]","[[145, 161, 291, 356]]"
b2045fbc_965.jpg,[0.9189],"[[178, 10, 338, 236]]","[[177, 10, 339, 232]]"
b2045fbc_1763.jpg,[0.9123],"[[236, 92, 431, 339]]","[[231, 88, 431, 355]]"
b2045fbc_1822.jpg,[0.9022],"[[288, 187, 382, 295]]","[[288, 187, 382, 293]]"
b2045fbc_1123.jpg,[],[],[]
b2045fbc_1813.jpg,[0.9134],"[[235, 92, 398, 290]]","[[234, 93, 398, 289]]"
b2045fbc_552.jpg,[0.8501],"[[258, 112, 394, 295]]","[[259, 111, 395, 295]]"
ed2e9e4c_78.jpg,[0.9014],"[[307, 132, 472, 351]]","[[307, 131, 471, 350]]"
b2045fbc_129.jpg,"[0.9098, 0.901]","[[51, 141, 177, 308], [337, 97, 472, 253]]","[[336, 96, 472, 250], [51, 140, 177, 307]]"
b2045fbc_1861.jpg,[0.9021],"[[273, 132, 351, 233]]","[[273, 131, 350, 232]]"
f044cf1d_241.jpg,[0.9028],"[[217, 77, 349, 260]]","[[217, 77, 349, 260]]"
9d47d182_297.jpg,[0.822],"[[178, 93, 329, 292]]","[[177, 94, 315, 289]]"
b2045fbc_1991.jpg,[0.9163],"[[319, 104, 415, 207]]","[[319, 104, 415, 206]]"
f044cf1d_70.jpg,[0.7645],"[[143, 87, 293, 261]]","[[142, 84, 294, 257]]"
b2045fbc_1820.jpg,[0.9049],"[[254, 166, 385, 325]]","[[253, 166, 386, 324]]"
b2045fbc_355.jpg,[0.887],"[[178, 124, 308, 308]]","[[179, 124, 309, 306]]"
b2045fbc_1755.jpg,[0.8373],"[[110, 135, 206, 245]]","[[110, 133, 225, 246]]"
f044cf1d_218.jpg,[0.9078],"[[248, 80, 382, 266]]","[[248, 80, 384, 266]]"
9aa3bbb8_11.jpg,[0.9315],"[[267, 139, 447, 359]]","[[267, 139, 447, 359]]"
b2045fbc_2017.jpg,"[0.9085, 0.9051]","[[302, 123, 399, 232], [105, 30, 188, 146]]","[[102, 29, 190, 146], [300, 120, 396, 239]]"
b2045fbc_1239.jpg,[],[],[]
b2045fbc_803.jpg,[0.8958],"[[181, 134, 316, 322]]","[[180, 133, 316, 320]]"
b2045fbc_99.jpg,"[0.9037, 0.8873]","[[389, 127, 529, 285], [69, 162, 186, 324]]","[[388, 125, 528, 284], [69, 162, 187, 325]]"
b2045fbc_526.jpg,[0.8675],"[[287, 124, 405, 293]]","[[288, 123, 404, 293]]"
9aa3bbb8_5.jpg,[],[],"[[242, 240, 420, 358]]"
b2045fbc_435.jpg,[0.8988],"[[299, 119, 411, 292]]","[[297, 118, 411, 291]]"
b2045fbc_1221.jpg,[],[],[]
f044cf1d_65.jpg,[0.9001],"[[212, 88, 339, 271]]","[[207, 86, 340, 272]]"
b2045fbc_1702.jpg,[0.8214],"[[161, 135, 252, 234]]","[[161, 134, 251, 238]]"
9d47d182_94.jpg,[0.7629],"[[200, 97, 343, 289]]","[[200, 96, 336, 288]]"
b2045fbc_60.jpg,[0.9143],"[[125, 208, 253, 359]]","[[123, 207, 253, 358]]"
b2045fbc_1949.jpg,[0.9209],"[[284, 105, 378, 215]]","[[283, 106, 379, 216]]"
b2045fbc_603.jpg,[0.8342],"[[188, 82, 326, 292]]","[[187, 81, 329, 291]]"
f044cf1d_182.jpg,[0.8288],"[[195, 85, 331, 272]]","[[195, 84, 327, 273]]"
b2045fbc_1405.jpg,[],[],[]
b2045fbc_89.jpg,"[0.9141, 0.9048]","[[44, 158, 166, 324], [376, 117, 516, 278]]","[[375, 117, 516, 275], [43, 157, 167, 323]]"
9aa3bbb8_83.jpg,[],[],"[[250, 225, 418, 360]]"
f044cf1d_35.jpg,[0.8093],"[[256, 73, 407, 270]]","[[257, 71, 401, 267]]"
b2045fbc_568.jpg,[0.8879],"[[109, 88, 264, 323]]","[[108, 87, 264, 322]]"
b2045fbc_2042.jpg,[0.8906],"[[250, 119, 336, 227]]","[[250, 119, 336, 226]]"
b2045fbc_1149.jpg,[0.8602],"[[108, 138, 252, 343]]","[[109, 138, 251, 342]]"
b2045fbc_530.jpg,[0.8949],"[[276, 120, 397, 284]]","[[274, 118, 396, 287]]"
b2045fbc_1473.jpg,[0.4153],"[[193, 251, 327, 359]]","[[192, 250, 311, 360]]"
9d47d182_162.jpg,[0.8359],"[[197, 100, 334, 291]]","[[198, 100, 333, 291]]"
b2045fbc_51.jpg,[0.9153],"[[102, 143, 220, 302]]","[[100, 142, 220, 301]]"
b2045fbc_1469.jpg,[],[],[]
b2045fbc_396.jpg,[0.8908],"[[163, 115, 274, 299]]","[[164, 113, 275, 298]]"
b2045fbc_958.jpg,[0.9198],"[[178, 10, 339, 235]]","[[177, 11, 337, 236]]"
b2045fbc_1154.jpg,[0.9063],"[[204, 125, 338, 321]]","[[203, 125, 336, 319]]"
b2045fbc_120.jpg,"[0.9182, 0.8657]","[[0, 138, 104, 305], [297, 96, 420, 239]]","[[0, 138, 104, 304], [296, 96, 420, 237]]"
f044cf1d_136.jpg,[0.871],"[[204, 78, 332, 249]]","[[202, 76, 333, 251]]"
b2045fbc_1099.jpg,[],[],[]
b2045fbc_1952.jpg,[0.9205],"[[283, 106, 378, 217]]","[[282, 107, 378, 220]]"
b2045fbc_1809.jpg,[0.9144],"[[240, 98, 406, 298]]","[[239, 98, 405, 299]]"
f044cf1d_272.jpg,[0.8529],"[[271, 80, 415, 281]]","[[271, 80, 413, 280]]"
9d47d182_147.jpg,[0.8494],"[[196, 97, 347, 290]]","[[195, 101, 331, 290]]"
f044cf1d_130.jpg,[0.8626],"[[174, 83, 302, 263]]","[[171, 77, 305, 264]]"
9d47d182_333.jpg,[0.8411],"[[174, 94, 311, 289]]","[[173, 93, 310, 289]]"
9d47d182_414.jpg,[0.8003],"[[211, 100, 358, 292]]","[[212, 99, 348, 286]]"
b2045fbc_644.jpg,[],[],[]
9d47d182_332.jpg,[0.8592],"[[175, 94, 309, 290]]","[[174, 93, 309, 289]]"
b2045fbc_1617.jpg,[0.7581],"[[158, 139, 326, 336]]","[[157, 138, 325, 333]]"
f044cf1d_2.jpg,[0.8273],"[[254, 73, 411, 271]]","[[256, 73, 406, 270]]"
b2045fbc_529.jpg,[0.8975],"[[276, 120, 395, 285]]","[[275, 119, 395, 281]]"
b2045fbc_156.jpg,[0.9208],"[[276, 88, 413, 252]]","[[276, 88, 412, 249]]"
b2045fbc_755.jpg,[],[],[]
9d47d182_112.jpg,[0.8348],"[[219, 99, 352, 287]]","[[218, 97, 350, 286]]"
ed2e9e4c_71.jpg,[0.904],"[[300, 105, 446, 326]]","[[301, 100, 443, 328]]"
b2045fbc_26.jpg,[0.4383],"[[0, 143, 102, 342]]",[]
b2045fbc_1653.jpg,[],[],[]
ed2e9e4c_36.jpg,[0.8987],"[[279, 124, 443, 357]]","[[280, 124, 444, 356]]"
b2045fbc_2047.jpg,[0.888],"[[167, 161, 296, 309]]","[[167, 161, 296, 309]]"
b2045fbc_805.jpg,[0.8989],"[[176, 133, 311, 326]]","[[176, 133, 312, 324]]"
b2045fbc_479.jpg,[0.9064],"[[292, 123, 405, 292]]","[[290, 122, 405, 291]]"
b2045fbc_1645.jpg,[0.9073],"[[284, 96, 414, 255]]","[[284, 96, 415, 251]]"
b2045fbc_1998.jpg,[0.9125],"[[291, 111, 382, 217]]","[[291, 111, 381, 216]]"
b2045fbc_276.jpg,[0.8756],"[[227, 94, 373, 313]]","[[226, 93, 376, 311]]"
b2045fbc_1195.jpg,[0.724],"[[215, 130, 339, 302]]","[[214, 129, 338, 298]]"
b2045fbc_741.jpg,[0.6488],"[[337, 210, 495, 359]]","[[336, 203, 504, 358]]"
b2045fbc_427.jpg,[0.9028],"[[204, 97, 338, 290]]","[[204, 96, 338, 288]]"
ed2e9e4c_26.jpg,[0.6592],"[[274, 95, 434, 284]]","[[275, 94, 433, 278]]"
b2045fbc_1875.jpg,"[0.9162, 0.891]","[[310, 126, 398, 229], [142, 52, 200, 132]]","[[138, 49, 198, 133], [309, 125, 399, 226]]"
b2045fbc_362.jpg,[0.8901],"[[169, 120, 312, 314]]","[[169, 120, 314, 314]]"
b2045fbc_1761.jpg,[0.9016],"[[217, 70, 412, 308]]","[[216, 68, 412, 313]]"
f044cf1d_43.jpg,[0.8859],"[[185, 86, 310, 269]]","[[180, 85, 311, 270]]"
ed2e9e4c_8.jpg,[0.8701],"[[279, 128, 432, 348]]","[[279, 127, 435, 347]]"
b2045fbc_1939.jpg,[0.8865],"[[334, 146, 423, 244]]","[[334, 140, 428, 243]]"
9d47d182_338.jpg,[0.8593],"[[173, 94, 309, 290]]","[[173, 93, 309, 290]]"
9d47d182_326.jpg,[0.842],"[[175, 93, 311, 290]]","[[174, 93, 310, 290]]"
b2045fbc_92.jpg,"[0.9197, 0.9076]","[[55, 158, 174, 321], [374, 118, 516, 282]]","[[54, 156, 174, 321], [373, 119, 515, 281]]"
b2045fbc_975.jpg,[0.9227],"[[183, 85, 340, 311]]","[[182, 83, 338, 311]]"
b2045fbc_556.jpg,[0.8415],"[[294, 119, 407, 286]]","[[293, 118, 407, 284]]"
b2045fbc_1494.jpg,[0.8746],"[[177, 176, 307, 359]]","[[177, 177, 306, 357]]"
f044cf1d_56.jpg,[0.803],"[[179, 89, 313, 274]]","[[173, 88, 307, 271]]"
b2045fbc_1575.jpg,[0.8731],"[[136, 138, 311, 359]]","[[134, 138, 313, 358]]"
b2045fbc_1163.jpg,[0.8721],"[[216, 121, 339, 296]]","[[215, 121, 339, 295]]"
b2045fbc_919.jpg,[0.9141],"[[177, 141, 337, 354]]","[[177, 139, 337, 352]]"
b2045fbc_1162.jpg,[0.8731],"[[219, 121, 340, 296]]","[[219, 121, 341, 295]]"
b2045fbc_2065.jpg,[0.888],"[[318, 107, 433, 238]]","[[318, 107, 434, 235]]"
b2045fbc_1457.jpg,[0.9158],"[[250, 101, 373, 247]]","[[250, 100, 373, 246]]"
f044cf1d_275.jpg,[0.8267],"[[256, 70, 405, 260]]","[[256, 68, 396, 260]]"
ed2e9e4c_69.jpg,[0.8978],"[[304, 103, 448, 326]]","[[304, 102, 448, 325]]"
9d47d182_74.jpg,[0.9071],"[[202, 98, 337, 290]]","[[202, 98, 337, 291]]"
b2045fbc_593.jpg,[0.8821],"[[248, 77, 409, 267]]","[[246, 75, 409, 267]]"
f044cf1d_246.jpg,[0.8898],"[[213, 77, 345, 260]]","[[213, 77, 347, 260]]"
b2045fbc_1528.jpg,[0.7727],"[[153, 164, 309, 359]]","[[154, 163, 310, 358]]"
9d47d182_166.jpg,[0.8425],"[[195, 95, 332, 284]]","[[196, 95, 331, 284]]"
9aa3bbb8_42.jpg,[0.9174],"[[288, 103, 449, 318]]","[[288, 101, 448, 317]]"
b2045fbc_1209.jpg,[0.8402],"[[73, 127, 223, 320]]","[[72, 126, 223, 319]]"
9d47d182_114.jpg,[0.8247],"[[197, 98, 338, 290]]","[[192, 98, 331, 288]]"
9d47d182_231.jpg,[0.7373],"[[170, 99, 310, 295]]","[[170, 98, 317, 294]]"
9aa3bbb8_43.jpg,[0.918],"[[286, 101, 446, 321]]","[[286, 100, 446, 320]]"
9aa3bbb8_78.jpg,[],[],[]
b2045fbc_579.jpg,[0.7889],"[[0, 55, 178, 346]]","[[0, 58, 179, 349]]"
9d47d182_142.jpg,[0.8462],"[[197, 97, 349, 289]]","[[198, 98, 333, 283]]"
f044cf1d_204.jpg,[0.8472],"[[194, 85, 326, 272]]","[[192, 86, 327, 272]]"
9d47d182_314.jpg,[0.7894],"[[178, 94, 327, 291]]","[[174, 93, 314, 288]]"
f044cf1d_108.jpg,[0.8702],"[[187, 84, 314, 265]]","[[184, 82, 315, 268]]"
b2045fbc_2035.jpg,[0.9106],"[[276, 114, 361, 209]]","[[276, 112, 360, 207]]"
b2045fbc_1462.jpg,[],[],[]
b2045fbc_693.jpg,[0.8278],"[[63, 96, 251, 354]]","[[65, 93, 245, 351]]"
f044cf1d_177.jpg,[0.8447],"[[190, 85, 329, 273]]","[[189, 82, 323, 272]]"
b2045fbc_1349.jpg,[0.5795],"[[175, 163, 278, 358]]","[[174, 165, 282, 358]]"
b2045fbc_1588.jpg,[0.7523],"[[140, 154, 310, 359]]","[[138, 150, 310, 358]]"
b2045fbc_1408.jpg,[0.3158],"[[0, 219, 112, 359]]",[]
f044cf1d_116.jpg,[0.8692],"[[185, 84, 312, 265]]","[[182, 80, 314, 263]]"
9aa3bbb8_88.jpg,[],[],[]
b2045fbc_901.jpg,[0.9112],"[[172, 126, 333, 341]]","[[173, 126, 333, 340]]"
b2045fbc_472.jpg,[0.9138],"[[285, 119, 400, 290]]","[[284, 119, 400, 289]]"
b2045fbc_1551.jpg,[0.9046],"[[153, 135, 306, 344]]","[[153, 135, 306, 344]]"
ed2e9e4c_30.jpg,[0.315],"[[287, 84, 402, 237]]",[]
f044cf1d_153.jpg,[0.8904],"[[186, 81, 311, 259]]","[[180, 77, 315, 263]]"
9d47d182_405.jpg,[0.8008],"[[212, 100, 356, 291]]","[[214, 100, 349, 284]]"
b2045fbc_647.jpg,[0.9203],"[[302, 101, 459, 331]]","[[301, 100, 458, 331]]"
f044cf1d_64.jpg,[0.8952],"[[216, 89, 341, 270]]","[[211, 85, 341, 271]]"
9d47d182_290.jpg,[0.8726],"[[218, 98, 351, 285]]","[[217, 97, 350, 285]]"
f044cf1d_49.jpg,[0.8709],"[[177, 88, 303, 271]]","[[175, 88, 304, 274]]"
f044cf1d_185.jpg,[0.8204],"[[195, 84, 334, 273]]","[[194, 82, 329, 273]]"
b2045fbc_1081.jpg,[0.9214],"[[183, 132, 324, 321]]","[[184, 131, 324, 321]]"
b2045fbc_1376.jpg,[0.8744],"[[136, 142, 300, 359]]","[[137, 141, 302, 358]]"
b2045fbc_1695.jpg,[0.8647],"[[170, 261, 256, 359]]","[[172, 259, 255, 358]]"
ed2e9e4c_16.jpg,[0.8684],"[[301, 139, 465, 351]]","[[300, 138, 464, 352]]"
b2045fbc_1265.jpg,[0.9196],"[[149, 133, 287, 332]]","[[148, 132, 288, 330]]"
b2045fbc_1035.jpg,[0.8874],"[[294, 103, 451, 325]]","[[294, 102, 450, 325]]"
f044cf1d_222.jpg,[0.8494],"[[249, 71, 404, 271]]","[[251, 70, 397, 271]]"
b2045fbc_1223.jpg,[],[],[]
9aa3bbb8_49.jpg,[0.8927],"[[261, 97, 393, 306]]","[[261, 96, 395, 306]]"
b2045fbc_318.jpg,[0.9116],"[[193, 98, 338, 301]]","[[193, 98, 338, 301]]"
b2045fbc_839.jpg,[0.8678],"[[84, 125, 243, 352]]","[[85, 122, 241, 350]]"
b2045fbc_253.jpg,[0.8843],"[[227, 90, 372, 306]]","[[227, 90, 372, 303]]"
b2045fbc_1589.jpg,[0.7448],"[[141, 153, 310, 359]]","[[139, 150, 309, 358]]"
b2045fbc_2030.jpg,[0.8402],"[[188, 114, 291, 230]]","[[188, 114, 292, 230]]"
b2045fbc_1219.jpg,[],[],[]
f044cf1d_11.jpg,[0.8505],"[[165, 90, 297, 270]]","[[162, 88, 293, 274]]"
b2045fbc_1962.jpg,[0.8741],"[[266, 112, 356, 223]]","[[264, 114, 360, 222]]"
9d47d182_10.jpg,[0.8372],"[[218, 101, 354, 291]]","[[219, 100, 353, 291]]"
b2045fbc_134.jpg,"[0.9256, 0.8844]","[[44, 138, 170, 308], [336, 99, 470, 256]]","[[43, 137, 169, 308], [334, 99, 470, 255]]"
b2045fbc_747.jpg,[],[],[]
f044cf1d_27.jpg,[0.856],"[[284, 81, 431, 278]]","[[284, 79, 431, 279]]"
9d47d182_261.jpg,[0.8497],"[[170, 97, 311, 294]]","[[168, 97, 308, 294]]"
b2045fbc_1605.jpg,[],[],[]
b2045fbc_391.jpg,[0.9171],"[[245, 107, 404, 333]]","[[244, 104, 403, 332]]"
9d47d182_158.jpg,[0.8491],"[[195, 96, 346, 288]]","[[195, 95, 345, 287]]"
b2045fbc_302.jpg,[0.9192],"[[242, 138, 373, 322]]","[[240, 138, 374, 322]]"
b2045fbc_1852.jpg,[0.9201],"[[317, 127, 401, 223]]","[[316, 127, 400, 221]]"
b2045fbc_642.jpg,[0.9064],"[[171, 75, 321, 289]]","[[171, 74, 321, 290]]"
b2045fbc_128.jpg,"[0.8989, 0.6946]","[[323, 98, 458, 257], [0, 135, 100, 313]]","[[323, 97, 459, 256], [0, 134, 100, 311]]"
f044cf1d_181.jpg,[0.8301],"[[195, 85, 332, 272]]","[[195, 85, 329, 270]]"
b2045fbc_84.jpg,[0.9199],"[[93, 151, 201, 302]]","[[92, 150, 200, 302]]"
b2045fbc_172.jpg,[0.9266],"[[289, 83, 425, 246]]","[[289, 83, 425, 244]]"
9d47d182_379.jpg,[0.8814],"[[223, 100, 354, 288]]","[[222, 100, 354, 289]]"
b2045fbc_1341.jpg,[0.6156],"[[200, 150, 309, 347]]","[[199, 147, 309, 347]]"
b2045fbc_1054.jpg,[0.8807],"[[175, 3, 342, 215]]","[[174, 1, 342, 214]]"
b2045fbc_1647.jpg,[0.9272],"[[127, 186, 254, 359]]","[[126, 181, 254, 358]]"
b2045fbc_1765.jpg,[0.9136],"[[231, 90, 423, 328]]","[[230, 86, 425, 322]]"
b2045fbc_1920.jpg,[0.8914],"[[293, 133, 364, 222]]","[[293, 133, 363, 221]]"
b2045fbc_654.jpg,[],[],[]
f044cf1d_202.jpg,[0.8309],"[[195, 85, 330, 273]]","[[194, 84, 326, 272]]"
ed2e9e4c_84.jpg,[0.9049],"[[309, 134, 474, 351]]","[[309, 131, 475, 352]]"
b2045fbc_196.jpg,"[0.8978, 0.8971]","[[374, 105, 509, 266], [0, 158, 144, 354]]","[[373, 106, 509, 264], [1, 158, 143, 354]]"
b2045fbc_848.jpg,[0.9203],"[[189, 149, 334, 346]]","[[189, 147, 335, 345]]"
b2045fbc_804.jpg,[0.8984],"[[176, 133, 311, 323]]","[[176, 132, 312, 322]]"
9aa3bbb8_8.jpg,[0.905],"[[281, 139, 433, 357]]","[[280, 138, 434, 357]]"
b2045fbc_1691.jpg,[],[],[]
b2045fbc_137.jpg,"[0.9196, 0.8832]","[[43, 138, 169, 307], [333, 100, 468, 257]]","[[43, 137, 168, 307], [332, 99, 468, 255]]"
b2045fbc_320.jpg,[0.8994],"[[160, 101, 304, 298]]","[[161, 100, 306, 297]]"
b2045fbc_1689.jpg,[0.787],"[[65, 96, 252, 307]]","[[65, 94, 251, 307]]"
f044cf1d_58.jpg,[0.8599],"[[177, 88, 304, 270]]","[[172, 86, 303, 268]]"
9aa3bbb8_77.jpg,[],[],[]
b2045fbc_877.jpg,[0.8558],"[[192, 82, 339, 321]]","[[192, 81, 339, 320]]"
b2045fbc_1373.jpg,[0.331],"[[140, 146, 303, 356]]","[[144, 143, 307, 355]]"
b2045fbc_335.jpg,[0.8826],"[[210, 95, 328, 280]]","[[210, 93, 330, 279]]"
9d47d182_164.jpg,[0.859],"[[193, 99, 329, 289]]","[[193, 98, 329, 289]]"
b2045fbc_1774.jpg,[0.9083],"[[248, 83, 428, 301]]","[[247, 82, 428, 300]]"
b2045fbc_461.jpg,[0.9162],"[[285, 121, 401, 292]]","[[284, 119, 400, 291]]"
9d47d182_212.jpg,[0.8408],"[[213, 98, 361, 290]]","[[212, 97, 362, 288]]"
b2045fbc_393.jpg,[0.8805],"[[160, 121, 265, 303]]","[[160, 120, 267, 302]]"
b2045fbc_1238.jpg,[],[],[]
b2045fbc_611.jpg,[0.8582],"[[0, 57, 188, 315]]","[[0, 56, 186, 315]]"
ed2e9e4c_5.jpg,[0.8854],"[[281, 128, 427, 344]]","[[281, 128, 430, 343]]"
b2045fbc_1188.jpg,[0.8405],"[[214, 127, 338, 300]]","[[214, 126, 338, 300]]"
b2045fbc_1996.jpg,[0.8969],"[[304, 143, 397, 248]]","[[303, 143, 397, 247]]"
b2045fbc_575.jpg,[0.7049],"[[0, 107, 147, 357]]","[[0, 111, 145, 360]]"
9d47d182_380.jpg,[0.8426],"[[225, 100, 356, 288]]","[[225, 98, 357, 289]]"
b2045fbc_679.jpg,[],[],[]
b2045fbc_607.jpg,[0.9249],"[[211, 75, 359, 292]]","[[210, 74, 358, 290]]"
b2045fbc_2064.jpg,[],[],[]
b2045fbc_284.jpg,[0.8521],"[[232, 95, 379, 309]]","[[232, 94, 379, 307]]"
b2045fbc_220.jpg,[0.9175],"[[277, 99, 413, 260]]","[[276, 100, 412, 256]]"
9d47d182_389.jpg,[0.8385],"[[217, 97, 351, 284]]","[[217, 96, 351, 284]]"
b2045fbc_326.jpg,[0.831],"[[33, 86, 226, 360]]","[[34, 86, 224, 359]]"
f044cf1d_94.jpg,[0.8238],"[[228, 77, 373, 258]]","[[227, 75, 372, 257]]"
b2045fbc_1042.jpg,[0.9104],"[[177, 1, 350, 214]]","[[176, 1, 350, 214]]"
b2045fbc_1828.jpg,[0.9204],"[[276, 130, 381, 252]]","[[276, 130, 380, 252]]"
b2045fbc_1118.jpg,[],[],[]
b2045fbc_1969.jpg,[0.9154],"[[279, 111, 378, 229]]","[[278, 110, 378, 227]]"
9d47d182_396.jpg,[0.815],"[[210, 99, 360, 291]]","[[212, 98, 356, 289]]"
b2045fbc_1418.jpg,[],[],[]
b2045fbc_214.jpg,[0.9201],"[[283, 98, 417, 259]]","[[283, 99, 417, 256]]"
b2045fbc_863.jpg,[0.8035],"[[178, 62, 343, 318]]","[[178, 62, 342, 316]]"
b2045fbc_844.jpg,[0.9265],"[[233, 121, 368, 314]]","[[232, 121, 368, 314]]"
b2045fbc_1397.jpg,[],[],[]
b2045fbc_1792.jpg,[0.9056],"[[210, 99, 381, 303]]","[[209, 98, 383, 301]]"
b2045fbc_1354.jpg,[0.5912],"[[189, 160, 294, 359]]","[[189, 158, 295, 358]]"
b2045fbc_1902.jpg,[0.8984],"[[383, 121, 467, 217]]","[[382, 121, 466, 216]]"
b2045fbc_1913.jpg,"[0.9137, 0.8132]","[[300, 138, 375, 231], [0, 62, 42, 139]]","[[299, 136, 376, 227], [1, 61, 41, 136]]"
ed2e9e4c_28.jpg,[0.2632],"[[285, 81, 412, 238]]",[]
b2045fbc_188.jpg,"[0.9336, 0.8973]","[[78, 146, 200, 314], [374, 103, 509, 261]]","[[78, 145, 200, 313], [372, 105, 508, 258]]"
b2045fbc_1587.jpg,[0.8655],"[[151, 151, 318, 359]]","[[149, 149, 318, 358]]"
9aa3bbb8_48.jpg,[0.9218],"[[286, 100, 444, 319]]","[[285, 99, 443, 318]]"
b2045fbc_1929.jpg,[0.9114],"[[287, 124, 376, 231]]","[[287, 124, 375, 230]]"
ed2e9e4c_80.jpg,[0.869],"[[378, 106, 526, 313]]","[[375, 104, 525, 313]]"
9d47d182_188.jpg,[0.8448],"[[194, 98, 344, 290]]","[[193, 97, 339, 289]]"
b2045fbc_833.jpg,[0.8513],"[[158, 123, 311, 340]]","[[159, 122, 313, 339]]"
9d47d182_226.jpg,[0.8331],"[[177, 99, 330, 293]]","[[177, 98, 326, 293]]"
b2045fbc_1579.jpg,[0.9197],"[[333, 106, 446, 246]]","[[333, 104, 447, 244]]"
b2045fbc_11.jpg,[0.8979],"[[225, 131, 348, 304]]","[[224, 129, 348, 304]]"
b2045fbc_1540.jpg,[0.8006],"[[111, 158, 274, 359]]","[[110, 159, 277, 358]]"
b2045fbc_200.jpg,[0.9078],"[[246, 93, 381, 255]]","[[246, 93, 381, 252]]"
b2045fbc_497.jpg,[0.9171],"[[282, 118, 401, 288]]","[[283, 117, 401, 288]]"
f044cf1d_180.jpg,[0.8297],"[[195, 85, 332, 273]]","[[194, 85, 328, 271]]"
ed2e9e4c_60.jpg,[0.8202],"[[297, 99, 440, 307]]","[[296, 98, 450, 308]]"
b2045fbc_1129.jpg,[],[],[]
b2045fbc_577.jpg,[0.7566],"[[0, 90, 151, 359]]","[[0, 88, 152, 357]]"
9d47d182_28.jpg,[0.8768],"[[215, 103, 348, 293]]","[[215, 104, 349, 293]]"
b2045fbc_1320.jpg,[0.3847],"[[182, 147, 282, 351]]","[[182, 145, 285, 345]]"
b2045fbc_473.jpg,[0.9056],"[[289, 121, 402, 292]]","[[287, 120, 401, 290]]"
9d47d182_237.jpg,[0.8852],"[[174, 99, 314, 302]]","[[172, 97, 312, 302]]"
b2045fbc_733.jpg,[],[],[]
b2045fbc_1371.jpg,[0.8404],"[[138, 148, 303, 359]]","[[138, 148, 304, 359]]"
b2045fbc_455.jpg,[0.921],"[[283, 119, 399, 292]]","[[283, 118, 399, 291]]"
b2045fbc_319.jpg,[0.919],"[[198, 97, 341, 300]]","[[198, 97, 341, 298]]"
b2045fbc_369.jpg,[0.9238],"[[231, 127, 365, 319]]","[[231, 126, 365, 318]]"
b2045fbc_1879.jpg,[0.8935],"[[215, 146, 345, 337]]","[[215, 144, 347, 336]]"
9d47d182_143.jpg,[0.8618],"[[197, 97, 348, 289]]","[[196, 98, 332, 284]]"
b2045fbc_818.jpg,[0.4016],"[[0, 228, 64, 323]]",[]
9d47d182_113.jpg,[0.8014],"[[209, 99, 360, 289]]","[[209, 97, 359, 289]]"
b2045fbc_1350.jpg,[0.631],"[[175, 164, 277, 359]]","[[175, 165, 281, 359]]"
b2045fbc_72.jpg,[],[],[]
9aa3bbb8_50.jpg,[0.8996],"[[259, 94, 391, 306]]","[[259, 93, 392, 307]]"
9d47d182_18.jpg,[0.854],"[[219, 100, 353, 291]]","[[219, 100, 353, 291]]"
f044cf1d_188.jpg,[0.842],"[[194, 85, 330, 273]]","[[192, 84, 328, 273]]"
9d47d182_318.jpg,[0.7911],"[[179, 94, 328, 291]]","[[179, 92, 320, 290]]"
b2045fbc_1859.jpg,[0.9032],"[[349, 127, 436, 225]]","[[350, 127, 434, 223]]"
9d47d182_129.jpg,[0.8134],"[[195, 98, 345, 289]]","[[195, 97, 337, 289]]"
b2045fbc_2041.jpg,[0.8869],"[[248, 126, 328, 221]]","[[247, 125, 329, 220]]"
9d47d182_342.jpg,[0.7712],"[[171, 95, 309, 291]]","[[167, 98, 307, 291]]"
9d47d182_133.jpg,[0.7993],"[[195, 98, 336, 288]]","[[195, 97, 333, 288]]"
9d47d182_416.jpg,[0.8025],"[[210, 100, 361, 291]]","[[214, 98, 349, 283]]"
b2045fbc_159.jpg,[0.9153],"[[271, 91, 408, 256]]","[[271, 91, 408, 254]]"
b2045fbc_1268.jpg,[0.8446],"[[288, 101, 407, 248]]","[[288, 100, 407, 245]]"
b2045fbc_2012.jpg,[0.8551],"[[28, 140, 173, 321]]","[[27, 138, 173, 317]]"
f044cf1d_32.jpg,[0.7862],"[[290, 90, 435, 276]]","[[292, 90, 432, 274]]"
b2045fbc_1196.jpg,[0.9144],"[[220, 131, 348, 311]]","[[220, 128, 348, 309]]"
9aa3bbb8_54.jpg,[0.3821],"[[245, 202, 419, 360]]","[[247, 199, 417, 359]]"
f044cf1d_128.jpg,[0.8557],"[[173, 83, 301, 265]]","[[171, 83, 301, 263]]"
b2045fbc_1187.jpg,[0.816],"[[215, 127, 338, 294]]","[[214, 125, 338, 292]]"
b2045fbc_549.jpg,[0.729],"[[304, 118, 413, 284]]","[[307, 117, 413, 282]]"
f044cf1d_19.jpg,[0.8344],"[[164, 90, 298, 271]]","[[162, 91, 292, 271]]"
b2045fbc_221.jpg,[0.9137],"[[297, 86, 430, 245]]","[[294, 85, 430, 242]]"
9d47d182_126.jpg,[0.8371],"[[196, 98, 346, 289]]","[[195, 97, 339, 289]]"
b2045fbc_1965.jpg,[0.918],"[[306, 108, 402, 212]]","[[306, 108, 401, 210]]"
b2045fbc_870.jpg,[0.804],"[[171, 77, 326, 321]]","[[171, 70, 325, 321]]"
b2045fbc_1954.jpg,[0.9179],"[[325, 114, 423, 220]]","[[324, 111, 424, 218]]"
b2045fbc_1167.jpg,[0.8925],"[[219, 122, 341, 297]]","[[218, 122, 341, 296]]"
b2045fbc_738.jpg,[],[],[]
b2045fbc_1882.jpg,[0.9156],"[[300, 125, 378, 215]]","[[298, 124, 378, 213]]"
9d47d182_285.jpg,[0.8717],"[[189, 97, 323, 292]]","[[188, 96, 323, 291]]"
b2045fbc_293.jpg,[0.9115],"[[252, 96, 398, 309]]","[[249, 91, 398, 304]]"
b2045fbc_2063.jpg,[],[],[]
b2045fbc_1133.jpg,[],[],[]
9d47d182_40.jpg,[0.7966],"[[203, 98, 352, 290]]","[[203, 97, 347, 288]]"
b2045fbc_999.jpg,[0.8869],"[[153, 123, 315, 339]]","[[153, 122, 317, 338]]"
b2045fbc_1688.jpg,[],[],[]
9d47d182_273.jpg,[0.9028],"[[186, 98, 323, 294]]","[[185, 97, 322, 294]]"
f044cf1d_175.jpg,[0.7977],"[[231, 76, 375, 253]]","[[233, 75, 373, 250]]"
9d47d182_131.jpg,[0.7978],"[[196, 99, 343, 288]]","[[195, 97, 333, 289]]"
b2045fbc_1463.jpg,[],[],[]
b2045fbc_247.jpg,[0.9193],"[[241, 137, 373, 323]]","[[240, 135, 374, 322]]"
f044cf1d_92.jpg,[0.8478],"[[241, 80, 392, 262]]","[[240, 79, 392, 262]]"
b2045fbc_1458.jpg,[],[],[]
f044cf1d_249.jpg,[0.8893],"[[216, 76, 349, 260]]","[[215, 77, 349, 260]]"
b2045fbc_1049.jpg,[0.8859],"[[193, 3, 360, 214]]","[[194, 0, 360, 211]]"
9d47d182_86.jpg,[0.798],"[[203, 97, 339, 287]]","[[204, 95, 338, 286]]"
b2045fbc_1288.jpg,[0.8863],"[[115, 149, 261, 349]]","[[116, 150, 263, 348]]"
9aa3bbb8_60.jpg,[0.8742],"[[332, 139, 472, 351]]","[[333, 139, 474, 352]]"
9d47d182_194.jpg,[0.8482],"[[194, 98, 344, 291]]","[[194, 97, 341, 291]]"
b2045fbc_1044.jpg,[0.911],"[[179, 1, 350, 213]]","[[177, 1, 350, 216]]"
b2045fbc_454.jpg,[0.9123],"[[284, 119, 400, 293]]","[[284, 118, 400, 292]]"
b2045fbc_1542.jpg,[0.796],"[[114, 160, 274, 360]]","[[113, 159, 275, 358]]"
b2045fbc_948.jpg,[0.9097],"[[172, 8, 333, 232]]","[[170, 14, 334, 232]]"
b2045fbc_2024.jpg,"[0.906, 0.8915]","[[303, 118, 399, 227], [91, 24, 174, 134]]","[[87, 19, 173, 134], [300, 115, 399, 230]]"
b2045fbc_988.jpg,[0.7875],"[[41, 124, 219, 359]]","[[42, 122, 216, 354]]"
b2045fbc_1934.jpg,[0.8668],"[[175, 135, 297, 320]]","[[174, 135, 298, 318]]"
b2045fbc_726.jpg,[],[],[]
b2045fbc_606.jpg,[0.9252],"[[217, 74, 364, 292]]","[[218, 74, 364, 290]]"
b2045fbc_2044.jpg,[0.8988],"[[231, 34, 389, 229]]","[[231, 33, 389, 230]]"
b2045fbc_704.jpg,[],[],[]
b2045fbc_1257.jpg,[0.8107],"[[286, 103, 421, 254]]","[[286, 102, 418, 252]]"
b2045fbc_1838.jpg,[0.8963],"[[279, 168, 351, 253]]","[[279, 167, 351, 252]]"
b2045fbc_2025.jpg,"[0.9068, 0.9065]","[[303, 116, 399, 225], [89, 23, 171, 133]]","[[299, 113, 396, 228], [87, 19, 172, 131]]"
b2045fbc_423.jpg,[0.8906],"[[166, 114, 279, 295]]","[[166, 111, 281, 293]]"
b2045fbc_436.jpg,[0.9208],"[[266, 93, 413, 312]]","[[265, 91, 411, 309]]"
f044cf1d_69.jpg,[0.8194],"[[172, 83, 308, 274]]","[[172, 81, 308, 274]]"
b2045fbc_1331.jpg,[0.2721],"[[188, 148, 288, 357]]","[[181, 146, 291, 353]]"
9d47d182_362.jpg,[0.8565],"[[222, 99, 353, 286]]","[[222, 97, 353, 286]]"
b2045fbc_1772.jpg,[0.9045],"[[248, 78, 431, 304]]","[[248, 77, 432, 303]]"
b2045fbc_162.jpg,[0.9166],"[[277, 92, 414, 257]]","[[277, 92, 414, 254]]"
b2045fbc_684.jpg,[],[],[]
9d47d182_192.jpg,[0.8546],"[[194, 98, 345, 290]]","[[193, 97, 335, 289]]"
b2045fbc_123.jpg,"[0.9079, 0.9003]","[[290, 90, 415, 247], [55, 150, 173, 314]]","[[55, 149, 173, 314], [289, 91, 414, 244]]"
b2045fbc_1743.jpg,[0.8497],"[[168, 164, 254, 264]]","[[166, 163, 254, 264]]"
b2045fbc_917.jpg,[0.9125],"[[179, 142, 338, 357]]","[[178, 142, 338, 357]]"
b2045fbc_1098.jpg,[],[],[]
9d47d182_368.jpg,[0.8073],"[[212, 98, 360, 290]]","[[213, 97, 359, 288]]"
b2045fbc_1032.jpg,[0.9107],"[[178, 3, 345, 227]]","[[176, 2, 348, 226]]"
b2045fbc_1125.jpg,[],[],[]
b2045fbc_905.jpg,[0.9036],"[[180, 128, 339, 342]]","[[180, 127, 339, 342]]"
b2045fbc_699.jpg,[0.9253],"[[226, 90, 376, 302]]","[[226, 89, 377, 301]]"
b2045fbc_467.jpg,[0.9125],"[[286, 121, 401, 292]]","[[284, 120, 400, 291]]"
b2045fbc_186.jpg,"[0.9215, 0.9]","[[76, 147, 199, 319], [397, 99, 532, 252]]","[[76, 147, 199, 317], [396, 99, 532, 250]]"
f044cf1d_263.jpg,[0.8794],"[[272, 81, 415, 283]]","[[271, 81, 413, 283]]"
b2045fbc_1103.jpg,[],[],[]
b2045fbc_1322.jpg,[],[],"[[174, 145, 281, 360]]"
b2045fbc_1649.jpg,[0.5416],"[[209, 238, 332, 359]]","[[209, 238, 333, 359]]"
9d47d182_175.jpg,[0.8328],"[[195, 97, 344, 290]]","[[195, 97, 336, 289]]"
b2045fbc_481.jpg,[0.906],"[[290, 121, 402, 292]]","[[289, 120, 402, 290]]"
b2045fbc_750.jpg,[],[],[]
b2045fbc_101.jpg,"[0.8964, 0.803]","[[390, 129, 529, 286], [67, 162, 198, 324]]","[[388, 126, 528, 283], [67, 159, 201, 321]]"
b2045fbc_1319.jpg,[0.3261],"[[185, 146, 287, 355]]","[[175, 145, 276, 360]]"
b2045fbc_1955.jpg,[0.903],"[[265, 93, 367, 207]]","[[262, 93, 368, 207]]"
b2045fbc_2009.jpg,"[0.9087, 0.9074]","[[301, 124, 398, 229], [99, 32, 186, 147]]","[[96, 32, 187, 147], [296, 121, 399, 234]]"
b2045fbc_1636.jpg,[0.7876],"[[169, 164, 326, 359]]","[[169, 162, 323, 356]]"
f044cf1d_164.jpg,[0.8334],"[[185, 79, 325, 264]]","[[185, 77, 325, 264]]"
f044cf1d_77.jpg,[0.795],"[[231, 78, 375, 245]]","[[234, 76, 374, 243]]"
b2045fbc_1222.jpg,[],[],[]
b2045fbc_34.jpg,[0.9055],"[[170, 117, 305, 312]]","[[170, 118, 304, 309]]"
b2045fbc_260.jpg,[0.915],"[[193, 100, 355, 332]]","[[192, 99, 356, 331]]"
9d47d182_67.jpg,[0.813],"[[199, 99, 353, 293]]","[[199, 98, 349, 292]]"
b2045fbc_1464.jpg,[0.3979],"[[111, 52, 242, 235]]","[[110, 52, 242, 232]]"
b2045fbc_1323.jpg,[0.2875],"[[183, 147, 284, 357]]","[[183, 145, 288, 354]]"
9d47d182_31.jpg,[0.8018],"[[209, 93, 353, 285]]","[[210, 91, 352, 284]]"
f044cf1d_261.jpg,[0.8613],"[[271, 81, 415, 284]]","[[271, 81, 413, 283]]"
b2045fbc_1292.jpg,[],[],[]
b2045fbc_915.jpg,[0.9095],"[[180, 143, 339, 358]]","[[179, 142, 337, 357]]"
9d47d182_381.jpg,[0.8705],"[[223, 100, 355, 290]]","[[222, 100, 354, 290]]"
b2045fbc_1757.jpg,[0.932],"[[241, 153, 366, 333]]","[[241, 153, 366, 333]]"
b2045fbc_394.jpg,[0.887],"[[161, 120, 267, 301]]","[[161, 117, 269, 299]]"
b2045fbc_1003.jpg,[0.8619],"[[201, 126, 356, 337]]","[[200, 125, 356, 337]]"
b2045fbc_964.jpg,[0.9151],"[[173, 11, 335, 236]]","[[172, 8, 335, 237]]"
b2045fbc_104.jpg,"[0.918, 0.8957]","[[74, 163, 191, 327], [384, 128, 525, 286]]","[[74, 163, 190, 327], [384, 127, 524, 284]]"
9aa3bbb8_58.jpg,[0.9242],"[[319, 162, 470, 360]]","[[319, 160, 469, 357]]"
b2045fbc_102.jpg,[0.916],"[[268, 109, 420, 330]]","[[268, 107, 420, 329]]"
b2045fbc_1834.jpg,[0.904],"[[229, 144, 359, 333]]","[[229, 142, 359, 333]]"
b2045fbc_808.jpg,[0.9064],"[[167, 134, 303, 327]]","[[167, 134, 304, 325]]"
b2045fbc_1185.jpg,[0.8845],"[[220, 123, 342, 297]]","[[220, 122, 343, 296]]"
9d47d182_11.jpg,[0.8446],"[[217, 101, 354, 291]]","[[216, 100, 352, 291]]"
9aa3bbb8_16.jpg,[0.9238],"[[287, 140, 469, 359]]","[[286, 139, 470, 359]]"
b2045fbc_1248.jpg,[],[],[]
ed2e9e4c_72.jpg,[0.8801],"[[293, 102, 449, 323]]","[[291, 99, 432, 320]]"
b2045fbc_38.jpg,[0.8717],"[[121, 107, 285, 330]]","[[122, 105, 286, 327]]"
b2045fbc_1720.jpg,[],[],"[[157, 162, 239, 259]]"
f044cf1d_30.jpg,[0.8114],"[[289, 89, 433, 275]]","[[291, 89, 432, 275]]"
9d47d182_320.jpg,[0.8247],"[[179, 93, 328, 291]]","[[179, 93, 321, 290]]"
b2045fbc_1459.jpg,[],[],[]
b2045fbc_1775.jpg,[0.9096],"[[247, 82, 427, 299]]","[[246, 82, 428, 299]]"
9d47d182_83.jpg,[0.8444],"[[205, 94, 340, 282]]","[[205, 93, 339, 281]]"
9d47d182_160.jpg,[0.8743],"[[197, 98, 334, 288]]","[[196, 97, 332, 289]]"
f044cf1d_21.jpg,[0.4689],"[[264, 54, 420, 240]]","[[265, 53, 419, 239]]"
b2045fbc_1008.jpg,[0.9029],"[[214, 129, 365, 335]]","[[214, 128, 365, 335]]"
b2045fbc_1488.jpg,[0.8771],"[[199, 67, 361, 287]]","[[198, 66, 358, 286]]"
f044cf1d_111.jpg,[0.8668],"[[185, 84, 312, 264]]","[[180, 84, 314, 266]]"
ed2e9e4c_52.jpg,[0.877],"[[315, 107, 461, 321]]","[[314, 106, 460, 321]]"
b2045fbc_1944.jpg,[0.9132],"[[269, 98, 361, 207]]","[[267, 97, 361, 204]]"
b2045fbc_1733.jpg,[0.4832],"[[160, 161, 247, 258]]","[[159, 160, 249, 258]]"
b2045fbc_1456.jpg,[],[],[]
b2045fbc_625.jpg,[],[],[]
b2045fbc_1431.jpg,[],[],[]
f044cf1d_233.jpg,[0.8382],"[[251, 72, 405, 271]]","[[253, 72, 399, 271]]"
9d47d182_203.jpg,[0.8605],"[[194, 97, 334, 288]]","[[194, 96, 330, 288]]"
b2045fbc_206.jpg,[0.917],"[[275, 97, 409, 259]]","[[274, 98, 408, 257]]"
b2045fbc_1256.jpg,[],[],[]
b2045fbc_1094.jpg,[],[],[]
b2045fbc_698.jpg,[0.8864],"[[151, 94, 316, 323]]","[[152, 93, 318, 322]]"
b2045fbc_995.jpg,[0.8176],"[[89, 104, 258, 342]]","[[89, 104, 255, 347]]"
9d47d182_251.jpg,[0.8454],"[[172, 96, 328, 294]]","[[171, 95, 321, 293]]"
9aa3bbb8_104.jpg,[],[],"[[242, 244, 420, 358]]"
b2045fbc_749.jpg,[],[],[]
b2045fbc_1467.jpg,[],[],[]
9d47d182_30.jpg,[0.871],"[[208, 93, 342, 280]]","[[208, 92, 343, 280]]"
b2045fbc_1830.jpg,[0.9009],"[[308, 168, 378, 249]]","[[308, 168, 378, 248]]"
9aa3bbb8_21.jpg,[0.9295],"[[269, 142, 450, 359]]","[[269, 141, 450, 360]]"
b2045fbc_2003.jpg,[0.9097],"[[269, 109, 362, 217]]","[[268, 108, 362, 219]]"
f044cf1d_165.jpg,[0.8325],"[[275, 80, 421, 258]]","[[274, 79, 420, 257]]"
b2045fbc_1380.jpg,[0.3738],"[[133, 179, 311, 360]]","[[133, 178, 311, 360]]"
9d47d182_395.jpg,[0.7873],"[[212, 99, 359, 290]]","[[212, 97, 355, 289]]"
9aa3bbb8_7.jpg,[0.8993],"[[287, 145, 444, 357]]","[[286, 143, 446, 356]]"
b2045fbc_1253.jpg,[],[],[]
b2045fbc_1244.jpg,[],[],[]
9aa3bbb8_100.jpg,[],[],[]
b2045fbc_1631.jpg,[0.7617],"[[167, 160, 338, 359]]","[[166, 159, 330, 356]]"
b2045fbc_1563.jpg,[0.9129],"[[157, 146, 308, 359]]","[[157, 145, 306, 358]]"
ed2e9e4c_38.jpg,[0.8636],"[[254, 121, 411, 356]]","[[253, 120, 415, 354]]"
f044cf1d_207.jpg,[0.8423],"[[193, 84, 329, 272]]","[[191, 83, 325, 272]]"
b2045fbc_493.jpg,[0.9029],"[[293, 122, 407, 292]]","[[292, 122, 407, 291]]"
9d47d182_334.jpg,[0.8792],"[[220, 99, 352, 288]]","[[220, 98, 352, 289]]"
b2045fbc_1090.jpg,[0.9212],"[[237, 105, 377, 314]]","[[235, 104, 377, 314]]"
b2045fbc_1092.jpg,[],[],[]
f044cf1d_166.jpg,[0.8264],"[[277, 105, 430, 304]]","[[278, 105, 430, 304]]"
b2045fbc_1177.jpg,[0.8869],"[[223, 123, 344, 294]]","[[222, 122, 345, 295]]"
f044cf1d_154.jpg,[0.8743],"[[169, 88, 306, 266]]","[[165, 87, 307, 267]]"
b2045fbc_1249.jpg,[],[],[]
b2045fbc_148.jpg,"[0.8703, 0.2967]","[[334, 100, 467, 257], [0, 171, 17, 333]]","[[333, 99, 467, 255], [0, 174, 16, 342]]"
9d47d182_253.jpg,[0.8509],"[[171, 96, 326, 295]]","[[170, 96, 318, 294]]"
b2045fbc_743.jpg,[],[],[]
b2045fbc_1489.jpg,[0.9137],"[[194, 162, 326, 353]]","[[195, 161, 327, 353]]"
b2045fbc_20.jpg,[0.9067],"[[226, 131, 349, 307]]","[[226, 130, 350, 305]]"
b2045fbc_1202.jpg,[0.8943],"[[311, 104, 429, 243]]","[[310, 103, 433, 242]]"
b2045fbc_1264.jpg,[0.9066],"[[149, 135, 282, 329]]","[[148, 135, 284, 328]]"
9aa3bbb8_38.jpg,[0.9196],"[[291, 102, 448, 321]]","[[292, 102, 448, 321]]"
b2045fbc_1251.jpg,[],[],[]
f044cf1d_75.jpg,[0.8015],"[[161, 86, 307, 259]]","[[159, 88, 303, 257]]"
b2045fbc_641.jpg,[0.9267],"[[165, 68, 329, 310]]","[[164, 68, 328, 309]]"
b2045fbc_1211.jpg,[],[],[]
9d47d182_358.jpg,[0.7654],"[[167, 96, 319, 294]]","[[165, 97, 305, 294]]"
9aa3bbb8_86.jpg,[],[],[]
9d47d182_238.jpg,[0.8996],"[[180, 97, 317, 298]]","[[179, 97, 317, 298]]"
b2045fbc_536.jpg,[0.9193],"[[299, 101, 452, 324]]","[[299, 99, 451, 322]]"
b2045fbc_364.jpg,[0.8793],"[[177, 113, 323, 315]]","[[177, 113, 322, 313]]"
b2045fbc_563.jpg,[0.9284],"[[226, 97, 366, 302]]","[[226, 97, 366, 301]]"
b2045fbc_243.jpg,[0.9222],"[[239, 111, 386, 320]]","[[239, 110, 385, 320]]"
b2045fbc_2067.jpg,[],[],[]
9d47d182_349.jpg,[0.7347],"[[167, 95, 317, 293]]","[[165, 98, 305, 292]]"
b2045fbc_533.jpg,[0.8292],"[[301, 119, 411, 285]]","[[300, 118, 411, 283]]"
b2045fbc_2013.jpg,"[0.911, 0.9067]","[[110, 35, 196, 148], [301, 123, 397, 229]]","[[297, 118, 398, 229], [107, 35, 197, 145]]"
b2045fbc_1749.jpg,[0.8694],"[[172, 162, 257, 254]]","[[171, 161, 257, 253]]"
b2045fbc_1306.jpg,[0.6384],"[[208, 153, 307, 357]]","[[207, 154, 305, 355]]"
b2045fbc_661.jpg,[],[],[]
b2045fbc_237.jpg,[0.9232],"[[262, 110, 412, 327]]","[[261, 109, 411, 327]]"
b2045fbc_1234.jpg,[],[],[]
b2045fbc_792.jpg,[0.904],"[[183, 133, 318, 322]]","[[183, 133, 317, 321]]"
b2045fbc_1928.jpg,[0.9175],"[[291, 129, 382, 234]]","[[291, 129, 381, 233]]"
9d47d182_29.jpg,[0.8278],"[[211, 99, 345, 285]]","[[212, 97, 344, 284]]"
b2045fbc_406.jpg,[0.8894],"[[171, 112, 284, 293]]","[[171, 109, 285, 293]]"
f044cf1d_228.jpg,[0.8896],"[[210, 77, 343, 262]]","[[210, 76, 346, 260]]"
f044cf1d_219.jpg,[0.9084],"[[242, 73, 373, 253]]","[[242, 72, 374, 253]]"
9d47d182_81.jpg,[0.8934],"[[206, 101, 339, 289]]","[[205, 100, 339, 290]]"
ed2e9e4c_66.jpg,[0.8873],"[[346, 104, 493, 317]]","[[346, 103, 493, 316]]"
ed2e9e4c_56.jpg,[0.9012],"[[309, 134, 475, 350]]","[[309, 131, 475, 351]]"
9d47d182_312.jpg,[0.8465],"[[218, 100, 352, 288]]","[[219, 98, 352, 288]]"
b2045fbc_187.jpg,"[0.9293, 0.8916]","[[58, 153, 183, 325], [371, 106, 505, 266]]","[[58, 152, 182, 325], [370, 107, 505, 264]]"
9d47d182_72.jpg,[0.8109],"[[200, 99, 340, 292]]","[[200, 99, 335, 291]]"
b2045fbc_114.jpg,[0.9179],"[[274, 111, 425, 331]]","[[274, 109, 425, 331]]"
b2045fbc_1555.jpg,[0.917],"[[179, 158, 329, 360]]","[[176, 156, 330, 360]]"
9d47d182_387.jpg,[0.89],"[[222, 100, 353, 288]]","[[222, 100, 354, 288]]"
9d47d182_240.jpg,[0.896],"[[189, 96, 324, 289]]","[[188, 95, 324, 289]]"
b2045fbc_267.jpg,[0.9082],"[[241, 96, 387, 312]]","[[242, 97, 386, 312]]"
b2045fbc_1072.jpg,[0.7599],"[[0, 61, 143, 304]]","[[0, 60, 143, 304]]"
b2045fbc_732.jpg,[],[],[]
b2045fbc_340.jpg,[0.8904],"[[211, 96, 328, 281]]","[[211, 94, 329, 279]]"
f044cf1d_12.jpg,[0.8276],"[[162, 90, 308, 272]]","[[161, 84, 291, 271]]"
b2045fbc_480.jpg,[0.9228],"[[296, 101, 448, 321]]","[[295, 99, 449, 318]]"
b2045fbc_1558.jpg,[0.879],"[[163, 165, 320, 359]]","[[163, 166, 317, 359]]"
b2045fbc_1796.jpg,[0.9245],"[[235, 120, 430, 357]]","[[235, 119, 429, 354]]"
9d47d182_134.jpg,[0.8241],"[[194, 98, 333, 289]]","[[194, 97, 330, 289]]"
b2045fbc_929.jpg,[0.9163],"[[218, 140, 366, 344]]","[[217, 138, 366, 344]]"
b2045fbc_767.jpg,[0.7797],"[[399, 162, 560, 349]]","[[398, 161, 566, 345]]"
9aa3bbb8_65.jpg,[0.9179],"[[332, 151, 479, 359]]","[[332, 150, 479, 358]]"
b2045fbc_1017.jpg,[0.9119],"[[192, 92, 343, 305]]","[[192, 91, 344, 304]]"
f044cf1d_192.jpg,[0.8338],"[[195, 85, 330, 273]]","[[193, 84, 326, 270]]"
b2045fbc_773.jpg,[0.7123],"[[541, 95, 639, 306]]","[[541, 91, 639, 304]]"
f044cf1d_199.jpg,[0.8306],"[[195, 85, 329, 272]]","[[192, 83, 328, 272]]"
ed2e9e4c_17.jpg,[0.8816],"[[297, 129, 458, 339]]","[[296, 129, 459, 340]]"
9aa3bbb8_102.jpg,[],[],[]
9d47d182_132.jpg,[0.799],"[[195, 99, 345, 289]]","[[196, 97, 336, 289]]"
9d47d182_115.jpg,[0.8333],"[[196, 99, 348, 290]]","[[195, 99, 332, 284]]"
b2045fbc_696.jpg,[0.8748],"[[130, 100, 299, 332]]","[[130, 98, 297, 329]]"
b2045fbc_1082.jpg,[0.9189],"[[190, 125, 326, 314]]","[[189, 124, 327, 312]]"
b2045fbc_1436.jpg,[],[],[]
b2045fbc_524.jpg,[0.9203],"[[283, 100, 436, 323]]","[[283, 97, 436, 321]]"
b2045fbc_2002.jpg,[0.9175],"[[293, 103, 396, 217]]","[[291, 104, 393, 218]]"
b2045fbc_1216.jpg,[],[],[]
9d47d182_311.jpg,[0.8211],"[[180, 93, 329, 291]]","[[177, 93, 315, 288]]"
b2045fbc_1836.jpg,[0.8983],"[[305, 170, 376, 259]]","[[305, 169, 375, 257]]"
b2045fbc_522.jpg,[],[],[]
b2045fbc_100.jpg,"[0.9065, 0.906]","[[389, 127, 529, 284], [68, 162, 186, 322]]","[[68, 160, 187, 321], [388, 126, 528, 283]]"
b2045fbc_1208.jpg,[],[],[]
9d47d182_391.jpg,[0.8493],"[[225, 100, 357, 288]]","[[225, 98, 357, 289]]"
b2045fbc_528.jpg,[0.9075],"[[261, 116, 384, 284]]","[[260, 114, 384, 284]]"
9d47d182_207.jpg,[0.8178],"[[184, 94, 335, 287]]","[[183, 94, 333, 286]]"
b2045fbc_1946.jpg,[0.9235],"[[283, 98, 378, 208]]","[[281, 91, 378, 209]]"
b2045fbc_927.jpg,[0.9224],"[[220, 139, 368, 343]]","[[220, 138, 367, 343]]"
b2045fbc_307.jpg,[0.9085],"[[190, 75, 350, 303]]","[[190, 75, 346, 306]]"
b2045fbc_592.jpg,[0.9225],"[[230, 77, 376, 288]]","[[230, 76, 376, 288]]"
b2045fbc_1709.jpg,[0.8718],"[[163, 166, 256, 266]]","[[163, 164, 256, 266]]"
b2045fbc_1823.jpg,[0.9055],"[[230, 143, 361, 334]]","[[230, 142, 362, 333]]"
b2045fbc_1145.jpg,[0.8951],"[[172, 130, 306, 327]]","[[172, 128, 307, 327]]"
b2045fbc_1832.jpg,[],[],[]
b2045fbc_258.jpg,[0.9189],"[[240, 136, 372, 322]]","[[239, 135, 372, 320]]"
b2045fbc_1773.jpg,[0.9096],"[[247, 79, 428, 301]]","[[246, 79, 429, 298]]"
b2045fbc_640.jpg,[0.8355],"[[0, 95, 216, 360]]","[[0, 97, 216, 358]]"
b2045fbc_1243.jpg,[],[],[]
b2045fbc_350.jpg,[0.8912],"[[207, 99, 324, 282]]","[[207, 98, 325, 280]]"
b2045fbc_1493.jpg,[0.5434],"[[170, 175, 286, 324]]","[[170, 173, 286, 320]]"
b2045fbc_1136.jpg,[],[],[]
b2045fbc_1940.jpg,[0.9003],"[[333, 140, 421, 243]]","[[331, 138, 424, 242]]"
b2045fbc_1549.jpg,[0.7741],"[[103, 162, 260, 360]]","[[102, 163, 262, 358]]"
9d47d182_145.jpg,[0.8516],"[[196, 97, 348, 290]]","[[196, 97, 331, 286]]"
b2045fbc_1999.jpg,[0.8962],"[[323, 110, 420, 218]]","[[321, 109, 421, 219]]"
f044cf1d_265.jpg,[0.8593],"[[271, 82, 418, 284]]","[[272, 81, 416, 283]]"
b2045fbc_984.jpg,[],[],"[[40, 144, 232, 357]]"
b2045fbc_1138.jpg,[0.8478],"[[49, 144, 212, 354]]","[[48, 142, 212, 352]]"
9d47d182_90.jpg,[0.8039],"[[213, 97, 346, 283]]","[[214, 96, 346, 282]]"
b2045fbc_1559.jpg,[0.911],"[[169, 155, 322, 360]]","[[167, 159, 321, 360]]"
b2045fbc_308.jpg,[0.9237],"[[259, 91, 404, 300]]","[[260, 89, 404, 300]]"
b2045fbc_1802.jpg,[0.9102],"[[215, 92, 368, 269]]","[[214, 91, 368, 268]]"
9d47d182_174.jpg,[0.8432],"[[195, 98, 336, 290]]","[[192, 98, 331, 288]]"
b2045fbc_477.jpg,[0.9053],"[[290, 121, 403, 291]]","[[288, 120, 403, 290]]"
b2045fbc_486.jpg,[0.9087],"[[290, 121, 403, 290]]","[[288, 120, 403, 289]]"
b2045fbc_591.jpg,[0.9003],"[[292, 105, 441, 321]]","[[292, 104, 440, 321]]"
b2045fbc_291.jpg,[0.9204],"[[239, 137, 371, 323]]","[[238, 136, 370, 323]]"
b2045fbc_1038.jpg,[0.8921],"[[173, 1, 348, 215]]","[[173, 0, 350, 211]]"
9d47d182_242.jpg,[0.8202],"[[179, 91, 326, 288]]","[[179, 91, 321, 288]]"
b2045fbc_931.jpg,[0.9173],"[[220, 138, 368, 343]]","[[220, 138, 366, 343]]"
b2045fbc_532.jpg,[0.8533],"[[283, 121, 399, 288]]","[[283, 120, 399, 287]]"
b2045fbc_1938.jpg,[0.8871],"[[339, 146, 432, 244]]","[[338, 142, 434, 239]]"
b2045fbc_938.jpg,[0.9117],"[[167, 7, 333, 231]]","[[164, 6, 332, 228]]"
b2045fbc_658.jpg,[0.9238],"[[280, 99, 433, 326]]","[[279, 98, 432, 325]]"
b2045fbc_416.jpg,[0.9004],"[[171, 112, 285, 294]]","[[170, 109, 286, 291]]"
b2045fbc_859.jpg,[0.8089],"[[172, 61, 339, 319]]","[[173, 59, 337, 318]]"
b2045fbc_1899.jpg,[0.9112],"[[314, 132, 390, 225]]","[[314, 131, 389, 223]]"
b2045fbc_1641.jpg,[0.8479],"[[191, 164, 336, 359]]","[[192, 163, 335, 359]]"
b2045fbc_2004.jpg,"[0.8861, 0.8737]","[[0, 1, 86, 101], [254, 110, 347, 224]]","[[0, 1, 88, 101], [253, 112, 347, 224]]"
f044cf1d_13.jpg,[0.8348],"[[254, 73, 411, 270]]","[[255, 73, 407, 271]]"
b2045fbc_1487.jpg,[0.6945],"[[198, 248, 331, 359]]","[[198, 246, 325, 360]]"
b2045fbc_1597.jpg,[0.6544],"[[142, 148, 308, 359]]","[[143, 149, 313, 359]]"
b2045fbc_610.jpg,[0.78],"[[0, 58, 144, 343]]","[[0, 59, 144, 341]]"
b2045fbc_1233.jpg,[],[],[]
b2045fbc_1020.jpg,[0.9151],"[[194, 8, 355, 230]]",[]
b2045fbc_1050.jpg,[0.8688],"[[195, 3, 360, 213]]","[[194, 0, 362, 211]]"
b2045fbc_508.jpg,[0.9039],"[[263, 114, 394, 285]]","[[261, 113, 393, 284]]"
b2045fbc_1805.jpg,[0.4391],"[[257, 92, 376, 236]]","[[242, 87, 378, 228]]"
9d47d182_372.jpg,[0.8502],"[[219, 100, 354, 289]]","[[218, 99, 354, 290]]"
b2045fbc_1509.jpg,[0.9041],"[[187, 171, 317, 359]]","[[187, 171, 317, 357]]"
9aa3bbb8_2.jpg,[0.9354],"[[261, 144, 443, 359]]","[[261, 144, 443, 358]]"
b2045fbc_165.jpg,[0.9256],"[[285, 88, 420, 253]]","[[284, 88, 420, 250]]"
ed2e9e4c_4.jpg,[0.8815],"[[302, 138, 468, 349]]","[[301, 136, 467, 349]]"
b2045fbc_1637.jpg,[0.7795],"[[171, 164, 339, 359]]","[[171, 163, 336, 359]]"
b2045fbc_599.jpg,[0.6778],"[[210, 102, 350, 300]]","[[209, 100, 359, 299]]"
b2045fbc_1520.jpg,[0.8685],"[[165, 167, 314, 359]]","[[165, 168, 315, 358]]"
9d47d182_105.jpg,[0.8356],"[[213, 100, 346, 289]]","[[213, 100, 346, 289]]"
b2045fbc_1046.jpg,[0.9047],"[[295, 102, 451, 327]]","[[294, 100, 450, 325]]"
b2045fbc_181.jpg,[0.9166],"[[293, 95, 424, 252]]","[[293, 96, 423, 249]]"
b2045fbc_1435.jpg,[0.8967],"[[292, 110, 403, 231]]","[[292, 109, 403, 228]]"
b2045fbc_1629.jpg,[0.8197],"[[160, 166, 319, 359]]","[[159, 165, 317, 359]]"
9d47d182_135.jpg,[0.8538],"[[219, 99, 352, 288]]","[[219, 97, 352, 289]]"
f044cf1d_109.jpg,[0.8538],"[[186, 84, 316, 265]]","[[184, 83, 316, 266]]"
b2045fbc_921.jpg,[0.9239],"[[191, 135, 344, 342]]","[[192, 135, 344, 342]]"
b2045fbc_1885.jpg,[0.9188],"[[239, 127, 315, 213]]","[[237, 126, 315, 211]]"
9d47d182_146.jpg,[0.8631],"[[216, 99, 352, 289]]","[[216, 97, 352, 289]]"
f044cf1d_264.jpg,[0.8847],"[[271, 81, 417, 284]]","[[272, 80, 416, 283]]"
9d47d182_259.jpg,[0.854],"[[172, 95, 328, 294]]","[[172, 95, 324, 293]]"
b2045fbc_1644.jpg,[0.9116],"[[53, 163, 194, 354]]","[[53, 162, 195, 354]]"
9aa3bbb8_98.jpg,[],[],"[[244, 226, 418, 359]]"
f044cf1d_162.jpg,[0.8041],"[[164, 85, 296, 269]]","[[160, 82, 294, 271]]"
b2045fbc_41.jpg,[0.8555],"[[215, 207, 295, 318]]","[[215, 207, 296, 318]]"
b2045fbc_713.jpg,[0.9243],"[[290, 102, 444, 325]]","[[290, 100, 444, 325]]"
b2045fbc_1951.jpg,[0.9176],"[[282, 105, 377, 217]]","[[279, 107, 377, 219]]"
b2045fbc_853.jpg,[0.757],"[[211, 53, 368, 306]]","[[212, 51, 371, 312]]"
b2045fbc_2.jpg,[0.9207],"[[238, 125, 374, 320]]","[[238, 126, 374, 319]]"
9d47d182_127.jpg,[0.821],"[[195, 98, 345, 289]]","[[195, 97, 337, 289]]"
9d47d182_410.jpg,[0.813],"[[213, 100, 354, 291]]","[[214, 100, 349, 288]]"
b2045fbc_202.jpg,[0.9219],"[[278, 109, 428, 325]]","[[277, 107, 426, 325]]"
9d47d182_71.jpg,[0.7902],"[[199, 99, 349, 293]]","[[200, 99, 336, 292]]"
9aa3bbb8_6.jpg,[],[],"[[245, 221, 421, 358]]"
b2045fbc_54.jpg,[0.9186],"[[69, 150, 192, 320]]","[[68, 149, 192, 320]]"
b2045fbc_457.jpg,[0.92],"[[283, 119, 399, 293]]","[[284, 117, 399, 292]]"
b2045fbc_715.jpg,[],[],[]
b2045fbc_118.jpg,"[0.9109, 0.7764]","[[357, 101, 493, 263], [0, 141, 84, 311]]","[[355, 102, 493, 261], [0, 140, 84, 307]]"
b2045fbc_1232.jpg,[],[],[]
b2045fbc_1048.jpg,[0.9026],"[[197, 1, 361, 214]]","[[196, 0, 360, 210]]"
9d47d182_150.jpg,[0.8417],"[[195, 98, 346, 289]]","[[194, 97, 332, 288]]"
9d47d182_53.jpg,[0.8103],"[[204, 99, 350, 292]]","[[205, 98, 346, 291]]"
9aa3bbb8_30.jpg,[0.864],"[[282, 91, 420, 286]]","[[283, 90, 420, 286]]"
b2045fbc_59.jpg,[0.9228],"[[123, 216, 248, 359]]","[[123, 217, 248, 360]]"
f044cf1d_243.jpg,[0.9026],"[[216, 76, 348, 260]]","[[216, 77, 348, 260]]"
b2045fbc_1499.jpg,[0.9041],"[[192, 168, 326, 359]]","[[191, 171, 325, 357]]"
9d47d182_337.jpg,[0.8421],"[[173, 94, 309, 290]]","[[173, 93, 309, 290]]"
9d47d182_339.jpg,[0.9113],"[[171, 90, 309, 286]]","[[170, 90, 310, 286]]"
9d47d182_21.jpg,[0.8311],"[[211, 101, 346, 290]]","[[211, 101, 345, 290]]"
b2045fbc_662.jpg,[],[],[]
b2045fbc_1751.jpg,[0.8503],"[[140, 151, 223, 239]]","[[140, 150, 227, 239]]"
b2045fbc_46.jpg,[0.921],"[[157, 109, 260, 251]]","[[155, 109, 261, 250]]"
b2045fbc_535.jpg,[0.928],"[[226, 119, 357, 312]]","[[226, 119, 358, 311]]"
b2045fbc_1140.jpg,[0.261],"[[0, 185, 132, 360]]",[]
f044cf1d_112.jpg,[0.8398],"[[257, 69, 410, 265]]","[[257, 68, 403, 264]]"
b2045fbc_657.jpg,[],[],[]
9aa3bbb8_9.jpg,[0.9331],"[[266, 149, 447, 359]]","[[267, 148, 448, 359]]"
b2045fbc_565.jpg,[0.8943],"[[320, 99, 483, 315]]","[[320, 97, 482, 313]]"
b2045fbc_729.jpg,[],[],[]
9d47d182_264.jpg,[0.8573],"[[173, 98, 328, 295]]","[[172, 96, 320, 295]]"
b2045fbc_1943.jpg,[0.9199],"[[313, 97, 412, 213]]","[[312, 95, 412, 215]]"
b2045fbc_98.jpg,"[0.8951, 0.8503]","[[389, 128, 528, 282], [68, 161, 187, 324]]","[[388, 126, 528, 282], [68, 159, 190, 324]]"
b2045fbc_1312.jpg,[0.9115],"[[282, 94, 409, 258]]","[[282, 95, 410, 257]]"
b2045fbc_353.jpg,[0.8818],"[[176, 127, 304, 305]]","[[175, 126, 305, 303]]"
b2045fbc_1166.jpg,[0.8888],"[[218, 121, 340, 296]]","[[218, 121, 341, 295]]"
b2045fbc_288.jpg,[0.8972],"[[187, 82, 343, 309]]","[[185, 80, 347, 310]]"
b2045fbc_311.jpg,[0.9223],"[[196, 120, 336, 316]]","[[195, 120, 336, 315]]"
f044cf1d_159.jpg,[0.8796],"[[170, 89, 307, 268]]","[[166, 85, 310, 269]]"
b2045fbc_1666.jpg,[0.9023],"[[368, 123, 501, 302]]","[[367, 123, 501, 302]]"
b2045fbc_728.jpg,[],[],[]
b2045fbc_190.jpg,"[0.9362, 0.9065]","[[63, 141, 190, 316], [376, 99, 510, 258]]","[[63, 140, 189, 315], [375, 98, 509, 256]]"
b2045fbc_1019.jpg,[0.9172],"[[175, 17, 337, 238]]","[[175, 16, 337, 238]]"
b2045fbc_596.jpg,[0.824],"[[199, 92, 378, 294]]","[[200, 91, 367, 291]]"
f044cf1d_131.jpg,[0.8637],"[[175, 83, 302, 263]]","[[171, 80, 305, 264]]"
b2045fbc_1911.jpg,"[0.9148, 0.8099]","[[301, 138, 376, 231], [0, 59, 42, 138]]","[[299, 140, 375, 227], [1, 58, 43, 133]]"
9d47d182_252.jpg,[0.8516],"[[172, 96, 327, 294]]","[[171, 96, 321, 294]]"
f044cf1d_79.jpg,[0.8244],"[[257, 73, 411, 269]]","[[257, 71, 406, 267]]"
9d47d182_41.jpg,[0.7816],"[[203, 98, 352, 290]]","[[203, 97, 347, 288]]"
b2045fbc_1572.jpg,[0.8695],"[[139, 138, 311, 358]]","[[139, 136, 312, 359]]"
b2045fbc_717.jpg,[],[],[]
b2045fbc_1972.jpg,[0.9127],"[[277, 106, 379, 221]]","[[278, 105, 378, 219]]"
b2045fbc_1613.jpg,[0.9013],"[[150, 142, 311, 359]]","[[150, 141, 312, 357]]"
b2045fbc_953.jpg,[0.905],"[[177, 9, 338, 233]]","[[177, 9, 339, 229]]"
b2045fbc_1438.jpg,[],[],[]
b2045fbc_1174.jpg,[0.8876],"[[223, 122, 344, 294]]","[[222, 122, 346, 295]]"
b2045fbc_1449.jpg,[],[],[]
b2045fbc_1317.jpg,[],[],"[[168, 148, 272, 360]]"
9d47d182_218.jpg,[0.8653],"[[178, 98, 330, 293]]","[[178, 98, 325, 292]]"
f044cf1d_238.jpg,[0.8988],"[[213, 77, 345, 260]]","[[214, 77, 346, 260]]"
b2045fbc_768.jpg,[0.7417],"[[383, 184, 558, 360]]","[[386, 190, 556, 358]]"
b2045fbc_567.jpg,[0.907],"[[286, 92, 449, 319]]","[[285, 90, 449, 319]]"
b2045fbc_753.jpg,[],[],[]
b2045fbc_810.jpg,[0.9005],"[[165, 136, 300, 323]]","[[164, 135, 300, 322]]"
b2045fbc_1300.jpg,[0.7154],"[[218, 157, 335, 352]]","[[217, 154, 337, 352]]"
b2045fbc_1128.jpg,[],[],[]
b2045fbc_1898.jpg,[0.9104],"[[313, 134, 389, 228]]","[[312, 134, 388, 227]]"
b2045fbc_1029.jpg,[0.9011],"[[190, 8, 352, 234]]","[[190, 7, 353, 231]]"
9d47d182_350.jpg,[0.7363],"[[167, 96, 312, 293]]","[[164, 97, 304, 292]]"
f044cf1d_277.jpg,[0.826],"[[254, 73, 410, 270]]","[[255, 71, 407, 267]]"
b2045fbc_1047.jpg,[0.8908],"[[198, 1, 363, 213]]","[[198, 1, 362, 209]]"
b2045fbc_1786.jpg,[0.9122],"[[251, 74, 432, 289]]","[[251, 73, 432, 288]]"
9d47d182_5.jpg,[0.8653],"[[216, 100, 355, 292]]","[[218, 99, 354, 292]]"
b2045fbc_31.jpg,[0.3313],"[[0, 163, 99, 346]]",[]
b2045fbc_1977.jpg,[0.9213],"[[291, 105, 386, 209]]","[[291, 104, 385, 207]]"
f044cf1d_250.jpg,[0.8975],"[[218, 76, 350, 260]]","[[217, 75, 350, 259]]"
9d47d182_12.jpg,[0.8503],"[[218, 101, 354, 292]]","[[218, 100, 354, 291]]"
9aa3bbb8_51.jpg,[0.9296],"[[267, 137, 446, 359]]","[[267, 136, 445, 358]]"
b2045fbc_402.jpg,[0.9251],"[[228, 100, 398, 348]]","[[228, 97, 396, 347]]"
b2045fbc_1883.jpg,[0.9078],"[[315, 133, 390, 222]]","[[314, 133, 390, 221]]"
b2045fbc_491.jpg,[0.9249],"[[298, 102, 448, 323]]","[[297, 100, 447, 319]]"
9aa3bbb8_59.jpg,[0.8505],"[[324, 135, 481, 350]]","[[323, 134, 473, 349]]"
f044cf1d_80.jpg,[0.8043],"[[244, 79, 394, 254]]","[[246, 77, 394, 253]]"
b2045fbc_1958.jpg,[],[],[]
b2045fbc_922.jpg,[0.9224],"[[220, 136, 369, 342]]","[[220, 133, 368, 342]]"
ed2e9e4c_13.jpg,[0.8749],"[[281, 131, 434, 350]]","[[281, 130, 433, 351]]"
b2045fbc_379.jpg,[0.8209],"[[161, 132, 284, 310]]","[[160, 128, 283, 307]]"
b2045fbc_1262.jpg,[0.3048],"[[0, 211, 141, 359]]","[[0, 211, 140, 359]]"
ed2e9e4c_33.jpg,[0.906],"[[282, 86, 422, 300]]","[[282, 86, 422, 299]]"
f044cf1d_287.jpg,[0.8131],"[[163, 90, 308, 271]]","[[162, 88, 293, 270]]"
b2045fbc_1787.jpg,[0.9164],"[[247, 85, 425, 296]]","[[247, 85, 427, 296]]"
b2045fbc_175.jpg,[0.9195],"[[285, 89, 420, 253]]","[[284, 88, 420, 250]]"
b2045fbc_1860.jpg,[0.9118],"[[333, 124, 416, 217]]","[[333, 123, 415, 216]]"
b2045fbc_1826.jpg,[0.9252],"[[257, 142, 353, 256]]","[[256, 142, 352, 255]]"
b2045fbc_973.jpg,[0.9224],"[[160, 64, 315, 281]]","[[160, 62, 315, 280]]"
9d47d182_20.jpg,[0.8522],"[[217, 102, 350, 291]]","[[217, 101, 350, 290]]"
b2045fbc_612.jpg,[0.8917],"[[52, 59, 237, 305]]","[[51, 59, 237, 304]]"
b2045fbc_769.jpg,[0.9143],"[[281, 104, 443, 332]]","[[281, 103, 442, 331]]"
f044cf1d_269.jpg,[0.8427],"[[269, 78, 417, 281]]","[[271, 77, 415, 279]]"
b2045fbc_1686.jpg,[0.8574],"[[132, 3, 299, 232]]","[[132, 6, 298, 231]]"
b2045fbc_895.jpg,[0.9045],"[[177, 138, 340, 352]]","[[176, 138, 340, 353]]"
9d47d182_355.jpg,[0.7063],"[[167, 96, 314, 294]]","[[164, 98, 304, 293]]"
b2045fbc_230.jpg,[0.9208],"[[261, 110, 412, 324]]","[[261, 109, 411, 325]]"
b2045fbc_620.jpg,[],[],[]
9d47d182_154.jpg,[0.8307],"[[195, 97, 346, 289]]","[[194, 97, 330, 285]]"
f044cf1d_50.jpg,[0.8453],"[[179, 88, 309, 273]]","[[176, 88, 308, 274]]"
9d47d182_276.jpg,[0.898],"[[186, 98, 323, 293]]","[[186, 97, 322, 293]]"
9d47d182_303.jpg,[0.8446],"[[180, 93, 330, 290]]","[[179, 92, 328, 289]]"
b2045fbc_974.jpg,[0.9219],"[[157, 82, 318, 306]]","[[157, 81, 318, 308]]"
9d47d182_97.jpg,[0.7744],"[[201, 97, 342, 289]]","[[202, 97, 337, 288]]"
9d47d182_61.jpg,[0.8361],"[[197, 94, 334, 287]]","[[197, 94, 334, 287]]"
b2045fbc_2029.jpg,[0.8352],"[[198, 115, 295, 226]]","[[198, 114, 294, 225]]"
9d47d182_257.jpg,[0.7954],"[[206, 97, 340, 284]]","[[207, 96, 339, 284]]"
9d47d182_85.jpg,[0.7521],"[[201, 97, 344, 288]]","[[200, 96, 340, 288]]"
9d47d182_413.jpg,[0.8533],"[[226, 100, 358, 288]]","[[226, 100, 358, 289]]"
b2045fbc_1658.jpg,[0.6975],"[[246, 234, 368, 359]]","[[243, 229, 368, 360]]"
9d47d182_149.jpg,[0.8259],"[[195, 97, 346, 289]]","[[195, 96, 332, 285]]"
f044cf1d_103.jpg,[0.8738],"[[187, 84, 315, 265]]","[[183, 81, 317, 268]]"
f044cf1d_4.jpg,[0.828],"[[164, 89, 300, 270]]","[[163, 87, 293, 268]]"
9aa3bbb8_91.jpg,[],[],[]
b2045fbc_1127.jpg,[],[],[]
b2045fbc_784.jpg,[0.9239],"[[205, 114, 332, 297]]","[[204, 112, 332, 296]]"
b2045fbc_1517.jpg,[0.9115],"[[182, 174, 313, 359]]","[[182, 174, 313, 359]]"
9d47d182_16.jpg,[0.8218],"[[217, 101, 355, 292]]","[[218, 100, 354, 291]]"
ed2e9e4c_67.jpg,[0.8972],"[[307, 132, 471, 351]]","[[306, 131, 470, 350]]"
b2045fbc_1728.jpg,[0.8871],"[[162, 161, 252, 255]]","[[159, 155, 249, 255]]"
b2045fbc_505.jpg,[0.9041],"[[248, 112, 379, 288]]","[[245, 109, 379, 287]]"
b2045fbc_443.jpg,[0.9002],"[[272, 109, 391, 285]]","[[271, 108, 391, 284]]"
b2045fbc_546.jpg,[0.7538],"[[303, 119, 414, 285]]","[[305, 117, 414, 282]]"
b2045fbc_761.jpg,[],[],[]
b2045fbc_1682.jpg,[0.8755],"[[147, 63, 308, 279]]","[[146, 62, 306, 277]]"
b2045fbc_1577.jpg,[0.8461],"[[136, 138, 303, 359]]","[[134, 139, 298, 359]]"
9d47d182_227.jpg,[0.8176],"[[178, 99, 320, 293]]","[[176, 98, 316, 292]]"
b2045fbc_1627.jpg,[0.812],"[[157, 165, 307, 360]]","[[157, 163, 314, 359]]"
b2045fbc_520.jpg,[0.9022],"[[296, 125, 417, 298]]","[[294, 124, 416, 297]]"
b2045fbc_447.jpg,[0.9155],"[[283, 96, 437, 322]]","[[283, 92, 437, 320]]"
9d47d182_68.jpg,[0.8588],"[[225, 100, 355, 287]]","[[225, 98, 355, 288]]"
b2045fbc_1478.jpg,[0.862],"[[324, 250, 415, 359]]","[[318, 247, 416, 359]]"
9aa3bbb8_67.jpg,[0.8938],"[[312, 166, 455, 360]]","[[312, 165, 456, 360]]"
b2045fbc_268.jpg,[0.9095],"[[238, 95, 387, 313]]","[[238, 93, 388, 312]]"
9d47d182_236.jpg,[0.8864],"[[174, 98, 313, 299]]","[[172, 97, 312, 298]]"
ed2e9e4c_3.jpg,[0.9002],"[[309, 135, 473, 351]]","[[309, 131, 473, 350]]"
b2045fbc_203.jpg,[0.9184],"[[268, 92, 400, 254]]","[[266, 93, 398, 252]]"
b2045fbc_357.jpg,[0.8955],"[[175, 123, 315, 312]]","[[176, 123, 316, 311]]"
b2045fbc_914.jpg,[0.9108],"[[177, 144, 339, 359]]","[[178, 143, 338, 356]]"
9d47d182_267.jpg,[0.8952],"[[172, 88, 314, 287]]","[[172, 88, 312, 286]]"
b2045fbc_872.jpg,[0.8358],"[[180, 78, 332, 321]]","[[179, 73, 333, 322]]"
b2045fbc_1684.jpg,[0.8497],"[[156, 36, 316, 258]]","[[156, 35, 312, 257]]"
b2045fbc_474.jpg,[0.9106],"[[290, 122, 402, 292]]","[[287, 120, 401, 291]]"
b2045fbc_35.jpg,[0.8886],"[[148, 125, 286, 320]]","[[148, 125, 284, 319]]"
b2045fbc_918.jpg,[0.9119],"[[184, 140, 343, 357]]","[[184, 140, 343, 356]]"
b2045fbc_1343.jpg,[0.6343],"[[169, 164, 270, 359]]","[[169, 165, 271, 359]]"
b2045fbc_1547.jpg,[0.75],"[[113, 161, 270, 360]]","[[112, 162, 276, 357]]"
b2045fbc_1382.jpg,[],[],"[[135, 175, 312, 359]]"
9d47d182_288.jpg,[0.8644],"[[191, 94, 328, 289]]","[[190, 92, 326, 289]]"
b2045fbc_831.jpg,[0.9168],"[[156, 121, 308, 334]]","[[154, 120, 305, 333]]"
b2045fbc_127.jpg,"[0.9211, 0.8999]","[[0, 138, 105, 316], [331, 94, 465, 249]]","[[330, 92, 465, 248], [0, 138, 105, 315]]"
9d47d182_177.jpg,[0.8647],"[[194, 97, 345, 289]]","[[195, 97, 344, 288]]"
f044cf1d_282.jpg,[0.893],"[[188, 87, 311, 264]]","[[182, 84, 314, 267]]"
f044cf1d_87.jpg,[0.8447],"[[241, 81, 393, 262]]","[[240, 79, 392, 261]]"
b2045fbc_1060.jpg,[0.8542],"[[96, 13, 265, 243]]","[[95, 14, 264, 245]]"
9d47d182_155.jpg,[0.8196],"[[195, 97, 346, 289]]","[[192, 96, 331, 288]]"
9d47d182_411.jpg,[0.8029],"[[213, 100, 353, 291]]","[[214, 99, 349, 284]]"
b2045fbc_1404.jpg,[],[],[]
b2045fbc_15.jpg,[0.9113],"[[230, 130, 353, 306]]","[[229, 129, 353, 306]]"
b2045fbc_626.jpg,[],[],[]
b2045fbc_566.jpg,[0.908],"[[294, 94, 457, 318]]","[[293, 92, 457, 316]]"
f044cf1d_91.jpg,[0.8413],"[[241, 80, 392, 262]]","[[240, 79, 392, 262]]"
b2045fbc_279.jpg,[0.7718],"[[230, 93, 399, 313]]","[[230, 90, 389, 311]]"
b2045fbc_1169.jpg,[0.8967],"[[220, 122, 342, 296]]","[[221, 121, 343, 295]]"
b2045fbc_1984.jpg,[0.9245],"[[275, 124, 361, 208]]","[[275, 124, 361, 207]]"
9d47d182_22.jpg,[0.8387],"[[210, 102, 344, 290]]","[[210, 101, 345, 289]]"
9d47d182_345.jpg,[0.7374],"[[168, 96, 317, 293]]","[[166, 99, 304, 292]]"
b2045fbc_1543.jpg,[0.7786],"[[114, 161, 274, 359]]","[[113, 159, 277, 358]]"
b2045fbc_1557.jpg,"[0.907, 0.7122]","[[253, 106, 373, 245], [0, 130, 35, 288]]","[[253, 106, 374, 243], [0, 129, 35, 286]]"
b2045fbc_1722.jpg,[0.507],"[[154, 163, 241, 260]]","[[153, 160, 242, 258]]"
b2045fbc_1848.jpg,[0.9116],"[[292, 136, 364, 221]]","[[291, 135, 364, 220]]"
b2045fbc_1623.jpg,"[0.927, 0.8247]","[[140, 131, 257, 297], [429, 89, 557, 226]]","[[139, 130, 257, 296], [429, 87, 558, 225]]"
b2045fbc_819.jpg,[],[],[]
b2045fbc_1285.jpg,[0.9064],"[[134, 146, 276, 344]]","[[134, 145, 277, 343]]"
b2045fbc_867.jpg,[0.8047],"[[174, 77, 329, 320]]","[[176, 70, 330, 321]]"
b2045fbc_982.jpg,[0.6331],"[[17, 155, 216, 360]]","[[17, 153, 214, 360]]"
9d47d182_65.jpg,[0.7804],"[[199, 100, 351, 293]]","[[198, 99, 341, 292]]"
b2045fbc_1717.jpg,[],[],[]
b2045fbc_1592.jpg,[0.7101],"[[139, 150, 303, 359]]","[[138, 150, 314, 358]]"
b2045fbc_1245.jpg,[],[],[]
f044cf1d_126.jpg,[0.8613],"[[178, 82, 306, 260]]","[[179, 78, 305, 259]]"
b2045fbc_1454.jpg,[],[],[]
9d47d182_152.jpg,[0.8477],"[[195, 97, 346, 289]]","[[194, 97, 330, 288]]"
b2045fbc_1415.jpg,[0.8707],"[[51, 46, 194, 235]]","[[49, 45, 194, 231]]"
f044cf1d_172.jpg,[0.799],"[[264, 80, 409, 259]]","[[261, 79, 410, 258]]"
9d47d182_15.jpg,[0.8489],"[[215, 100, 355, 292]]","[[216, 99, 355, 291]]"
f044cf1d_125.jpg,[0.8741],"[[185, 85, 312, 264]]","[[181, 83, 315, 263]]"
b2045fbc_484.jpg,[0.9099],"[[292, 121, 404, 292]]","[[288, 120, 404, 291]]"
b2045fbc_40.jpg,[],[],[]
b2045fbc_1321.jpg,[0.2692],"[[185, 147, 287, 350]]","[[174, 141, 277, 360]]"
9aa3bbb8_72.jpg,[0.888],"[[303, 119, 431, 315]]","[[304, 120, 443, 315]]"
b2045fbc_1988.jpg,[0.902],"[[303, 118, 395, 216]]","[[302, 118, 394, 214]]"
9d47d182_208.jpg,[0.8118],"[[180, 97, 330, 290]]","[[180, 97, 323, 289]]"
b2045fbc_50.jpg,[0.9242],"[[90, 139, 209, 294]]","[[89, 138, 209, 293]]"
ed2e9e4c_37.jpg,[0.9073],"[[277, 125, 440, 358]]","[[277, 124, 439, 356]]"
b2045fbc_720.jpg,[],[],[]
b2045fbc_1422.jpg,[],[],[]
9d47d182_186.jpg,[0.8292],"[[193, 98, 342, 288]]","[[194, 97, 338, 288]]"
b2045fbc_1165.jpg,[0.8884],"[[217, 121, 339, 296]]","[[216, 120, 340, 295]]"
f044cf1d_273.jpg,[0.8477],"[[271, 79, 418, 281]]","[[272, 79, 416, 280]]"
b2045fbc_8.jpg,[0.8967],"[[225, 131, 348, 306]]","[[224, 129, 348, 306]]"
b2045fbc_407.jpg,[0.8928],"[[172, 111, 288, 295]]","[[172, 108, 287, 295]]"
9d47d182_402.jpg,[0.8657],"[[226, 100, 358, 288]]","[[226, 100, 358, 289]]"
b2045fbc_1781.jpg,[0.9108],"[[246, 80, 428, 301]]","[[246, 80, 429, 302]]"
b2045fbc_1336.jpg,[0.294],"[[187, 147, 288, 356]]","[[177, 146, 287, 360]]"
ed2e9e4c_29.jpg,[0.2941],"[[290, 83, 407, 240]]",[]
b2045fbc_979.jpg,[0.9279],"[[247, 102, 387, 310]]","[[247, 100, 388, 308]]"
b2045fbc_1552.jpg,[0.8742],"[[128, 163, 293, 359]]","[[126, 156, 294, 360]]"
f044cf1d_229.jpg,[0.8907],"[[210, 76, 342, 261]]","[[210, 76, 345, 260]]"
b2045fbc_1191.jpg,[0.863],"[[214, 128, 337, 299]]","[[214, 128, 338, 299]]"
b2045fbc_39.jpg,[],[],[]
b2045fbc_663.jpg,[],[],[]
b2045fbc_1874.jpg,"[0.9115, 0.901]","[[314, 127, 402, 228], [145, 53, 202, 133]]","[[143, 51, 203, 132], [311, 126, 403, 229]]"
b2045fbc_1067.jpg,[0.8675],"[[198, 1, 359, 208]]","[[197, 1, 363, 205]]"
b2045fbc_1015.jpg,[0.9131],"[[239, 126, 386, 331]]","[[239, 124, 385, 330]]"
b2045fbc_950.jpg,[0.9065],"[[172, 7, 335, 234]]","[[172, 6, 334, 231]]"
b2045fbc_170.jpg,[0.924],"[[293, 82, 428, 244]]","[[292, 82, 428, 241]]"
f044cf1d_98.jpg,[0.8919],"[[189, 84, 315, 263]]","[[186, 81, 318, 264]]"
f044cf1d_197.jpg,[0.818],"[[195, 85, 331, 272]]","[[194, 83, 330, 272]]"
f044cf1d_276.jpg,[],[],[]
b2045fbc_957.jpg,[0.8526],"[[298, 107, 453, 323]]","[[297, 106, 453, 324]]"
b2045fbc_23.jpg,[0.9214],"[[179, 124, 312, 313]]","[[179, 124, 313, 312]]"
f044cf1d_40.jpg,[0.8248],"[[218, 73, 360, 252]]","[[219, 72, 360, 250]]"
b2045fbc_1352.jpg,[0.6034],"[[186, 160, 292, 359]]","[[186, 158, 293, 358]]"
b2045fbc_1303.jpg,[0.7471],"[[219, 153, 339, 357]]","[[218, 152, 341, 356]]"
b2045fbc_858.jpg,[0.811],"[[172, 61, 338, 319]]","[[171, 57, 345, 320]]"
b2045fbc_1214.jpg,[],[],[]
b2045fbc_207.jpg,[0.9236],"[[275, 99, 410, 261]]","[[274, 99, 410, 259]]"
b2045fbc_601.jpg,[0.8304],"[[191, 82, 330, 286]]","[[190, 79, 330, 286]]"
9aa3bbb8_25.jpg,[0.9002],"[[295, 94, 448, 294]]","[[295, 93, 447, 294]]"
b2045fbc_182.jpg,[0.9128],"[[287, 96, 421, 256]]","[[286, 95, 420, 253]]"
b2045fbc_1155.jpg,[0.9098],"[[195, 127, 331, 326]]","[[195, 127, 332, 326]]"
b2045fbc_1778.jpg,[0.9109],"[[246, 81, 426, 302]]","[[245, 81, 426, 301]]"
9d47d182_89.jpg,[0.8271],"[[199, 97, 353, 290]]","[[199, 95, 349, 287]]"
9d47d182_344.jpg,[0.7247],"[[168, 95, 319, 293]]","[[166, 96, 305, 291]]"
b2045fbc_586.jpg,[0.8827],"[[148, 95, 299, 309]]","[[149, 95, 299, 307]]"
b2045fbc_448.jpg,[0.9152],"[[285, 119, 401, 293]]","[[284, 117, 400, 292]]"
f044cf1d_278.jpg,[0.8789],"[[204, 79, 331, 260]]","[[199, 77, 333, 264]]"
9d47d182_219.jpg,[0.8654],"[[177, 98, 331, 294]]","[[177, 97, 325, 293]]"
b2045fbc_315.jpg,[0.9175],"[[198, 112, 340, 311]]","[[197, 111, 339, 311]]"
b2045fbc_541.jpg,[0.7641],"[[303, 119, 414, 284]]","[[305, 117, 414, 282]]"
b2045fbc_401.jpg,[0.8863],"[[166, 115, 272, 296]]","[[167, 114, 273, 294]]"
b2045fbc_458.jpg,[0.9155],"[[294, 100, 447, 322]]","[[293, 98, 446, 320]]"
b2045fbc_1784.jpg,[0.912],"[[247, 83, 429, 300]]","[[246, 82, 430, 300]]"
b2045fbc_1395.jpg,[],[],[]
b2045fbc_869.jpg,[0.8189],"[[280, 107, 435, 333]]","[[280, 104, 434, 332]]"
b2045fbc_1172.jpg,[0.8965],"[[222, 122, 344, 295]]","[[222, 122, 345, 296]]"
b2045fbc_1362.jpg,[0.8792],"[[136, 151, 305, 360]]","[[136, 150, 304, 357]]"
b2045fbc_873.jpg,[0.8545],"[[192, 83, 337, 320]]","[[191, 80, 341, 320]]"
b2045fbc_1532.jpg,[0.8319],"[[154, 166, 304, 360]]","[[153, 165, 307, 360]]"
9d47d182_62.jpg,[0.8892],"[[200, 97, 333, 289]]","[[199, 97, 333, 288]]"
b2045fbc_400.jpg,[0.8843],"[[166, 115, 272, 297]]","[[166, 113, 273, 295]]"
b2045fbc_249.jpg,[0.9253],"[[255, 101, 400, 315]]","[[255, 98, 400, 315]]"
b2045fbc_1917.jpg,[0.9122],"[[299, 138, 374, 231]]","[[298, 137, 374, 230]]"
b2045fbc_1307.jpg,[0.54],"[[209, 153, 307, 357]]","[[208, 154, 304, 356]]"
9d47d182_369.jpg,[0.8558],"[[223, 100, 355, 289]]","[[223, 100, 356, 289]]"
b2045fbc_1366.jpg,[0.8373],"[[128, 154, 296, 360]]","[[129, 153, 298, 360]]"
b2045fbc_1451.jpg,[],[],[]
f044cf1d_82.jpg,[0.8185],"[[244, 80, 393, 255]]","[[244, 79, 392, 253]]"
b2045fbc_934.jpg,[0.9071],"[[204, 177, 350, 359]]","[[203, 175, 349, 359]]"
b2045fbc_825.jpg,[0.8941],"[[158, 122, 291, 320]]","[[157, 120, 291, 315]]"
9d47d182_420.jpg,[0.8213],"[[214, 101, 352, 291]]","[[215, 100, 352, 291]]"
b2045fbc_265.jpg,[0.8945],"[[204, 87, 358, 315]]","[[203, 87, 356, 313]]"
b2045fbc_987.jpg,[0.7621],"[[48, 130, 239, 360]]","[[48, 131, 240, 359]]"
b2045fbc_1922.jpg,[0.8994],"[[306, 137, 383, 228]]","[[306, 137, 381, 226]]"
b2045fbc_1514.jpg,[0.909],"[[185, 174, 312, 359]]","[[185, 171, 314, 358]]"
b2045fbc_189.jpg,"[0.9226, 0.8946]","[[51, 147, 177, 322], [374, 99, 509, 265]]","[[51, 145, 177, 320], [374, 100, 509, 263]]"
b2045fbc_1847.jpg,[0.9138],"[[297, 135, 369, 219]]","[[296, 135, 368, 218]]"
b2045fbc_671.jpg,[],[],[]
b2045fbc_1877.jpg,"[0.9079, 0.8913]","[[310, 130, 397, 236], [140, 52, 198, 132]]","[[138, 48, 198, 131], [309, 129, 398, 234]]"
b2045fbc_53.jpg,[0.9257],"[[96, 139, 213, 296]]","[[97, 138, 213, 296]]"
b2045fbc_1091.jpg,[0.9153],"[[312, 95, 471, 328]]","[[312, 92, 471, 327]]"
f044cf1d_110.jpg,[0.8646],"[[186, 84, 313, 265]]","[[181, 82, 315, 264]]"
b2045fbc_795.jpg,[0.8932],"[[180, 134, 313, 323]]","[[179, 132, 313, 322]]"
b2045fbc_1470.jpg,[],[],[]
b2045fbc_1918.jpg,[0.9208],"[[299, 135, 374, 227]]","[[298, 135, 373, 226]]"
b2045fbc_1767.jpg,[0.909],"[[255, 94, 436, 315]]","[[255, 94, 436, 314]]"
f044cf1d_285.jpg,[0.7956],"[[164, 90, 307, 271]]","[[161, 91, 295, 269]]"
f044cf1d_24.jpg,[0.8337],"[[255, 73, 409, 270]]","[[255, 73, 401, 268]]"
b2045fbc_841.jpg,[0.3781],"[[0, 139, 166, 360]]","[[0, 138, 164, 359]]"
b2045fbc_1901.jpg,[0.8411],"[[205, 149, 333, 337]]","[[205, 146, 335, 335]]"
ed2e9e4c_65.jpg,[0.8506],"[[325, 98, 466, 305]]","[[325, 97, 479, 306]]"
b2045fbc_1476.jpg,[0.6465],"[[352, 260, 427, 359]]","[[347, 255, 428, 360]]"
b2045fbc_1190.jpg,[0.9235],"[[242, 117, 394, 335]]","[[242, 115, 394, 334]]"
b2045fbc_1472.jpg,[0.7696],"[[309, 253, 393, 359]]","[[306, 251, 394, 360]]"
f044cf1d_54.jpg,[0.8626],"[[178, 90, 304, 272]]","[[173, 88, 307, 274]]"
b2045fbc_548.jpg,[0.7559],"[[302, 118, 414, 282]]","[[303, 116, 413, 281]]"
9d47d182_170.jpg,[0.8165],"[[193, 95, 345, 287]]","[[193, 95, 343, 287]]"
b2045fbc_245.jpg,[0.9212],"[[232, 104, 375, 311]]","[[232, 102, 375, 311]]"
b2045fbc_1150.jpg,[0.8678],"[[110, 136, 253, 341]]","[[110, 136, 253, 340]]"
9d47d182_54.jpg,[0.8403],"[[204, 100, 342, 291]]","[[204, 99, 340, 291]]"
b2045fbc_1803.jpg,[0.9076],"[[215, 93, 368, 270]]","[[214, 93, 368, 269]]"
b2045fbc_1013.jpg,[0.9127],"[[290, 102, 450, 330]]","[[289, 99, 447, 328]]"
b2045fbc_261.jpg,[0.8946],"[[191, 93, 347, 316]]","[[191, 92, 349, 315]]"
b2045fbc_1690.jpg,[0.9231],"[[131, 137, 245, 301]]","[[130, 136, 245, 300]]"
b2045fbc_1971.jpg,[0.9168],"[[277, 110, 377, 227]]","[[276, 110, 376, 226]]"
9d47d182_163.jpg,[0.8657],"[[197, 99, 333, 290]]","[[197, 99, 331, 290]]"
f044cf1d_244.jpg,[0.8409],"[[254, 73, 409, 271]]","[[255, 73, 405, 272]]"
f044cf1d_134.jpg,[0.8814],"[[186, 83, 312, 257]]","[[182, 79, 314, 258]]"
b2045fbc_1506.jpg,[0.899],"[[187, 173, 314, 359]]","[[186, 174, 316, 358]]"
9d47d182_230.jpg,[0.7529],"[[171, 98, 313, 295]]","[[168, 100, 308, 291]]"
b2045fbc_1484.jpg,[],[],"[[159, 266, 273, 359]]"
b2045fbc_1752.jpg,[0.8438],"[[170, 157, 256, 248]]","[[168, 156, 258, 249]]"
b2045fbc_555.jpg,[0.8022],"[[295, 119, 408, 286]]","[[295, 117, 408, 286]]"
b2045fbc_444.jpg,[0.9086],"[[276, 112, 395, 288]]","[[276, 112, 394, 287]]"
b2045fbc_1564.jpg,[0.9114],"[[133, 141, 291, 360]]","[[134, 140, 290, 359]]"
b2045fbc_420.jpg,[0.8982],"[[172, 112, 286, 292]]","[[170, 109, 286, 291]]"
b2045fbc_861.jpg,[0.7714],"[[176, 63, 340, 318]]","[[175, 61, 348, 319]]"
9aa3bbb8_57.jpg,[0.8889],"[[308, 144, 449, 359]]","[[307, 144, 449, 357]]"
b2045fbc_429.jpg,[0.9133],"[[237, 92, 380, 293]]","[[237, 91, 379, 291]]"
f044cf1d_286.jpg,[0.8249],"[[165, 89, 298, 270]]","[[162, 88, 294, 270]]"
b2045fbc_689.jpg,[],[],[]
b2045fbc_387.jpg,[0.8445],"[[151, 135, 279, 310]]","[[151, 133, 281, 307]]"
9d47d182_167.jpg,[0.8851],"[[196, 97, 330, 287]]","[[195, 96, 329, 288]]"
9d47d182_124.jpg,[0.8471],"[[210, 99, 362, 290]]","[[210, 97, 362, 289]]"
b2045fbc_75.jpg,[0.8024],"[[57, 190, 178, 348]]","[[57, 189, 179, 349]]"
b2045fbc_1139.jpg,[0.8039],"[[0, 153, 154, 360]]","[[0, 156, 156, 358]]"
b2045fbc_1616.jpg,[0.6175],"[[161, 136, 331, 330]]","[[161, 135, 330, 329]]"
9aa3bbb8_95.jpg,[0.925],"[[267, 135, 448, 360]]","[[267, 132, 448, 358]]"
b2045fbc_431.jpg,[0.9028],"[[291, 120, 408, 295]]","[[288, 120, 408, 293]]"
9d47d182_196.jpg,[0.8339],"[[190, 97, 344, 290]]","[[189, 95, 343, 289]]"
9d47d182_183.jpg,[0.8489],"[[194, 97, 344, 289]]","[[195, 97, 340, 288]]"
9d47d182_250.jpg,[0.8365],"[[172, 96, 326, 295]]","[[171, 95, 313, 294]]"
b2045fbc_1062.jpg,[0.7724],"[[135, 6, 298, 237]]","[[135, 5, 297, 235]]"
b2045fbc_349.jpg,[0.887],"[[208, 100, 323, 282]]","[[208, 98, 324, 280]]"
b2045fbc_1112.jpg,[0.8996],"[[140, 61, 315, 297]]","[[143, 60, 317, 297]]"
9d47d182_268.jpg,[0.8618],"[[218, 95, 353, 281]]","[[218, 94, 353, 280]]"
b2045fbc_1328.jpg,[0.3227],"[[187, 145, 288, 353]]","[[178, 139, 289, 360]]"
b2045fbc_1065.jpg,[0.9285],"[[209, 2, 368, 214]]","[[208, 3, 368, 212]]"
9d47d182_82.jpg,[0.8459],"[[211, 100, 346, 289]]","[[211, 100, 345, 290]]"
b2045fbc_1218.jpg,[],[],[]
b2045fbc_1669.jpg,[0.8597],"[[88, 101, 271, 356]]","[[87, 100, 273, 353]]"
9d47d182_376.jpg,[0.8372],"[[213, 100, 347, 289]]","[[213, 100, 346, 289]]"
9d47d182_193.jpg,[0.8402],"[[193, 98, 342, 290]]","[[194, 97, 333, 289]]"
b2045fbc_1299.jpg,[],[],[]
b2045fbc_80.jpg,[0.9267],"[[251, 112, 404, 332]]","[[251, 111, 404, 332]]"
b2045fbc_1858.jpg,[0.9155],"[[322, 129, 412, 234]]","[[321, 129, 411, 233]]"
b2045fbc_91.jpg,[0.9219],"[[255, 113, 407, 334]]","[[253, 111, 407, 334]]"
b2045fbc_70.jpg,[],[],"[[120, 243, 256, 358]]"
9aa3bbb8_85.jpg,[],[],"[[238, 230, 414, 358]]"
b2045fbc_998.jpg,[0.9008],"[[171, 122, 330, 336]]","[[171, 120, 331, 335]]"
f044cf1d_147.jpg,[0.8599],"[[202, 78, 333, 255]]","[[204, 77, 336, 255]]"
9d47d182_327.jpg,[0.8253],"[[175, 93, 310, 289]]","[[174, 92, 310, 289]]"
b2045fbc_254.jpg,[0.8994],"[[225, 90, 370, 309]]","[[224, 88, 368, 307]]"
b2045fbc_421.jpg,[0.8959],"[[165, 115, 280, 296]]","[[165, 113, 281, 296]]"
b2045fbc_432.jpg,[0.9017],"[[293, 117, 409, 293]]","[[291, 117, 409, 292]]"
b2045fbc_1608.jpg,[0.8719],"[[151, 146, 313, 359]]","[[151, 147, 313, 356]]"
b2045fbc_1318.jpg,[0.2732],"[[177, 145, 280, 356]]","[[177, 144, 279, 355]]"
b2045fbc_854.jpg,[0.8105],"[[166, 59, 335, 320]]","[[167, 56, 333, 317]]"
b2045fbc_856.jpg,[0.8119],"[[175, 61, 343, 317]]","[[175, 57, 349, 316]]"
b2045fbc_1276.jpg,[0.9017],"[[132, 138, 269, 334]]","[[132, 137, 268, 333]]"
b2045fbc_1527.jpg,[0.7771],"[[151, 165, 302, 359]]","[[151, 165, 305, 359]]"
9d47d182_275.jpg,[0.9001],"[[186, 98, 323, 294]]","[[185, 97, 321, 294]]"
b2045fbc_1420.jpg,[],[],[]
b2045fbc_909.jpg,[0.8771],"[[170, 147, 335, 359]]","[[170, 147, 334, 359]]"
9d47d182_352.jpg,[0.8086],"[[168, 96, 305, 294]]","[[165, 96, 305, 295]]"
b2045fbc_415.jpg,[0.8944],"[[170, 112, 281, 292]]","[[169, 110, 283, 290]]"
f044cf1d_252.jpg,[0.8918],"[[217, 76, 351, 260]]","[[217, 75, 351, 259]]"
9d47d182_256.jpg,[0.8505],"[[171, 96, 328, 294]]","[[171, 95, 320, 294]]"
b2045fbc_1381.jpg,[0.2851],"[[134, 180, 313, 360]]","[[134, 180, 310, 358]]"
b2045fbc_1915.jpg,"[0.907, 0.7613]","[[300, 138, 375, 231], [0, 69, 55, 139]]","[[298, 139, 376, 226], [0, 68, 56, 144]]"
b2045fbc_155.jpg,[0.9172],"[[283, 86, 412, 243]]","[[283, 86, 412, 240]]"
9d47d182_198.jpg,[0.8283],"[[192, 96, 344, 290]]","[[192, 95, 344, 289]]"
ed2e9e4c_24.jpg,[0.8512],"[[268, 97, 428, 298]]","[[268, 96, 428, 294]]"
b2045fbc_1770.jpg,[0.9114],"[[251, 78, 430, 294]]","[[251, 78, 431, 293]]"
9aa3bbb8_80.jpg,[],[],[]
b2045fbc_1034.jpg,[0.8921],"[[183, 4, 351, 221]]","[[182, 3, 354, 221]]"
9d47d182_383.jpg,[0.8728],"[[223, 100, 357, 289]]","[[223, 100, 356, 289]]"
b2045fbc_210.jpg,[0.9201],"[[280, 96, 414, 259]]","[[280, 98, 414, 255]]"
9d47d182_308.jpg,[0.7828],"[[179, 94, 327, 291]]","[[178, 93, 318, 290]]"
b2045fbc_885.jpg,[0.6357],"[[191, 140, 368, 360]]","[[192, 140, 370, 358]]"
b2045fbc_710.jpg,[0.7855],"[[587, 70, 640, 313]]","[[586, 70, 638, 312]]"
b2045fbc_823.jpg,[0.914],"[[243, 98, 377, 290]]","[[243, 97, 377, 289]]"
b2045fbc_706.jpg,[],[],[]
b2045fbc_811.jpg,[0.9043],"[[164, 135, 300, 323]]","[[164, 135, 300, 321]]"
b2045fbc_646.jpg,[0.9195],"[[238, 122, 369, 312]]","[[237, 123, 369, 312]]"
b2045fbc_2043.jpg,[0.9112],"[[277, 107, 389, 243]]","[[276, 105, 388, 241]]"
ed2e9e4c_47.jpg,[0.8803],"[[317, 104, 460, 323]]","[[317, 104, 461, 322]]"
b2045fbc_1880.jpg,"[0.9171, 0.8064]","[[355, 116, 447, 218], [154, 74, 211, 145]]","[[352, 113, 448, 219], [154, 72, 213, 148]]"
b2045fbc_1985.jpg,[0.9157],"[[276, 126, 363, 209]]","[[276, 125, 363, 208]]"
9d47d182_386.jpg,[0.8557],"[[223, 100, 357, 288]]","[[224, 98, 358, 289]]"
b2045fbc_1158.jpg,[0.859],"[[281, 112, 373, 293]]","[[281, 111, 373, 293]]"
9d47d182_80.jpg,[0.8865],"[[206, 99, 342, 290]]","[[205, 98, 341, 291]]"
b2045fbc_634.jpg,[],[],[]
b2045fbc_882.jpg,[0.8626],"[[187, 151, 363, 360]]","[[187, 150, 363, 358]]"
f044cf1d_138.jpg,[0.8814],"[[210, 76, 339, 248]]","[[209, 78, 338, 250]]"
b2045fbc_1840.jpg,[0.8873],"[[289, 165, 360, 249]]","[[289, 164, 359, 248]]"
b2045fbc_978.jpg,[0.8781],"[[111, 105, 263, 327]]","[[110, 103, 264, 325]]"
9d47d182_9.jpg,[0.8362],"[[218, 101, 354, 292]]","[[218, 99, 354, 291]]"
9d47d182_159.jpg,[0.8348],"[[196, 97, 346, 288]]","[[196, 95, 340, 287]]"
f044cf1d_167.jpg,[0.8531],"[[280, 108, 430, 305]]","[[280, 106, 430, 303]]"
ed2e9e4c_2.jpg,[0.8993],"[[308, 134, 473, 350]]","[[308, 131, 472, 350]]"
b2045fbc_1392.jpg,[0.9055],"[[163, 122, 293, 305]]","[[163, 122, 293, 305]]"
b2045fbc_1443.jpg,[],[],[]
9d47d182_48.jpg,[0.8262],"[[200, 96, 353, 288]]","[[200, 95, 352, 287]]"
b2045fbc_1604.jpg,[0.5352],"[[155, 163, 308, 359]]","[[155, 156, 333, 359]]"
b2045fbc_1409.jpg,[0.348],"[[0, 218, 108, 359]]",[]
b2045fbc_793.jpg,[0.8898],"[[182, 133, 315, 320]]","[[181, 133, 315, 319]]"
b2045fbc_42.jpg,[0.9091],"[[193, 209, 268, 315]]","[[192, 209, 268, 315]]"
b2045fbc_1346.jpg,[0.914],"[[249, 100, 377, 260]]","[[249, 99, 377, 259]]"
9aa3bbb8_93.jpg,[],[],[]
f044cf1d_34.jpg,[0.7614],"[[285, 89, 437, 277]]","[[289, 89, 435, 274]]"
b2045fbc_874.jpg,[0.8506],"[[190, 81, 337, 321]]","[[189, 80, 339, 320]]"
f044cf1d_254.jpg,[0.8913],"[[219, 76, 352, 260]]","[[220, 77, 351, 259]]"
b2045fbc_1846.jpg,[0.8689],"[[295, 131, 372, 217]]","[[295, 131, 369, 215]]"
b2045fbc_1777.jpg,[0.9089],"[[246, 80, 426, 299]]","[[246, 79, 426, 298]]"
b2045fbc_1570.jpg,[0.8712],"[[144, 140, 304, 359]]","[[143, 141, 305, 358]]"
ed2e9e4c_54.jpg,[0.8002],"[[313, 101, 461, 318]]","[[313, 100, 461, 317]]"
b2045fbc_2015.jpg,"[0.9038, 0.8995]","[[299, 123, 397, 233], [105, 31, 192, 146]]","[[99, 29, 193, 146], [294, 118, 398, 237]]"
f044cf1d_168.jpg,[0.8361],"[[263, 73, 407, 269]]","[[263, 72, 405, 268]]"
b2045fbc_1417.jpg,[],[],[]
b2045fbc_1916.jpg,[0.9094],"[[299, 139, 374, 232]]","[[298, 138, 374, 231]]"
f044cf1d_132.jpg,[0.8578],"[[173, 83, 300, 264]]","[[170, 83, 302, 262]]"
b2045fbc_1508.jpg,[0.9041],"[[185, 172, 316, 359]]","[[185, 171, 315, 358]]"
b2045fbc_712.jpg,[0.7303],"[[602, 67, 640, 303]]","[[602, 64, 640, 302]]"
b2045fbc_283.jpg,[0.8165],"[[229, 95, 383, 310]]","[[228, 93, 380, 308]]"
b2045fbc_227.jpg,[0.9207],"[[262, 111, 412, 326]]","[[261, 110, 411, 325]]"
b2045fbc_1199.jpg,[0.9038],"[[221, 129, 346, 307]]","[[221, 127, 347, 304]]"
b2045fbc_1179.jpg,[0.9207],"[[264, 89, 432, 335]]","[[263, 88, 431, 333]]"
b2045fbc_336.jpg,[0.9217],"[[243, 136, 374, 321]]","[[242, 135, 374, 320]]"
b2045fbc_688.jpg,[],[],[]
b2045fbc_2060.jpg,[0.9126],"[[256, 1, 399, 184]]","[[255, 0, 400, 183]]"
b2045fbc_748.jpg,[],[],[]
b2045fbc_1058.jpg,[0.8637],"[[59, 25, 237, 256]]","[[58, 25, 237, 257]]"
b2045fbc_57.jpg,[0.9179],"[[148, 191, 261, 345]]","[[147, 190, 261, 345]]"
9d47d182_42.jpg,[0.7709],"[[203, 98, 344, 289]]","[[204, 97, 340, 288]]"
b2045fbc_1680.jpg,[0.849],"[[90, 2, 280, 221]]","[[87, 2, 281, 225]]"
b2045fbc_1358.jpg,[0.5598],"[[190, 162, 288, 359]]","[[190, 159, 294, 358]]"
b2045fbc_12.jpg,[0.9032],"[[225, 131, 348, 305]]","[[224, 130, 348, 305]]"
ed2e9e4c_9.jpg,[0.8877],"[[277, 128, 425, 346]]","[[276, 126, 428, 345]]"
f044cf1d_52.jpg,[0.8173],"[[179, 88, 310, 274]]","[[176, 88, 307, 268]]"
b2045fbc_1146.jpg,[0.9326],"[[239, 102, 388, 315]]","[[239, 100, 388, 315]]"
b2045fbc_758.jpg,[0.9197],"[[287, 99, 445, 329]]","[[286, 99, 445, 328]]"
f044cf1d_123.jpg,[0.8879],"[[186, 83, 312, 262]]","[[181, 79, 315, 266]]"
b2045fbc_3.jpg,[0.9216],"[[247, 116, 400, 337]]","[[246, 114, 398, 336]]"
b2045fbc_697.jpg,[0.8771],"[[131, 100, 299, 330]]","[[132, 98, 299, 329]]"
f044cf1d_271.jpg,[0.8435],"[[272, 79, 415, 282]]","[[273, 79, 414, 280]]"
9d47d182_375.jpg,[0.8472],"[[214, 100, 348, 289]]","[[213, 100, 346, 289]]"
9d47d182_316.jpg,[0.8],"[[178, 94, 326, 291]]","[[176, 93, 316, 289]]"
ed2e9e4c_34.jpg,[0.9037],"[[309, 133, 473, 350]]","[[309, 132, 474, 349]]"
b2045fbc_842.jpg,[0.5457],"[[0, 135, 180, 360]]","[[0, 127, 176, 360]]"
b2045fbc_1897.jpg,[0.9048],"[[300, 131, 374, 222]]","[[301, 129, 373, 218]]"
9aa3bbb8_61.jpg,[0.9114],"[[347, 150, 493, 353]]","[[348, 149, 492, 353]]"
b2045fbc_1964.jpg,[0.9153],"[[278, 109, 370, 213]]","[[278, 108, 369, 211]]"
b2045fbc_1610.jpg,[0.8967],"[[153, 137, 317, 360]]","[[152, 137, 318, 360]]"
b2045fbc_1667.jpg,[0.9185],"[[244, 67, 413, 299]]","[[244, 66, 412, 297]]"
b2045fbc_77.jpg,[0.7048],"[[53, 203, 186, 360]]","[[52, 203, 188, 359]]"
b2045fbc_55.jpg,[0.8909],"[[16, 169, 153, 341]]","[[15, 167, 155, 340]]"
b2045fbc_1246.jpg,[0.8701],"[[282, 99, 402, 250]]","[[281, 99, 407, 247]]"
9d47d182_199.jpg,[0.8733],"[[193, 97, 329, 289]]","[[192, 97, 328, 289]]"
b2045fbc_1700.jpg,[0.6196],"[[174, 296, 256, 359]]","[[174, 293, 256, 358]]"
b2045fbc_578.jpg,[0.7889],"[[0, 97, 159, 360]]","[[0, 96, 158, 358]]"
b2045fbc_1301.jpg,"[0.9051, 0.4628]","[[276, 95, 395, 243], [0, 113, 18, 277]]","[[276, 95, 394, 241], [0, 111, 19, 275]]"
f044cf1d_140.jpg,[0.8965],"[[211, 78, 337, 247]]","[[208, 76, 338, 250]]"
b2045fbc_1568.jpg,[0.904],"[[260, 104, 380, 245]]","[[260, 103, 380, 242]]"
b2045fbc_660.jpg,[],[],[]
b2045fbc_981.jpg,[0.7499],"[[4, 152, 191, 360]]","[[4, 151, 188, 360]]"
b2045fbc_1258.jpg,[0.8307],"[[16, 144, 198, 340]]","[[14, 141, 198, 339]]"
b2045fbc_887.jpg,[0.8365],"[[211, 134, 387, 355]]","[[210, 132, 390, 357]]"
b2045fbc_32.jpg,[0.8448],"[[174, 86, 338, 317]]","[[174, 83, 338, 316]]"
b2045fbc_1375.jpg,[0.7144],"[[135, 145, 298, 355]]","[[135, 145, 297, 354]]"
b2045fbc_2056.jpg,[],[],[]
b2045fbc_1910.jpg,"[0.9154, 0.5267]","[[300, 138, 375, 232], [0, 56, 17, 133]]","[[299, 140, 375, 230]]"
b2045fbc_1600.jpg,[0.6733],"[[153, 154, 327, 359]]","[[154, 149, 333, 358]]"
9d47d182_156.jpg,[0.8228],"[[195, 97, 345, 288]]","[[196, 96, 340, 288]]"
f044cf1d_97.jpg,[0.8735],"[[186, 85, 313, 265]]","[[183, 83, 316, 266]]"
b2045fbc_2061.jpg,[0.9145],"[[247, 66, 387, 275]]","[[245, 65, 387, 272]]"
b2045fbc_1031.jpg,[0.9078],"[[174, 2, 344, 228]]","[[173, 3, 343, 225]]"
9d47d182_313.jpg,[0.7943],"[[179, 94, 327, 290]]","[[179, 93, 317, 289]]"
9d47d182_32.jpg,[0.8417],"[[209, 92, 343, 280]]","[[210, 92, 342, 279]]"
f044cf1d_145.jpg,[0.8983],"[[207, 79, 332, 252]]","[[204, 77, 335, 253]]"
b2045fbc_637.jpg,[0.7689],"[[187, 46, 339, 282]]","[[184, 44, 338, 280]]"
b2045fbc_817.jpg,[0.2577],"[[0, 173, 62, 360]]",[]
b2045fbc_1862.jpg,[0.9161],"[[305, 127, 394, 231]]","[[305, 126, 394, 229]]"
b2045fbc_796.jpg,[0.8913],"[[183, 133, 318, 325]]","[[183, 132, 319, 324]]"
b2045fbc_266.jpg,[0.9193],"[[229, 91, 378, 314]]","[[229, 88, 379, 311]]"
b2045fbc_21.jpg,[0.9159],"[[235, 128, 355, 302]]","[[235, 127, 355, 301]]"
b2045fbc_135.jpg,"[0.9209, 0.8808]","[[44, 138, 169, 306], [334, 100, 469, 255]]","[[43, 138, 168, 306], [334, 99, 470, 254]]"
b2045fbc_1450.jpg,[],[],[]
b2045fbc_463.jpg,[0.9119],"[[286, 120, 402, 293]]","[[285, 119, 401, 291]]"
ed2e9e4c_68.jpg,[0.9104],"[[307, 104, 455, 324]]","[[307, 98, 455, 316]]"
b2045fbc_1468.jpg,[0.9115],"[[248, 102, 372, 248]]","[[248, 104, 372, 245]]"
9d47d182_118.jpg,[0.8347],"[[196, 98, 347, 291]]","[[197, 98, 345, 289]]"
f044cf1d_141.jpg,[0.8812],"[[208, 77, 337, 249]]","[[209, 77, 335, 250]]"
b2045fbc_163.jpg,[0.922],"[[279, 86, 414, 253]]","[[279, 86, 415, 250]]"
b2045fbc_1935.jpg,[0.8674],"[[341, 122, 428, 223]]","[[341, 122, 427, 222]]"
9d47d182_346.jpg,[0.858],"[[222, 101, 356, 289]]","[[223, 100, 356, 289]]"
b2045fbc_949.jpg,[0.9003],"[[172, 8, 334, 233]]","[[174, 11, 334, 230]]"
9d47d182_302.jpg,[0.8458],"[[180, 93, 331, 292]]","[[180, 92, 327, 291]]"
b2045fbc_1080.jpg,[0.8955],"[[151, 124, 291, 319]]","[[151, 124, 291, 318]]"
9d47d182_401.jpg,[0.7887],"[[213, 100, 356, 291]]","[[210, 102, 350, 287]]"
f044cf1d_133.jpg,[0.8524],"[[174, 83, 301, 264]]","[[171, 82, 305, 263]]"
b2045fbc_2011.jpg,"[0.909, 0.9038]","[[300, 122, 396, 229], [106, 34, 193, 148]]","[[102, 35, 193, 149], [296, 118, 396, 235]]"
b2045fbc_744.jpg,[0.3339],"[[617, 74, 640, 281]]",[]
b2045fbc_638.jpg,[0.8604],"[[63, 100, 256, 356]]","[[63, 98, 257, 356]]"
b2045fbc_1007.jpg,[0.9036],"[[213, 130, 363, 335]]","[[212, 128, 363, 335]]"
9aa3bbb8_32.jpg,[0.9195],"[[292, 101, 430, 315]]","[[293, 103, 430, 314]]"
9aa3bbb8_73.jpg,[0.9322],"[[267, 131, 443, 360]]","[[267, 130, 443, 358]]"
b2045fbc_1966.jpg,[0.918],"[[289, 114, 382, 219]]","[[290, 113, 382, 216]]"
b2045fbc_1135.jpg,[0.932],"[[238, 102, 385, 316]]","[[238, 101, 385, 315]]"
b2045fbc_1367.jpg,[0.8704],"[[131, 148, 296, 360]]","[[131, 147, 297, 360]]"
b2045fbc_405.jpg,[0.8891],"[[171, 113, 282, 294]]","[[170, 109, 284, 295]]"
ed2e9e4c_51.jpg,[0.8897],"[[323, 110, 472, 323]]","[[322, 109, 472, 323]]"
f044cf1d_115.jpg,[0.8674],"[[185, 84, 312, 264]]","[[180, 82, 312, 264]]"
b2045fbc_322.jpg,[0.9158],"[[238, 90, 405, 328]]","[[238, 89, 406, 327]]"
9d47d182_50.jpg,[0.8805],"[[202, 99, 338, 290]]","[[203, 98, 337, 289]]"
b2045fbc_1152.jpg,[0.8712],"[[182, 130, 311, 322]]","[[180, 129, 312, 320]]"
b2045fbc_832.jpg,[0.8744],"[[158, 121, 308, 335]]","[[158, 121, 308, 334]]"
b2045fbc_1687.jpg,[0.8774],"[[124, 12, 277, 230]]","[[124, 11, 279, 228]]"
b2045fbc_1117.jpg,[],[],[]
b2045fbc_1305.jpg,[0.5916],"[[208, 153, 305, 356]]","[[208, 155, 303, 356]]"
b2045fbc_1334.jpg,[0.3349],"[[186, 147, 287, 354]]","[[179, 147, 288, 360]]"
b2045fbc_255.jpg,[0.9171],"[[225, 93, 372, 306]]","[[225, 91, 371, 304]]"
b2045fbc_1114.jpg,[0.8944],"[[155, 88, 317, 310]]","[[154, 88, 318, 309]]"
b2045fbc_1524.jpg,[0.7331],"[[150, 164, 305, 359]]","[[149, 163, 307, 359]]"
b2045fbc_273.jpg,[0.8709],"[[228, 95, 374, 312]]","[[227, 93, 376, 311]]"
b2045fbc_360.jpg,[0.8806],"[[173, 123, 312, 312]]","[[174, 123, 313, 311]]"
9d47d182_315.jpg,[0.785],"[[177, 94, 327, 290]]","[[175, 92, 316, 289]]"
f044cf1d_71.jpg,[0.7477],"[[145, 85, 299, 258]]","[[143, 86, 293, 255]]"
b2045fbc_1224.jpg,[0.8839],"[[279, 103, 395, 245]]","[[278, 103, 396, 241]]"
9d47d182_27.jpg,[0.8273],"[[211, 109, 346, 299]]","[[211, 109, 345, 299]]"
b2045fbc_1976.jpg,[0.9187],"[[305, 106, 403, 218]]","[[305, 106, 401, 216]]"
b2045fbc_1176.jpg,[0.8867],"[[223, 122, 344, 295]]","[[224, 122, 344, 295]]"
b2045fbc_88.jpg,"[0.9005, 0.8984]","[[376, 121, 515, 280], [41, 158, 159, 318]]","[[374, 121, 514, 279], [41, 156, 159, 316]]"
9d47d182_87.jpg,[0.7665],"[[201, 98, 340, 289]]","[[202, 96, 338, 288]]"
b2045fbc_820.jpg,[],[],[]
b2045fbc_451.jpg,[0.9117],"[[285, 119, 401, 293]]","[[284, 118, 400, 292]]"
b2045fbc_43.jpg,[0.8093],"[[226, 140, 326, 272]]","[[225, 138, 327, 272]]"
b2045fbc_1424.jpg,[0.8939],"[[281, 111, 398, 248]]","[[282, 109, 398, 246]]"
9d47d182_304.jpg,[0.8366],"[[179, 94, 330, 291]]","[[177, 92, 317, 289]]"
f044cf1d_100.jpg,[0.884],"[[188, 85, 314, 264]]","[[183, 85, 317, 269]]"
b2045fbc_2010.jpg,"[0.9009, 0.9003]","[[103, 34, 190, 147], [300, 123, 396, 228]]","[[100, 34, 192, 147], [297, 122, 398, 233]]"
b2045fbc_96.jpg,"[0.8969, 0.8811]","[[389, 124, 529, 280], [70, 160, 187, 322]]","[[68, 158, 187, 322], [388, 122, 528, 278]]"
b2045fbc_514.jpg,[0.901],"[[275, 115, 400, 283]]","[[273, 115, 399, 283]]"
b2045fbc_799.jpg,[0.904],"[[183, 133, 319, 322]]","[[183, 132, 319, 322]]"
b2045fbc_702.jpg,[0.9206],"[[294, 103, 447, 329]]","[[293, 100, 446, 329]]"
b2045fbc_1348.jpg,[0.5484],"[[174, 163, 278, 359]]","[[174, 163, 282, 358]]"
b2045fbc_1495.jpg,[0.8818],"[[169, 178, 302, 359]]","[[169, 177, 303, 358]]"
b2045fbc_58.jpg,[0.9206],"[[256, 111, 409, 335]]","[[255, 109, 409, 334]]"
b2045fbc_1310.jpg,[0.6171],"[[208, 151, 307, 357]]","[[207, 152, 307, 356]]"
b2045fbc_147.jpg,[0.923],"[[261, 110, 412, 327]]","[[261, 109, 411, 327]]"
b2045fbc_1001.jpg,[0.8841],"[[195, 127, 352, 337]]","[[195, 125, 353, 336]]"
b2045fbc_525.jpg,[0.8874],"[[266, 125, 401, 298]]","[[264, 122, 400, 296]]"
f044cf1d_266.jpg,[0.8427],"[[254, 72, 411, 271]]","[[256, 71, 407, 270]]"
9aa3bbb8_46.jpg,[0.923],"[[284, 102, 442, 321]]","[[282, 102, 441, 321]]"
b2045fbc_381.jpg,[0.8066],"[[162, 138, 290, 314]]","[[162, 134, 290, 310]]"
b2045fbc_81.jpg,[0.4605],"[[64, 211, 198, 359]]","[[64, 210, 199, 359]]"
b2045fbc_2037.jpg,[0.7561],"[[342, 123, 424, 219]]","[[341, 121, 423, 217]]"
f044cf1d_279.jpg,[0.9],"[[190, 87, 313, 264]]","[[184, 84, 316, 266]]"
b2045fbc_287.jpg,[0.889],"[[248, 93, 400, 315]]","[[246, 92, 397, 315]]"
b2045fbc_1904.jpg,[0.9213],"[[293, 135, 369, 226]]","[[293, 135, 369, 226]]"
b2045fbc_1455.jpg,[],[],[]
b2045fbc_631.jpg,[],[],[]
b2045fbc_1078.jpg,[0.9255],"[[209, 115, 341, 308]]","[[209, 115, 342, 306]]"
b2045fbc_1426.jpg,[],[],[]
b2045fbc_824.jpg,[0.9122],"[[282, 109, 441, 342]]","[[283, 106, 441, 342]]"
f044cf1d_174.jpg,[0.8269],"[[245, 75, 394, 254]]","[[243, 75, 393, 253]]"
b2045fbc_323.jpg,[0.8649],"[[170, 85, 330, 311]]","[[171, 84, 331, 316]]"
b2045fbc_371.jpg,[0.8372],"[[184, 125, 328, 324]]","[[184, 123, 328, 321]]"
b2045fbc_83.jpg,[0.9154],"[[145, 175, 241, 311]]","[[145, 174, 242, 311]]"
b2045fbc_164.jpg,[0.9219],"[[281, 88, 417, 251]]","[[280, 88, 416, 248]]"
9aa3bbb8_62.jpg,[0.9331],"[[266, 134, 441, 360]]","[[265, 131, 441, 358]]"
b2045fbc_1685.jpg,[0.8003],"[[151, 16, 318, 239]]","[[151, 16, 311, 237]]"
f044cf1d_124.jpg,[0.8127],"[[258, 73, 407, 269]]","[[258, 72, 402, 268]]"
b2045fbc_622.jpg,[],[],[]
b2045fbc_1084.jpg,[0.8962],"[[38, 111, 203, 318]]","[[38, 110, 205, 317]]"
b2045fbc_1259.jpg,[0.8322],"[[143, 133, 273, 306]]","[[139, 122, 280, 305]]"
b2045fbc_17.jpg,[0.9091],"[[228, 132, 351, 308]]","[[228, 131, 352, 307]]"
b2045fbc_471.jpg,[0.9099],"[[288, 121, 402, 292]]","[[286, 120, 401, 291]]"
ed2e9e4c_43.jpg,[0.8756],"[[324, 109, 478, 317]]","[[318, 101, 474, 311]]"
f044cf1d_88.jpg,[0.8544],"[[239, 81, 392, 261]]","[[239, 79, 393, 261]]"
b2045fbc_354.jpg,[0.8766],"[[176, 124, 300, 305]]","[[175, 123, 301, 303]]"
f044cf1d_256.jpg,[0.8994],"[[218, 76, 351, 260]]","[[217, 76, 351, 259]]"
f044cf1d_15.jpg,[0.8623],"[[163, 90, 295, 271]]","[[162, 91, 292, 271]]"
f044cf1d_143.jpg,[0.8817],"[[205, 78, 332, 252]]","[[204, 77, 335, 255]]"
b2045fbc_608.jpg,[0.9059],"[[144, 78, 295, 303]]","[[144, 78, 296, 300]]"
f044cf1d_194.jpg,[0.8377],"[[196, 85, 331, 273]]","[[192, 83, 331, 275]]"
b2045fbc_1681.jpg,[0.8753],"[[69, 6, 254, 227]]","[[68, 3, 254, 226]]"
b2045fbc_1106.jpg,[0.8974],"[[64, 61, 247, 298]]","[[62, 59, 250, 297]]"
b2045fbc_993.jpg,[0.8231],"[[61, 110, 236, 353]]","[[63, 108, 229, 355]]"
9d47d182_171.jpg,[0.8447],"[[194, 96, 345, 289]]","[[193, 94, 343, 288]]"
b2045fbc_774.jpg,[0.9132],"[[236, 127, 362, 309]]","[[236, 127, 363, 309]]"
b2045fbc_1009.jpg,[0.9083],"[[231, 126, 377, 329]]","[[231, 125, 377, 328]]"
b2045fbc_1501.jpg,[0.904],"[[247, 105, 370, 249]]","[[246, 105, 370, 246]]"
b2045fbc_1444.jpg,[],[],[]
b2045fbc_465.jpg,[0.9126],"[[287, 120, 402, 292]]","[[286, 119, 402, 291]]"
b2045fbc_241.jpg,[0.9249],"[[260, 109, 409, 324]]","[[259, 106, 409, 324]]"
9d47d182_296.jpg,[0.8108],"[[179, 93, 329, 292]]","[[179, 92, 325, 291]]"
9aa3bbb8_14.jpg,[0.9338],"[[256, 154, 444, 359]]","[[256, 153, 444, 358]]"
b2045fbc_544.jpg,[0.7671],"[[301, 119, 412, 283]]","[[303, 117, 412, 282]]"
b2045fbc_879.jpg,[0.7943],"[[198, 104, 351, 340]]","[[198, 102, 352, 339]]"
b2045fbc_377.jpg,[0.8365],"[[160, 132, 283, 313]]","[[160, 131, 284, 313]]"
b2045fbc_1546.jpg,[0.8718],"[[245, 104, 367, 235]]","[[242, 101, 370, 235]]"
b2045fbc_339.jpg,[0.8885],"[[213, 95, 328, 278]]","[[213, 93, 330, 276]]"
9aa3bbb8_94.jpg,[],[],[]
9d47d182_56.jpg,[0.8499],"[[204, 100, 341, 291]]","[[204, 99, 339, 291]]"
b2045fbc_571.jpg,[0.7253],"[[0, 89, 139, 355]]","[[0, 90, 139, 354]]"
b2045fbc_1835.jpg,[0.7321],"[[298, 168, 370, 252]]","[[298, 168, 370, 250]]"
b2045fbc_1014.jpg,[0.903],"[[239, 126, 386, 330]]","[[239, 124, 385, 329]]"
b2045fbc_1750.jpg,[0.8297],"[[148, 151, 227, 239]]","[[146, 150, 226, 237]]"
9d47d182_356.jpg,[0.7644],"[[167, 97, 307, 294]]","[[165, 96, 305, 293]]"
b2045fbc_428.jpg,[0.9246],"[[209, 92, 351, 298]]","[[208, 91, 351, 298]]"
9d47d182_382.jpg,[0.8655],"[[223, 100, 357, 289]]","[[223, 98, 357, 289]]"
b2045fbc_1746.jpg,[0.6669],"[[167, 164, 255, 263]]","[[165, 163, 255, 263]]"
b2045fbc_157.jpg,[0.9133],"[[270, 93, 407, 257]]","[[270, 92, 406, 254]]"
b2045fbc_71.jpg,[0.355],"[[156, 244, 296, 359]]","[[154, 243, 294, 358]]"
b2045fbc_1023.jpg,[0.9194],"[[204, 9, 359, 230]]","[[203, 8, 359, 226]]"
b2045fbc_1030.jpg,[0.9126],"[[187, 3, 352, 228]]","[[185, 3, 347, 226]]"
ed2e9e4c_64.jpg,[0.8725],"[[335, 98, 472, 305]]","[[335, 97, 479, 306]]"
b2045fbc_1900.jpg,[0.902],"[[341, 132, 419, 222]]","[[340, 133, 418, 221]]"
b2045fbc_996.jpg,[0.6555],"[[93, 112, 269, 353]]","[[93, 109, 270, 347]]"
b2045fbc_664.jpg,[],[],[]
b2045fbc_517.jpg,[0.8656],"[[319, 154, 438, 321]]","[[317, 154, 437, 318]]"
b2045fbc_44.jpg,[0.9077],"[[164, 170, 259, 302]]","[[164, 169, 260, 302]]"
b2045fbc_1337.jpg,[0.3708],"[[189, 147, 291, 356]]","[[188, 147, 295, 357]]"
b2045fbc_1738.jpg,[],[],"[[161, 158, 251, 255]]"
f044cf1d_173.jpg,[0.8197],"[[261, 80, 406, 260]]","[[257, 79, 406, 259]]"
ed2e9e4c_62.jpg,[0.8367],"[[440, 118, 587, 309]]","[[439, 117, 585, 310]]"
b2045fbc_1646.jpg,[0.9127],"[[137, 134, 253, 298]]","[[135, 133, 257, 297]]"
9aa3bbb8_66.jpg,[0.9084],"[[333, 151, 481, 359]]","[[334, 150, 481, 358]]"
b2045fbc_65.jpg,[],[],"[[120, 237, 256, 359]]"
b2045fbc_1850.jpg,[0.8768],"[[257, 140, 326, 237]]","[[257, 140, 327, 235]]"
b2045fbc_1657.jpg,[0.8953],"[[134, 135, 252, 301]]","[[133, 135, 255, 301]]"
b2045fbc_843.jpg,[0.8845],"[[206, 119, 347, 329]]","[[205, 118, 347, 327]]"
b2045fbc_584.jpg,[0.8994],"[[227, 87, 383, 316]]","[[226, 85, 382, 314]]"
9d47d182_213.jpg,[0.8402],"[[179, 98, 331, 292]]","[[177, 98, 327, 292]]"
b2045fbc_1975.jpg,[0.912],"[[322, 105, 423, 211]]","[[321, 104, 422, 208]]"
b2045fbc_794.jpg,[0.89],"[[182, 132, 317, 323]]","[[182, 131, 318, 322]]"
f044cf1d_235.jpg,[0.8935],"[[214, 77, 345, 261]]","[[214, 76, 346, 260]]"
b2045fbc_896.jpg,[0.9094],"[[173, 139, 336, 351]]","[[172, 138, 336, 351]]"
b2045fbc_1896.jpg,[0.9063],"[[300, 129, 372, 220]]","[[300, 128, 372, 217]]"
f044cf1d_169.jpg,[0.7926],"[[274, 102, 424, 301]]","[[275, 99, 424, 301]]"
9aa3bbb8_52.jpg,[0.8794],"[[317, 96, 476, 304]]","[[318, 96, 474, 303]]"
b2045fbc_1446.jpg,[0.919],"[[257, 99, 373, 230]]","[[257, 100, 373, 228]]"
f044cf1d_137.jpg,[0.8991],"[[207, 76, 334, 246]]","[[204, 75, 335, 252]]"
b2045fbc_1630.jpg,[0.7513],"[[161, 163, 337, 359]]","[[160, 162, 331, 358]]"
b2045fbc_772.jpg,[0.7855],"[[518, 87, 640, 326]]","[[517, 86, 639, 331]]"
b2045fbc_151.jpg,[0.9267],"[[260, 80, 415, 264]]","[[260, 80, 414, 263]]"
f044cf1d_74.jpg,[0.8058],"[[148, 85, 296, 258]]","[[145, 88, 297, 253]]"
b2045fbc_925.jpg,[0.9167],"[[224, 135, 373, 340]]","[[223, 132, 373, 339]]"
f044cf1d_183.jpg,[0.8253],"[[195, 84, 335, 273]]","[[194, 84, 329, 271]]"
b2045fbc_225.jpg,[0.9206],"[[262, 110, 411, 325]]","[[261, 107, 411, 325]]"
9d47d182_206.jpg,[0.8722],"[[185, 95, 319, 284]]","[[185, 95, 319, 286]]"
b2045fbc_5.jpg,[0.8728],"[[226, 130, 351, 307]]","[[225, 129, 351, 307]]"
b2045fbc_351.jpg,[0.9006],"[[207, 101, 318, 282]]","[[206, 99, 318, 280]]"
b2045fbc_2014.jpg,"[0.9091, 0.9077]","[[109, 35, 196, 147], [300, 124, 395, 231]]","[[106, 32, 197, 147], [295, 120, 396, 233]]"
f044cf1d_90.jpg,[0.8097],"[[255, 72, 404, 269]]","[[256, 71, 399, 266]]"
b2045fbc_2006.jpg,[0.8991],"[[303, 123, 400, 228]]","[[297, 121, 399, 233]]"
b2045fbc_562.jpg,[0.9281],"[[206, 95, 341, 294]]","[[205, 96, 341, 293]]"
9aa3bbb8_63.jpg,[0.9062],"[[334, 154, 482, 360]]","[[333, 154, 483, 359]]"
f044cf1d_195.jpg,[0.827],"[[195, 85, 328, 272]]","[[192, 82, 328, 273]]"
b2045fbc_2022.jpg,"[0.9091, 0.891]","[[301, 122, 398, 233], [94, 27, 178, 136]]","[[91, 20, 180, 137], [298, 119, 398, 235]]"
9d47d182_200.jpg,[0.8437],"[[194, 94, 333, 285]]","[[195, 95, 331, 286]]"
b2045fbc_281.jpg,[0.7887],"[[230, 93, 383, 313]]","[[230, 91, 385, 311]]"
b2045fbc_310.jpg,[0.9251],"[[235, 116, 377, 315]]","[[234, 115, 377, 315]]"
b2045fbc_629.jpg,[],[],[]
b2045fbc_968.jpg,[0.8726],"[[298, 109, 453, 322]]","[[297, 106, 453, 321]]"
b2045fbc_437.jpg,[0.8983],"[[299, 117, 412, 292]]","[[298, 116, 412, 291]]"
b2045fbc_1340.jpg,[0.6686],"[[195, 175, 339, 360]]","[[195, 176, 337, 358]]"
b2045fbc_388.jpg,[0.8444],"[[151, 135, 280, 311]]","[[152, 131, 283, 309]]"
b2045fbc_299.jpg,[0.7587],"[[165, 95, 322, 269]]","[[165, 95, 319, 268]]"
b2045fbc_1824.jpg,[0.9123],"[[263, 180, 359, 289]]","[[262, 180, 358, 288]]"
b2045fbc_851.jpg,[0.7138],"[[111, 79, 310, 309]]","[[111, 80, 311, 307]]"
b2045fbc_1389.jpg,[0.9039],"[[167, 116, 287, 287]]","[[167, 114, 287, 286]]"
b2045fbc_692.jpg,[0.7838],"[[48, 102, 242, 358]]","[[48, 102, 240, 353]]"
b2045fbc_1914.jpg,"[0.9114, 0.8152]","[[300, 138, 375, 231], [0, 70, 51, 143]]","[[299, 139, 376, 232], [1, 70, 54, 147]]"
b2045fbc_109.jpg,"[0.9133, 0.7207]","[[34, 164, 158, 329], [409, 106, 519, 237]]","[[33, 161, 158, 328], [407, 103, 521, 235]]"
f044cf1d_45.jpg,[0.877],"[[176, 87, 302, 269]]","[[174, 86, 306, 269]]"
b2045fbc_1004.jpg,[0.9116],"[[213, 127, 363, 332]]","[[212, 126, 362, 331]]"
9d47d182_274.jpg,[0.9016],"[[187, 98, 323, 295]]","[[186, 96, 322, 294]]"
f044cf1d_216.jpg,[0.907],"[[259, 75, 412, 263]]","[[261, 76, 395, 260]]"
9d47d182_234.jpg,[0.7959],"[[177, 96, 330, 290]]","[[177, 95, 325, 290]]"
b2045fbc_153.jpg,[0.9203],"[[294, 81, 429, 249]]","[[294, 82, 429, 246]]"
b2045fbc_1766.jpg,[0.9211],"[[247, 108, 423, 323]]","[[243, 104, 421, 324]]"
f044cf1d_107.jpg,[0.8706],"[[187, 85, 315, 264]]","[[183, 82, 317, 266]]"
b2045fbc_569.jpg,[0.9175],"[[264, 104, 416, 325]]","[[265, 102, 415, 325]]"
9d47d182_406.jpg,[0.8077],"[[212, 99, 355, 292]]","[[215, 98, 349, 288]]"
b2045fbc_746.jpg,[0.9184],"[[283, 98, 447, 330]]","[[282, 98, 446, 329]]"
9d47d182_190.jpg,[0.8323],"[[213, 98, 361, 290]]","[[214, 98, 357, 289]]"
b2045fbc_576.jpg,[0.7808],"[[0, 98, 150, 359]]","[[0, 97, 152, 357]]"
b2045fbc_61.jpg,[0.9086],"[[117, 215, 250, 359]]","[[117, 213, 249, 358]]"
ed2e9e4c_41.jpg,[0.914],"[[336, 101, 486, 318]]","[[336, 97, 484, 311]]"
9d47d182_374.jpg,[0.8886],"[[222, 100, 353, 288]]","[[222, 100, 353, 289]]"
f044cf1d_7.jpg,[0.8505],"[[165, 89, 295, 270]]","[[163, 86, 293, 270]]"
b2045fbc_1386.jpg,[0.9036],"[[170, 109, 302, 290]]","[[170, 108, 302, 290]]"
b2045fbc_296.jpg,[0.9051],"[[216, 97, 364, 306]]","[[213, 95, 366, 303]]"
b2045fbc_1440.jpg,[],[],[]
b2045fbc_1721.jpg,[0.4648],"[[154, 162, 240, 262]]","[[153, 159, 242, 261]]"
b2045fbc_2069.jpg,[],[],[]
b2045fbc_1780.jpg,[0.9105],"[[246, 82, 427, 302]]","[[244, 80, 428, 302]]"
b2045fbc_411.jpg,[0.896],"[[171, 111, 289, 293]]","[[171, 108, 289, 291]]"
b2045fbc_496.jpg,[0.9118],"[[289, 121, 403, 290]]","[[288, 120, 403, 288]]"
b2045fbc_1507.jpg,[0.9039],"[[184, 172, 317, 359]]","[[183, 172, 317, 358]]"
b2045fbc_1391.jpg,[0.9096],"[[171, 117, 293, 287]]","[[171, 117, 293, 286]]"
b2045fbc_440.jpg,[0.9131],"[[242, 108, 382, 298]]","[[240, 106, 382, 298]]"
9d47d182_394.jpg,[0.8149],"[[211, 99, 358, 290]]","[[212, 97, 355, 289]]"
9d47d182_228.jpg,[0.8731],"[[176, 100, 313, 292]]","[[175, 99, 313, 292]]"
b2045fbc_864.jpg,[0.8332],"[[173, 73, 333, 318]]","[[175, 71, 333, 318]]"
b2045fbc_390.jpg,[0.8397],"[[150, 131, 274, 306]]","[[151, 129, 271, 304]]"
b2045fbc_1345.jpg,[0.5476],"[[175, 162, 281, 359]]","[[175, 163, 285, 358]]"
b2045fbc_1544.jpg,[0.7272],"[[113, 161, 274, 359]]","[[112, 160, 275, 358]]"
b2045fbc_106.jpg,"[0.9311, 0.9002]","[[69, 161, 187, 327], [391, 117, 530, 273]]","[[68, 160, 187, 325], [391, 115, 531, 271]]"
b2045fbc_1790.jpg,[0.8919],"[[238, 151, 376, 340]]","[[237, 150, 375, 339]]"
b2045fbc_1372.jpg,[],[],"[[139, 146, 305, 352]]"
b2045fbc_899.jpg,[0.9149],"[[174, 129, 336, 342]]","[[174, 129, 336, 342]]"
f044cf1d_14.jpg,[0.8221],"[[163, 90, 298, 271]]","[[161, 88, 295, 271]]"
9aa3bbb8_87.jpg,[],[],[]
b2045fbc_1333.jpg,[],[],"[[177, 146, 282, 356]]"
9d47d182_153.jpg,[0.7989],"[[194, 98, 345, 288]]","[[192, 96, 331, 288]]"
b2045fbc_424.jpg,[0.9287],"[[218, 120, 353, 306]]","[[218, 119, 353, 306]]"
9d47d182_305.jpg,[0.8202],"[[180, 93, 330, 292]]","[[180, 92, 320, 290]]"
b2045fbc_836.jpg,[0.9092],"[[214, 118, 374, 336]]","[[213, 116, 374, 335]]"
b2045fbc_902.jpg,[0.8962],"[[293, 107, 448, 324]]","[[292, 105, 448, 321]]"
b2045fbc_193.jpg,"[0.9174, 0.9026]","[[12, 145, 145, 323], [378, 99, 511, 258]]","[[11, 145, 145, 322], [376, 99, 511, 255]]"
b2045fbc_1510.jpg,[0.9011],"[[185, 172, 318, 359]]","[[185, 171, 319, 356]]"
b2045fbc_1102.jpg,[0.9195],"[[270, 103, 429, 332]]","[[269, 100, 427, 333]]"
f044cf1d_102.jpg,[0.8778],"[[187, 85, 313, 264]]","[[183, 83, 316, 263]]"
b2045fbc_1622.jpg,[0.8092],"[[150, 163, 303, 360]]","[[149, 163, 303, 358]]"
b2045fbc_1274.jpg,[0.9027],"[[125, 137, 266, 336]]","[[124, 137, 268, 335]]"
b2045fbc_1360.jpg,[0.9211],"[[160, 132, 321, 350]]","[[159, 131, 320, 350]]"
b2045fbc_649.jpg,[],[],[]
b2045fbc_1602.jpg,[0.5751],"[[156, 156, 325, 359]]","[[156, 149, 332, 358]]"
b2045fbc_1289.jpg,[0.8385],"[[0, 166, 156, 359]]","[[0, 166, 148, 359]]"
b2045fbc_1729.jpg,[0.8915],"[[161, 162, 250, 260]]","[[160, 160, 252, 259]]"
b2045fbc_632.jpg,[],[],[]
b2045fbc_49.jpg,[0.9046],"[[97, 136, 213, 289]]","[[96, 135, 212, 289]]"
9d47d182_254.jpg,[0.854],"[[171, 96, 327, 295]]","[[170, 95, 318, 294]]"
9d47d182_210.jpg,[0.8452],"[[179, 97, 331, 291]]","[[178, 97, 329, 291]]"
b2045fbc_573.jpg,[0.7335],"[[0, 98, 159, 358]]","[[0, 99, 158, 357]]"
b2045fbc_1171.jpg,[0.8834],"[[222, 122, 345, 295]]","[[222, 122, 346, 296]]"
b2045fbc_1226.jpg,[],[],[]
b2045fbc_22.jpg,[0.9083],"[[224, 129, 350, 307]]","[[224, 128, 351, 307]]"
9d47d182_390.jpg,[0.8383],"[[215, 98, 349, 283]]","[[215, 97, 349, 283]]"
9aa3bbb8_84.jpg,[0.9282],"[[267, 134, 446, 360]]","[[268, 132, 447, 358]]"
b2045fbc_828.jpg,[0.8637],"[[139, 135, 278, 326]]","[[139, 133, 276, 325]]"
9aa3bbb8_31.jpg,[0.9015],"[[293, 98, 429, 316]]","[[293, 97, 429, 316]]"
9d47d182_398.jpg,[0.8087],"[[211, 99, 359, 290]]","[[213, 98, 353, 289]]"
b2045fbc_269.jpg,[0.9196],"[[239, 137, 372, 322]]","[[237, 136, 371, 322]]"
b2045fbc_48.jpg,[0.9048],"[[106, 138, 213, 277]]","[[105, 136, 213, 275]]"
ed2e9e4c_10.jpg,[0.8722],"[[283, 130, 441, 348]]","[[283, 130, 439, 350]]"
b2045fbc_1562.jpg,[0.9157],"[[144, 141, 301, 360]]","[[144, 141, 300, 358]]"
b2045fbc_433.jpg,[0.9037],"[[297, 119, 410, 293]]","[[295, 117, 409, 291]]"
b2045fbc_1788.jpg,[0.9093],"[[239, 17, 426, 242]]","[[239, 16, 425, 239]]"
f044cf1d_106.jpg,[0.8777],"[[187, 85, 314, 264]]","[[183, 81, 317, 265]]"
b2045fbc_1496.jpg,[0.9129],"[[185, 171, 314, 359]]","[[185, 171, 315, 358]]"
b2045fbc_470.jpg,[0.9093],"[[289, 121, 402, 293]]","[[287, 120, 401, 291]]"
b2045fbc_1963.jpg,[0.8859],"[[264, 112, 355, 224]]","[[263, 112, 353, 223]]"
b2045fbc_1471.jpg,[0.5804],"[[330, 263, 401, 359]]","[[322, 258, 402, 360]]"
b2045fbc_1227.jpg,[],[],[]
f044cf1d_237.jpg,[0.9006],"[[213, 76, 345, 261]]","[[213, 76, 346, 261]]"
