File,Predicted_Confidences,Predicted_Boxes,Ground_Truth_Boxes
fti_Bijoux.Ngwanda@fti-acuity.com_134516_2020-08-20_14878_.jpg,[],[],[]
11973.jpg,[],[],[]
g_top_WIN_20210427_22_16_43_Pro323.jpg,[0.9329],"[[167, 0, 288, 96]]","[[170, 0, 290, 97]]"
23416.jpg,[0.9473],"[[108, 126, 162, 180]]","[[108, 125, 163, 180]]"
80466_2020-07-02_14492_.jpg,[0.5104],"[[261, 137, 293, 179]]",[]
1552_2163597_Imposter.jpg,[],[],[]
1996_2164972_Mobile Camera.jpg,[0.5839],"[[164, 99, 190, 133]]","[[164, 99, 190, 131]]"
mphasis_Ramya.C@mphasis.com_117414_2020-08-06_4092_.jpg,[],[],[]
mphasis_pooja.x2@mphasis.com_126773_2020-08-14_3711_.jpg,[],[],[]
sooraj.k@mphasis.com_mphasis_proctordesk_hosted_402_.jpg,[],[],[]
mphasis_shinde.venkatrao@mphasis.com_116447_2020-08-06_7585_.jpg,[],[],[]
97470_2020-07-21_6593_.jpg,[],[],[]
13299.jpg,[],[],[]
kamran.raeesahmed@mphasis.com_mphasis_proctordesk_hosted_677_.jpg,[],[],[]
94623_2020-07-17_8100_.jpg,[],[],[]
fti_angelina.hammond@fti-acuity.com_129434_2020-08-17_18841_.jpg,[0.7666],"[[53, 116, 89, 167]]","[[54, 118, 89, 169]]"
21947.jpg,[],[],[]
mphasis_b.mokanapriya@mphasis.com_143453_2020-08-27_6090_.jpg,[],[],[]
fti_Frances.Catapano@fti-acuity.com_134345_2020-08-20_17979_.jpg,[],[],[]
7018.jpg,[],[],[]
mphasis_Ibrahim.Shaikh01@mphasis.com_138220_2020-08-24_1205_.jpg,[],[],[]
11268.jpg,[],[],[]
mphasis_Kashinath.Lingadalli@mphasis.com_120372_2020-08-10_8348_.jpg,[],[],[]
27744.jpg,[0.9313],"[[0, 146, 114, 220]]","[[1, 146, 116, 219]]"
sapana.kokate@mphasis.com_mphasis_proctordesk_hosted_938_.jpg,[0.9129],"[[174, 151, 222, 179]]","[[176, 150, 221, 179]]"
4534.jpg,[],[],[]
27650.jpg,[0.8184],"[[74, 58, 236, 151]]","[[65, 61, 235, 151]]"
mphasis_ramrajk.mandal@mphasis.com_112888_2020-08-03_4665_.jpg,[],[],[]
mphasis_md.kausar@mphasis.com_117443_2020-08-06_3951_.jpg,[],[],[]
90622_2020-07-15_12729_.jpg,[0.8138],"[[163, 142, 221, 193]]","[[164, 141, 219, 188]]"
127_2162065_Imposter.jpg,[],[],"[[59, 118, 74, 135]]"
1591_2163635_Mobile Camera.jpg,[],[],[]
94658_2020-07-17_10792_.jpg,[0.8749],"[[89, 114, 116, 165]]","[[89, 113, 117, 162]]"
mphasis_pooja.x2@mphasis.com_126773_2020-08-14_3729_.jpg,[],[],[]
21228.jpg,[],[],[]
911_2162368_FVE - No Face Detected.jpg,[],[],[]
mphasis_shifana.m@mphasis.com_124577_2020-08-13_9263_.jpg,[],[],[]
fti_Cynthia.Park@fti-acuity.com_138874_2020-08-24_12261_.jpg,[],[],[]
222_2162093_Imposter.jpg,[],[],[]
94383_2020-07-17_4230_.jpg,[],[],[]
808_2162304_Imposter.jpg,[],[],[]
824_2162309_Mobile Camera.jpg,[],[],[]
3131.jpg,[],[],[]
6243.jpg,[],[],[]
1623_2163655_Imposter.jpg,[],[],[]
102347_2020-07-24_5721_.jpg,[],[],[]
g_top_172127.jpg,[0.9628],"[[104, 0, 200, 50]]","[[103, 0, 200, 51]]"
25703.jpg,[0.8828],"[[223, 107, 256, 175]]","[[224, 107, 257, 174]]"
964_2162442_Mobile Camera.jpg,[],[],[]
mphasis_divya.dhaware@mphasis.com_131326_2020-08-18_468_.jpg,[],[],[]
ashvini.jadhav@mphasis.com_mphasis_proctordesk_hosted_271_.jpg,[],[],[]
1795_2164794_Mobile Camera.jpg,[],[],[]
mphasis_Shashikant.Ware@mphasis.com_112840_2020-08-04_1823_.jpg,[],[],[]
787_2162304_Imposter.jpg,[],[],[]
2634_2165275_Imposter.jpg,[],[],[]
1448_2163443_Imposter.jpg,[],[],[]
7504.jpg,[],[],[]
50641_2020-04-27_248_.jpg,[0.8494],"[[43, 150, 99, 225]]","[[44, 149, 100, 228]]"
92704_2020-07-16_7158_.jpg,[],[],[]
393_2162129_Imposter.jpg,[],[],[]
16200.jpg,[],[],[]
19351.jpg,[],[],[]
83211_2020-07-08_17032_.jpg,[],[],[]
g_right_11666.jpg,[0.9395],"[[294, 83, 319, 119]]","[[294, 84, 320, 120]]"
108115_2020-07-30_13389_.jpg,[0.88],"[[193, 163, 244, 223]]","[[192, 163, 245, 226]]"
fti_Matthew.Lerette@fti-acuity.com_142086_2020-08-26_13931_.jpg,[],[],[]
615_2162288_Imposter.jpg,[],[],[]
18426.jpg,[],[],[]
90983_2020-07-15_10666_.jpg,[],[],[]
2602_2165275_Imposter.jpg,[],[],[]
Daniel.Baldree@fti-acuity.com_fti_consulting_proctordesk_hosted_8104_.jpg,[0.8444],"[[6, 77, 79, 167]]","[[5, 77, 78, 167]]"
1149_2162985_Imposter.jpg,[],[],[]
131_2162065_Imposter.jpg,[],[],[]
g_left_123161.jpg,[0.9597],"[[0, 101, 95, 174]]","[[0, 101, 96, 174]]"
4874.jpg,[],[],[]
539_2162224_Mobile Camera.jpg,[0.7814],"[[134, 169, 203, 180]]",[]
47851_2020-04-21_9534_.jpg,[],[],[]
Jagadeesh.P01@mphasis.com_mphasis_proctordesk_hosted_80_.jpg,[],[],[]
1672_2163737_Imposter.jpg,[],[],[]
2802_2165386_Mobile Camera.jpg,[],[],[]
92671_2020-07-16_6944_.jpg,[],[],[]
3546.jpg,[0.8841],"[[140, 89, 181, 152]]","[[141, 90, 180, 153]]"
2083_2164994_Imposter.jpg,[],[],[]
dinesh.st@mphasis.com_mphasis_proctordesk_hosted_172_.jpg,[],[],[]
g_top_43105.jpg,[0.9401],"[[175, 0, 238, 18]]","[[175, 0, 239, 19]]"
1368_2163317_Mobile Camera.jpg,[],[],[]
mphasis_manisha.hampale@mphasis.com_144993_2020-08-28_3831_.jpg,[],[],[]
2402_2165169_Imposter.jpg,[],[],[]
g_top_97334.jpg,[0.9527],"[[157, 0, 253, 22]]","[[157, 0, 253, 22]]"
fti_Jonathan.Burns@fti-acuity.com_146955_2020-08-31_13418_.jpg,[0.7138],"[[49, 95, 151, 208]]","[[36, 98, 147, 204]]"
88363_2020-07-14_5684_.jpg,[],[],[]
2593_2165275_Imposter.jpg,[],[],[]
2257_2165029_FVE - No Face Detected.jpg,[],[],[]
21980.jpg,[],[],[]
61295_2020-05-18_18030_.jpg,[],[],[]
2399_2165168_Mobile Camera.jpg,[],[],[]
2765_2165373_Imposter.jpg,[],[],[]
15194.jpg,[],[],[]
1103_2162668_Mobile Camera.jpg,[0.9032],"[[147, 148, 192, 180]]","[[147, 147, 190, 180]]"
concentrix_patchanok.yangtisan@concentrix.com_133787_2020-08-20_21646_.jpg,[],[],[]
97107_2020-07-20_3195_.jpg,[],[],[]
Sanket.Pawar@mphasis.com_mphasis_proctordesk_hosted_19_.jpg,[],[],[]
23070.jpg,[],[],[]
g_right_13616.jpg,[0.9378],"[[290, 175, 319, 238]]","[[291, 175, 320, 239]]"
fti_Amina.Maddox@fti-acuity.com_128483_2020-08-16_12086_.jpg,[],[],[]
15881.jpg,[],[],[]
89427_2020-07-14_12395_.jpg,[],[],[]
704.jpg,[],[],[]
8465.jpg,[],[],[]
1506_2163518_Mobile Camera.jpg,[0.8087],"[[202, 109, 244, 160]]","[[203, 109, 244, 149]]"
22706.jpg,[],[],[]
90397_2020-07-15_7047_.jpg,[],[],[]
356_2162125_Imposter.jpg,[],[],[]
791_2162304_Imposter.jpg,[],[],[]
mphasis_snehal.deshpande@mphasis.com_138154_2020-08-24_6003_.jpg,[0.8473],"[[183, 86, 241, 145]]","[[185, 86, 242, 142]]"
2173_2165007_Mobile Camera.jpg,[],[],"[[158, 116, 178, 135]]"
25172.jpg,[0.6345],"[[104, 159, 129, 240]]","[[106, 162, 130, 240]]"
ramesh.ijjagiri@mphasis.com_mphasis_proctordesk_hosted_857_.jpg,[],[],[]
24548.jpg,[0.8441],"[[203, 16, 275, 125]]","[[205, 16, 274, 129]]"
mphasis_SUBRAMANI.IYER@MPHASIS.COM_114547_2020-08-04_6691_.jpg,[],[],[]
1677_2163737_Mobile Camera.jpg,[],[],[]
2559_2165272_Mobile Camera.jpg,[0.8229],"[[284, 90, 307, 124]]","[[284, 91, 311, 126]]"
mphasis_PUTTA.N@MPHASIS.COM_126168_2020-08-14_5223_.jpg,[],[],[]
1212.jpg,[],[],[]
mphasis_deepa.c@mphasis.com_115442_2020-08-05_4297_.jpg,[],[],[]
905_2162368_Imposter.jpg,[],[],[]
mphasis_mamata.shyabalad@mphasis.com_121750_2020-08-11_10139_.jpg,[],[],[]
88796_2020-07-14_858_.jpg,[],[],[]
982_2162475_Imposter.jpg,[],[],[]
mphasis_chandraprabha.m@mphasis.com_120731_2020-08-10_2063_.jpg,[],[],[]
mphasis_Amit.Singh@mphasis.com_132504_2020-08-19_6369_.jpg,[],[],[]
1604_2163655_Imposter.jpg,[],[],[]
madhavi.burugu@mphasis.com_mphasis_proctordesk_hosted_444_.jpg,[],[],[]
2840_2165418_Imposter.jpg,[],[],[]
1683_2163740_Mobile Camera.jpg,[0.7444],"[[202, 92, 223, 142]]","[[202, 93, 221, 142]]"
938_2162410_Mobile Camera.jpg,[0.4694],"[[255, 102, 285, 141]]","[[254, 104, 284, 144]]"
669_2162304_Imposter.jpg,[],[],[]
21308.jpg,[],[],[]
mphasis_Bhushan.Jadhav02@mphasis.com_128955_2020-08-17_6583_.jpg,[],[],[]
mphasis_meka.divya@mphasis.com_120001_2020-08-10_2812_.jpg,[],[],[]
11360.jpg,[0.8379],"[[144, 189, 179, 239]]","[[138, 189, 181, 239]]"
389_2162129_Imposter.jpg,[],[],[]
krishna.gond@mphasis.com_mphasis_proctordesk_hosted_457_.jpg,[],[],[]
fti_Everett.Neely@fti-acuity.com_130321_2020-08-17_18236_.jpg,[],[],[]
16452.jpg,[],[],[]
108699_2020-07-30_14457_.jpg,[],[],[]
24830.jpg,[],[],[]
concentrix_Tiwarid1@aetna.com_139726_2020-08-25_21197_.jpg,[],[],[]
88916_2020-07-14_14157_.jpg,[],[],[]
96613_2020-07-20_5850_.jpg,[],[],[]
464_2162163_Mobile Camera.jpg,[],[],[]
2604_2165275_Imposter.jpg,[],[],[]
282_2162112_Mobile Camera.jpg,[],[],[]
97514_2020-07-21_7729_.jpg,[],[],[]
605_2162287_Mobile Camera.jpg,[0.2917],"[[183, 133, 203, 156]]","[[183, 134, 204, 150]]"
15725.jpg,[],[],[]
466_2162163_Mobile Camera.jpg,[0.2774],"[[8, 124, 25, 180]]",[]
2311_2165084_Imposter.jpg,[],[],[]
108613_2020-07-30_7896_.jpg,[],[],[]
2103_2164994_Imposter.jpg,[],[],[]
1459_2163460_Imposter.jpg,[],[],[]
1017_2162490_Mobile Camera.jpg,[],[],[]
Bonnie.Clements@fti-acuity.com_fti_consulting_proctordesk_hosted_8953_.jpg,[],[],[]
shila.kapse@mphasis.com_mphasis_proctordesk_hosted_1592_.jpg,[],[],[]
757_2162304_Imposter.jpg,[],[],[]
100848_2020-07-23_7567_.jpg,[],[],[]
mphasis_Sai.R01@mphasis.com_120255_2020-08-10_62_.jpg,[],[],[]
84092_2020-07-09_15200_.jpg,[],[],[]
fti_Juan.Alexander@fti-acuity.com_136793_2020-08-21_13950_.jpg,[],[],[]
17376.jpg,[],[],[]
fti_Yasmeen.Henderson@fti-acuity.com_141814_2020-08-26_19911_.jpg,[],[],[]
5385.jpg,[],[],[]
1943_2164955_Imposter.jpg,[],[],[]
328_2162123_FVE - No Face Detected.jpg,[],[],[]
11551.jpg,[],[],[]
8761.jpg,[],[],[]
14126.jpg,[],[],[]
fti_Hoang.Ngo@fti-acuity.com_139282_2020-08-24_14688_.jpg,[],[],[]
shobha.kankanwadi@mphasis.com_mphasis_proctordesk_hosted_1085_.jpg,[],[],[]
Brad.Koplinski@fti-acuity.com_fti_consulting_proctordesk_hosted_10951_.jpg,[],[],[]
86936_2020-07-13_2400_.jpg,[],[],[]
16666.jpg,[],[],[]
g_right_10442.jpg,[0.8635],"[[311, 81, 320, 146]]","[[312, 81, 320, 146]]"
12752.jpg,[],[],[]
260_2162108_Imposter.jpg,[],[],[]
21783.jpg,[],[],[]
2049_2164993_Mobile Camera.jpg,[0.5012],"[[123, 138, 171, 171]]",[]
782_2162304_Imposter.jpg,[],[],[]
912_2162368_Imposter.jpg,[],[],[]
45168_2020-04-15_9594_.jpg,[],[],[]
740_2162304_Imposter.jpg,[],[],[]
6684.jpg,[],[],[]
744.jpg,[],[],[]
fti_Doreen.Nanda@fti-acuity.com_145362_2020-08-28_13121_.jpg,[],[],[]
152_2162067_Imposter.jpg,[],[],[]
fti_Geoffrey.Louden@fti-acuity.com_142333_2020-08-26_11281_.jpg,[],[],[]
87600_2020-07-13_1116_.jpg,[],[],[]
fti_Michael.Cohen@fti-acuity.com_138361_2020-08-24_17833_.jpg,[],[],[]
concentrix_naranga@aetna.com_114783_2020-08-05_21238_.jpg,[0.7541],"[[108, 169, 149, 239]]","[[109, 170, 149, 228]]"
1655_2163708_FVE - No Face Detected.jpg,[],[],[]
8592.jpg,[],[],[]
1262_2163240_Imposter.jpg,[],[],[]
27332.jpg,[0.8786],"[[191, 119, 243, 179]]","[[192, 119, 243, 179]]"
25388.jpg,[],[],[]
7636.jpg,[],[],[]
19043.jpg,[],[],[]
2649_2165275_Imposter.jpg,[],[],[]
1083_2162604_FVE - No Face Detected.jpg,[],[],[]
12584.jpg,[],[],[]
2462_2165223_Mobile Camera.jpg,[0.5112],"[[78, 100, 180, 179]]",[]
96386_2020-07-20_2646_.jpg,[],[],[]
mphasis_Lalit.Bonde@mphasis.com_129744_2020-08-17_4570_.jpg,[],[],[]
2070_2164994_Imposter.jpg,[],[],[]
mphasis_Papiya.Jana01@mphasis.com_141739_2020-08-26_540_.jpg,[],[],[]
fti_Justin.Raimo@fti-acuity.com_131011_2020-08-18_14311_.jpg,[],[],[]
87673_2020-07-13_670_.jpg,[],[],[]
2277_2165034_Mobile Camera.jpg,[0.4389],"[[266, 122, 297, 179]]",[]
fti_Doreen.Nanda@fti-acuity.com_143829_2020-08-27_13104_.jpg,[],[],[]
82012_2020-07-06_11504_.jpg,[],[],[]
2514_2165263_Imposter.jpg,[],[],[]
1478_2163473_Mobile Camera.jpg,"[0.533, 0.3946]","[[168, 113, 189, 143], [168, 113, 189, 134]]","[[168, 113, 189, 131]]"
956_2162434_Imposter.jpg,[],[],[]
mphasis_sudha.j@mphasis.com_132082_2020-08-19_7634_.jpg,[],[],[]
45159_2020-04-15_9689_.jpg,"[0.6372, 0.4503]","[[214, 138, 237, 208], [217, 167, 237, 209]]","[[217, 167, 238, 210]]"
heena.doshi@fti-acuity.com_fti_consulting_proctordesk_hosted_2027_.jpg,[],[],[]
fti_Kesete.Taye@fti-acuity.com_133298_2020-08-19_11507_.jpg,[],[],[]
g_top_112192.jpg,[0.9519],"[[200, 0, 264, 21]]","[[201, 0, 265, 22]]"
278_2162108_Imposter.jpg,[],[],[]
1501_2163510_Imposter.jpg,[],[],[]
fti_Jeffrey.OReilly@fti-acuity.com_131140_2020-08-18_19753_.jpg,[],[],[]
22276.jpg,[],[],[]
48393_2020-04-22_9322_.jpg,[0.8718],"[[176, 110, 255, 216]]","[[177, 112, 259, 217]]"
1958_2164956_Mobile Camera.jpg,[],[],[]
mphasis_roshani.shete@mphasis.com_140014_2020-08-25_2453_.jpg,[],[],[]
104427_2020-07-27_14346_.jpg,[],[],[]
mphasis_Gayathri.L02@mphasis.com_129182_2020-08-17_8449_.jpg,[],[],[]
fti_Yarmi.Horscheck@fti-acuity.com_134465_2020-08-20_14626_.jpg,[],[],[]
fti_Vonetta.Barker@fti-acuity.com_132930_2020-08-19_20112_.jpg,[0.3948],"[[127, 105, 173, 159]]",[]
13450.jpg,[],[],[]
108307_2020-07-30_13715_.jpg,[],[],[]
16305.jpg,[],[],[]
1065_2162551_Mobile Camera.jpg,"[0.4915, 0.4076]","[[217, 141, 255, 175], [218, 141, 255, 163]]","[[219, 142, 254, 162]]"
22733.jpg,[],[],[]
93078_2020-07-16_13967_.jpg,[],[],[]
fti_Ronald.Lengkong@fti-acuity.com_141781_2020-08-26_15461_.jpg,[],[],[]
85099_2020-07-10_16536_.jpg,[],[],[]
2496_2165263_Imposter.jpg,[],[],[]
82102_2020-07-06_15197_.jpg,[],[],[]
1102_2162667_Imposter.jpg,[],[],[]
339_2162123_FVE - No Face Detected.jpg,[],[],[]
90499_2020-07-15_6408_.jpg,[],[],[]
21220.jpg,[],[],[]
58509_2020-05-12_19351_.jpg,[0.4712],"[[108, 120, 127, 202]]","[[110, 119, 126, 200]]"
24513.jpg,[],[],[]
mphasis_pinjari.fakruddin@mphasis.com_112361_2020-08-03_8839_.jpg,[],[],[]
fti_Yujian.Zhang@fti-acuity.com_137087_2020-08-21_20469_.jpg,[],[],[]
97442_2020-07-21_4068_.jpg,[],[],[]
18305.jpg,[],[],[]
107275_2020-07-30_3727_.jpg,[],[],[]
94963_2020-07-17_1329_.jpg,[],[],[]
fti_Richard.Kraus@fti-acuity.com_131031_2020-08-18_20271_.jpg,[],[],[]
2841_2165418_Imposter.jpg,[],[],[]
g_left_9749.jpg,[0.966],"[[0, 56, 63, 93]]","[[0, 57, 64, 93]]"
104043_2020-07-27_2513_.jpg,[],[],[]
106930_2020-07-29_3722_.jpg,[],[],[]
21992.jpg,[],[],[]
mphasis_v.vinothkumar@mphasis.com_113534_2020-08-04_5559_.jpg,[],[],[]
1450_2163443_Imposter.jpg,[],[],[]
mphasis_sijo.mathew@mphasis.com_110780_2020-08-01_11019_.jpg,[],[],[]
mulinty.prasad@mphasis.com_mphasis_proctordesk_hosted_1004_.jpg,[],[],[]
107150_2020-07-29_5402_.jpg,[],[],[]
mphasis_dalavai.kumar@mphasis.com_117455_2020-08-06_9613_.jpg,[],[],[]
18528.jpg,[],[],[]
fti_Kelvin.Rivera@fti-acuity.com_143274_2020-08-27_15785_.jpg,[],[],[]
24504.jpg,[0.7353],"[[203, 95, 243, 158]]","[[202, 94, 245, 152]]"
6288.jpg,[],[],[]
1056_2162526_Mobile Camera.jpg,[0.488],"[[306, 104, 320, 179]]","[[285, 147, 310, 180]]"
24942.jpg,[],[],[]
10888.jpg,[],[],[]
mphasis_karishma.barge@mphasis.com_136043_2020-08-21_1038_.jpg,[],[],[]
2535_2165267_Mobile Camera.jpg,[],[],[]
79937_2020-07-01_16292_.jpg,[],[],[]
mphasis_chandraprabha.m@mphasis.com_120731_2020-08-10_2050_.jpg,[],[],[]
1901_2164935_Imposter.jpg,[],[],[]
92579_2020-07-16_2033_.jpg,[],[],[]
fti_Tejus.Karia@fti-acuity.com_140538_2020-08-25_14960_.jpg,[],[],[]
58992_2020-05-13_18337_.jpg,[],[],[]
19191.jpg,[],[],[]
1953_2164956_Mobile Camera.jpg,[],[],[]
550_2162224_Imposter.jpg,[],[],[]
2621_2165275_Imposter.jpg,[],[],[]
9019.jpg,[],[],[]
158_2162072_Imposter.jpg,[],[],[]
mphasis_likhitha.p@mphasis.com_116007_2020-08-05_4389_.jpg,[],[],[]
fti_Nikolay.Pogosov@fti-acuity.com_129286_2020-08-17_17951_.jpg,[],[],[]
786_2162304_Imposter.jpg,[],[],[]
72499_2020-06-12_497_.jpg,[0.8971],"[[108, 80, 220, 238]]","[[108, 81, 222, 231]]"
105938_2020-07-28_13312_.jpg,[],[],[]
106655_2020-07-29_9039_.jpg,[],[],[]
96853_2020-07-21_6070_.jpg,[],[],[]
g_top_21654.jpg,[0.961],"[[160, 0, 208, 57]]","[[161, 0, 209, 58]]"
2452_2165210_Imposter.jpg,[],[],[]
manikandan.v1@mphasis.com_mphasis_proctordesk_hosted_800_.jpg,[],[],[]
mphasis_mounika.s@mphasis.com_129344_2020-08-17_176_.jpg,[],[],[]
12875.jpg,[],[],[]
2677_2165285_Mobile Camera.jpg,[],[],[]
98127_2020-07-21_5862_.jpg,[],[],[]
1039_2162503_Imposter.jpg,[],[],[]
27346.jpg,[0.8829],"[[190, 110, 226, 155]]","[[189, 110, 226, 157]]"
1575_2163626_Imposter.jpg,[],[],[]
fti_James.Troy@fti-acuity.com_136210_2020-08-21_14344_.jpg,[],[],[]
828_2162309_Imposter.jpg,[],[],[]
2648_2165275_Imposter.jpg,[],[],[]
84779_2020-07-10_17604_.jpg,[0.8468],"[[204, 125, 239, 164]]","[[205, 126, 239, 162]]"
fti_Michelle.Marty@fti-acuity.com_133252_2020-08-19_13242_.jpg,[],[],[]
83329_2020-07-08_14606_.jpg,[],[],[]
mphasis_shubam.sharma@mphasis.com_136022_2020-08-21_4805_.jpg,[],[],[]
96628_2020-07-20_6686_.jpg,[],[],[]
10156.jpg,[],[],[]
14775.jpg,[],[],[]
1666_2163723_Imposter.jpg,[],[],[]
2193_2165010_Mobile Camera.jpg,[0.7759],"[[44, 144, 79, 179]]","[[43, 142, 80, 180]]"
majid.shaikh@mphasis.com_mphasis_proctordesk_hosted_730_.jpg,[],[],[]
2241_2165026_Imposter.jpg,[],[],[]
90738_2020-07-15_6833_.jpg,[],[],[]
55658_2020-05-06_19225_.jpg,[0.9574],"[[52, 156, 250, 239]]","[[53, 156, 247, 239]]"
mphasis_yerrampalle.ishwarya@mphasis.com_127169_2020-08-14_9844_.jpg,[],[],[]
103996_2020-07-27_13927_.jpg,[],[],[]
7156.jpg,[],[],[]
79976_2020-07-01_14547_.jpg,[0.6704],"[[219, 111, 273, 158]]","[[217, 109, 274, 156]]"
96847_2020-07-20_1351_.jpg,[],[],[]
fti_Carl.DiCarlo@fti-acuity.com_127870_2020-08-15_18381_.jpg,[],[],[]
2493_2165263_Imposter.jpg,[],[],[]
21981.jpg,[],[],[]
108134_2020-07-30_2053_.jpg,[],[],[]
27575.jpg,[0.8023],"[[104, 65, 178, 158]]","[[104, 64, 175, 154]]"
92150_2020-07-16_3999_.jpg,[],[],[]
60013_2020-05-15_17975_.jpg,[],[],[]
60013_2020-05-15_17978_.jpg,[],[],[]
mphasis_Bhushan.Jadhav02@mphasis.com_130619_2020-08-18_6608_.jpg,[],[],[]
9773.jpg,[],[],[]
mphasis_chandrika.anchekar@mphasis.com_139964_2020-08-25_9338_.jpg,[],[],[]
mphasis_Akram.Shaik@mphasis.com_122448_2020-08-11_126_.jpg,[],[],[]
544.jpg,[],[],[]
93152_2020-07-17_1298_.jpg,[],[],[]
10751.jpg,[],[],[]
1225_2163142_Imposter.jpg,[],[],[]
198_2162093_Mobile Camera.jpg,[0.7111],"[[5, 130, 55, 179]]","[[5, 132, 84, 180]]"
19613.jpg,[],[],[]
1105_2162732_Mobile Camera.jpg,[],[],[]
1751_2164152_Imposter.jpg,[],[],[]
mphasis_shinde.venkatrao@mphasis.com_116447_2020-08-06_7539_.jpg,[],[],[]
90241_2020-07-15_4605_.jpg,[],[],[]
mphasis_prakash.kashid@mphasis.com_134709_2020-08-20_10965_.jpg,[],[],[]
25112.jpg,[],[],[]
25471.jpg,[0.8995],"[[98, 70, 223, 234]]",[]
heena.doshi@fti-acuity.com_fti_consulting_proctordesk_hosted_2024_.jpg,[],[],[]
mphasis_Bhushan.Jadhav02@mphasis.com_126518_2020-08-14_6544_.jpg,[],[],[]
25897.jpg,[0.9255],"[[133, 115, 190, 221]]","[[133, 115, 190, 220]]"
105493_2020-07-28_777_.jpg,[],[],[]
979_2162453_Mobile Camera.jpg,[0.8744],"[[69, 12, 108, 51]]","[[41, 15, 74, 49]]"
4295.jpg,[],[],[]
45404_2020-04-16_9812_.jpg,[],[],[]
516_2162214_FVE - No Face Detected.jpg,[],[],[]
1899_2164935_Multiple people.jpg,[],[],[]
fti_Jonathan.Burns@fti-acuity.com_134612_2020-08-20_13400_.jpg,[],[],[]
fti_Lillian.Ajayi@fti-acuity.com_147002_2020-08-31_16158_.jpg,[],[],[]
99272_2020-07-22_13701_.jpg,[],[],[]
2546_2165269_Mobile Camera.jpg,[],[],"[[233, 95, 320, 180]]"
1344_2163276_Imposter.jpg,[],[],[]
90783_2020-07-15_7148_.jpg,[],[],[]
2661_2165275_Imposter.jpg,[],[],[]
589_2162276_Imposter.jpg,[],[],[]
1192_2163040_Mobile Camera.jpg,[0.7234],"[[85, 145, 130, 179]]","[[100, 147, 130, 163]]"
762_2162304_Imposter.jpg,[],[],[]
672_2162304_Imposter.jpg,[],[],[]
18475.jpg,[],[],[]
806_2162304_Imposter.jpg,[],[],[]
24332.jpg,[0.8239],"[[178, 115, 234, 158]]","[[179, 114, 233, 157]]"
598_2162279_Mobile Camera.jpg,[],[],[]
2210_2165014_Imposter.jpg,[],[],[]
82_2162061_Imposter.jpg,[],[],[]
6732.jpg,[],[],[]
107718_2020-07-30_19138_.jpg,[],[],[]
92671_2020-07-16_6898_.jpg,[],[],[]
fti_Michael.Cohen@fti-acuity.com_128329_2020-08-16_17805_.jpg,[],[],[]
96094_2020-07-20_4028_.jpg,[],[],[]
fti_Everett.Neely@fti-acuity.com_141033_2020-08-25_18262_.jpg,[0.8077],"[[237, 125, 314, 191]]","[[241, 126, 314, 191]]"
1055_2162526_Mobile Camera.jpg,[],[],[]
rubina.khan@mphasis.com_mphasis_proctordesk_hosted_669_.jpg,[],[],[]
104036_2020-07-27_10727_.jpg,[0.6204],"[[171, 120, 242, 226]]",[]
mphasis_Ruchi.Gusain@mphasis.com_111990_2020-08-03_4227_.jpg,[],[],[]
11362.jpg,[],[],[]
nagesh.birdawade@mphasis.com_mphasis_proctordesk_hosted_1824_.jpg,[],[],[]
mphasis_Sanket.Pawar@mphasis.com_121664_2020-08-11_260_.jpg,[],[],[]
pavan.an@mphasis.com_mphasis_proctordesk_hosted_351_.jpg,[],[],[]
103139_2020-07-26_19072_.jpg,[],[],[]
mphasis_santosh.itnal@mphasis.com_124587_2020-08-13_1747_.jpg,[],[],[]
2152_2165005_Imposter.jpg,[],[],[]
20489.jpg,[],[],[]
21817.jpg,[],[],[]
100405_2020-07-23_5870_.jpg,[],[],[]
19026.jpg,[],[],[]
mphasis_savita.shirgire@mphasis.com_114815_2020-08-05_8604_.jpg,[],[],[]
mphasis_Akshay.Shah@mphasis.com_110947_2020-08-01_9933_.jpg,[],[],[]
21621.jpg,[],[],[]
99362_2020-07-22_10714_.jpg,[],[],[]
2167_2165005_Imposter.jpg,[],[],[]
89558_2020-07-14_6505_.jpg,[],[],[]
64.jpg,[],[],[]
132_2162065_Imposter.jpg,[],[],[]
g_top_128335.jpg,[0.9663],"[[220, 0, 267, 57]]","[[220, 0, 268, 58]]"
44959_2020-04-15_9292_.jpg,[0.7287],"[[74, 45, 225, 187]]","[[69, 45, 231, 180]]"
88542_2020-07-14_8011_.jpg,[],[],[]
mphasis_pinjari.fakruddin@mphasis.com_115314_2020-08-05_8879_.jpg,[],[],[]
2304_2165084_Imposter.jpg,[],[],[]
shila.kapse@mphasis.com_mphasis_proctordesk_hosted_1570_.jpg,[],[],[]
25758.jpg,[0.8953],"[[233, 131, 272, 208]]","[[231, 131, 271, 207]]"
mphasis_Deepa.Acharya@mphasis.com_115909_2020-08-06_1340_.jpg,[],[],[]
concentrix_waranya.phanphai1@concentrix.com_127735_2020-08-15_21704_.jpg,[],[],[]
Paul.Attea@fti-acuity.com_fti_consulting_proctordesk_hosted_12487_.jpg,[],[],[]
17627.jpg,[],[],[]
44311_2020-04-14_9799_.jpg,[],[],[]
1137_2162976_Mobile Camera.jpg,[],[],[]
94850_2020-07-17_13161_.jpg,[],[],[]
21226.jpg,[],[],[]
15238.jpg,[],[],[]
10040.jpg,[],[],[]
mphasis_divya.dhaware@mphasis.com_143613_2020-08-27_506_.jpg,[],[],[]
88556_2020-07-14_1696_.jpg,[],[],[]
mphasis_Rajendra.Patil@mphasis.com_118697_2020-08-07_7243_.jpg,[],[],[]
2598_2165275_Imposter.jpg,[],[],[]
7882.jpg,[],[],[]
1382_2163362_Mobile Camera.jpg,[],[],[]
2424_2165189_Mobile Camera.jpg,[0.5061],"[[228, 119, 267, 178]]","[[227, 116, 268, 180]]"
21041.jpg,[],[],[]
2517_2165263_Imposter.jpg,[],[],[]
92743_2020-07-16_13753_.jpg,"[0.6085, 0.4437]","[[214, 111, 236, 180], [219, 117, 237, 180]]","[[217, 110, 237, 179]]"
631_2162288_Imposter.jpg,[],[],[]
2793_2165386_Imposter.jpg,[],[],[]
151_2162067_Imposter.jpg,[],[],[]
44311_2020-04-14_9743_.jpg,[],[],[]
2100_2164994_Imposter.jpg,[],[],[]
mphasis_padma.patrot@mphasis.com_121743_2020-08-11_10043_.jpg,[0.3464],"[[0, 74, 73, 132]]",[]
106767_2020-07-29_15052_.jpg,[0.8731],"[[185, 114, 249, 179]]","[[190, 115, 249, 172]]"
g_top_112164.jpg,[0.9333],"[[159, 0, 317, 24]]","[[160, 0, 320, 24]]"
1869_2164922_Mobile Camera.jpg,[0.6116],"[[0, 117, 70, 179]]",[]
15962.jpg,[],[],[]
481.jpg,[],[],[]
11712.jpg,[],[],[]
loretta.carroll@mphasis.com_mphasis_proctordesk_hosted_1743_.jpg,[],[],[]
16964.jpg,[],[],[]
mphasis_rajesh.r@mphasis.com_134278_2020-08-20_4881_.jpg,[],[],[]
loretta.carroll@mphasis.com_mphasis_proctordesk_hosted_1787_.jpg,[],[],[]
733_2162304_Imposter.jpg,[],[],[]
89012_2020-07-14_12923_.jpg,[],[],[]
100018_2020-07-23_4574_.jpg,[],[],[]
431.jpg,[],[],[]
8810.jpg,[],[],[]
414_2162129_Imposter.jpg,[],[],[]
274_2162108_Imposter.jpg,[],[],[]
11409.jpg,[0.9027],"[[131, 149, 239, 195]]","[[134, 150, 240, 194]]"
mphasis_Satish.J@mphasis.com_124200_2020-08-12_10993_.jpg,[],[],[]
fti_Emanuel.Aron@fti-acuity.com_132825_2020-08-19_16751_.jpg,[],[],[]
83467_2020-07-08_17447_.jpg,[],[],[]
1310_2163259_Imposter.jpg,[],[],[]
1883_2164935_Multiple people.jpg,[],[],[]
fti_John.Grisham@fti-acuity.com_140904_2020-08-25_12748_.jpg,[0.8078],"[[242, 154, 285, 223]]","[[240, 155, 283, 216]]"
80338_2020-07-02_11831_.jpg,[],[],[]
16987.jpg,[],[],[]
2172_2165007_Mobile Camera.jpg,[0.3344],"[[158, 113, 188, 157]]","[[154, 113, 188, 150]]"
fti_Shantee.Bryant-Days@fti-acuity.com_143975_2020-08-27_19849_.jpg,[],[],[]
1037_2162503_Imposter.jpg,[],[],[]
688_2162304_Imposter.jpg,[],[],[]
11283.jpg,[],[],[]
1050_2162522_Mobile Camera.jpg,[],[],[]
fti_Cristina.Bosmenier@fti-acuity.com_128721_2020-08-17_13787_.jpg,[],[],[]
17170.jpg,[],[],[]
fti_bruce.fay@fti-acuity.com_132772_2020-08-19_19673_.jpg,[],[],[]
5568.jpg,[],[],[]
concentrix_patchanok.yangtisan@concentrix.com_114638_2020-08-05_21594_.jpg,[0.8427],"[[229, 137, 318, 207]]","[[229, 137, 317, 201]]"
mphasis_LORETTA.CARROLL@MPHASIS.COM_121105_2020-08-11_7849_.jpg,[],[],[]
1640_2163672_Imposter.jpg,[],[],[]
2513_2165263_Imposter.jpg,[],[],[]
1045_2162522_Multiple people.jpg,[],[],[]
97919_2020-07-21_5171_.jpg,[],[],[]
80389_2020-07-02_14931_.jpg,[],[],[]
105146_2020-07-28_3291_.jpg,[],[],[]
1707_2163756_Imposter.jpg,[],[],[]
17846.jpg,[],[],[]
24877.jpg,[],[],[]
106180_2020-07-29_3862_.jpg,[],[],[]
108184_2020-07-30_7766_.jpg,[],[],[]
mphasis_sunil.chavan1@mphasis.com_147330_2020-08-31_9148_.jpg,[],[],[]
100579_2020-07-23_11322_.jpg,[],[],[]
1314_2163262_Imposter.jpg,[],[],[]
436_2162132_Mobile Camera.jpg,[0.86],"[[157, 138, 201, 174]]","[[159, 139, 201, 173]]"
2766_2165373_Imposter.jpg,[],[],[]
2666_2165275_Imposter.jpg,[],[],[]
1126_2162945_Imposter.jpg,[],[],[]
10643.jpg,[],[],[]
44311_2020-04-14_9745_.jpg,[],[],[]
687_2162304_Imposter.jpg,[],[],[]
mphasis_b.mokanapriya@mphasis.com_146875_2020-08-31_6100_.jpg,[],[],[]
11943.jpg,[],[],[]
65174_2020-05-27_18444_.jpg,[],[],[]
mphasis_shubam.sharma@mphasis.com_115206_2020-08-05_4772_.jpg,[],[],[]
fti_Daniel.Trieff@fti-acuity.com_134783_2020-08-20_17181_.jpg,[],[],[]
23124.jpg,[],[],[]
14714.jpg,[],[],[]
321_2162121_FVE - No Face Detected.jpg,[],[],[]
9167.jpg,[],[],[]
732_2162304_Imposter.jpg,[],[],[]
sudha.j@mphasis.com_mphasis_proctordesk_hosted_1678_.jpg,[],[],[]
1504_2163518_Mobile Camera.jpg,[0.8282],"[[272, 140, 317, 179]]","[[273, 140, 315, 180]]"
99231_2020-07-22_3957_.jpg,[],[],[]
fti_Thomas.Milazzo@fti-acuity.com_137712_2020-08-23_17043_.jpg,[],[],[]
mphasis_Sanjay.Jirage@mphasis.com_137229_2020-08-24_9160_.jpg,[],[],[]
14232.jpg,[],[],[]
2361_2165106_Imposter.jpg,[],[],[]
24958.jpg,[0.706],"[[209, 101, 314, 200]]","[[211, 101, 320, 201]]"
2758_2165335_Imposter.jpg,[],[],[]
108023_2020-07-30_809_.jpg,[],[],[]
23413.jpg,[],[],[]
90714_2020-07-15_17884_.jpg,[0.9083],"[[211, 64, 270, 172]]","[[212, 63, 274, 172]]"
793_2162304_Imposter.jpg,[],[],[]
1770_2164627_Imposter.jpg,[],[],[]
2529_2165263_Imposter.jpg,[],[],[]
2783_2165373_Multiple people.jpg,[],[],[]
99251_2020-07-22_16318_.jpg,[],[],[]
pooja.patil1@mphasis.com_mphasis_proctordesk_hosted_1150_.jpg,[],[],[]
1588_2163633_Mobile Camera.jpg,[0.8138],"[[9, 80, 57, 169]]","[[11, 80, 56, 168]]"
15746.jpg,[],[],[]
107209_2020-07-29_1663_.jpg,[],[],[]
102417_2020-07-24_1948_.jpg,[],[],[]
902_2162368_Mobile Camera.jpg,[],[],[]
fti_Rodney.Nutt@fti-acuity.com_129195_2020-08-17_16574_.jpg,[],[],[]
44311_2020-04-14_9773_.jpg,[],[],[]
9144.jpg,[],[],[]
fti_kevin.brown@fti-acuity.com_129266_2020-08-17_14084_.jpg,[],[],[]
8712.jpg,[],[],[]
90472_2020-07-15_6381_.jpg,[],[],[]
94977_2020-07-18_8199_.jpg,[],[],[]
2055_2164993_Imposter.jpg,[],[],[]
501_2162177_Imposter.jpg,[],[],[]
8557.jpg,[],[],[]
1894_2164935_Multiple people.jpg,[],[],[]
Freddie.Bunch@fti-acuity.com_fti_consulting_proctordesk_hosted_18154_.jpg,[],[],[]
16802.jpg,[],[],[]
7432.jpg,[],[],[]
100312_2020-07-23_3080_.jpg,[],[],[]
2538_2165267_Imposter.jpg,[],[],[]
102777_2020-07-24_6058_.jpg,[],[],[]
89330_2020-07-14_1580_.jpg,[],[],[]
mphasis_Abhishek.Chitre@mphasis.com_119928_2020-08-10_3558_.jpg,[],[],[]
101135_2020-07-23_4805_.jpg,[],[],[]
387_2162129_Imposter.jpg,[],[],[]
96386_2020-07-20_2666_.jpg,[],[],[]
1661_2163723_Mobile Camera.jpg,[],[],[]
92039_2020-07-16_585_.jpg,[],[],[]
fti_Juan.Alexander@fti-acuity.com_136793_2020-08-21_13945_.jpg,[],[],[]
216_2162093_Mobile Camera.jpg,[0.4428],"[[42, 94, 68, 144]]","[[41, 95, 68, 145]]"
2820_2165388_Imposter.jpg,[],[],[]
1934_2164953_Imposter.jpg,[],[],[]
mphasis_shivagouda.patil@mphasis.com_139866_2020-08-25_990_.jpg,[],[],[]
mphasis_s.geethamma@mphasis.com_115068_2020-08-05_9022_.jpg,[],[],[]
mphasis_Raksha.Ravi@mphasis.com_136167_2020-08-21_3469_.jpg,[],[],[]
46_2162050_Imposter.jpg,[],[],[]
mphasis_Shashikant.Ware@mphasis.com_112840_2020-08-04_1826_.jpg,[],[],[]
g_right_21661.jpg,[0.9483],"[[291, 120, 319, 184]]","[[291, 121, 320, 184]]"
mphasis_karishma.barge@mphasis.com_140115_2020-08-25_1056_.jpg,[],[],[]
23194.jpg,[],[],[]
104023_2020-07-27_12606_.jpg,[],[],[]
2477_2165263_Imposter.jpg,[],[],[]
fti_Marla.Grant@fti-acuity.com_143563_2020-08-27_14162_.jpg,[],[],[]
21878.jpg,[],[],[]
16238.jpg,[],[],[]
mphasis_SUBRAMANI.IYER@MPHASIS.COM_113513_2020-08-04_6672_.jpg,[],[],[]
mphasis_varsha.survase@mphasis.com_129609_2020-08-17_8309_.jpg,[],[],[]
fti_Nikolay.Pogosov@fti-acuity.com_127889_2020-08-15_17946_.jpg,[],[],[]
fti_Doreen.Nanda@fti-acuity.com_143829_2020-08-27_13102_.jpg,[],[],[]
98154_2020-07-21_2476_.jpg,[],[],[]
100173_2020-07-23_18834_.jpg,[],[],[]
458_2162149_Imposter.jpg,[],[],[]
1609_2163655_Imposter.jpg,[],[],[]
2061_2164994_Imposter.jpg,[],[],[]
2316_2165084_Imposter.jpg,[],[],[]
2288_2165058_Mobile Camera.jpg,[],[],[]
94138_2020-07-17_5995_.jpg,[],[],[]
94977_2020-07-17_8209_.jpg,[],[],[]
mphasis_hariharan.rajkannu@mphasis.com_123311_2020-08-12_8761_.jpg,[],[],[]
18504.jpg,[],[],[]
17466.jpg,[],[],[]
2065_2164994_Imposter.jpg,[],[],[]
7_2162025_Mobile Camera.jpg,[],[],[]
78_2162052_Imposter.jpg,[],[],[]
11008.jpg,[],[],[]
26799.jpg,[0.9126],"[[161, 72, 230, 180]]","[[161, 71, 229, 180]]"
47085_2020-04-20_9731_.jpg,[],[],[]
1515_2163557_Mobile Camera.jpg,[0.8878],"[[136, 141, 182, 179]]","[[136, 140, 184, 180]]"
46913_2020-04-20_9830_.jpg,[0.6142],"[[103, 96, 130, 189]]","[[106, 84, 131, 185]]"
mythri.m@concentrix.com_concentrix_proctordesk_hosted_concentrix_proctordesk_hosted_mythri.m@concentrix.com_80705_2958_.jpg,[],[],[]
mphasis_Amit.Singh@mphasis.com_129102_2020-08-17_6367_.jpg,[],[],[]
14652.jpg,[],[],[]
1349_2163284_Imposter.jpg,[],[],[]
660_2162303_Imposter.jpg,[],[],[]
8019.jpg,[],[],[]
1147_2162985_Imposter.jpg,[],[],[]
21544.jpg,[],[],[]
1781_2164713_Multiple people.jpg,[],[],[]
2952.jpg,[],[],[]
723.jpg,[0.6111],"[[235, 170, 268, 191]]","[[235, 171, 267, 191]]"
103962_2020-07-27_11306_.jpg,[],[],[]
mphasis_Rupa.P01@mphasis.com_134737_2020-08-20_9781_.jpg,[],[],[]
44947_2020-04-15_9559_.jpg,[],[],[]
100828_2020-07-23_10593_.jpg,[],[],[]
13420.jpg,[],[],[]
435_2162132_Imposter.jpg,[],[],[]
429_2162132_Imposter.jpg,[],[],[]
mphasis_Sachin.Ghadage@mphasis.com_116911_2020-08-06_8192_.jpg,[],[],[]
10_2162027_Mobile Camera.jpg,[],[],[]
mphasis_gurpreet.kaur@mphasis.com_129939_2020-08-17_580_.jpg,[],[],[]
107034_2020-07-29_11524_.jpg,[],[],[]
mphasis_rupesh.raut@mphasis.com_115684_2020-08-05_2463_.jpg,[],[],[]
1184_2163038_Mobile Camera.jpg,[0.7566],"[[292, 122, 320, 165]]","[[291, 124, 320, 166]]"
194_2162089_Imposter.jpg,[],[],[]
2322_2165084_FVE - No Face Detected.jpg,[],[],[]
46878_2020-04-20_9354_.jpg,[],[],[]
2512_2165263_Imposter.jpg,[],[],[]
866_2162334_Mobile Camera.jpg,[],[],[]
80765_2020-07-03_12969_.jpg,[],[],[]
103781_2020-07-27_964_.jpg,[],[],[]
21340.jpg,[],[],[]
578_2162265_Mobile Camera.jpg,[],[],[]
1303_2163250_Mobile Camera.jpg,[],[],[]
matthew.lerette@fti-acuity.com_fti_consulting_proctordesk_hosted_5650_.jpg,[],[],[]
fti_harry.sherman@fti-acuity.com_140543_2020-08-25_14781_.jpg,[],[],[]
2320_2165084_Imposter.jpg,[],[],[]
84983_2020-07-10_14611_.jpg,[],[],[]
22205.jpg,[],[],[]
1449_2163443_Imposter.jpg,[],[],[]
10066.jpg,[],[],[]
90889_2020-07-15_12057_.jpg,[],[],[]
89618_2020-07-14_13358_.jpg,[],[],[]
13275.jpg,[0.9041],"[[131, 149, 240, 195]]","[[133, 150, 239, 194]]"
2829_2165415_FVE - No Face Detected.jpg,[0.6809],"[[222, 94, 273, 153]]","[[219, 95, 274, 156]]"
8470.jpg,[],[],[]
1644_2163681_Imposter.jpg,[],[],[]
104885_2020-07-28_5591_.jpg,[],[],[]
1260_2163240_Imposter.jpg,[],[],[]
1990_2164972_Mobile Camera.jpg,[0.7294],"[[126, 164, 165, 180]]","[[126, 164, 165, 179]]"
44774_2020-04-15_9289_.jpg,[],[],[]
mphasis_Kashinath.Lingadalli@mphasis.com_120372_2020-08-10_8415_.jpg,[],[],[]
mphasis_LORETTA.CARROLL@MPHASIS.COM_112766_2020-08-03_7774_.jpg,[],[],[]
2081_2164994_Mobile Camera.jpg,[],[],[]
1458_2163460_Imposter.jpg,[],[],[]
23081.jpg,[],[],[]
mphasis_karishma.barge@mphasis.com_136043_2020-08-21_1035_.jpg,[],[],[]
190_2162083_Imposter.jpg,[],[],[]
2064_2164994_Imposter.jpg,[],[],[]
g_top_172287.jpg,[0.9504],"[[160, 0, 319, 84]]","[[160, 0, 320, 85]]"
20.jpg,[0.7902],"[[220, 88, 317, 237]]",[]
14385.jpg,[],[],[]
87180_2020-07-13_14138_.jpg,[0.8065],"[[243, 137, 297, 173]]","[[243, 136, 296, 175]]"
fti_Martin.Minsky@fti-acuity.com_131087_2020-08-18_18555_.jpg,[0.8179],"[[205, 59, 257, 160]]","[[207, 60, 262, 162]]"
mphasis_shila.kapse@mphasis.com_120418_2020-08-10_4957_.jpg,[],[],[]
fti_Allan.Kobel@fti-acuity.com_129272_2020-08-17_16131_.jpg,[],[],[]
2484_2165263_Imposter.jpg,[],[],[]
fti_Uloma.Onuma@fti-acuity.com_131488_2020-08-18_19371_.jpg,[],[],[]
21983.jpg,[],[],[]
8857.jpg,[],[],[]
1551_2163597_Imposter.jpg,[],[],[]
16192.jpg,[],[],[]
97587_2020-07-21_9087_.jpg,[],[],[]
9694.jpg,[],[],[]
17103.jpg,[],[],[]
2204_2165014_Imposter.jpg,[],[],[]
mphasis_Karan.Gaikwad@mphasis.com_142358_2020-08-26_7115_.jpg,[],[],[]
658.jpg,[],[],[]
90988_2020-07-15_8252_.jpg,[],[],[]
5994.jpg,[0.6561],"[[1, 166, 115, 239]]",[]
652_2162297_Imposter.jpg,[],[],[]
11574.jpg,[],[],[]
1419_2163397_Multiple people.jpg,[0.8178],"[[276, 72, 310, 118]]","[[278, 72, 309, 110]]"
mphasis_s.geethamma@mphasis.com_113515_2020-08-04_8992_.jpg,[],[],[]
mphasis_Siddu.Korbu@mphasis.com_115189_2020-08-05_5116_.jpg,[],[],[]
22824.jpg,[],[],[]
580_2162265_Imposter.jpg,[],[],[]
107313_2020-07-29_7320_.jpg,[],[],[]
2683_2165285_Mobile Camera.jpg,[],[],[]
15_2162036_Mobile Camera.jpg,[],[],[]
949_2162433_Imposter.jpg,[],[],[]
26636.jpg,[0.9067],"[[83, 135, 131, 226]]","[[84, 135, 132, 227]]"
15342.jpg,[],[],[]
384_2162129_Imposter.jpg,[],[],[]
anish.a@mphasis.com_mphasis_proctordesk_hosted_1070_.jpg,[],[],[]
20394.jpg,[],[],[]
2310_2165084_Imposter.jpg,[],[],[]
20992.jpg,[],[],[]
102877_2020-07-25_18245_.jpg,[],[],[]
g_top_43284.jpg,[0.9649],"[[205, 0, 301, 37]]","[[205, 0, 302, 38]]"
fti_Bradley.Brown@fti-acuity.com_141726_2020-08-26_18355_.jpg,[],[],[]
18775.jpg,[],[],[]
10357.jpg,[],[],[]
463_2162163_Mobile Camera.jpg,[],[],[]
2342_2165096_Imposter.jpg,[],[],[]
490_2162174_Mobile Camera.jpg,[],[],[]
1998_2164972_Mobile Camera.jpg,[0.7566],"[[175, 148, 204, 180]]","[[175, 146, 202, 179]]"
84047_2020-07-09_11881_.jpg,"[0.3762, 0.368]","[[0, 169, 92, 238], [1, 189, 94, 237]]","[[5, 180, 100, 239]]"
fti_Cheryl.Buttone@fti-acuity.com_143620_2020-08-27_14178_.jpg,[0.8702],"[[54, 137, 136, 239]]","[[55, 138, 137, 239]]"
1044_2162520_Mobile Camera.jpg,[0.8985],"[[161, 128, 197, 179]]","[[161, 129, 196, 180]]"
1766_2164627_Mobile Camera.jpg,[],[],[]
2771_2165373_Imposter.jpg,[],[],[]
1718_2163773_Imposter.jpg,[],[],[]
16782.jpg,[],[],[]
147_2162067_Imposter.jpg,[],[],[]
2955.jpg,[],[],[]
mphasis_sushmita.mesta@mphasis.com_136190_2020-08-21_10740_.jpg,[],[],[]
fti_carolee.byrley@fti-acuity.com_131891_2020-08-18_14484_.jpg,[0.6279],"[[173, 66, 306, 178]]","[[178, 65, 309, 179]]"
1018_2162492_Mobile Camera.jpg,[],[],[]
17323.jpg,[],[],[]
mphasis_sunni.khan@mphasis.com_132055_2020-08-19_6381_.jpg,[],[],[]
21690.jpg,[],[],[]
27092.jpg,[0.9241],"[[247, 101, 304, 184]]","[[246, 100, 305, 184]]"
mphasis_kavita.khandare@mphasis.com_133485_2020-08-19_3169_.jpg,[],[],[]
fti_Andrew.Pagano@fti-acuity.com_127855_2020-08-15_12526_.jpg,[],[],[]
80765_2020-07-03_12970_.jpg,[],[],[]
91905_2020-07-16_4505_.jpg,[],[],[]
21714.jpg,[],[],[]
1136_2162976_Mobile Camera.jpg,[0.4846],"[[229, 153, 294, 180]]","[[229, 149, 294, 180]]"
101537_2020-07-24_17646_.jpg,[0.927],"[[65, 109, 232, 180]]","[[66, 110, 229, 180]]"
97798_2020-07-21_7356_.jpg,[],[],[]
79844_2020-07-01_14757_.jpg,[],[],[]
105020_2020-07-28_5816_.jpg,[],[],[]
mphasis_Deepa.Acharya@mphasis.com_115909_2020-08-06_1338_.jpg,[],[],[]
105460_2020-07-28_12432_.jpg,[],[],[]
23749.jpg,[],[],[]
2302_2165084_Imposter.jpg,[],[],[]
1970_2164969_Imposter.jpg,[],[],[]
mangesh.sukenkar@mphasis.com_mphasis_proctordesk_hosted_331_.jpg,[],[],[]
420_2162129_Imposter.jpg,[],[],[]
fti_Benjamin.Hodges@fti-acuity.com_129730_2020-08-17_18886_.jpg,[0.8807],"[[48, 113, 84, 161]]","[[48, 113, 84, 163]]"
11315.jpg,[],[],[]
1255_2163240_Imposter.jpg,[],[],[]
12617.jpg,[],[],[]
101707_2020-07-24_5799_.jpg,[],[],[]
ana.iglesias@fti-acuity.com_fti_consulting_proctordesk_hosted_10703_.jpg,[],[],[]
1395_2163380_Mobile Camera.jpg,[],[],[]
82066_2020-07-06_16438_.jpg,[],[],[]
2539_2165267_Mobile Camera.jpg,[],[],[]
8305.jpg,[],[],[]
810_2162307_Imposter.jpg,[],[],[]
mphasis_Sachin.Jaiswal@mphasis.com_132175_2020-08-19_10623_.jpg,[],[],[]
4449.jpg,[],[],[]
19145.jpg,[0.8689],"[[180, 160, 218, 239]]","[[179, 159, 219, 239]]"
18164.jpg,[],[],[]
2418_2165175_Imposter.jpg,[],[],[]
mphasis_Chandrakant.Kharat@mphasis.com_136293_2020-08-21_6982_.jpg,[],[],[]
8366.jpg,[],[],[]
1342_2163276_Imposter.jpg,[],[],[]
105969_2020-07-28_3833_.jpg,[],[],[]
17309.jpg,[],[],[]
25640.jpg,[0.8625],"[[173, 111, 211, 182]]","[[172, 111, 211, 182]]"
mphasis_pavan.an@mphasis.com_113275_2020-08-04_6784_.jpg,[],[],[]
13985.jpg,[],[],[]
897.jpg,[0.8227],"[[215, 131, 237, 150]]","[[215, 131, 237, 151]]"
varsha.survase@mphasis.com_mphasis_proctordesk_hosted_1847_.jpg,[],[],[]
15986.jpg,[],[],[]
mphasis_dalavai.kumar@mphasis.com_115181_2020-08-05_9552_.jpg,[],[],[]
94302_2020-07-17_12599_.jpg,[],[],[]
1635_2163656_Multiple people.jpg,[],[],[]
2213_2165014_Imposter.jpg,[],[],[]
2536_2165267_Imposter.jpg,[],[],[]
4408.jpg,[],[],[]
9873.jpg,[],[],[]
1122.jpg,[],[],[]
25822.jpg,[0.9037],"[[142, 100, 191, 195]]","[[143, 100, 193, 193]]"
1120_2162807_Mobile Camera.jpg,[0.8803],"[[100, 78, 163, 168]]","[[100, 80, 162, 166]]"
mphasis_Nagesh.Birdawade@mphasis.com_138896_2020-08-24_10556_.jpg,[],[],[]
1198_2163051_Imposter.jpg,[],[],[]
87600_2020-07-13_1096_.jpg,[],[],[]
1950_2164955_Imposter.jpg,[],[],[]
17923.jpg,[],[],[]
1973_2164971_Mobile Camera.jpg,[],[],[]
105636_2020-07-28_7845_.jpg,[],[],[]
mphasis_sapana.jirge@mphasis.com_133350_2020-08-19_4832_.jpg,[],[],[]
102777_2020-07-24_6059_.jpg,[],[],[]
9950.jpg,[],[],[]
88542_2020-07-14_7953_.jpg,[],[],[]
1507_2163518_Mobile Camera.jpg,[0.6638],"[[258, 148, 295, 180]]","[[262, 147, 295, 180]]"
47542_2020-04-21_9874_.jpg,[0.7606],"[[77, 128, 118, 169]]","[[75, 129, 118, 170]]"
1038_2162503_Imposter.jpg,[],[],[]
1668_2163726_Mobile Camera.jpg,[],[],"[[101, 142, 138, 180]]"
17548.jpg,[],[],[]
2429_2165189_Mobile Camera.jpg,[],[],[]
89999_2020-07-14_6529_.jpg,[],[],[]
g_right_97100.jpg,[0.9563],"[[232, 153, 320, 227]]","[[232, 156, 320, 228]]"
mphasis_Sukeshana.Navghade@mphasis.com_111946_2020-08-03_2954_.jpg,[],[],[]
1637_2163656_Imposter.jpg,[],[],[]
100312_2020-07-23_3023_.jpg,[],[],[]
mphasis_Rajendra.Patil@mphasis.com_117614_2020-08-06_7238_.jpg,[],[],[]
717_2162304_Imposter.jpg,[],[],[]
7635.jpg,[],[],[]
2830_2165415_Mobile Camera.jpg,[0.3685],"[[206, 139, 244, 177]]","[[203, 132, 246, 179]]"
2045.jpg,[],[],[]
2438_2165189_Mobile Camera.jpg,[],[],[]
1979_2164972_Imposter.jpg,[],[],[]
51101_2020-04-28_270_.jpg,[],[],[]
14460.jpg,[],[],[]
735_2162304_Imposter.jpg,[],[],[]
108805_2020-07-30_8117_.jpg,[],[],[]
g_right_97157.jpg,[0.9574],"[[255, 162, 319, 209]]","[[256, 162, 320, 210]]"
1785_2164738_Mobile Camera.jpg,[],[],[]
1035_2162503_Imposter.jpg,[],[],[]
19832.jpg,[],[],[]
10675.jpg,[],[],[]
mphasis_MANISHA.TODKAR@MPHASIS.COM_118403_2020-08-07_7337_.jpg,[],[],[]
20721.jpg,[],[],[]
115.jpg,[],[],[]
4632.jpg,[],[],[]
22740.jpg,[],[],[]
105732_2020-07-28_6697_.jpg,[],[],[]
2750_2165327_Imposter.jpg,[],[],[]
1090_2162650_Imposter.jpg,[],[],[]
594_2162279_FVE - No Face Detected.jpg,[],[],[]
15599.jpg,[],[],[]
867_2162334_Mobile Camera.jpg,[],[],[]
58975_2020-05-13_18386_.jpg,[],[],[]
103399_2020-07-27_5934_.jpg,[],[],[]
45603_2020-04-16_9608_.jpg,[],[],[]
23961.jpg,[],[],[]
101642_2020-07-24_2804_.jpg,[],[],[]
pavan.an@mphasis.com_mphasis_proctordesk_hosted_364_.jpg,[],[],[]
98257_2020-07-22_1376_.jpg,[],[],[]
2560_2165272_Mobile Camera.jpg,[0.5189],"[[281, 93, 311, 149]]","[[282, 106, 313, 147]]"
1549_2163597_Imposter.jpg,[],[],[]
20403.jpg,[0.8085],"[[185, 176, 211, 239]]","[[187, 176, 212, 231]]"
15365.jpg,[],[],[]
24839.jpg,[],[],[]
87745_2020-07-13_13528_.jpg,[0.8611],"[[29, 4, 149, 225]]","[[27, 8, 142, 225]]"
8895.jpg,[],[],[]
mphasis_v.vinothkumar@mphasis.com_113534_2020-08-04_5535_.jpg,[],[],[]
1864_2164915_Mobile Camera.jpg,[],[],[]
939_2162410_Mobile Camera.jpg,"[0.8297, 0.4342]","[[264, 135, 297, 178], [300, 162, 319, 180]]","[[264, 136, 297, 171]]"
97305_2020-07-21_18668_.jpg,[],[],[]
16669.jpg,[],[],[]
2640_2165275_Imposter.jpg,[],[],[]
mphasis_MANISHA.TODKAR@MPHASIS.COM_129511_2020-08-17_7378_.jpg,[],[],[]
1332_2163276_FVE - No Face Detected.jpg,[],[],[]
14873.jpg,[],[],[]
13438.jpg,[],[],[]
1311_2163259_Imposter.jpg,[],[],[]
concentrix_arunkumar.kp@concentrix.com_110586_2020-08-01_21772_.jpg,[],[],[]
107718_2020-07-30_19142_.jpg,[],[],[]
mphasis_Pravin.Durole@mphasis.com_138330_2020-08-24_1255_.jpg,[],[],[]
54.jpg,[],[],[]
72423_2020-06-12_18099_.jpg,[],[],[]
75_2162050_Imposter.jpg,[],[],[]
1462_2163473_Mobile Camera.jpg,[0.6776],"[[169, 111, 185, 137]]","[[171, 111, 186, 134]]"
96386_2020-07-20_2668_.jpg,[],[],[]
10363.jpg,[],[],[]
Meigan.Cooper@fti-acuity.com_fti_consulting_proctordesk_hosted_6173_.jpg,[],[],[]
11882.jpg,[],[],[]
1107_2162743_Mobile Camera.jpg,[0.8533],"[[202, 50, 250, 102]]","[[203, 50, 250, 100]]"
g_top_123318.jpg,[0.9415],"[[159, 0, 319, 24]]","[[160, 0, 320, 24]]"
247_2162102_FVE - No Face Detected.jpg,[],[],[]
2838_2165418_Mobile Camera.jpg,[],[],[]
86791_2020-07-13_2321_.jpg,[],[],[]
87655_2020-07-13_10733_.jpg,[],[],[]
1924_2164951_FVE - No Face Detected.jpg,[],[],[]
1087_2162628_Mobile Camera.jpg,[],[],[]
fti_Nikolay.Pogosov@fti-acuity.com_141897_2020-08-26_17961_.jpg,[],[],[]
15205.jpg,[],[],[]
96261_2020-07-20_10807_.jpg,[0.8034],"[[51, 86, 92, 150]]","[[52, 86, 92, 150]]"
22799.jpg,[],[],[]
80517_2020-07-02_12138_.jpg,[],[],[]
22686.jpg,[],[],[]
731_2162304_Imposter.jpg,[],[],[]
20208.jpg,[],[],[]
7451.jpg,[0.4121],"[[140, 168, 156, 196]]","[[143, 175, 157, 196]]"
19494.jpg,"[0.5717, 0.5631]","[[191, 116, 239, 173], [191, 116, 279, 173]]","[[190, 114, 278, 174]]"
g_top_123284.jpg,[0.9674],"[[199, 0, 295, 38]]","[[199, 0, 295, 38]]"
91123_2020-07-15_1607_.jpg,[],[],[]
107263_2020-07-29_2959_.jpg,[],[],[]
2160_2165005_Mobile Camera.jpg,[0.4845],"[[131, 134, 192, 179]]",[]
89439_2020-07-14_14971_.jpg,[],[],[]
nagesh.birdawade@mphasis.com_mphasis_proctordesk_hosted_1811_.jpg,[],[],[]
kowsalya.m@mphasis.com_mphasis_proctordesk_hosted_414_.jpg,[],[],[]
1373_2163361_Imposter.jpg,[],[],[]
mphasis_Sunny.Thakur@mphasis.com_125605_2020-08-13_1579_.jpg,[],[],[]
10727.jpg,[],[],[]
25193.jpg,[0.8817],"[[229, 200, 295, 240]]","[[228, 200, 295, 240]]"
1492_2163502_Mobile Camera.jpg,[],[],[]
mphasis_farida.shaikh@mphasis.com_124880_2020-08-13_7959_.jpg,[],[],[]
mphasis_Manohar.Bhoj@mphasis.com_113899_2020-08-04_1440_.jpg,[],[],[]
mukesh.chaure@mphasis.com_mphasis_proctordesk_hosted_1016_.jpg,[],[],[]
1353_2163286_FVE - No Face Detected.jpg,[],[],[]
9408.jpg,[],[],[]
102532_2020-07-24_3550_.jpg,[],[],[]
2548_2165269_Mobile Camera.jpg,[0.793],"[[98, 120, 132, 168]]","[[97, 123, 131, 171]]"
mphasis_Akshay.R@mphasis.com_144741_2020-08-28_8280_.jpg,[],[],[]
mphasis_Akshay.Shah@mphasis.com_114179_2020-08-04_10021_.jpg,[],[],[]
44311_2020-04-14_9797_.jpg,[],[],[]
1380_2163362_Mobile Camera.jpg,[0.5627],"[[232, 42, 284, 91]]",[]
47851_2020-04-21_9521_.jpg,[],[],[]
g_right_4366.jpg,[0.9467],"[[293, 94, 320, 142]]","[[294, 93, 320, 142]]"
24967.jpg,[0.8519],"[[163, 52, 297, 226]]","[[159, 53, 292, 240]]"
2197_2165010_Mobile Camera.jpg,[0.633],"[[176, 148, 226, 179]]",[]
2307_2165084_Imposter.jpg,[],[],[]
8853.jpg,[],[],[]
98056_2020-07-21_13240_.jpg,[],[],[]
99693_2020-07-22_3534_.jpg,[],[],[]
101991_2020-07-24_4868_.jpg,[],[],[]
107209_2020-07-29_1657_.jpg,[],[],[]
fti_James.Troy@fti-acuity.com_131245_2020-08-18_14337_.jpg,[],[],[]
23015.jpg,[],[],[]
2269_2165033_Imposter.jpg,[],[],[]
9097.jpg,[],[],[]
1872_2164929_Mobile Camera.jpg,[],[],"[[68, 109, 102, 166]]"
642_2162288_Imposter.jpg,[],[],[]
12330.jpg,[],[],[]
83508_2020-07-08_14711_.jpg,[0.8527],"[[237, 115, 320, 178]]","[[237, 115, 320, 179]]"
94138_2020-07-17_5973_.jpg,[],[],[]
mphasis_Deepa.Acharya@mphasis.com_114284_2020-08-04_1313_.jpg,[],[],[]
2710_2165289_Imposter.jpg,[],[],[]
2800_2165386_FVE - No Face Detected.jpg,[],[],[]
99240_2020-07-22_9112_.jpg,[],[],[]
fti_Wooshik.Shim@fti-acuity.com_129249_2020-08-17_16865_.jpg,[],[],[]
92496_2020-07-16_4218_.jpg,[],[],[]
prakash.kashid@mphasis.com_mphasis_proctordesk_hosted_1259_.jpg,[],[],[]
Theresa.Fulmer@fti-acuity.com_fti_consulting_proctordesk_hosted_11181_.jpg,[],[],[]
447_2162134_Mobile Camera.jpg,[0.8964],"[[113, 96, 161, 168]]","[[112, 97, 160, 167]]"
mphasis_shila.kapse@mphasis.com_115455_2020-08-05_4904_.jpg,[],[],[]
82990_2020-07-07_11982_.jpg,[],[],[]
mphasis_padma.patrot@mphasis.com_139070_2020-08-24_10075_.jpg,[],[],[]
88894_2020-07-14_7514_.jpg,[],[],[]
484_2162174_Imposter.jpg,[],[],[]
mphasis_vivek.gholap@mphasis.com_121613_2020-08-11_10889_.jpg,[],[],[]
stephen.meekhof@fti-acuity.com_fti_consulting_proctordesk_hosted_7200_.jpg,[],[],[]
27722.jpg,[0.9109],"[[0, 112, 86, 240]]","[[0, 113, 85, 240]]"
22456.jpg,[],[],[]
15191.jpg,[],[],[]
mphasis_prakash.kashid@mphasis.com_134709_2020-08-20_10969_.jpg,[],[],[]
48874_2020-04-23_9327_.jpg,[0.6641],"[[160, 121, 225, 209]]","[[161, 120, 226, 203]]"
83432_2020-07-08_16714_.jpg,[],[],[]
47851_2020-04-21_9541_.jpg,[0.7507],"[[0, 78, 33, 146]]",[]
753_2162304_Imposter.jpg,[],[],[]
21999.jpg,[],[],[]
483_2162174_Imposter.jpg,[],[],[]
92957_2020-07-16_11127_.jpg,[],[],[]
83196_2020-07-08_17210_.jpg,[0.9018],"[[179, 65, 223, 129]]","[[179, 66, 224, 129]]"
2720_2165326_Imposter.jpg,[],[],[]
kowsalya.m@mphasis.com_mphasis_proctordesk_hosted_421_.jpg,[],[],[]
83467_2020-07-08_17476_.jpg,[],[],[]
fti_Harmon.Fields@fti-acuity.com_131068_2020-08-18_16326_.jpg,[0.7091],"[[185, 110, 206, 173]]","[[188, 125, 204, 171]]"
mphasis_Bhushan.Jadhav02@mphasis.com_128955_2020-08-17_6575_.jpg,[],[],[]
18451.jpg,[],[],[]
1446_2163443_Mobile Camera.jpg,[],[],[]
1517_2163557_Multiple people.jpg,[],[],"[[76, 37, 95, 58]]"
concentrix_aravindan.sivakumar@concentrix.com_110773_2020-08-01_21505_.jpg,[0.8801],"[[25, 49, 84, 146]]","[[26, 50, 82, 144]]"
abhay.gulavani@mphasis.com_mphasis_proctordesk_hosted_1633_.jpg,[],[],[]
763_2162304_Imposter.jpg,[],[],[]
mphasis_Shashikant.Ware@mphasis.com_112840_2020-08-03_1887_.jpg,[],[],[]
2446_2165203_FVE - No Face Detected.jpg,[],[],[]
853_2162324_Mobile Camera.jpg,[],[],[]
mphasis_rahib.makandar@mphasis.com_129381_2020-08-17_8772_.jpg,[],[],[]
mphasis_mahiboobsab.gorakal@mphasis.com_134719_2020-08-20_5748_.jpg,[],[],[]
100163_2020-07-23_1519_.jpg,[],[],[]
mphasis_Sai.R01@mphasis.com_120255_2020-08-10_112_.jpg,[],[],[]
1867.jpg,[],[],[]
fti_kevin.brown@fti-acuity.com_136211_2020-08-21_14097_.jpg,[],[],[]
mphasis_Shashikant.Ware@mphasis.com_112840_2020-08-04_1834_.jpg,[],[],[]
1287_2163250_Imposter.jpg,[],[],[]
15628.jpg,[],[],[]
94138_2020-07-17_5963_.jpg,[],[],[]
108772_2020-07-30_3317_.jpg,[],[],[]
mphasis_himanshu.shah@mphasis.com_112115_2020-08-03_6331_.jpg,[],[],[]
794_2162304_Imposter.jpg,[],[],[]
92671_2020-07-16_6955_.jpg,[],[],[]
24062.jpg,[0.8648],"[[229, 1, 320, 111]]","[[229, 0, 320, 112]]"
g_left_9714.jpg,[0.9492],"[[0, 114, 25, 149]]","[[0, 114, 26, 150]]"
2533_2165267_FVE - No Face Detected.jpg,[],[],[]
46381_2020-04-18_9475_.jpg,[0.8968],"[[184, 113, 241, 190]]","[[183, 114, 240, 191]]"
Bijoux.Ngwanda@fti-acuity.com_fti_consulting_proctordesk_hosted_5463_.jpg,[],[],[]
320_2162121_Mobile Camera.jpg,[],[],"[[264, 142, 312, 180]]"
steven.ekechuku@fti-acuity.com_fti_consulting_proctordesk_hosted_20446_.jpg,[0.8578],"[[188, 50, 222, 97]]","[[189, 51, 222, 98]]"
2542_2165267_Imposter.jpg,[],[],[]
83196_2020-07-08_17255_.jpg,[0.8818],"[[120, 91, 156, 150]]","[[120, 92, 156, 144]]"
mphasis_padma.patrot@mphasis.com_111936_2020-08-03_10027_.jpg,[],[],[]
6918.jpg,[],[],[]
17194.jpg,[],[],[]
94841_2020-07-17_13972_.jpg,[],[],[]
7681.jpg,"[0.7348, 0.5369]","[[192, 173, 227, 240], [199, 173, 227, 214]]","[[202, 173, 227, 213]]"
mphasis_veena.patagar@mphasis.com_118986_2020-08-07_8951_.jpg,[],[],[]
2804_2165386_Imposter.jpg,[],[],[]
2376_2165110_FVE - No Face Detected.jpg,[],[],[]
1792_2164738_Mobile Camera.jpg,[],[],[]
13159.jpg,[],[],[]
mphasis_Akshay.Shah@mphasis.com_111955_2020-08-03_9943_.jpg,[],[],[]
12520.jpg,[],[],[]
108154_2020-07-30_11783_.jpg,[],[],[]
1424_2163398_Mobile Camera.jpg,[],[],[]
47_2162050_Imposter.jpg,[],[],[]
45563_2020-04-16_9605_.jpg,[0.8953],"[[98, 147, 257, 228]]","[[101, 147, 252, 230]]"
1283_2163250_Imposter.jpg,[],[],[]
580.jpg,[],[],[]
mphasis_Sachin.Jaiswal@mphasis.com_132175_2020-08-19_10617_.jpg,[],[],[]
225_2162093_Imposter.jpg,[],[],[]
fti_Ingrid.Rosario@fti-acuity.com_129535_2020-08-17_13522_.jpg,[],[],[]
1060.jpg,[],[],[]
12055.jpg,[],[],[]
20411.jpg,[],[],[]
17016.jpg,[],[],[]
93156_2020-07-16_8189_.jpg,[],[],[]
mphasis_Supriya.Jagtap@mphasis.com_123145_2020-08-12_664_.jpg,[],[],[]
42_2162050_Imposter.jpg,[],[],[]
fti_Christopher.Matthews@fti-acuity.com_140876_2020-08-25_14681_.jpg,[],[],[]
25975.jpg,[0.8821],"[[174, 192, 217, 239]]","[[175, 191, 217, 240]]"
mphasis_Gaddam.Balaji@mphasis.com_132672_2020-08-19_1973_.jpg,[],[],[]
8656.jpg,[],[],[]
79391_2020-06-30_16514_.jpg,[],[],[]
21565.jpg,[],[],[]
fti_Brian.Marron@fti-acuity.com_136057_2020-08-21_12498_.jpg,[],[],[]
22946.jpg,[],[],[]
1582_2163632_Imposter.jpg,[],[],[]
67511_2020-06-01_17795_.jpg,[0.9293],"[[88, 87, 192, 238]]","[[87, 84, 191, 239]]"
199_2162093_Mobile Camera.jpg,[0.2538],"[[0, 137, 32, 180]]",[]
14766.jpg,[],[],[]
138_2162065_Imposter.jpg,[],[],[]
514_2162213_FVE - No Face Detected.jpg,[],[],[]
8924.jpg,[],[],[]
2378_2165110_Imposter.jpg,[],[],[]
816_2162309_Imposter.jpg,[],[],[]
1030_2162503_Mobile Camera.jpg,[],[],[]
14378.jpg,[],[],[]
2133_2164997_Imposter.jpg,[],[],[]
88542_2020-07-14_7996_.jpg,[],[],[]
g_left_11218.jpg,[0.9552],"[[0, 58, 33, 105]]","[[0, 58, 33, 106]]"
mphasis_LORETTA.CARROLL@MPHASIS.COM_112901_2020-08-03_7795_.jpg,[],[],[]
79934_2020-07-01_12211_.jpg,[],[],[]
1390_2163380_Mobile Camera.jpg,[0.7958],"[[37, 105, 98, 179]]",[]
2388_2165120_Mobile Camera.jpg,[0.8322],"[[150, 136, 189, 178]]","[[150, 135, 174, 159]]"
446.jpg,[],[],[]
93225_2020-07-16_11082_.jpg,[],[],[]
100166_2020-07-23_2041_.jpg,[],[],[]
fti_Joseph.Garcia@fti-acuity.com_136481_2020-08-21_13654_.jpg,[],[],[]
20571.jpg,[],[],[]
pradeep.r@mphasis.com_mphasis_proctordesk_hosted_867_.jpg,[],[],[]
97537_2020-07-21_6469_.jpg,[],[],[]
12224.jpg,[],[],[]
10098.jpg,[],[],[]
92671_2020-07-16_6978_.jpg,[],[],[]
mphasis_Abhishek.Chitre@mphasis.com_116345_2020-08-06_3539_.jpg,[],[],[]
21330.jpg,[],[],[]
89558_2020-07-14_6506_.jpg,[],[],[]
muzakkir.bm@mphasis.com_mphasis_proctordesk_hosted_320_.jpg,[],[],[]
27694.jpg,[0.9396],"[[113, 132, 183, 179]]","[[113, 131, 182, 180]]"
1138_2162976_Imposter.jpg,[],[],[]
2190_2165010_Imposter.jpg,[],[],[]
44963_2020-04-15_9384_.jpg,[0.8961],"[[111, 137, 214, 240]]","[[112, 138, 215, 240]]"
535_2162224_Imposter.jpg,[],[],[]
96100_2020-07-20_7229_.jpg,[],[],[]
2086_2164994_Imposter.jpg,[],[],[]
g_top_116299.jpg,[0.9659],"[[64, 0, 127, 43]]","[[63, 0, 128, 44]]"
1968_2164969_Multiple people.jpg,[],[],[]
mphasis_vikram.b@mphasis.com_134084_2020-08-20_10580_.jpg,[],[],[]
13754.jpg,[],[],[]
85_2162061_Mobile Camera.jpg,[0.8909],"[[181, 131, 239, 179]]","[[180, 132, 239, 175]]"
1231_2163233_Mobile Camera.jpg,[],[],[]
103259_2020-07-26_10749_.jpg,[0.8127],"[[159, 63, 319, 240]]","[[142, 60, 320, 239]]"
23118.jpg,[],[],[]
mphasis_s.geethamma@mphasis.com_115068_2020-08-05_9031_.jpg,[],[],[]
fti_Yanqiu.Li@fti-acuity.com_142051_2020-08-26_14667_.jpg,[],[],[]
524_2162224_Imposter.jpg,[],[],[]
mphasis_snehal.deshpande@mphasis.com_139868_2020-08-25_6019_.jpg,[],[],[]
mphasis_prakash.kashid@mphasis.com_132819_2020-08-19_10961_.jpg,[],[],[]
684.jpg,[],[],[]
96473_2020-07-20_10196_.jpg,[],[],[]
2078_2164994_Imposter.jpg,[],[],[]
prakash.kashid@mphasis.com_mphasis_proctordesk_hosted_1260_.jpg,[],[],[]
roshani.sawant@mphasis.com_mphasis_proctordesk_hosted_1249_.jpg,[],[],[]
fti_Emeka.Onwezi@fti-acuity.com_137346_2020-08-22_17351_.jpg,[0.8359],"[[199, 84, 254, 179]]","[[201, 86, 255, 183]]"
11670.jpg,[],[],[]
mphasis_Kashinath.Lingadalli@mphasis.com_120372_2020-08-10_8366_.jpg,[],[],[]
fti_Gerard.Haskins@fti-acuity.com_136068_2020-08-21_19222_.jpg,[],[],[]
23790.jpg,[],[],[]
17966.jpg,[],[],[]
1676_2163737_Imposter.jpg,[],[],[]
fti_Edward.Chase@fti-acuity.com_129167_2020-08-17_19468_.jpg,[],[],[]
concentrix_Tiwarid1@aetna.com_144563_2020-08-28_21224_.jpg,[],[],[]
aiman.siddique@mphasis.com_mphasis_proctordesk_hosted_1113_.jpg,[],[],[]
8059.jpg,[],[],[]
vidya.bhosale@mphasis.com_mphasis_proctordesk_hosted_188_.jpg,[],[],[]
mphasis_Deepa.Acharya@mphasis.com_115909_2020-08-06_1341_.jpg,[],[],[]
1212_2163111_Imposter.jpg,[],[],[]
10473.jpg,[0.9049],"[[131, 150, 240, 195]]","[[131, 150, 240, 198]]"
mphasis_Faiyaj.Attar@mphasis.com_118422_2020-08-07_6631_.jpg,[],[],[]
23408.jpg,[0.9196],"[[125, 46, 185, 168]]","[[125, 47, 185, 170]]"
10125.jpg,[],[],[]
8830.jpg,[],[],[]
55658_2020-05-06_19286_.jpg,[0.9178],"[[62, 149, 243, 238]]","[[63, 152, 240, 234]]"
92488_2020-07-16_8954_.jpg,[],[],[]
93199_2020-07-16_6992_.jpg,[],[],[]
19282.jpg,[],[],[]
93935_2020-07-17_7551_.jpg,[],[],[]
92671_2020-07-16_6936_.jpg,[],[],[]
mphasis_kadagathuru.sindhuja@mphasis.com_120249_2020-08-10_9207_.jpg,[],[],[]
17978.jpg,[],[],[]
59999_2020-05-15_18349_.jpg,[],[],[]
1541_2163597_Imposter.jpg,[],[],[]
mphasis_kedar.khebude@mphasis.com_139264_2020-08-24_6359_.jpg,[],[],[]
2386_2165120_Mobile Camera.jpg,[],[],[]
21951.jpg,[],[],[]
24226.jpg,[0.7782],"[[106, 113, 224, 180]]","[[107, 114, 220, 180]]"
2381_2165110_Imposter.jpg,[],[],[]
16227.jpg,[],[],[]
24791.jpg,[0.7806],"[[56, 67, 179, 235]]","[[58, 69, 178, 210]]"
peter.borghetti@fti-acuity.com_fti_consulting_proctordesk_hosted_2968_.jpg,[],[],[]
mphasis_avuluru.mahendra@mphasis.com_134568_2020-08-20_2607_.jpg,[],[],[]
mounika.s@mphasis.com_mphasis_proctordesk_hosted_211_.jpg,[],[],[]
52292_2020-04-30_106_.jpg,[0.9191],"[[0, 151, 98, 233]]","[[0, 152, 99, 234]]"
13710.jpg,[],[],[]
fti_Jaremy.Shelton@fti-acuity.com_147227_2020-08-31_18932_.jpg,[],[],[]
1427_2163413_FVE - No Face Detected.jpg,[],[],[]
90323_2020-07-15_1710_.jpg,[],[],[]
83891_2020-07-09_17537_.jpg,[],[],[]
807_2162304_Imposter.jpg,[],[],[]
mphasis_supriya.dhere@mphasis.com_134064_2020-08-20_2359_.jpg,[],[],[]
965_2162442_Mobile Camera.jpg,[],[],[]
mphasis_v.vinothkumar@mphasis.com_113534_2020-08-04_5524_.jpg,[],[],[]
10476.jpg,[],[],[]
80444_2020-07-02_16179_.jpg,[0.4567],"[[257, 99, 279, 171]]",[]
2803_2165386_FVE - Imposter Detected.jpg,[],[],[]
2671_2165275_Imposter.jpg,[],[],[]
1026_2162492_Mobile Camera.jpg,[],[],[]
2109_2164994_Imposter.jpg,[],[],[]
2479_2165263_Imposter.jpg,[],[],[]
14417.jpg,[],[],[]
mphasis_pinjari.fakruddin@mphasis.com_115314_2020-08-05_8897_.jpg,[],[],[]
1684_2163740_Imposter.jpg,[],[],[]
1119.jpg,[],[],[]
83954_2020-07-09_17070_.jpg,[],[],[]
fti_Darryl.Toler@fti-acuity.com_142153_2020-08-26_11960_.jpg,[],[],[]
15445.jpg,[],[],[]
837_2162314_Imposter.jpg,[],[],[]
nagesh.birdawade@mphasis.com_mphasis_proctordesk_hosted_1809_.jpg,[],[],[]
6988.jpg,[],[],[]
63034_2020-05-21_18421_.jpg,[],[],[]
concentrix_Tiwarid1@aetna.com_146478_2020-08-31_21226_.jpg,[],[],[]
10580.jpg,[],[],[]
concentrix_santhosh.n1@concentrix.com_128672_2020-08-17_21481_.jpg,[],[],[]
96240_2020-07-20_6150_.jpg,[],[],[]
12703.jpg,[],[],[]
mphasis_dipika.jagnade@mphasis.com_131240_2020-08-18_7894_.jpg,[],[],[]
17545.jpg,[],[],[]
mphasis_Pavan.Nihalani@mphasis.com_120026_2020-08-10_1777_.jpg,[],[],[]
103528_2020-07-27_6117_.jpg,[],[],[]
fti_Michele.Riley@fti-acuity.com_126740_2020-08-14_18569_.jpg,[],[],[]
91104_2020-07-15_2605_.jpg,[0.8864],"[[113, 147, 195, 180]]","[[114, 146, 196, 180]]"
23461.jpg,[0.9221],"[[113, 118, 223, 170]]","[[113, 118, 224, 171]]"
474_2162163_Mobile Camera.jpg,[0.9011],"[[257, 112, 320, 175]]","[[257, 113, 320, 176]]"
105993_2020-07-28_3698_.jpg,[],[],[]
16827.jpg,[],[],[]
16349.jpg,[],[],[]
mphasis_Manohar.Bhoj@mphasis.com_113899_2020-08-04_1469_.jpg,[],[],[]
mphasis_kamran.raeesahmed@mphasis.com_144935_2020-08-28_1385_.jpg,[],[],[]
8602.jpg,[],[],[]
mphasis_meka.divya@mphasis.com_116516_2020-08-06_2781_.jpg,[],[],[]
93495_2020-07-17_4510_.jpg,[],[],[]
304_2162117_Imposter.jpg,[],[],[]
18018.jpg,[],[],[]
93226_2020-07-16_8629_.jpg,[],[],[]
1561_2163597_Imposter.jpg,[],[],[]
mphasis_Akshay.Shah@mphasis.com_114179_2020-08-04_10009_.jpg,[],[],[]
1812_2164902_Imposter.jpg,[],[],[]
mphasis_Kashinath.Lingadalli@mphasis.com_120372_2020-08-10_8378_.jpg,[],[],[]
7027.jpg,[],[],[]
105540_2020-07-28_10318_.jpg,[],[],[]
2264_2165029_Imposter.jpg,[],[],[]
fti_Claire.Campbell@fti-acuity.com_136586_2020-08-21_14540_.jpg,[0.8774],"[[49, 194, 130, 239]]","[[52, 195, 127, 239]]"
1961_2164956_Mobile Camera.jpg,[],[],[]
mphasis_mallanna.x@mphasis.com_118319_2020-08-07_3337_.jpg,[],[],[]
mythri.m@concentrix.com_concentrix_proctordesk_hosted_concentrix_proctordesk_hosted_mythri.m@concentrix.com_79306_2955_.jpg,[],[],[]
1232_2163233_Mobile Camera.jpg,[],[],[]
fti_Matthew.Daly@fti-acuity.com_130992_2020-08-18_15724_.jpg,"[0.6445, 0.554]","[[125, 134, 199, 174], [150, 136, 199, 173]]","[[156, 134, 198, 173]]"
98982_2020-07-22_4400_.jpg,[],[],[]
2818_2165388_Imposter.jpg,[],[],[]
mphasis_dipti.gurav@mphasis.com_116750_2020-08-06_697_.jpg,[],[],[]
g_top_172271.jpg,[0.9554],"[[79, 0, 143, 28]]","[[79, 0, 143, 29]]"
23090.jpg,[],[],[]
21365.jpg,[],[],[]
65174_2020-05-27_18429_.jpg,[],[],[]
1600_2163652_Mobile Camera.jpg,[0.703],"[[220, 148, 292, 179]]","[[224, 149, 290, 180]]"
mphasis_narendra.pathare@mphasis.com_133361_2020-08-19_1488_.jpg,[],[],[]
2737_2165327_Imposter.jpg,[],[],[]
87184_2020-07-13_1218_.jpg,[],[],[]
1630_2163656_Imposter.jpg,[],[],[]
2091_2164994_Imposter.jpg,[],[],[]
1013_2162490_Multiple people.jpg,[],[],[]
99967_2020-07-23_17747_.jpg,[0.9008],"[[217, 161, 271, 223]]","[[215, 159, 273, 227]]"
948_2162410_Mobile Camera.jpg,[0.7145],"[[164, 162, 204, 179]]","[[173, 164, 202, 180]]"
6955.jpg,[],[],[]
1216_2163111_Imposter.jpg,[],[],[]
92669_2020-07-16_7341_.jpg,[],[],[]
1309_2163259_Multiple people.jpg,[],[],[]
2732_2165327_Imposter.jpg,[],[],[]
14654.jpg,[],[],[]
10822.jpg,[],[],[]
97974_2020-07-21_11344_.jpg,[],[],[]
mphasis_aiman.siddique@mphasis.com_121313_2020-08-10_1892_.jpg,[],[],[]
1624_2163656_Imposter.jpg,[],[],[]
fti_James.Troy@fti-acuity.com_129546_2020-08-17_14331_.jpg,[],[],[]
14756.jpg,[],[],[]
38_2162050_Imposter.jpg,[],[],[]
11022.jpg,[],[],[]
214_2162093_Imposter.jpg,[],[],[]
2226_2165018_Mobile Camera.jpg,[0.4675],"[[272, 119, 317, 167]]",[]
68_2162050_Imposter.jpg,[],[],[]
2490_2165263_Imposter.jpg,[],[],[]
22354.jpg,[],[],[]
mphasis_shilpa.r2@mphasis.com_124008_2020-08-12_3496_.jpg,[],[],[]
1595_2163635_Mobile Camera.jpg,[],[],[]
mphasis_pradeep.r@mphasis.com_114526_2020-08-04_8666_.jpg,[],[],[]
mphasis_Shashikant.Ware@mphasis.com_112840_2020-08-04_1841_.jpg,[],[],[]
fti_Bijoux.Ngwanda@fti-acuity.com_146927_2020-08-31_14902_.jpg,[],[],[]
mphasis_shivagouda.patil@mphasis.com_135142_2020-08-20_949_.jpg,[],[],[]
415_2162129_Imposter.jpg,[],[],[]
203_2162093_Imposter.jpg,[],[],[]
599_2162279_FVE - No Face Detected.jpg,[],[],[]
mphasis_prakash.kashid@mphasis.com_136535_2020-08-21_10976_.jpg,[],[],[]
1206_2163095_Mobile Camera.jpg,[],[],[]
g_left_11673.jpg,[0.9558],"[[0, 74, 33, 110]]","[[0, 75, 33, 111]]"
1780_2164676_FVE - No Face Detected.jpg,[],[],[]
2330_2165084_Imposter.jpg,[],[],[]
fti_Lillian.Ajayi@fti-acuity.com_147002_2020-08-31_16159_.jpg,[],[],[]
mphasis_mamata.shyabalad@mphasis.com_120795_2020-08-10_10110_.jpg,[],[],[]
105037_2020-07-28_5505_.jpg,[],[],[]
16807.jpg,[],[],[]
105694_2020-07-28_11353_.jpg,[],[],[]
fti_Kelvin.Rivera@fti-acuity.com_141729_2020-08-26_15783_.jpg,[],[],[]
mphasis_Afreen.Mujawar@mphasis.com_114327_2020-08-04_3054_.jpg,[],[],[]
mphasis_Suraj.Bogar@mphasis.com_113794_2020-08-04_8787_.jpg,[],[],[]
fti_Carla.Mitri@fti-acuity.com_129486_2020-08-17_18200_.jpg,[],[],[]
547_2162224_Imposter.jpg,[],[],[]
2146_2164999_Mobile Camera.jpg,[],[],[]
1935_2164953_Imposter.jpg,[],[],[]
Julian.Stephenson@fti-acuity.com_fti_consulting_proctordesk_hosted_21625_.jpg,[],[],[]
2728_2165327_Imposter.jpg,[],[],[]
106740_2020-07-29_12827_.jpg,[],[],[]
g_top_97291.jpg,[0.9633],"[[186, 0, 283, 58]]","[[187, 0, 283, 58]]"
2408_2165169_Imposter.jpg,[],[],[]
8565.jpg,[0.8077],"[[178, 159, 200, 239]]","[[178, 162, 199, 239]]"
1786_2164738_Mobile Camera.jpg,[],[],[]
300_2162117_Imposter.jpg,[],[],[]
mphasis_padma.patrot@mphasis.com_121743_2020-08-11_10045_.jpg,[],[],[]
2123_2164995_Imposter.jpg,[],[],[]
1626_2163656_Imposter.jpg,[],[],[]
1337.jpg,[],[],[]
44309_2020-04-14_9638_.jpg,[],[],[]
851_2162324_Mobile Camera.jpg,[],[],[]
fti_James.Casey@fti-acuity.com_144829_2020-08-28_11844_.jpg,[0.9046],"[[200, 175, 254, 240]]","[[200, 174, 253, 239]]"
9979.jpg,[],[],[]
4475.jpg,[],[],[]
933_2162410_Imposter.jpg,[],[],[]
8214.jpg,[],[],[]
89618_2020-07-14_13355_.jpg,[0.8832],"[[189, 145, 294, 224]]","[[186, 145, 294, 226]]"
633_2162288_Imposter.jpg,[],[],[]
577_2162255_Imposter.jpg,[],[],[]
2544_2165267_Imposter.jpg,[],[],[]
2530_2165263_Imposter.jpg,[],[],[]
56891_2020-05-08_18469_.jpg,[0.9127],"[[136, 140, 198, 240]]","[[136, 140, 199, 240]]"
1816_2164903_Imposter.jpg,[],[],[]
82733_2020-07-07_1442_.jpg,[],[],[]
mphasis_divya.dhaware@mphasis.com_131326_2020-08-18_475_.jpg,[],[],[]
mphasis_shinde.venkatrao@mphasis.com_116447_2020-08-06_7515_.jpg,[],[],[]
27110.jpg,[0.8999],"[[168, 108, 241, 239]]","[[169, 104, 241, 234]]"
51290_2020-04-28_275_.jpg,[0.8957],"[[56, 139, 99, 199]]","[[59, 141, 99, 200]]"
concentrix_jeeva.murugan1@concentrix.com_113825_2020-08-04_21902_.jpg,[],[],[]
1077_2162604_Mobile Camera.jpg,[0.725],"[[187, 12, 214, 58]]","[[186, 13, 214, 54]]"
4550.jpg,[],[],[]
44725_2020-04-15_9862_.jpg,[],[],[]
santhosh.n1@concentrix.com_concentrix_proctordesk_hosted_1156_.jpg,[],[],[]
86936_2020-07-13_2395_.jpg,[],[],[]
104244_2020-07-27_10364_.jpg,[],[],[]
12576.jpg,[],[],[]
fti_Michele.Riley@fti-acuity.com_132499_2020-08-19_18600_.jpg,[0.8024],"[[106, 91, 144, 129]]",[]
13035.jpg,[],[],[]
450_2162144_Mobile Camera.jpg,[],[],[]
mphasis_s.geethamma@mphasis.com_113515_2020-08-04_8983_.jpg,[],[],[]
Paul.Collins@fti-acuity.com_fti_consulting_proctordesk_hosted_9052_.jpg,[],[],[]
mphasis_gangamma.e@mphasis.com_123237_2020-08-12_10775_.jpg,[],[],[]
3585.jpg,[0.9108],"[[101, 2, 264, 180]]","[[92, 1, 261, 180]]"
98029_2020-07-21_12741_.jpg,[0.8087],"[[115, 174, 183, 239]]","[[115, 175, 185, 238]]"
590_2162276_Imposter.jpg,[],[],[]
21564.jpg,[],[],[]
asha.smith@fti-acuity.com_fti_consulting_proctordesk_hosted_21501_.jpg,[],[],[]
86905_2020-07-13_572_.jpg,[],[],[]
23310.jpg,[],[],[]
1364_2163300_Mobile Camera.jpg,[],[],[]
1576_2163626_Imposter.jpg,[],[],[]
17662.jpg,[],[],[]
93860_2020-07-17_6413_.jpg,[],[],[]
mphasis_shivagouda.patil@mphasis.com_139866_2020-08-25_957_.jpg,[],[],[]
13348.jpg,[],[],[]
15053.jpg,[],[],[]
Edward.Campbell@fti-acuity.com_fti_consulting_proctordesk_hosted_14286_.jpg,[],[],[]
90783_2020-07-15_7143_.jpg,[],[],[]
98102_2020-07-21_1914_.jpg,[],[],[]
277_2162108_Imposter.jpg,[],[],[]
Mahmoud.AlSharif@investbank.jo_investbank_proctordesk_hosted_investbank_proctordesk_hosted_Mahmoud.AlSharif@investbank.jo_83873_2835_.jpg,[0.8897],"[[168, 100, 225, 164]]","[[168, 99, 228, 163]]"
2069_2164994_Imposter.jpg,[],[],[]
1251.jpg,[],[],[]
fti_Thomas.Milazzo@fti-acuity.com_137811_2020-08-23_17048_.jpg,[],[],[]
99251_2020-07-22_16319_.jpg,[],[],[]
1493_2163502_Multiple people.jpg,[],[],[]
fti_Hyunbang.Park@fti-acuity.com_134226_2020-08-20_12694_.jpg,[],[],[]
562.jpg,[],[],[]
g_top_216110.jpg,[0.9607],"[[232, 0, 269, 44]]","[[233, 0, 269, 45]]"
1952_2164956_Mobile Camera.jpg,[],[],[]
105146_2020-07-28_3289_.jpg,[],[],[]
mphasis_chandraprabha.m@mphasis.com_120731_2020-08-10_2048_.jpg,[],[],[]
94440_2020-07-17_7267_.jpg,[],[],[]
fti_Janet.Arnott@fti-acuity.com_145390_2020-08-29_11817_.jpg,[],[],[]
nagaraj.s@mphasis.com_mphasis_proctordesk_hosted_15_.jpg,[],[],[]
20153.jpg,[],[],[]
fti_Daniel.Trieff@fti-acuity.com_138837_2020-08-24_17189_.jpg,[],[],[]
1196_2163051_Imposter.jpg,[],[],[]
8359.jpg,[],[],[]
mphasis_santosh.itnal@mphasis.com_134066_2020-08-20_1756_.jpg,[],[],[]
346_2162125_Imposter.jpg,[],[],[]
1378_2163361_Mobile Camera.jpg,[],[],[]
17694.jpg,[],[],[]
456_2162149_Imposter.jpg,[],[],[]
fti_harry.sherman@fti-acuity.com_134665_2020-08-20_14767_.jpg,[0.8437],"[[60, 0, 185, 209]]","[[65, 0, 191, 209]]"
fti_Yi-Jen.Chang@fti-acuity.com_144994_2020-08-28_13897_.jpg,[],[],[]
g_top_216250.jpg,[0.9598],"[[265, 0, 312, 45]]","[[265, 0, 313, 45]]"
18373.jpg,[],[],[]
845_2162324_Imposter.jpg,[],[],[]
108191_2020-07-30_15058_.jpg,[],[],[]
mphasis_Kowsalya.M@mphasis.com_124146_2020-08-12_239_.jpg,[],[],[]
2625_2165275_Imposter.jpg,[],[],[]
2135_2164997_Imposter.jpg,[],[],[]
2271_2165033_Imposter.jpg,[],[],[]
71_2162050_Imposter.jpg,[],[],[]
96615_2020-07-20_14030_.jpg,[],[],[]
775.jpg,[0.822],"[[214, 132, 236, 151]]","[[214, 133, 238, 152]]"
96221_2020-07-20_2265_.jpg,[],[],[]
14215.jpg,[0.8945],"[[131, 150, 239, 196]]","[[133, 150, 239, 194]]"
mphasis_shila.kapse@mphasis.com_117274_2020-08-06_4954_.jpg,[],[],[]
83239_2020-07-08_6453_.jpg,[0.9203],"[[145, 98, 236, 237]]","[[146, 98, 236, 240]]"
fti_Hoang.Ngo@fti-acuity.com_142128_2020-08-26_14693_.jpg,[],[],[]
144.jpg,[],[],[]
mphasis_meka.divya@mphasis.com_116516_2020-08-06_2793_.jpg,[],[],[]
lynda.amadi@fti-acuity.com_fti_consulting_proctordesk_hosted_3686_.jpg,[],[],[]
6508.jpg,[],[],[]
mphasis_shivagouda.patil@mphasis.com_139866_2020-08-25_965_.jpg,[],[],[]
1897_2164935_Multiple people.jpg,[],[],[]
mphasis_gurpreet.kaur@mphasis.com_130971_2020-08-18_593_.jpg,[],[],[]
jong.lee@fti-acuity.com_fti_consulting_proctordesk_hosted_21485_.jpg,[0.8609],"[[24, 68, 65, 128]]","[[24, 68, 66, 126]]"
1679_2163740_Mobile Camera.jpg,[0.8087],"[[164, 132, 191, 166]]","[[161, 130, 191, 164]]"
25281.jpg,[],[],[]
mphasis_nalini.bagal@mphasis.com_116489_2020-08-06_4363_.jpg,[],[],[]
manisha.hampale@mphasis.com_mphasis_proctordesk_hosted_54_.jpg,[],[],[]
concentrix_jeeva.murugan1@concentrix.com_111322_2020-08-02_21823_.jpg,[],[],[]
1184.jpg,[],[],[]
Cheryl.Lear@fti-acuity.com_fti_consulting_proctordesk_hosted_18972_.jpg,[0.8352],"[[113, 140, 156, 208]]","[[114, 140, 156, 204]]"
mphasis_Kowsalya.M@mphasis.com_139162_2020-08-24_250_.jpg,[],[],[]
2674_2165284_Mobile Camera.jpg,[0.8728],"[[53, 74, 120, 148]]","[[51, 72, 121, 155]]"
sandeep.gaikwad@mphasis.com_mphasis_proctordesk_hosted_1200_.jpg,[],[],[]
fti_Charles.Loesner@fti-acuity.com_136461_2020-08-21_17002_.jpg,[],[],[]
g_top_9718.jpg,[0.9486],"[[206, 0, 269, 20]]","[[206, 0, 270, 20]]"
mphasis_chethan.bugati@mphasis.com_146635_2020-08-31_10838_.jpg,[],[],[]
1032_2162503_Mobile Camera.jpg,[],[],[]
1408_2163381_Imposter.jpg,[],[],[]
990_2162481_Mobile Camera.jpg,[],[],[]
100710_2020-07-23_3202_.jpg,[],[],[]
1064_2162551_Mobile Camera.jpg,[0.8765],"[[226, 153, 268, 180]]","[[225, 154, 268, 180]]"
anish.a@mphasis.com_mphasis_proctordesk_hosted_1066_.jpg,[],[],[]
1465_2163473_Mobile Camera.jpg,[0.7893],"[[165, 134, 187, 156]]","[[164, 132, 188, 157]]"
mphasis_praveen.hadimani@mphasis.com_116729_2020-08-06_5822_.jpg,[],[],[]
1463_2163473_Imposter.jpg,[],[],[]
11466.jpg,[],[],[]
92943_2020-07-16_10449_.jpg,[0.8176],"[[208, 82, 300, 164]]","[[212, 82, 300, 163]]"
6933.jpg,[],[],[]
ana.perez@fti-acuity.com_fti_consulting_proctordesk_hosted_19833_.jpg,[],[],[]
mphasis_nandini.a@mphasis.com_132994_2020-08-19_6207_.jpg,[],[],[]
21597.jpg,[],[],[]
25116.jpg,[0.8989],"[[128, 106, 198, 174]]","[[129, 106, 198, 175]]"
10556.jpg,[],[],[]
103354_2020-07-27_6738_.jpg,[],[],[]
94138_2020-07-17_6044_.jpg,[],[],[]
185_2162083_Imposter.jpg,[],[],[]
fti_Zhouqun.Huang@fti-acuity.com_137294_2020-08-22_15595_.jpg,[],[],[]
976_2162449_Mobile Camera.jpg,[],[],[]
89804_2020-07-14_381_.jpg,[],[],[]
concentrix_naranga@aetna.com_124678_2020-08-13_21255_.jpg,[],[],[]
211_2162093_Mobile Camera.jpg,[0.7937],"[[0, 92, 60, 173]]",[]
1712_2163773_Imposter.jpg,[],[],[]
1494_2163502_Mobile Camera.jpg,[],[],[]
530_2162224_Imposter.jpg,[],[],[]
2099_2164994_Imposter.jpg,[],[],[]
718_2162304_Imposter.jpg,[],[],[]
2776_2165373_Imposter.jpg,[],[],[]
2364_2165106_Imposter.jpg,[],[],[]
457_2162149_Imposter.jpg,[],[],[]
16740.jpg,[],[],[]
2053_2164993_Mobile Camera.jpg,[],[],[]
mphasis_Raksha.Ravi@mphasis.com_136167_2020-08-21_3480_.jpg,[],[],[]
15077.jpg,[],[],[]
509_2162194_Imposter.jpg,[],[],[]
10587.jpg,[],[],[]
674_2162304_Imposter.jpg,[],[],[]
mphasis_keerthi.p@mphasis.com_129191_2020-08-17_7772_.jpg,[],[],[]
shila.kapse@mphasis.com_mphasis_proctordesk_hosted_1591_.jpg,[],[],[]
153_2162072_FVE - No Face Detected.jpg,[],[],[]
609_2162288_Imposter.jpg,[],[],[]
44947_2020-04-15_9550_.jpg,[],[],[]
7646.jpg,[],[],[]
82031_2020-07-06_11947_.jpg,[],[],[]
1804_2164869_Imposter.jpg,[],[],[]
lalit.bonde@mphasis.com_mphasis_proctordesk_hosted_147_.jpg,[],[],[]
2724_2165327_Imposter.jpg,[],[],[]
2756_2165327_Mobile Camera.jpg,[0.543],"[[270, 126, 319, 166]]","[[271, 130, 320, 159]]"
mphasis_MANISHA.TODKAR@MPHASIS.COM_118403_2020-08-07_7343_.jpg,[],[],[]
1906_2164945_Imposter.jpg,[],[],[]
4085.jpg,[],[],[]
200_2162093_Imposter.jpg,[],[],[]
576_2162255_Mobile Camera.jpg,[0.6851],"[[112, 130, 145, 153]]","[[112, 131, 145, 153]]"
593.jpg,[],[],[]
20570.jpg,[0.8161],"[[197, 169, 216, 240]]","[[198, 168, 215, 240]]"
mphasis_gausiya.shah@mphasis.com_123752_2020-08-12_3287_.jpg,[],[],[]
1475_2163473_Imposter.jpg,[],[],[]
18160.jpg,[],[],[]
22682.jpg,[],[],[]
mphasis_Sukeshana.Navghade@mphasis.com_111946_2020-08-03_3037_.jpg,[],[],[]
fti_Matthew.Daly@fti-acuity.com_129229_2020-08-17_15716_.jpg,[0.5727],"[[231, 81, 277, 151]]","[[229, 82, 275, 149]]"
22320.jpg,[],[],[]
546_2162224_Imposter.jpg,[],[],[]
fti_celmira.jamett@fti-acuity.com_129319_2020-08-17_19543_.jpg,[],[],[]
94379_2020-07-17_5065_.jpg,[],[],[]
55_2162050_Mobile Camera.jpg,[],[],[]
88166_2020-07-13_8798_.jpg,[],[],[]
22872.jpg,[],[],[]
92188_2020-07-16_4106_.jpg,[],[],[]
84015_2020-07-09_14541_.jpg,[],[],[]
kota.pandurangarao@mphasis.com_mphasis_proctordesk_hosted_1874_.jpg,[],[],[]
11746.jpg,[],[],[]
2854_2165431_Spoof.jpg,[],[],[]
7107.jpg,[],[],[]
11699.jpg,[],[],[]
2618_2165275_Imposter.jpg,[],[],[]
20699.jpg,[],[],[]
2351_2165100_Mobile Camera.jpg,[],[],[]
concentrix_waranya.phanphai1@concentrix.com_131994_2020-08-19_21706_.jpg,[],[],[]
2689_2165289_Mobile Camera.jpg,[],[],[]
11084.jpg,[],[],[]
mphasis_Rajendra.Patil@mphasis.com_133120_2020-08-19_7269_.jpg,[],[],[]
87180_2020-07-13_14144_.jpg,[],[],[]
13099.jpg,[],[],[]
2362_2165106_Imposter.jpg,[],[],[]
494_2162174_Imposter.jpg,[],[],[]
1486_2163496_Mobile Camera.jpg,[],[],[]
fti_Christopher.Lackert@fti-acuity.com_132529_2020-08-19_14254_.jpg,[],[],[]
59584_2020-05-14_18023_.jpg,[],[],[]
22892.jpg,[],[],[]
1415_2163390_Mobile Camera.jpg,[0.6822],"[[11, 130, 49, 180]]",[]
980.jpg,[],[],[]
g_top_17868.jpg,[0.9598],"[[211, 0, 308, 48]]","[[212, 0, 308, 48]]"
fti_Everett.Neely@fti-acuity.com_133283_2020-08-19_18243_.jpg,[],[],[]
mario.chicas@fti-acuity.com_fti_consulting_proctordesk_hosted_11729_.jpg,[],[],[]
fti_Edward.Meertins-George@fti-acuity.com_145197_2020-08-28_14307_.jpg,[0.7889],"[[3, 135, 51, 225]]","[[5, 136, 48, 211]]"
fti_Adam.Berman@fti-acuity.com_127971_2020-08-15_19453_.jpg,[],[],[]
48_2162050_Imposter.jpg,[],[],[]
mphasis_Deepa.Acharya@mphasis.com_112735_2020-08-03_1276_.jpg,[],[],[]
103077_2020-07-25_10724_.jpg,[],[],[]
mohammed.najeem@concentrix.com_concentrix_proctordesk_hosted_concentrix_proctordesk_hosted_mohammed.najeem@concentrix.com_78262_2941_.jpg,[],[],[]
1563_2163607_Imposter.jpg,[],[],[]
15818.jpg,[],[],[]
517.jpg,[],[],[]
827.jpg,[0.8181],"[[210, 142, 240, 164]]","[[211, 143, 240, 164]]"
23123.jpg,[],[],[]
2481_2165263_Imposter.jpg,[],[],[]
9150.jpg,[],[],[]
91246_2020-07-15_6560_.jpg,[],[],[]
mphasis_mallanna.x@mphasis.com_136021_2020-08-21_3378_.jpg,[],[],[]
1254_2163240_Imposter.jpg,[],[],[]
94732_2020-07-17_8849_.jpg,[],[],[]
mphasis_pranesh.r@mphasis.com_138823_2020-08-24_3121_.jpg,[],[],[]
2387_2165120_Mobile Camera.jpg,[],[],[]
73_2162050_Imposter.jpg,[],[],[]
g_left_4318.jpg,[0.9525],"[[0, 113, 33, 149]]","[[0, 114, 33, 150]]"
47851_2020-04-21_9529_.jpg,[],[],[]
93395_2020-07-16_3625_.jpg,[],[],[]
91334_2020-07-15_2533_.jpg,[],[],[]
g_left_12841.jpg,[0.9596],"[[0, 117, 44, 182]]","[[0, 118, 44, 182]]"
2166_2165005_Imposter.jpg,[],[],[]
1061_2162551_Imposter.jpg,[],[],[]
concentrix_sumits@aetna.com_117901_2020-08-07_21298_.jpg,[],[],[]
1191_2163040_Imposter.jpg,[],[],[]
1964_2164956_Imposter.jpg,[],[],[]
882_2162352_Imposter.jpg,[],[],[]
2632_2165275_Imposter.jpg,[],[],[]
fti_Martin.Belkin@fti-acuity.com_138476_2020-08-24_13590_.jpg,[],[],[]
1999_2164972_Mobile Camera.jpg,[0.8324],"[[173, 82, 202, 129]]","[[174, 81, 201, 130]]"
20446.jpg,[],[],[]
573_2162255_Imposter.jpg,[],[],[]
834_2162312_Mobile Camera.jpg,[],[],"[[0, 85, 55, 159]]"
14773.jpg,[],[],[]
391_2162129_Imposter.jpg,[],[],[]
94977_2020-07-17_8234_.jpg,[],[],[]
mphasis_prakash.kashid@mphasis.com_138468_2020-08-24_10983_.jpg,[0.5553],"[[72, 131, 104, 209]]",[]
26900.jpg,[0.829],"[[195, 160, 244, 220]]","[[196, 161, 244, 222]]"
1732_2163956_Imposter.jpg,[],[],[]
491_2162174_Imposter.jpg,[],[],[]
andrew.pagano@fti-acuity.com_fti_consulting_proctordesk_hosted_17171_.jpg,[],[],[]
Lisban.Romero@fti-acuity.com_fti_consulting_proctordesk_hosted_15320_.jpg,[0.8135],"[[129, 120, 167, 169]]","[[129, 121, 168, 171]]"
10683.jpg,[],[],[]
20638.jpg,[],[],[]
2821_2165388_Imposter.jpg,[],[],[]
g_right_74157.jpg,[0.9483],"[[255, 106, 319, 142]]","[[256, 107, 320, 143]]"
g_top_216179.jpg,[0.9561],"[[154, 0, 191, 44]]","[[155, 0, 191, 45]]"
220_2162093_Mobile Camera.jpg,[0.4065],"[[10, 128, 66, 180]]","[[12, 127, 67, 180]]"
1652_2163700_Imposter.jpg,[],[],[]
mphasis_pramod.purtageri@mphasis.com_110827_2020-08-01_10349_.jpg,[0.9059],"[[230, 77, 262, 145]]","[[230, 77, 262, 145]]"
mphasis_vandana.mehta@mphasis.com_112677_2020-08-03_6226_.jpg,[],[],[]
2176_2165009_Imposter.jpg,[],[],[]
967_2162442_Mobile Camera.jpg,[],[],[]
2730_2165327_FVE - No Face Detected.jpg,[],[],[]
129_2162065_Imposter.jpg,[],[],[]
2377_2165110_FVE - No Face Detected.jpg,[],[],[]
88690_2020-07-14_6400_.jpg,[],[],[]
1269_2163243_FVE - Imposter Detected.jpg,[],[],[]
g_top_7451.jpg,[0.9612],"[[160, 0, 316, 85]]","[[160, 0, 320, 85]]"
1133_2162970_Imposter.jpg,[],[],[]
101592_2020-07-24_8042_.jpg,[],[],[]
fti_Michele.Riley@fti-acuity.com_126740_2020-08-14_18573_.jpg,[],[],[]
972.jpg,[],[],[]
mphasis_kamran.raeesahmed@mphasis.com_134681_2020-08-20_1374_.jpg,[],[],[]
1148_2162985_Imposter.jpg,[],[],[]
mark.gatica@fti-acuity.com_fti_consulting_proctordesk_hosted_11379_.jpg,[],[],[]
mphasis_yerrampalle.ishwarya@mphasis.com_127169_2020-08-14_9843_.jpg,[],[],[]
611_2162288_Imposter.jpg,[],[],[]
2344_2165096_Imposter.jpg,[],[],[]
1157_2162988_Imposter.jpg,[],[],[]
1474_2163473_Mobile Camera.jpg,[0.701],"[[167, 112, 186, 144]]","[[167, 113, 188, 141]]"
mphasis_Sumit.Zambre@mphasis.com_116362_2020-08-06_5330_.jpg,[],[],[]
2325_2165084_Imposter.jpg,[],[],[]
61873_2020-05-19_18039_.jpg,[],[],[]
103993_2020-07-27_5659_.jpg,[],[],[]
543_2162224_Imposter.jpg,[],[],[]
15022.jpg,[],[],[]
21613.jpg,[],[],[]
fti_Kelly.Fessler@fti-acuity.com_132648_2020-08-19_18044_.jpg,[],[],[]
2153_2165005_Mobile Camera.jpg,[],[],[]
2561_2165272_Mobile Camera.jpg,[0.3967],"[[121, 113, 159, 166]]","[[124, 113, 164, 171]]"
4780.jpg,[],[],[]
mphasis_MANISHA.TODKAR@MPHASIS.COM_123979_2020-08-12_7357_.jpg,[],[],[]
21124.jpg,[],[],[]
2382_2165110_FVE - No Face Detected.jpg,[],[],[]
2013_2164976_FVE - No Face Detected.jpg,[],[],[]
87600_2020-07-13_1091_.jpg,[],[],[]
mphasis_MANISHA.TODKAR@MPHASIS.COM_123979_2020-08-12_7370_.jpg,[],[],[]
8962.jpg,[],[],[]
14655.jpg,[],[],[]
82022_2020-07-06_12181_.jpg,[],[],[]
soundarya.sarode@mphasis.com_mphasis_proctordesk_hosted_951_.jpg,[],[],[]
2196_2165010_Imposter.jpg,[],[],[]
99688_2020-07-22_15827_.jpg,[],[],[]
1681_2163740_Mobile Camera.jpg,[],[],[]
96386_2020-07-20_2639_.jpg,[],[],[]
97887_2020-07-21_13478_.jpg,[],[],[]
102286_2020-07-24_12809_.jpg,[],[],[]
mphasis_vinutha.s@mphasis.com_120821_2020-08-10_6894_.jpg,[],[],[]
1801_2164869_Imposter.jpg,[],[],[]
2372_2165110_FVE - No Face Detected.jpg,[],[],[]
fti_angelina.hammond@fti-acuity.com_137358_2020-08-22_18868_.jpg,[0.7214],"[[96, 94, 114, 166]]","[[96, 103, 114, 164]]"
fti_bruce.fay@fti-acuity.com_134581_2020-08-20_19675_.jpg,[],[],[]
852_2162324_Imposter.jpg,[],[],[]
2435_2165189_Imposter.jpg,[],[],[]
mphasis_shekhalal.c@mphasis.com_117454_2020-08-06_2933_.jpg,[],[],[]
1750_2164152_Imposter.jpg,[],[],[]
1562_2163597_Imposter.jpg,[],[],[]
85547_2020-07-10_13994_.jpg,[],[],[]
24293.jpg,[0.9167],"[[169, 135, 284, 180]]","[[172, 136, 283, 180]]"
92780_2020-07-16_3229_.jpg,[],[],[]
2393_2165123_Mobile Camera.jpg,[0.8198],"[[216, 59, 320, 180]]","[[221, 60, 319, 180]]"
mphasis_aiman.siddique@mphasis.com_138962_2020-08-24_1900_.jpg,[],[],[]
24162.jpg,[0.756],"[[122, 151, 156, 168]]","[[121, 151, 158, 170]]"
467_2162163_Mobile Camera.jpg,[0.2768],"[[93, 109, 111, 177]]",[]
22375.jpg,[],[],[]
mphasis_chandraprabha.m@mphasis.com_120731_2020-08-10_2061_.jpg,[],[],[]
fti_colin.dixon@fti-acuity.com_128107_2020-08-15_12901_.jpg,[],[],[]
g_top_104175.jpg,[0.9668],"[[95, 0, 167, 58]]","[[95, 0, 167, 58]]"
concentrix_aaron.jaikumar@concentrix.com_110775_2020-08-01_21514_.jpg,[0.8015],"[[58, 67, 116, 114]]","[[59, 66, 119, 108]]"
mphasis_Sachin.Ghadage@mphasis.com_116911_2020-08-06_8217_.jpg,[],[],[]
Joann.Ko@fti-acuity.com_fti_consulting_proctordesk_hosted_8454_.jpg,[],[],[]
22579.jpg,[],[],[]
89999_2020-07-14_6518_.jpg,[],[],[]
20893.jpg,[],[],[]
88526_2020-07-14_17350_.jpg,[],[],[]
1008_2162483_Imposter.jpg,[],[],[]
24501.jpg,[0.8006],"[[172, 66, 217, 143]]","[[172, 67, 215, 144]]"
2124_2164995_Imposter.jpg,[],[],[]
Fadi.Mansour@fti-acuity.com_fti_consulting_proctordesk_hosted_2315_.jpg,[],[],[]
20452.jpg,[],[],[]
87600_2020-07-13_1120_.jpg,[],[],[]
2356_2165100_FVE - No Face Detected.jpg,[],[],[]
6115.jpg,[],[],[]
concentrix_rahul.sudhakaran@concentrix.com_111692_2020-08-03_22043_.jpg,[],[],[]
mphasis_shifana.m@mphasis.com_124577_2020-08-13_9268_.jpg,[],[],[]
mphasis_Manohar.Bhoj@mphasis.com_113899_2020-08-04_1405_.jpg,[],[],[]
fti_Amina.Maddox@fti-acuity.com_134814_2020-08-20_12109_.jpg,[],[],[]
swathi.b@mphasis.com_mphasis_proctordesk_hosted_630_.jpg,[],[],[]
2779_2165373_Imposter.jpg,[],[],[]
82165_2020-07-06_1425_.jpg,[],[],[]
22404.jpg,[],[],[]
1421_2163397_Mobile Camera.jpg,[],[],[]
88894_2020-07-14_7486_.jpg,[],[],[]
461.jpg,[],[],[]
8560.jpg,[],[],[]
mphasis_chandrika.anchekar@mphasis.com_139964_2020-08-25_9339_.jpg,[],[],[]
2262_2165029_Imposter.jpg,[],[],[]
mphasis_s.geethamma@mphasis.com_115068_2020-08-05_8998_.jpg,[],[],[]
1671_2163737_Mobile Camera.jpg,[0.7362],"[[235, 181, 271, 231]]","[[249, 182, 271, 213]]"
g_left_10435.jpg,[0.9563],"[[0, 86, 48, 150]]","[[0, 87, 48, 151]]"
2199_2165010_Imposter.jpg,[],[],[]
mphasis_dipti.gurav@mphasis.com_120298_2020-08-10_743_.jpg,[],[],[]
2466_2165234_Mobile Camera.jpg,[0.6645],"[[202, 125, 240, 162]]","[[206, 125, 240, 156]]"
404_2162129_Imposter.jpg,[],[],[]
82165_2020-07-06_1424_.jpg,[],[],[]
fti_Brian.Marron@fti-acuity.com_137414_2020-08-22_12501_.jpg,[],[],[]
2291_2165058_Imposter.jpg,[],[],[]
mphasis_yerrampalle.ishwarya@mphasis.com_112740_2020-08-03_9786_.jpg,[0.2534],"[[262, 131, 319, 179]]",[]
v.vinothkumar@mphasis.com_mphasis_proctordesk_hosted_1419_.jpg,[],[],[]
83463_2020-07-08_5016_.jpg,[],[],[]
39_2162050_Imposter.jpg,[],[],[]
88542_2020-07-14_7947_.jpg,[],[],[]
7001.jpg,[],[],[]
813_2162309_Mobile Camera.jpg,[0.8723],"[[262, 144, 301, 180]]","[[262, 146, 299, 180]]"
mphasis_shifana.m@mphasis.com_124577_2020-08-13_9243_.jpg,[],[],[]
santhosh.n1@concentrix.com_concentrix_proctordesk_hosted_1161_.jpg,[],[],[]
25329.jpg,[],[],[]
56265_2020-05-07_18378_.jpg,[],[],[]
87244_2020-07-13_5947_.jpg,[],[],[]
2158_2165005_Mobile Camera.jpg,[],[],[]
mphasis_farida.shaikh@mphasis.com_124880_2020-08-13_7940_.jpg,[],[],[]
fti_Jennifer.Carman@fti-acuity.com_138732_2020-08-24_19648_.jpg,[],[],[]
55552_2020-05-06_18321_.jpg,[],[],[]
mphasis_pooja.shinde@mphasis.com_126977_2020-08-14_4330_.jpg,[],[],[]
929_2162396_Imposter.jpg,[],[],[]
mphasis_jaini.navya@mphasis.com_132666_2020-08-19_10482_.jpg,[],[],[]
156_2162072_Imposter.jpg,[],[],[]
17340.jpg,[],[],[]
97075_2020-07-20_10566_.jpg,[],[],[]
Eliane.Ryder@fti-acuity.com_fti_consulting_proctordesk_hosted_17686_.jpg,[],[],[]
23016.jpg,[],[],[]
174.jpg,[],[],[]
18730.jpg,[],[],[]
83467_2020-07-08_17492_.jpg,[],[],[]
89155_2020-07-14_7120_.jpg,[],[],[]
940_2162410_Mobile Camera.jpg,[0.3036],"[[255, 106, 276, 155]]","[[254, 108, 273, 156]]"
1468_2163473_Mobile Camera.jpg,[],[],"[[175, 113, 189, 150]]"
969_2162442_Mobile Camera.jpg,[],[],[]
0_2162025_Imposter.jpg,[],[],[]
fti_Samuel.Seymour@fti-acuity.com_131165_2020-08-18_19035_.jpg,[0.8641],"[[63, 137, 100, 179]]","[[64, 137, 99, 180]]"
g_top_9710.jpg,[0.9361],"[[106, 0, 171, 15]]","[[107, 0, 171, 15]]"
5571.jpg,[],[],[]
95409_2020-07-18_18976_.jpg,[],[],[]
564_2162224_Imposter.jpg,[],[],[]
mphasis_dipti.gurav@mphasis.com_120298_2020-08-10_749_.jpg,[],[],[]
2200_2165010_Imposter.jpg,[],[],[]
26419.jpg,[0.9208],"[[170, 133, 235, 179]]","[[169, 132, 234, 179]]"
g_right_112128.jpg,[0.9448],"[[287, 84, 319, 120]]","[[287, 85, 320, 120]]"
25128.jpg,[0.8841],"[[161, 153, 237, 237]]","[[165, 153, 236, 234]]"
mphasis_v.vinothkumar@mphasis.com_113534_2020-08-04_5554_.jpg,[],[],[]
2206_2165014_Imposter.jpg,[],[],[]
850_2162324_Imposter.jpg,[],[],[]
mphasis_shubam.sharma@mphasis.com_115206_2020-08-05_4773_.jpg,[],[],[]
fti_Michele.Riley@fti-acuity.com_128149_2020-08-15_18580_.jpg,[0.748],"[[243, 180, 289, 215]]",[]
104247_2020-07-27_15594_.jpg,[],[],[]
188_2162083_Imposter.jpg,[],[],[]
mphasis_Dileep.Joshi@mphasis.com_113662_2020-08-04_5303_.jpg,[],[],[]
91015_2020-07-15_6678_.jpg,[],[],[]
360_2162125_Imposter.jpg,[],[],[]
fti_Andrew.Pagano@fti-acuity.com_134222_2020-08-20_12545_.jpg,[],[],[]
fti_Latonda.James@fti-acuity.com_147230_2020-08-31_11497_.jpg,[],[],[]
83196_2020-07-08_17212_.jpg,[0.9211],"[[179, 63, 224, 127]]","[[180, 63, 224, 128]]"
1987_2164972_Imposter.jpg,[],[],[]
mphasis_Rajendra.Patil@mphasis.com_117614_2020-08-07_7229_.jpg,[],[],[]
14084.jpg,[],[],[]
1025_2162492_Imposter.jpg,[],[],[]
1124_2162844_Imposter.jpg,[],[],[]
13951.jpg,[],[],[]
Saher.Shanti@investbank.jo_investbank_proctordesk_hosted_1121_.jpg,[],[],[]
1002_2162483_Imposter.jpg,[],[],[]
27771.jpg,[],[],[]
g_top_216148.jpg,[0.96],"[[168, 0, 222, 29]]","[[168, 0, 222, 29]]"
60189_2020-05-15_17925_.jpg,[0.8725],"[[31, 140, 92, 183]]","[[28, 140, 93, 183]]"
20197.jpg,[],[],[]
16259.jpg,[],[],[]
2755_2165327_Imposter.jpg,[],[],[]
mphasis_Kashinath.Lingadalli@mphasis.com_116839_2020-08-06_8334_.jpg,[],[],[]
19253.jpg,[],[],[]
106188_2020-07-29_19191_.jpg,[],[],[]
17957.jpg,[],[],[]
23114.jpg,[],[],[]
104427_2020-07-27_14347_.jpg,[0.3171],"[[234, 157, 263, 227]]",[]
mphasis_likhitha.p@mphasis.com_130799_2020-08-18_4447_.jpg,[],[],[]
1994_2164972_Mobile Camera.jpg,[0.7693],"[[167, 101, 195, 138]]","[[168, 102, 195, 133]]"
14012.jpg,[],[],[]
505_2162178_Imposter.jpg,[],[],[]
104132_2020-07-27_7918_.jpg,[],[],[]
1570.jpg,[],[],[]
105352_2020-07-28_5903_.jpg,[],[],[]
25377.jpg,[],[],[]
108_2162064_Mobile Camera.jpg,[],[],"[[120, 127, 163, 162]]"
430_2162132_Imposter.jpg,[],[],[]
315_2162120_Mobile Camera.jpg,[0.5818],"[[127, 136, 153, 179]]","[[188, 165, 233, 180]]"
2532_2165267_Mobile Camera.jpg,[],[],[]
9525.jpg,[],[],[]
2040_2164992_Imposter.jpg,[],[],[]
fti_Henry.Bonner@fti-acuity.com_140114_2020-08-25_16244_.jpg,[],[],[]
1484_2163487_Imposter.jpg,[],[],[]
4242.jpg,[],[],[]
104342_2020-07-27_7205_.jpg,[],[],[]
concentrix_RawatM@aetna.com_128782_2020-08-17_21337_.jpg,[],[],[]
749_2162304_Imposter.jpg,[],[],[]
2014.jpg,[],[],[]
78998_2020-06-29_1400_.jpg,[],[],[]
84147_2020-07-09_1467_.jpg,[],[],[]
fti_Todd.Gifford@fti-acuity.com_146185_2020-08-30_18545_.jpg,[],[],[]
concentrix_Tiwarid1@aetna.com_141366_2020-08-26_21213_.jpg,[],[],[]
764_2162304_Imposter.jpg,[],[],[]
fti_Richard.Kraus@fti-acuity.com_131031_2020-08-18_20272_.jpg,[],[],[]
megha.jadhav@mphasis.com_mphasis_proctordesk_hosted_1892_.jpg,[],[],[]
13358.jpg,[],[],[]
465_2162163_Mobile Camera.jpg,[0.2577],"[[14, 118, 30, 179]]",[]
373_2162129_Imposter.jpg,[],[],[]
fti_Chan.Park@fti-acuity.com_140340_2020-08-25_17320_.jpg,[],[],[]
3537.jpg,[0.7531],"[[199, 106, 300, 180]]","[[202, 108, 298, 180]]"
87321_2020-07-13_7593_.jpg,[],[],[]
17751.jpg,[],[],[]
88808_2020-07-14_17126_.jpg,[],[],[]
14939.jpg,[],[],[]
2315_2165084_Imposter.jpg,[],[],[]
1624.jpg,[],[],[]
2357_2165100_Imposter.jpg,[],[],[]
mphasis_neeraja.x@mphasis.com_121284_2020-08-10_9721_.jpg,[],[],[]
14447.jpg,[],[],[]
14329.jpg,[],[],[]
92617_2020-07-16_2624_.jpg,[],[],[]
jeffrey.oreilly@fti-acuity.com_fti_consulting_proctordesk_hosted_6309_.jpg,[],[],[]
98757_2020-07-22_18688_.jpg,[],[],[]
suraj.salaskar@mphasis.com_mphasis_proctordesk_hosted_1473_.jpg,[],[],[]
92203_2020-07-16_203_.jpg,[],[],[]
1275_2163243_FVE - No Face Detected.jpg,[],[],[]
27550.jpg,[0.8272],"[[90, 167, 201, 239]]","[[92, 168, 191, 239]]"
g_top_97323.jpg,[0.9291],"[[144, 0, 207, 15]]","[[144, 0, 208, 15]]"
14501.jpg,[],[],[]
99559_2020-07-22_5253_.jpg,[],[],[]
mphasis_sunni.khan@mphasis.com_142918_2020-08-27_6408_.jpg,[0.2965],"[[79, 62, 103, 97]]",[]
mphasis_mounika.s@mphasis.com_113979_2020-08-04_143_.jpg,[],[],[]
2352_2165100_Mobile Camera.jpg,[0.7225],"[[120, 124, 139, 159]]",[]
2056_2164993_Imposter.jpg,[],[],[]
434_2162132_Imposter.jpg,[],[],[]
2726_2165327_Imposter.jpg,[],[],[]
mphasis_prakash.kashid@mphasis.com_132819_2020-08-19_10954_.jpg,[],[],[]
486_2162174_Imposter.jpg,[],[],[]
mphasis_Kashinath.Lingadalli@mphasis.com_120372_2020-08-10_8350_.jpg,[],[],[]
65848_2020-05-28_9258_.jpg,[0.9331],"[[99, 87, 217, 145]]","[[99, 87, 219, 144]]"
21586.jpg,[],[],[]
15837.jpg,[],[],[]
mphasis_Shobha.Kankanwadi@mphasis.com_123098_2020-08-12_1180_.jpg,[],[],[]
mphasis_Chandrakant.Kharat@mphasis.com_136293_2020-08-21_6992_.jpg,[],[],[]
773_2162304_Imposter.jpg,[],[],[]
afreen.mujawar@mphasis.com_mphasis_proctordesk_hosted_1444_.jpg,[],[],[]
g_left_178129.jpg,[0.9663],"[[0, 72, 48, 144]]","[[0, 72, 49, 144]]"
95993_2020-07-20_8959_.jpg,[],[],[]
2630_2165275_Imposter.jpg,[],[],[]
86936_2020-07-13_2386_.jpg,[],[],[]
104907_2020-07-28_8461_.jpg,[],[],[]
96221_2020-07-20_2276_.jpg,[],[],[]
mphasis_Lalit.Bonde@mphasis.com_143215_2020-08-27_4593_.jpg,[],[],[]
44947_2020-04-15_9576_.jpg,[],[],[]
g_top_172167.jpg,[0.9314],"[[68, 0, 133, 10]]","[[69, 0, 133, 11]]"
1813_2164902_Imposter.jpg,[],[],[]
89257_2020-07-14_15010_.jpg,[],[],[]
g_top_112145.jpg,[0.9546],"[[99, 0, 195, 64]]","[[98, 0, 195, 65]]"
1306_2163256_Imposter.jpg,[],[],[]
1101_2162667_FVE - No Face Detected.jpg,[],[],[]
18847.jpg,[],[],[]
13620.jpg,[],[],[]
88562_2020-07-14_9065_.jpg,[],[],[]
105015_2020-07-28_8092_.jpg,[0.5371],"[[104, 96, 126, 179]]","[[101, 96, 121, 179]]"
fti_Thomas.Milazzo@fti-acuity.com_144234_2020-08-27_17066_.jpg,[0.879],"[[150, 165, 197, 233]]","[[151, 164, 204, 234]]"
Ewan.Roberts@fti-acuity.com_fti_consulting_proctordesk_hosted_8446_.jpg,[],[],[]
45282_2020-04-16_9448_.jpg,[],[],[]
mphasis_Chandrakant.Kharat@mphasis.com_125180_2020-08-13_6942_.jpg,[],[],[]
103970_2020-07-27_13563_.jpg,[],[],[]
106895_2020-07-29_12456_.jpg,[],[],[]
1529_2163597_Imposter.jpg,[],[],[]
87841_2020-07-13_5344_.jpg,[],[],[]
2543_2165267_Imposter.jpg,[],[],[]
g_top_136281.jpg,[0.9571],"[[125, 0, 245, 32]]","[[125, 0, 245, 32]]"
2204.jpg,[],[],[]
16343.jpg,[],[],[]
99575_2020-07-22_5541_.jpg,[],[],[]
96689_2020-07-20_8876_.jpg,[],[],[]
56302_2020-05-07_17940_.jpg,[],[],[]
98757_2020-07-22_18730_.jpg,[],[],[]
7388.jpg,[],[],[]
mphasis_basavaraj.kurahatti@mphasis.com_143185_2020-08-27_4660_.jpg,[],[],[]
98757_2020-07-22_18716_.jpg,[],[],[]
705_2162304_Imposter.jpg,[],[],[]
9149.jpg,[],[],[]
18468.jpg,[],[],[]
105647_2020-07-28_7572_.jpg,[],[],[]
ariana.king@fti-acuity.com_fti_consulting_proctordesk_hosted_3306_.jpg,[],[],[]
84779_2020-07-10_17619_.jpg,[0.8656],"[[198, 127, 236, 168]]","[[198, 126, 235, 166]]"
mphasis_sarita.kambale@mphasis.com_130713_2020-08-18_550_.jpg,[],[],[]
fti_Emily.Andelman@fti-acuity.com_129995_2020-08-17_18936_.jpg,[],[],[]
mariana.moguel@fti-acuity.com_fti_consulting_proctordesk_hosted_8173_.jpg,[],[],[]
130_2162065_Imposter.jpg,[],[],[]
89086_2020-07-14_13294_.jpg,[],[],[]
96634_2020-07-20_12407_.jpg,[],[],[]
g_right_11261.jpg,[0.917],"[[300, 90, 319, 138]]","[[300, 91, 320, 139]]"
fti_celmira.jamett@fti-acuity.com_132813_2020-08-19_19571_.jpg,[],[],[]
concentrix_karthick.viswanathan@concentrix.com_111783_2020-08-03_21077_.jpg,[0.8809],"[[97, 112, 195, 172]]","[[97, 111, 197, 173]]"
fti_Stephen.Curtis@fti-acuity.com_128456_2020-08-16_17856_.jpg,[0.8983],"[[150, 142, 207, 240]]","[[152, 143, 205, 240]]"
11759.jpg,[],[],[]
1669_2163733_FVE - No Face Detected.jpg,[],[],[]
mphasis_Sachin.Ghadage@mphasis.com_116911_2020-08-06_8231_.jpg,[],[],[]
88401_2020-07-14_17312_.jpg,[],[],[]
fti_Christopher.Lackert@fti-acuity.com_129060_2020-08-17_14249_.jpg,[],[],[]
504_2162177_Imposter.jpg,[],[],[]
11433.jpg,[],[],[]
95412_2020-07-18_18484_.jpg,[],[],[]
87673_2020-07-13_667_.jpg,[],[],[]
395_2162129_Imposter.jpg,[],[],[]
10092.jpg,[],[],[]
34_2162050_Imposter.jpg,[],[],[]
18733.jpg,[],[],[]
560_2162224_Imposter.jpg,[],[],[]
13897.jpg,[],[],[]
mphasis_Shireesha.Kolla@mphasis.com_121303_2020-08-10_10287_.jpg,[],[],[]
23213.jpg,[],[],[]
73805_2020-06-16_18217_.jpg,[0.927],"[[233, 50, 319, 180]]","[[234, 47, 319, 179]]"
g_right_9794.jpg,[0.962],"[[242, 63, 320, 116]]","[[242, 62, 320, 117]]"
g_top_104246.jpg,[0.954],"[[81, 0, 117, 44]]","[[82, 0, 118, 45]]"
mphasis_bhimakka.kulakarni@mphasis.com_138231_2020-08-24_9360_.jpg,[],[],[]
25509.jpg,[0.8424],"[[98, 8, 190, 120]]","[[99, 9, 187, 122]]"
1336_2163276_FVE - No Face Detected.jpg,[],[],[]
g_top_128140.jpg,[0.9212],"[[235, 0, 271, 12]]","[[235, 0, 272, 12]]"
2051_2164993_Mobile Camera.jpg,[],[],[]
20266.jpg,[],[],[]
103875_2020-07-27_9004_.jpg,[],[],[]
mphasis_manikandan.v1@mphasis.com_120539_2020-08-10_5093_.jpg,[],[],[]
2562_2165272_Imposter.jpg,[],[],[]
18101.jpg,[],[],[]
fti_Pearson.Bush@fti-acuity.com_141773_2020-08-26_19436_.jpg,[],[],[]
fti_celmira.jamett@fti-acuity.com_129319_2020-08-17_19542_.jpg,[],[],[]
90805_2020-07-15_4775_.jpg,[],[],[]
2772_2165373_Imposter.jpg,[],[],[]
17342.jpg,[],[],[]
79424_2020-06-30_11825_.jpg,[],[],[]
907_2162368_Imposter.jpg,[],[],[]
79251_2020-06-30_18650_.jpg,[],[],[]
106445_2020-07-29_347_.jpg,[],[],[]
fti_Theodore.Bechtold@fti-acuity.com_129431_2020-08-17_20162_.jpg,[],[],[]
mphasis_prakash.kashid@mphasis.com_138468_2020-08-24_10982_.jpg,[],[],[]
9410.jpg,[],[],[]
mphasis_SUBRAMANI.IYER@MPHASIS.COM_114547_2020-08-04_6686_.jpg,[],[],[]
20561.jpg,[],[],[]
1410_2163381_Imposter.jpg,[],[],[]
197_2162093_Mobile Camera.jpg,[0.8352],"[[7, 68, 81, 179]]","[[1, 69, 82, 180]]"
100312_2020-07-23_3091_.jpg,[],[],[]
104907_2020-07-28_8476_.jpg,[],[],[]
16354.jpg,[],[],[]
55658_2020-05-06_19238_.jpg,[0.9574],"[[52, 156, 250, 239]]","[[54, 158, 247, 240]]"
15587.jpg,[],[],[]
25883.jpg,[0.8832],"[[219, 94, 259, 175]]","[[221, 93, 259, 176]]"
50_2162050_Imposter.jpg,[],[],[]
mphasis_manikandan.v1@mphasis.com_120539_2020-08-10_5083_.jpg,[],[],[]
1914_2164945_FVE - No Face Detected.jpg,[],[],[]
2552_2165272_Imposter.jpg,[],[],[]
fti_David.Lettieri@fti-acuity.com_140696_2020-08-25_19120_.jpg,[],[],[]
maruti.mirashi@mphasis.com_mphasis_proctordesk_hosted_1087_.jpg,[],[],[]
g_left_97150.jpg,[0.9575],"[[0, 90, 57, 125]]","[[0, 90, 58, 125]]"
18208.jpg,[],[],[]
96423_2020-07-20_15023_.jpg,[],[],[]
13138.jpg,[],[],[]
2764_2165373_Mobile Camera.jpg,[],[],"[[230, 122, 320, 172]]"
23354.jpg,[],[],[]
concentrix_stephin.thomas@concentrix.com_117910_2020-08-07_21522_.jpg,[],[],[]
13808.jpg,[],[],[]
25854.jpg,[0.7792],"[[253, 155, 294, 200]]","[[255, 155, 295, 195]]"
mphasis_Shashikant.Ware@mphasis.com_112840_2020-08-04_1833_.jpg,[],[],[]
23108.jpg,[],[],[]
2540_2165267_Mobile Camera.jpg,[],[],[]
mphasis_s.geethamma@mphasis.com_113515_2020-08-04_8979_.jpg,[],[],[]
2178.jpg,[],[],[]
161_2162073_Imposter.jpg,[],[],[]
Aaron.Michel@fti-acuity.com_fti_consulting_proctordesk_hosted_14737_.jpg,[0.8623],"[[249, 71, 284, 130]]","[[249, 71, 284, 129]]"
mphasis_Kowsalya.M@mphasis.com_133750_2020-08-20_244_.jpg,[],[],[]
90661_2020-07-15_2559_.jpg,[],[],[]
mphasis_Mukesh.Chaure@mphasis.com_135063_2020-08-20_8055_.jpg,[],[],[]
23446.jpg,[0.9237],"[[219, 46, 311, 180]]","[[221, 47, 313, 180]]"
1079_2162604_Imposter.jpg,[],[],[]
1870_2164929_Mobile Camera.jpg,[],[],[]
79986_2020-07-01_16174_.jpg,[0.8739],"[[91, 58, 158, 145]]","[[88, 58, 160, 145]]"
106180_2020-07-29_3860_.jpg,[],[],[]
1922_2164951_Imposter.jpg,[],[],[]
1887_2164935_Mobile Camera.jpg,[],[],[]
fti_Jayme.Coleman@fti-acuity.com_142185_2020-08-26_14591_.jpg,[],[],[]
16881.jpg,[],[],[]
22954.jpg,[],[],[]
2837_2165418_Mobile Camera.jpg,[],[],[]
1618_2163655_Imposter.jpg,[],[],[]
45884_2020-04-17_9719_.jpg,[],[],[]
25661.jpg,[0.7431],"[[187, 154, 221, 197]]","[[189, 153, 222, 192]]"
rupa.p01@mphasis.com_mphasis_proctordesk_hosted_721_.jpg,[],[],[]
celeste.lawrence@fti-acuity.com_fti_consulting_proctordesk_hosted_6546_.jpg,[],[],[]
10496.jpg,[],[],[]
93451_2020-07-17_416_.jpg,[],[],[]
1546_2163597_Imposter.jpg,[],[],[]
84105_2020-07-09_5034_.jpg,[],[],[]
1802_2164869_Imposter.jpg,[],[],[]
379_2162129_Imposter.jpg,[],[],[]
mphasis_pramod.purtageri@mphasis.com_110827_2020-08-01_10350_.jpg,[0.8964],"[[237, 78, 270, 144]]","[[237, 78, 270, 146]]"
878_2162352_Mobile Camera.jpg,[],[],[]
mphasis_bharatha.p@mphasis.com_136670_2020-08-21_3420_.jpg,[],[],[]
11600.jpg,[],[],[]
333_2162123_FVE - No Face Detected.jpg,[],[],[]
83967_2020-07-09_17507_.jpg,[],[],[]
281_2162108_Imposter.jpg,[],[],[]
98044_2020-07-21_11207_.jpg,[],[],[]
fti_lloyd.mcclelland@fti-acuity.com_129475_2020-08-17_13333_.jpg,[],[],[]
419_2162129_Mobile Camera.jpg,[],[],[]
87321_2020-07-13_7598_.jpg,[],[],[]
fti_carolee.byrley@fti-acuity.com_132875_2020-08-19_14485_.jpg,[],[],[]
fti_Andrew.Pagano@fti-acuity.com_136050_2020-08-21_12551_.jpg,[0.2853],"[[74, 95, 118, 210]]",[]
mphasis_mounika.s@mphasis.com_118937_2020-08-07_153_.jpg,[],[],[]
575_2162255_Mobile Camera.jpg,[0.7947],"[[180, 134, 214, 159]]","[[180, 135, 214, 159]]"
2367_2165106_Imposter.jpg,[],[],[]
133.jpg,[],[],[]
697_2162304_Imposter.jpg,[],[],[]
23511.jpg,[0.9143],"[[177, 102, 231, 180]]","[[174, 102, 232, 180]]"
mphasis_dnyaneshwar.patil1@mphasis.com_110662_2020-08-01_5103_.jpg,[],[],[]
mphasis_dipti.gurav@mphasis.com_120298_2020-08-10_702_.jpg,[],[],[]
mphasis_neeraja.x@mphasis.com_117186_2020-08-06_9635_.jpg,[],[],[]
521_2162216_Mobile Camera.jpg,[0.8657],"[[129, 144, 163, 179]]","[[128, 145, 163, 180]]"
mphasis_farida.shaikh@mphasis.com_133954_2020-08-20_7976_.jpg,[],[],[]
90527_2020-07-15_703_.jpg,[],[],[]
mphasis_pinjari.fakruddin@mphasis.com_112361_2020-08-03_8837_.jpg,[],[],[]
25649.jpg,[0.8788],"[[179, 164, 222, 236]]","[[181, 165, 222, 233]]"
2183_2165010_Imposter.jpg,[],[],[]
mphasis_Mukesh.Kumar01@mphasis.com_118188_2020-08-07_7032_.jpg,[],[],[]
94138_2020-07-17_5969_.jpg,[],[],[]
14712.jpg,[],[],[]
concentrix_stephin.thomas@concentrix.com_127779_2020-08-15_21550_.jpg,[],[],[]
mphasis_chethan.bugati@mphasis.com_140071_2020-08-25_10836_.jpg,[0.8767],"[[207, 33, 273, 125]]",[]
2145_2164999_Imposter.jpg,[],[],[]
Fadi.Mansour@fti-acuity.com_fti_consulting_proctordesk_hosted_2311_.jpg,[],[],[]
mphasis_GABRIEL.SANTHOSH@MPHASIS.COM_112373_2020-08-03_3642_.jpg,[],[],[]
2019_2164976_Mobile Camera.jpg,[],[],[]
2660_2165275_Imposter.jpg,[],[],[]
92203_2020-07-16_198_.jpg,[],[],[]
322_2162121_FVE - No Face Detected.jpg,[],[],[]
89558_2020-07-14_6499_.jpg,[],[],[]
12854.jpg,[],[],[]
86904_2020-07-13_3613_.jpg,[0.9122],"[[142, 155, 194, 179]]","[[142, 155, 195, 180]]"
83488_2020-07-08_12042_.jpg,[0.8629],"[[237, 160, 273, 235]]","[[237, 160, 277, 235]]"
50637_2020-04-27_118_.jpg,[0.8776],"[[133, 78, 214, 195]]","[[133, 79, 214, 196]]"
91144_2020-07-15_10288_.jpg,[],[],[]
fti_Amina.Maddox@fti-acuity.com_129632_2020-08-17_12090_.jpg,[],[],[]
mphasis_farida.shaikh@mphasis.com_135806_2020-08-21_7978_.jpg,[],[],[]
90331_2020-07-15_2827_.jpg,[],[],[]
95522_2020-07-18_13823_.jpg,[],[],[]
Frank.Crull@fti-acuity.com_fti_consulting_proctordesk_hosted_17500_.jpg,[],[],[]
mphasis_v.vinothkumar@mphasis.com_113534_2020-08-04_5571_.jpg,[],[],[]
91084_2020-07-15_8182_.jpg,[],[],[]
488_2162174_Imposter.jpg,[],[],[]
689_2162304_Imposter.jpg,[],[],[]
mphasis_himanshu.shah@mphasis.com_112115_2020-08-03_6313_.jpg,[],[],[]
1006_2162483_Imposter.jpg,[],[],[]
93099_2020-07-16_6282_.jpg,[],[],[]
87673_2020-07-13_669_.jpg,[],[],[]
17280.jpg,[],[],[]
17314.jpg,[],[],[]
mphasis_Pramod.Tharakar@mphasis.com_117328_2020-08-06_3997_.jpg,[],[],[]
330_2162123_FVE - No Face Detected.jpg,[],[],[]
323_2162121_Mobile Camera.jpg,[],[],[]
1881_2164929_Mobile Camera.jpg,[],[],"[[216, 91, 320, 180]]"
1758_2164370_FVE - No Face Detected.jpg,[],[],[]
94977_2020-07-18_8196_.jpg,[],[],[]
1214_2163111_Imposter.jpg,[],[],[]
fti_William.Dawson@fti-acuity.com_138800_2020-08-24_14209_.jpg,[],[],[]
79887_2020-07-01_16519_.jpg,[0.858],"[[259, 106, 303, 156]]","[[258, 107, 303, 156]]"
10845.jpg,[],[],[]
20704.jpg,[],[],[]
1263_2163240_Imposter.jpg,[],[],[]
23774.jpg,[],[],[]
7452.jpg,[],[],[]
2168_2165006_Mobile Camera.jpg,[],[],[]
2253_2165029_Imposter.jpg,[],[],[]
85281_2020-07-10_5130_.jpg,[],[],[]
94713_2020-07-17_12285_.jpg,[0.9012],"[[107, 114, 157, 175]]","[[107, 114, 156, 176]]"
87302_2020-07-13_16300_.jpg,[],[],[]
fti_Doreen.Nanda@fti-acuity.com_143829_2020-08-27_13101_.jpg,[],[],[]
1554_2163597_Imposter.jpg,[],[],[]
21834.jpg,[],[],[]
449_2162143_FVE - No Face Detected.jpg,[],[],[]
mphasis_snehal.deshpande@mphasis.com_121533_2020-08-11_5940_.jpg,[],[],[]
mphasis_ramrajk.mandal@mphasis.com_113643_2020-08-04_4694_.jpg,[],[],[]
5766.jpg,[],[],[]
27679.jpg,[0.9329],"[[176, 121, 227, 179]]","[[175, 120, 228, 180]]"
9486.jpg,[],[],[]
55658_2020-05-06_19235_.jpg,[0.9574],"[[52, 156, 250, 239]]","[[53, 156, 246, 239]]"
18141.jpg,[],[],[]
792_2162304_Imposter.jpg,[],[],[]
348.jpg,[],[],[]
20204.jpg,[],[],[]
1555_2163597_Mobile Camera.jpg,[0.7748],"[[218, 131, 258, 164]]","[[218, 131, 258, 167]]"
133_2162065_Imposter.jpg,[],[],[]
mphasis_Ibrahim.Shaikh01@mphasis.com_138220_2020-08-24_1206_.jpg,[],[],[]
concentrix_lalsuanthoi.sakachep@concentrix.com_110598_2020-08-01_21952_.jpg,[0.9392],"[[131, 150, 196, 179]]","[[132, 150, 195, 179]]"
24846.jpg,"[0.4175, 0.2514]","[[61, 153, 85, 239], [65, 151, 90, 237]]",[]
mphasis_aiman.siddique@mphasis.com_131425_2020-08-18_1896_.jpg,[],[],[]
24777.jpg,[],[],[]
45276_2020-04-16_9227_.jpg,[0.9181],"[[112, 126, 207, 174]]","[[113, 126, 209, 175]]"
18933.jpg,[],[],[]
g_left_97154.jpg,[0.9638],"[[0, 87, 86, 141]]","[[0, 87, 87, 142]]"
99559_2020-07-22_5269_.jpg,[],[],[]
1931_2164953_FVE - No Face Detected.jpg,[],[],[]
343_2162124_FVE - No Face Detected.jpg,[],[],[]
14419.jpg,[],[],[]
14861.jpg,[],[],[]
mphasis_dalavai.kumar@mphasis.com_115181_2020-08-05_9585_.jpg,[],[],[]
44970_2020-04-15_9673_.jpg,[],[],[]
90738_2020-07-15_6829_.jpg,[],[],[]
mphasis_Raptadu.Srivani@mphasis.com_112090_2020-08-03_6422_.jpg,[],[],[]
2495_2165263_Imposter.jpg,[],[],[]
2669_2165275_Imposter.jpg,[],[],[]
2111_2164994_Imposter.jpg,[],[],[]
104907_2020-07-28_8478_.jpg,[],[],[]
mphasis_Abhishek.Chitre@mphasis.com_114656_2020-08-05_3517_.jpg,[],[],[]
mphasis_Sai.R01@mphasis.com_120255_2020-08-10_73_.jpg,[],[],[]
94977_2020-07-18_8198_.jpg,[],[],[]
58509_2020-05-12_19348_.jpg,[0.6214],"[[125, 103, 163, 222]]","[[125, 105, 159, 224]]"
9751.jpg,[],[],[]
2349_2165096_Imposter.jpg,[],[],[]
84779_2020-07-10_17595_.jpg,[0.8125],"[[207, 128, 244, 156]]","[[208, 128, 244, 156]]"
596_2162279_Mobile Camera.jpg,[],[],"[[240, 144, 263, 161]]"
1533_2163597_Imposter.jpg,[],[],[]
2453_2165210_Imposter.jpg,[0.6067],"[[118, 134, 157, 180]]",[]
103154_2020-07-26_18621_.jpg,[],[],[]
1649_2163686_Mobile Camera.jpg,[],[],[]
23498.jpg,[0.9021],"[[140, 29, 221, 158]]","[[142, 29, 222, 157]]"
2256_2165029_Imposter.jpg,[],[],[]
4342.jpg,[],[],[]
fti_onely.cairo-rodriguez@fti-acuity.com_145074_2020-08-28_15238_.jpg,[],[],[]
11527.jpg,[],[],[]
mphasis_himanshu.shah@mphasis.com_112115_2020-08-03_6250_.jpg,[],[],[]
1144_2162976_Mobile Camera.jpg,[],[],[]
25820.jpg,[0.8782],"[[201, 123, 239, 193]]","[[201, 123, 238, 194]]"
mphasis_Sachin.Jaiswal@mphasis.com_135745_2020-08-21_10639_.jpg,[],[],[]
sylvia.valentine@fti-acuity.com_fti_consulting_proctordesk_hosted_11815_.jpg,[],[],[]
906_2162368_Imposter.jpg,[],[],[]
97919_2020-07-21_5225_.jpg,[],[],[]
99559_2020-07-22_5282_.jpg,[],[],[]
27643.jpg,[0.9025],"[[78, 150, 133, 240]]","[[80, 150, 133, 240]]"
105704_2020-07-28_10752_.jpg,[],[],[]
92075_2020-07-16_1510_.jpg,[],[],[]
24681.jpg,[0.8841],"[[166, 123, 195, 178]]","[[166, 122, 195, 176]]"
21019.jpg,[],[],[]
87264_2020-07-13_16375_.jpg,[],[],[]
1167_2163030_Multiple people.jpg,[],[],[]
90941_2020-07-15_12231_.jpg,[],[],[]
Denzel.Cadet@fti-acuity.com_fti_consulting_proctordesk_hosted_9322_.jpg,[],[],[]
8450.jpg,[],[],[]
2631_2165275_Imposter.jpg,[],[],[]
mphasis_Abhishek.Chitre@mphasis.com_117811_2020-08-07_3545_.jpg,[],[],[]
98137_2020-07-21_14033_.jpg,[],[],[]
mphasis_LORETTA.CARROLL@MPHASIS.COM_112901_2020-08-03_7788_.jpg,[],[],[]
22473.jpg,[],[],[]
2050_2164993_Mobile Camera.jpg,[],[],[]
mphasis_kavita.raorane@mphasis.com_126702_2020-08-14_3436_.jpg,[],[],[]
mphasis_poornima.k@mphasis.com_127989_2020-08-15_4115_.jpg,[0.824],"[[212, 208, 291, 240]]","[[221, 210, 292, 240]]"
97746_2020-07-21_8511_.jpg,[],[],[]
58_2162050_Imposter.jpg,[],[],[]
99077_2020-07-22_10624_.jpg,[],[],[]
92036_2020-07-16_4310_.jpg,[],[],[]
90738_2020-07-15_6827_.jpg,[],[],[]
88229_2020-07-13_3589_.jpg,[],[],[]
93062_2020-07-16_6186_.jpg,[],[],[]
mphasis_koppula.navya@mphasis.com_146724_2020-08-31_11121_.jpg,[],[],[]
2024_2164978_FVE - No Face Detected.jpg,[],[],[]
1098_2162655_Mobile Camera.jpg,[0.5642],"[[184, 101, 202, 177]]","[[183, 102, 200, 174]]"
94084_2020-07-17_6330_.jpg,[],[],[]
g_left_178152.jpg,[0.9574],"[[0, 93, 57, 128]]","[[0, 93, 58, 129]]"
fti_harry.sherman@fti-acuity.com_145201_2020-08-28_14804_.jpg,[],[],[]
10130.jpg,[],[],[]
2195_2165010_Imposter.jpg,[],[],[]
mphasis_Satish.Kv01@mphasis.com_131739_2020-08-18_5662_.jpg,[],[],[]
fti_Carol.Krainson@fti-acuity.com_136473_2020-08-21_15569_.jpg,[],[],[]
714_2162304_Imposter.jpg,[],[],[]
105037_2020-07-28_5476_.jpg,[],[],[]
2248_2165027_Imposter.jpg,[],[],[]
155_2162072_FVE - No Face Detected.jpg,[],[],[]
2161_2165005_Mobile Camera.jpg,[],[],[]
chitti.prabhakar@mphasis.com_mphasis_proctordesk_hosted_691_.jpg,[],[],[]
935_2162410_Imposter.jpg,[],[],[]
2558_2165272_Imposter.jpg,[],[],[]
786.jpg,[0.8363],"[[218, 132, 236, 151]]","[[218, 132, 235, 153]]"
385.jpg,[],[],[]
27563.jpg,[0.8936],"[[107, 73, 139, 129]]","[[108, 72, 140, 130]]"
23158.jpg,[],[],[]
24004.jpg,[0.8922],"[[53, 104, 108, 178]]","[[54, 105, 107, 180]]"
87160_2020-07-13_2122_.jpg,[],[],[]
fti_David.Johnstone@fti-acuity.com_137627_2020-08-23_19008_.jpg,[0.8903],"[[195, 102, 268, 179]]","[[196, 102, 267, 180]]"
2413_2165169_Mobile Camera.jpg,[],[],[]
95605_2020-07-19_18752_.jpg,[],[],[]
2275_2165033_Mobile Camera.jpg,[],[],[]
1900_2164935_FVE - No Face Detected.jpg,[],[],[]
mphasis_swathi.b@mphasis.com_123110_2020-08-12_7200_.jpg,[],[],[]
17190.jpg,[],[],[]
fti_Justin.Park@fti-acuity.com_136281_2020-08-21_18306_.jpg,[],[],[]
784_2162304_Imposter.jpg,[],[],[]
26805.jpg,[0.895],"[[61, 12, 151, 159]]","[[62, 10, 151, 160]]"
984_2162475_Imposter.jpg,[],[],[]
mphasis_shila.kapse@mphasis.com_115455_2020-08-05_4949_.jpg,[],[],[]
mphasis_rajesh.r@mphasis.com_140123_2020-08-25_4890_.jpg,[],[],[]
290_2162115_Imposter.jpg,[],[],[]
796_2162304_Imposter.jpg,[],[],[]
1885_2164935_FVE - No Face Detected.jpg,[],[],[]
1404_2163381_Imposter.jpg,[],[],[]
641_2162288_Imposter.jpg,[],[],[]
g_top_112289.jpg,[0.9605],"[[128, 0, 193, 39]]","[[129, 0, 193, 39]]"
88894_2020-07-14_7497_.jpg,[],[],[]
mphasis_Kashinath.Lingadalli@mphasis.com_116839_2020-08-06_8322_.jpg,[],[],[]
fti_Janet.Arnott@fti-acuity.com_131912_2020-08-18_11789_.jpg,[],[],[]
1516_2163557_Mobile Camera.jpg,[0.8205],"[[116, 111, 154, 149]]","[[114, 111, 156, 152]]"
1991_2164972_Mobile Camera.jpg,[0.6546],"[[182, 113, 207, 143]]","[[182, 113, 207, 138]]"
51370_2020-04-28_283_.jpg,[0.9148],"[[115, 150, 203, 189]]","[[115, 151, 205, 190]]"
fti_Michele.Riley@fti-acuity.com_128569_2020-08-16_18590_.jpg,[],[],[]
mphasis_shivagouda.patil@mphasis.com_139866_2020-08-25_955_.jpg,[],[],[]
mphasis_avuluru.mahendra@mphasis.com_136478_2020-08-21_2629_.jpg,[],[],[]
fti_Hyunbang.Park@fti-acuity.com_129073_2020-08-17_12677_.jpg,[],[],[]
fti_Becky.Bi@fti-acuity.com_141941_2020-08-26_15168_.jpg,[],[],[]
1534_2163597_Imposter.jpg,[],[],[]
mphasis_vishakha.kharad@mphasis.com_118217_2020-08-07_2304_.jpg,[],[],[]
8554.jpg,[],[],[]
fti_Nikolay.Pogosov@fti-acuity.com_141897_2020-08-26_17964_.jpg,[0.4543],"[[197, 62, 222, 131]]",[]
99101_2020-07-22_6994_.jpg,[],[],[]
11210.jpg,[],[],[]
18908.jpg,[],[],[]
2624.jpg,[],[],[]
79964_2020-07-01_1405_.jpg,[],[],[]
2423_2165189_Mobile Camera.jpg,[0.389],"[[290, 114, 319, 177]]",[]
17788.jpg,[],[],[]
12999.jpg,[],[],[]
concentrix_m.shravya@concentrix.com_110639_2020-08-01_21435_.jpg,[],[],[]
713_2162304_Imposter.jpg,[],[],[]
95790_2020-07-20_17666_.jpg,[0.9069],"[[0, 179, 152, 239]]","[[1, 179, 150, 240]]"
fti_Christopher.Oliver@fti-acuity.com_143343_2020-08-27_12196_.jpg,[0.8734],"[[13, 76, 89, 143]]","[[12, 78, 87, 143]]"
91034_2020-07-15_8815_.jpg,[],[],[]
mphasis_mounika.s@mphasis.com_113979_2020-08-04_151_.jpg,[],[],[]
102996_2020-07-25_17421_.jpg,[0.8359],"[[166, 106, 215, 150]]","[[166, 106, 215, 151]]"
25950.jpg,[0.9121],"[[121, 137, 177, 235]]","[[121, 139, 175, 235]]"
86936_2020-07-13_2343_.jpg,[],[],[]
mphasis_Dharmendra.Keshariya@mphasis.com_126611_2020-08-14_6703_.jpg,[],[],[]
4465.jpg,[],[],[]
106188_2020-07-29_19194_.jpg,[],[],[]
24591.jpg,[],[],[]
27_2162045_Imposter.jpg,[],[],[]
17107.jpg,[],[],[]
18781.jpg,[],[],[]
1503_2163510_Mobile Camera.jpg,[],[],[]
1411_2163381_Mobile Camera.jpg,[0.8282],"[[177, 131, 229, 179]]","[[177, 132, 230, 180]]"
g_top_WIN_20210427_22_16_35_Pro80.jpg,[0.8764],"[[147, 0, 210, 9]]","[[147, 0, 210, 10]]"
g_left_12383.jpg,[0.9597],"[[0, 66, 58, 121]]","[[0, 67, 58, 121]]"
2665_2165275_Imposter.jpg,[],[],[]
1361_2163300_Mobile Camera.jpg,[],[],[]
2459_2165214_Mobile Camera.jpg,[0.8088],"[[70, 117, 116, 149]]","[[70, 118, 115, 148]]"
2416_2165175_Imposter.jpg,[],[],[]
11760.jpg,[],[],[]
23514.jpg,[0.9089],"[[159, 114, 198, 179]]","[[160, 114, 197, 179]]"
2323_2165084_Imposter.jpg,[],[],[]
mphasis_Mukesh.Chaure@mphasis.com_135063_2020-08-21_8051_.jpg,[],[],[]
97882_2020-07-21_5573_.jpg,[],[],[]
111_2162064_Mobile Camera.jpg,[],[],"[[141, 136, 177, 172]]"
19202.jpg,[],[],[]
1335_2163276_FVE - No Face Detected.jpg,[],[],[]
27683.jpg,[0.9294],"[[151, 113, 225, 179]]","[[151, 114, 226, 180]]"
concentrix_naranga@aetna.com_113281_2020-08-04_21232_.jpg,[],[],[]
2131.jpg,[],[],[]
17864.jpg,[],[],[]
680_2162304_Imposter.jpg,[],[],[]
fti_angelina.hammond@fti-acuity.com_136540_2020-08-21_18866_.jpg,[],[],[]
mphasis_gayathri.r1@mphasis.com_113491_2020-08-04_9306_.jpg,[0.9039],"[[137, 109, 188, 179]]","[[138, 110, 190, 180]]"
6_2162025_Imposter.jpg,[],[],[]
2523_2165263_Imposter.jpg,[],[],[]
mphasis_Prasad.Pandav@mphasis.com_139810_2020-08-25_363_.jpg,[],[],[]
fti_Justin.Raimo@fti-acuity.com_141785_2020-08-26_14320_.jpg,[],[],[]
mphasis_gurpreet.kaur@mphasis.com_130971_2020-08-18_619_.jpg,[],[],[]
45839_2020-04-17_9306_.jpg,[],[],[]
mphasis_chandraprabha.m@mphasis.com_130982_2020-08-18_2082_.jpg,[],[],[]
mphasis_pinjari.fakruddin@mphasis.com_115314_2020-08-05_8881_.jpg,[],[],[]
mphasis_chandraprabha.m@mphasis.com_120731_2020-08-10_2059_.jpg,[],[],[]
mphasis_rahib.makandar@mphasis.com_130747_2020-08-18_8777_.jpg,[],[],[]
1244_2163233_Imposter.jpg,[],[],[]
73093_2020-06-14_1265_.jpg,[0.6164],"[[94, 31, 185, 166]]","[[95, 32, 180, 138]]"
11425.jpg,[0.7042],"[[206, 181, 223, 240]]","[[209, 180, 226, 240]]"
86356_2020-07-12_1860_.jpg,[],[],[]
24539.jpg,[],[],[]
1909_2164945_Imposter.jpg,[],[],[]
mphasis_Shashikant.Ware@mphasis.com_112840_2020-08-04_1809_.jpg,[],[],[]
23464.jpg,[0.9315],"[[112, 122, 164, 180]]","[[112, 122, 165, 180]]"
64018_2020-05-23_18080_.jpg,[],[],[]
18708.jpg,[],[],[]
palmer.parrott@fti-acuity.com_fti_consulting_proctordesk_hosted_5154_.jpg,[],[],[]
22813.jpg,[],[],[]
90217_2020-07-15_17358_.jpg,[],[],[]
11406.jpg,[],[],[]
fti_Jeffrey.OReilly@fti-acuity.com_141896_2020-08-26_19778_.jpg,[],[],[]
mphasis_chandraprabha.m@mphasis.com_130982_2020-08-18_2077_.jpg,[],[],[]
84116_2020-07-09_16739_.jpg,[],[],[]
fti_Doreen.Nanda@fti-acuity.com_142043_2020-08-26_13086_.jpg,[],[],[]
26572.jpg,[0.9109],"[[160, 41, 238, 199]]","[[159, 43, 238, 199]]"
822_2162309_Multiple people.jpg,[],[],[]
mphasis_mahiboobsab.gorakal@mphasis.com_134719_2020-08-20_5737_.jpg,[],[],[]
1112_2162762_FVE - No Face Detected.jpg,[],[],[]
1469_2163473_Mobile Camera.jpg,[0.401],"[[167, 120, 188, 157]]","[[167, 120, 188, 144]]"
2181_2165010_Imposter.jpg,[],[],[]
83432_2020-07-08_16721_.jpg,[],[],[]
105037_2020-07-28_5419_.jpg,[],[],[]
25181.jpg,"[0.6882, 0.2547]","[[82, 149, 111, 239], [82, 161, 104, 240]]","[[89, 150, 109, 239]]"
97898_2020-07-21_16546_.jpg,[],[],[]
1290_2163250_Imposter.jpg,[],[],[]
4767.jpg,[],[],[]
944_2162410_Mobile Camera.jpg,[0.3845],"[[241, 81, 264, 119]]",[]
mphasis_avuluru.mahendra@mphasis.com_136478_2020-08-21_2654_.jpg,[],[],[]
Frank.Crull@fti-acuity.com_fti_consulting_proctordesk_hosted_17496_.jpg,[0.7392],"[[169, 27, 217, 96]]","[[169, 32, 218, 95]]"
49_2162050_Mobile Camera.jpg,[],[],[]
fti_carolee.byrley@fti-acuity.com_131125_2020-08-18_14473_.jpg,[],[],[]
80438_2020-07-02_15476_.jpg,[],[],[]
mphasis_Shireesha.Kolla@mphasis.com_121303_2020-08-10_10300_.jpg,[],[],[]
mphasis_PUTTA.N@MPHASIS.COM_111779_2020-08-03_5143_.jpg,[],[],[]
mphasis_chethan.bugati@mphasis.com_130787_2020-08-18_10824_.jpg,[],[],[]
20389.jpg,[],[],[]
7103.jpg,[],[],[]
10947.jpg,[],[],[]
2188_2165010_Mobile Camera.jpg,[0.673],"[[11, 123, 61, 179]]",[]
103_2162064_Mobile Camera.jpg,[],[],"[[105, 142, 154, 172]]"
Daniel.Baldree@fti-acuity.com_fti_consulting_proctordesk_hosted_8111_.jpg,[],[],[]
mphasis_Sai.R01@mphasis.com_120255_2020-08-10_52_.jpg,[],[],[]
24937.jpg,"[0.6383, 0.2697]","[[214, 107, 230, 178], [212, 119, 228, 178]]","[[212, 110, 230, 179]]"
mphasis_sudha.j@mphasis.com_132082_2020-08-19_7633_.jpg,[],[],[]
19545.jpg,[],[],[]
1731_2163956_Imposter.jpg,[],[],[]
fti_PBic.Kanayjorn@fti-acuity.com_136445_2020-08-21_16496_.jpg,[],[],[]
mphasis_Santosh.Bhagwat@mphasis.com_136454_2020-08-21_9188_.jpg,[],[],[]
mphasis_pooja.itankar@mphasis.com_116444_2020-08-06_11040_.jpg,[],[],[]
2745_2165327_Mobile Camera.jpg,[],[],[]
naveen.b@mphasis.com_mphasis_proctordesk_hosted_1058_.jpg,[],[],[]
mphasis_sushmita.mesta@mphasis.com_116948_2020-08-06_10725_.jpg,[],[],[]
2620_2165275_Imposter.jpg,[],[],[]
fti_Christopher.Matthews@fti-acuity.com_136620_2020-08-21_14672_.jpg,[],[],[]
13561.jpg,[0.7773],"[[175, 178, 199, 239]]","[[178, 179, 199, 231]]"
25620.jpg,[0.8501],"[[255, 159, 304, 214]]","[[255, 160, 304, 214]]"
fti_William.Dawson@fti-acuity.com_131206_2020-08-18_14190_.jpg,[],[],[]
106841_2020-07-29_14382_.jpg,[],[],[]
Osayame.West-Idahosa@fti-acuity.com_fti_consulting_proctordesk_hosted_11971_.jpg,[0.895],"[[151, 135, 214, 225]]","[[150, 135, 213, 225]]"
55658_2020-05-06_19265_.jpg,[0.9574],"[[52, 156, 250, 239]]","[[56, 156, 245, 239]]"
fti_Tara.Bognar@fti-acuity.com_147011_2020-08-31_15536_.jpg,[],[],[]
89571_2020-07-14_2445_.jpg,[],[],[]
9471.jpg,[],[],[]
99348_2020-07-22_10232_.jpg,[],[],[]
370_2162129_Imposter.jpg,[],[],[]
55552_2020-05-06_18287_.jpg,[],[],[]
mphasis_supriya.dhere@mphasis.com_131162_2020-08-18_2351_.jpg,[],[],[]
mphasis_sudha.j@mphasis.com_146413_2020-08-31_7663_.jpg,[],[],[]
934_2162410_Mobile Camera.jpg,[0.9139],"[[198, 136, 242, 179]]","[[198, 137, 241, 180]]"
1471_2163473_Mobile Camera.jpg,[0.6211],"[[178, 112, 201, 143]]","[[179, 112, 201, 137]]"
88796_2020-07-14_905_.jpg,[],[],[]
98257_2020-07-22_1373_.jpg,[],[],[]
mphasis_shivagouda.patil@mphasis.com_139866_2020-08-25_980_.jpg,[],[],[]
10207.jpg,[0.9034],"[[131, 150, 239, 195]]",[]
mphasis_simali.dhadbale@mphasis.com_125907_2020-08-13_8114_.jpg,[],[],[]
11995.jpg,[],[],[]
90539_2020-07-15_3788_.jpg,[],[],[]
2520_2165263_Imposter.jpg,[],[],[]
7992.jpg,[],[],[]
11069.jpg,[],[],[]
99877_2020-07-23_2872_.jpg,[],[],[]
1146_2162979_Imposter.jpg,[],[],[]
2796_2165386_FVE - No Face Detected.jpg,[],[],[]
703_2162304_Imposter.jpg,[],[],[]
g_right_1122.jpg,[0.9108],"[[306, 70, 319, 107]]","[[307, 71, 320, 107]]"
4_2162025_Imposter.jpg,[],[],[]
86936_2020-07-13_2392_.jpg,[],[],[]
6978.jpg,[],[],[]
2391_2165123_Imposter.jpg,[],[],[]
16737.jpg,[0.8122],"[[180, 164, 206, 238]]","[[179, 165, 205, 240]]"
97305_2020-07-21_18677_.jpg,[],[],[]
16524.jpg,[],[],[]
101669_2020-07-24_4597_.jpg,[],[],[]
fti_Nathaniel.Ng@fti-acuity.com_134454_2020-08-20_20391_.jpg,[],[],[]
g_left_11663.jpg,[0.9513],"[[0, 126, 29, 179]]","[[0, 125, 29, 180]]"
Fadi.Mansour@fti-acuity.com_fti_consulting_proctordesk_hosted_2318_.jpg,[],[],[]
13468.jpg,[],[],[]
754_2162304_Imposter.jpg,[],[],[]
24657.jpg,[],[],[]
mphasis_divya.dhaware@mphasis.com_126965_2020-08-14_444_.jpg,[],[],[]
136_2162065_Imposter.jpg,[],[],[]
102247_2020-07-24_11173_.jpg,[],[],[]
g_top_WIN_20210427_22_16_43_Pro255.jpg,[0.9598],"[[258, 0, 306, 44]]","[[259, 0, 307, 45]]"
mphasis_hariprasad.kundella@mphasis.com_140328_2020-08-25_2713_.jpg,[],[],[]
suraj.salaskar@mphasis.com_mphasis_proctordesk_hosted_1470_.jpg,[],[],[]
shila.kapse@mphasis.com_mphasis_proctordesk_hosted_1553_.jpg,[],[],[]
695_2162304_Imposter.jpg,[],[],[]
2127_2164997_Imposter.jpg,[],[],[]
551_2162224_Imposter.jpg,[],[],[]
379.jpg,[],[],[]
557.jpg,[],[],[]
88819_2020-07-14_1775_.jpg,[],[],[]
498.jpg,[],[],[]
1548_2163597_Imposter.jpg,[],[],[]
97973_2020-07-21_10230_.jpg,[],[],[]
240.jpg,[],[],[]
9320.jpg,[],[],[]
23893.jpg,[],[],[]
fti_harry.sherman@fti-acuity.com_145201_2020-08-28_14807_.jpg,[],[],[]
103477_2020-07-27_8964_.jpg,[],[],[]
2184_2165010_Imposter.jpg,[],[],[]
95145_2020-07-17_14295_.jpg,[],[],[]
15768.jpg,[],[],[]
88894_2020-07-14_7485_.jpg,[],[],[]
mphasis_GABRIEL.SANTHOSH@MPHASIS.COM_114428_2020-08-04_3689_.jpg,[],[],[]
mphasis_gausiya.shah@mphasis.com_112494_2020-08-03_3234_.jpg,[],[],[]
fti_Kun.Chang@fti-acuity.com_143424_2020-08-27_15156_.jpg,[0.7461],"[[151, 132, 198, 175]]","[[151, 134, 196, 160]]"
18223.jpg,[],[],[]
21046.jpg,[],[],[]
88975_2020-07-14_10769_.jpg,[],[],"[[1, 163, 118, 235]]"
concentrix_patchanok.yangtisan@concentrix.com_124643_2020-08-13_21614_.jpg,[],[],[]
98915_2020-07-22_3773_.jpg,[],[],[]
2105_2164994_FVE - No Face Detected.jpg,[],[],[]
1553_2163597_Imposter.jpg,[],[],[]
2426_2165189_Mobile Camera.jpg,[0.7095],"[[194, 138, 240, 178]]",[]
767.jpg,[0.7311],"[[216, 133, 237, 151]]","[[216, 132, 237, 152]]"
1321_2163271_Mobile Camera.jpg,[0.8652],"[[2, 121, 34, 172]]",[]
Mahmoud.AlSharif@investbank.jo_investbank_proctordesk_hosted_investbank_proctordesk_hosted_Mahmoud.AlSharif@investbank.jo_86001_2865_.jpg,[0.4571],"[[159, 130, 200, 178]]","[[159, 129, 201, 165]]"
1389_2163380_Imposter.jpg,[],[],[]
concentrix_sachdevaa@aetna.com_123081_2020-08-12_21119_.jpg,[],[],[]
7686.jpg,[],[],[]
g_right_172157.jpg,[0.9475],"[[255, 57, 320, 94]]","[[256, 57, 320, 94]]"
12184.jpg,[],[],[]
1966_2164956_Imposter.jpg,[],[],[]
1201_2163051_Imposter.jpg,[],[],[]
849_2162324_Mobile Camera.jpg,[0.268],"[[188, 108, 240, 179]]",[]
1096_2162654_FVE - No Face Detected.jpg,[],[],[]
fti_francis.lee@fti-acuity.com_143742_2020-08-27_17768_.jpg,[],[],[]
Victor.Morales-Vicente@fti-acuity.com_fti_consulting_proctordesk_hosted_3317_.jpg,[0.7616],"[[6, 0, 115, 61]]","[[13, 1, 120, 64]]"
fti_Christopher.Matthews@fti-acuity.com_136620_2020-08-21_14674_.jpg,[],[],[]
mphasis_priya.jagtap@mphasis.com_129148_2020-08-17_4628_.jpg,[],[],[]
10090.jpg,[],[],[]
26445.jpg,[0.8601],"[[111, 145, 181, 235]]","[[110, 144, 181, 239]]"
fti_Chan.Park@fti-acuity.com_127880_2020-08-15_17297_.jpg,[],[],[]
20275.jpg,[],[],[]
7336.jpg,[],[],[]
fti_Terilyn.Williams@fti-acuity.com_134795_2020-08-20_14375_.jpg,[],[],[]
mphasis_Satish.Kv01@mphasis.com_131739_2020-08-18_5661_.jpg,[],[],[]
mphasis_karishma.barge@mphasis.com_140115_2020-08-25_1045_.jpg,[],[],[]
1322_2163276_FVE - No Face Detected.jpg,[],[],[]
1094_2162651_Mobile Camera.jpg,[],[],[]
2154_2165005_Mobile Camera.jpg,[],[],[]
2414_2165169_Imposter.jpg,[],[],[]
31_2162050_Imposter.jpg,[],[],[]
roshani.sawant@mphasis.com_mphasis_proctordesk_hosted_1250_.jpg,[],[],[]
mphasis_Shobha.Kankanwadi@mphasis.com_111861_2020-08-03_1156_.jpg,[],[],[]
386_2162129_Imposter.jpg,[],[],[]
1160_2162989_Imposter.jpg,[],[],[]
g_right_12831.jpg,[0.8967],"[[290, 85, 320, 148]]","[[291, 85, 320, 149]]"
12615.jpg,[],[],[]
g_top_10416.jpg,[0.9527],"[[149, 0, 269, 47]]","[[149, 0, 269, 48]]"
mphasis_avuluru.mahendra@mphasis.com_134568_2020-08-20_2626_.jpg,[],[],[]
79799_2020-07-01_11497_.jpg,[],[],[]
13305.jpg,[],[],[]
1221_2163140_Imposter.jpg,[],[],[]
92203_2020-07-16_171_.jpg,[],[],[]
107165_2020-07-29_11032_.jpg,[],[],[]
2521_2165263_Imposter.jpg,[],[],[]
733.jpg,[],[],[]
concentrix_ssathana.ssathana@concentrix.com_111967_2020-08-03_21935_.jpg,[],[],[]
24595.jpg,[0.8614],"[[137, 88, 196, 163]]","[[135, 90, 198, 165]]"
385_2162129_Imposter.jpg,[],[],[]
g_left_13658.jpg,[0.9346],"[[0, 72, 18, 136]]","[[0, 73, 19, 137]]"
1432_2163413_FVE - No Face Detected.jpg,[],[],[]
21941.jpg,[],[],[]
2794_2165386_Imposter.jpg,[],[],[]
100312_2020-07-23_3014_.jpg,[],[],[]
2283_2165053_Mobile Camera.jpg,[0.9094],"[[131, 102, 206, 158]]",[]
106380_2020-07-29_1181_.jpg,[],[],[]
mphasis_pooja.itankar@mphasis.com_137631_2020-08-23_11071_.jpg,[],[],[]
90527_2020-07-15_739_.jpg,[],[],[]
g_left_17843.jpg,[0.9507],"[[0, 162, 57, 210]]","[[0, 162, 58, 210]]"
94440_2020-07-17_7265_.jpg,[],[],[]
1043_2162520_Mobile Camera.jpg,[0.9258],"[[155, 145, 208, 180]]","[[155, 146, 206, 180]]"
117.jpg,[],[],[]
8166.jpg,[],[],[]
87841_2020-07-13_5360_.jpg,[],[],[]
4208.jpg,[0.8353],"[[171, 3, 319, 219]]","[[163, 3, 309, 234]]"
2094_2164994_Imposter.jpg,[],[],[]
47851_2020-04-21_9540_.jpg,[],[],[]
mphasis_shinde.venkatrao@mphasis.com_116447_2020-08-06_7567_.jpg,[],[],[]
23971.jpg,[],[],[]
101062_2020-07-23_13197_.jpg,[],[],[]
1409_2163381_Imposter.jpg,[],[],[]
79861_2020-07-01_12125_.jpg,[0.9141],"[[124, 115, 239, 179]]","[[122, 114, 239, 179]]"
27193.jpg,[0.9133],"[[197, 99, 252, 195]]","[[198, 99, 252, 195]]"
mphasis_shubam.sharma@mphasis.com_136022_2020-08-21_4820_.jpg,[],[],[]
95522_2020-07-18_13826_.jpg,[],[],[]
mphasis_mahiboobsab.gorakal@mphasis.com_123836_2020-08-12_5728_.jpg,[],[],[]
g_top_172165.jpg,[0.9315],"[[199, 0, 262, 10]]","[[199, 0, 263, 11]]"
22408.jpg,[],[],[]
1169_2163030_Multiple people.jpg,[],[],[]
94690_2020-07-17_5739_.jpg,[],[],[]
1523_2163586_Imposter.jpg,[],[],[]
mphasis_pavan.an@mphasis.com_113275_2020-08-04_6755_.jpg,[],[],[]
100070_2020-07-23_19047_.jpg,[],[],[]
krishna.gond@mphasis.com_mphasis_proctordesk_hosted_451_.jpg,[],[],[]
83439_2020-07-08_1445_.jpg,[],[],[]
22642.jpg,[],[],[]
101310_2020-07-23_3928_.jpg,[],[],[]
1062_2162551_Imposter.jpg,[],[],[]
2392_2165123_Imposter.jpg,[],[],[]
9_2162027_Mobile Camera.jpg,[],[],[]
22084.jpg,[],[],[]
769_2162304_Imposter.jpg,[],[],[]
concentrix_tanawat.thongnuch@concentrix.com_127256_2020-08-14_21745_.jpg,[],[],[]
95635_2020-07-19_17969_.jpg,[],[],[]
Frank.Crull@fti-acuity.com_fti_consulting_proctordesk_hosted_17504_.jpg,[],[],[]
90678_2020-07-15_4731_.jpg,[],[],[]
Marwa.Khouryzat@fti-acuity.com_fti_consulting_proctordesk_hosted_17051_.jpg,[],[],[]
13122.jpg,[],[],[]
84147_2020-07-09_1475_.jpg,[],[],[]
2194_2165010_Imposter.jpg,[],[],[]
2276_2165034_Mobile Camera.jpg,[],[],[]
concentrix_waranya.phanphai1@concentrix.com_133763_2020-08-20_21720_.jpg,[],[],[]
fti_Benjamin.Hodges@fti-acuity.com_141017_2020-08-25_18911_.jpg,[],[],[]
1725_2163956_Imposter.jpg,[],[],[]
narendra.pathare@mphasis.com_mphasis_proctordesk_hosted_1423_.jpg,[],[],[]
102417_2020-07-24_1967_.jpg,[],[],[]
shila.kapse@mphasis.com_mphasis_proctordesk_hosted_1568_.jpg,[],[],[]
fti_Gergana.Miteva@fti-acuity.com_143271_2020-08-27_15106_.jpg,[],[],[]
106368_2020-07-29_4440_.jpg,[],[],[]
1365_2163300_Mobile Camera.jpg,[0.8526],"[[205, 131, 252, 172]]","[[204, 132, 252, 170]]"
97870_2020-07-21_14241_.jpg,[],[],[]
mphasis_chandraprabha.m@mphasis.com_130982_2020-08-18_2079_.jpg,[],[],[]
26753.jpg,[0.9035],"[[195, 100, 249, 197]]","[[195, 100, 248, 196]]"
10027.jpg,[],[],[]
104991_2020-07-28_7840_.jpg,[],[],[]
102097_2020-07-24_13773_.jpg,[0.5749],"[[212, 134, 227, 178]]","[[212, 132, 227, 179]]"
concentrix_SinghR18@aetna.com_114849_2020-08-05_21164_.jpg,[],[],[]
790_2162304_Imposter.jpg,[],[],[]
2380_2165110_Imposter.jpg,[],[],[]
92868_2020-07-16_7450_.jpg,[],[],[]
mphasis_nikhil.pandit@mphasis.com_111960_2020-08-03_3835_.jpg,[],[],[]
fti_Joann.Ko@fti-acuity.com_147238_2020-08-31_13170_.jpg,[],[],[]
mphasis_naveen.b@mphasis.com_121868_2020-08-11_10371_.jpg,[],[],[]
93495_2020-07-17_4515_.jpg,[],[],[]
93200_2020-07-16_6587_.jpg,[],[],[]
23529.jpg,[0.8684],"[[149, 113, 176, 168]]","[[148, 114, 175, 166]]"
49526_2020-04-24_241_.jpg,[],[],[]
ravi.madiwal@mphasis.com_mphasis_proctordesk_hosted_499_.jpg,[],[],[]
1028_2162494_Mobile Camera.jpg,[0.8113],"[[193, 150, 215, 171]]","[[192, 149, 215, 171]]"
23636.jpg,[],[],[]
fti_Todd.Gifford@fti-acuity.com_140249_2020-08-25_18535_.jpg,[],[],[]
11755.jpg,[],[],[]
90874_2020-07-15_13297_.jpg,[],[],[]
913_2162369_Mobile Camera.jpg,[],[],[]
concentrix_jeeva.murugan1@concentrix.com_113157_2020-08-04_21881_.jpg,[],[],[]
106180_2020-07-29_3857_.jpg,[],[],[]
90678_2020-07-15_4730_.jpg,[],[],[]
1425_2163413_FVE - Imposter Detected.jpg,[],[],[]
17384.jpg,[],[],[]
16050.jpg,[],[],[]
mphasis_padma.patrot@mphasis.com_136395_2020-08-21_10064_.jpg,[],[],[]
mphasis_darpan.bhadane@mphasis.com_140272_2020-08-25_3106_.jpg,[],[],[]
17313.jpg,[0.8151],"[[157, 182, 190, 239]]","[[170, 181, 190, 214]]"
396_2162129_Imposter.jpg,[],[],[]
mphasis_v.vinothkumar@mphasis.com_112126_2020-08-03_5510_.jpg,[],[],[]
103895_2020-07-27_1490_.jpg,[],[],[]
mphasis_vishakha.kharad@mphasis.com_118217_2020-08-07_2234_.jpg,[],[],[]
1058_2162526_Mobile Camera.jpg,[0.596],"[[284, 105, 319, 148]]","[[282, 106, 317, 161]]"
14285.jpg,[],[],[]
292_2162117_Mobile Camera.jpg,[0.8965],"[[97, 97, 152, 179]]","[[98, 99, 153, 180]]"
mphasis_muzakkir.bm@mphasis.com_117921_2020-08-07_5425_.jpg,[],[],[]
83342_2020-07-08_14784_.jpg,[],[],[]
mphasis_Prasad.Pandav@mphasis.com_113336_2020-08-04_306_.jpg,[],[],[]
Phillip.Montague@fti-acuity.com_fti_consulting_proctordesk_hosted_11454_.jpg,[],[],[]
84147_2020-07-09_1481_.jpg,[],[],[]
15105.jpg,[],[],[]
1729_2163956_Imposter.jpg,[],[],[]
mphasis_mounika.s@mphasis.com_124107_2020-08-12_161_.jpg,[],[],[]
117_2162064_Mobile Camera.jpg,[],[],"[[89, 138, 137, 180]]"
1035.jpg,[],[],[]
94135_2020-07-17_8122_.jpg,[],[],[]
g_right_17223.jpg,[0.9596],"[[271, 121, 319, 192]]","[[271, 121, 320, 193]]"
22720.jpg,[],[],[]
mphasis_meka.divya@mphasis.com_113356_2020-08-04_2752_.jpg,[],[],[]
mphasis_Satish.Kv01@mphasis.com_131739_2020-08-18_5668_.jpg,[],[],[]
madhavi.burugu@mphasis.com_mphasis_proctordesk_hosted_432_.jpg,[],[],[]
g_left_1784.jpg,[0.9232],"[[0, 158, 20, 229]]","[[0, 158, 20, 230]]"
96094_2020-07-20_4048_.jpg,[],[],[]
86905_2020-07-13_560_.jpg,[],[],[]
686_2162304_Imposter.jpg,[],[],[]
96221_2020-07-20_2259_.jpg,[],[],[]
93892_2020-07-17_7879_.jpg,[],[],[]
65174_2020-05-27_18445_.jpg,[],[],[]
1928_2164951_Multiple people.jpg,[],[],[]
9376.jpg,[],[],[]
g_right_11668.jpg,[0.9391],"[[294, 99, 319, 135]]","[[294, 100, 320, 136]]"
105_2162064_Mobile Camera.jpg,[],[],"[[108, 133, 154, 170]]"
88511_2020-07-14_4299_.jpg,[],[],[]
22624.jpg,[],[],[]
mphasis_Shobha.Kankanwadi@mphasis.com_123098_2020-08-12_1188_.jpg,[],[],[]
g_left_11233.jpg,[0.9651],"[[0, 81, 67, 135]]","[[0, 80, 68, 135]]"
10984.jpg,[],[],[]
12492.jpg,[],[],[]
11975.jpg,[0.9057],"[[131, 149, 239, 195]]","[[133, 150, 239, 195]]"
2470_2165234_Mobile Camera.jpg,[0.4532],"[[257, 131, 289, 164]]",[]
1586_2163632_Mobile Camera.jpg,[],[],[]
1639_2163665_Imposter.jpg,[],[],[]
16265.jpg,[],[],[]
90580_2020-07-15_6849_.jpg,[],[],[]
1339_2163276_FVE - No Face Detected.jpg,[],[],[]
21176.jpg,[],[],[]
92203_2020-07-16_163_.jpg,[],[],[]
24651.jpg,[0.8154],"[[139, 107, 175, 146]]","[[140, 106, 176, 148]]"
511_2162204_Imposter.jpg,[],[],[]
mphasis_simali.dhadbale@mphasis.com_125589_2020-08-13_8099_.jpg,[],[],[]
512_2162204_Imposter.jpg,[],[],[]
1393_2163380_Mobile Camera.jpg,[],[],[]
mphasis_prakash.kashid@mphasis.com_136535_2020-08-21_10972_.jpg,[],[],[]
2403_2165169_Imposter.jpg,[],[],[]
Heather.Small@fti-acuity.com_fti_consulting_proctordesk_hosted_2598_.jpg,[0.6748],"[[0, 2, 100, 150]]",[]
mphasis_karishma.barge@mphasis.com_140115_2020-08-25_1046_.jpg,[],[],[]
2839_2165418_Imposter.jpg,[],[],[]
suraj.salaskar@mphasis.com_mphasis_proctordesk_hosted_1467_.jpg,[],[],[]
227_2162093_Mobile Camera.jpg,[],[],"[[3, 119, 39, 180]]"
fti_Denise.Luczak@fti-acuity.com_141841_2020-08-26_19417_.jpg,[],[],[]
18091.jpg,[],[],[]
fti_onely.cairo-rodriguez@fti-acuity.com_144171_2020-08-27_15202_.jpg,[],[],[]
1497_2163502_Mobile Camera.jpg,[],[],[]
mphasis_pavan.an@mphasis.com_114754_2020-08-05_6842_.jpg,[],[],[]
fti_Joseph.Gulino@fti-acuity.com_132652_2020-08-19_12458_.jpg,[],[],[]
pooja.malpani@mphasis.com_mphasis_proctordesk_hosted_1600_.jpg,[],[],[]
87018_2020-07-13_5114_.jpg,[],[],[]
fti_Maria.Martinez-Vilella@fti-acuity.com_147249_2020-08-31_14445_.jpg,[],[],[]
15819.jpg,[],[],[]
1441_2163438_FVE - No Face Detected.jpg,[],[],[]
1557_2163597_Mobile Camera.jpg,[0.8244],"[[256, 95, 320, 139]]",[]
mphasis_LORETTA.CARROLL@MPHASIS.COM_112766_2020-08-03_7775_.jpg,[],[],[]
9540.jpg,[],[],[]
9046.jpg,[],[],[]
8150.jpg,[],[],[]
siddu.korbu@mphasis.com_mphasis_proctordesk_hosted_1145_.jpg,[],[],[]
mphasis_chandraprabha.m@mphasis.com_120731_2020-08-10_2003_.jpg,[],[],[]
fti_Becky.Bi@fti-acuity.com_145085_2020-08-28_15181_.jpg,[],[],[]
1818_2164903_Imposter.jpg,[],[],[]
92671_2020-07-16_6930_.jpg,[],[],[]
55552_2020-05-06_18327_.jpg,[],[],[]
10608.jpg,[],[],[]
101650_2020-07-24_18836_.jpg,[],[],[]
854_2162324_Mobile Camera.jpg,[0.6352],"[[156, 118, 217, 179]]",[]
2606_2165275_Imposter.jpg,[],[],[]
20185.jpg,[],[],[]
18715.jpg,[],[],[]
27762.jpg,[],[],[]
106638_2020-07-29_13141_.jpg,[],[],[]
2144_2164999_Mobile Camera.jpg,[],[],[]
1625_2163656_Mobile Camera.jpg,[],[],[]
mphasis_Akshay.Shah@mphasis.com_114179_2020-08-04_9987_.jpg,[],[],[]
2497_2165263_Imposter.jpg,[],[],[]
Sarah.Levy@fti-acuity.com_fti_consulting_proctordesk_hosted_10136_.jpg,[],[],[]
88760_2020-07-14_2167_.jpg,[],[],[]
mphasis_v.vinothkumar@mphasis.com_112126_2020-08-03_5514_.jpg,[],[],[]
fti_Yasmeen.Henderson@fti-acuity.com_127899_2020-08-15_19900_.jpg,[],[],[]
89141_2020-07-14_12184_.jpg,[0.8554],"[[167, 156, 217, 236]]","[[166, 156, 217, 239]]"
44479_2020-04-14_211_.jpg,[0.9088],"[[3, 112, 85, 156]]","[[3, 112, 86, 157]]"
4257.jpg,[],[],[]
mphasis_harshada.gurav@mphasis.com_120287_2020-08-10_2391_.jpg,[],[],[]
106940_2020-07-29_11371_.jpg,[],[],[]
1247_2163239_Mobile Camera.jpg,[],[],[]
103528_2020-07-27_6121_.jpg,[],[],[]
26594.jpg,[],[],[]
20669.jpg,[],[],[]
92497_2020-07-16_14619_.jpg,[],[],[]
744_2162304_Imposter.jpg,[],[],[]
91829_2020-07-16_17730_.jpg,[],[],[]
1281_2163250_Imposter.jpg,[],[],[]
mphasis_Shashikant.Ware@mphasis.com_112840_2020-08-04_1829_.jpg,[],[],[]
shila.kapse@mphasis.com_mphasis_proctordesk_hosted_1545_.jpg,[],[],[]
1772_2164627_Imposter.jpg,[],[],[]
2001_2164972_Mobile Camera.jpg,[0.8007],"[[156, 156, 189, 180]]","[[156, 153, 188, 176]]"
1863_2164904_Mobile Camera.jpg,[],[],[]
2607_2165275_Imposter.jpg,[],[],[]
24573.jpg,[0.874],"[[217, 113, 262, 173]]","[[218, 113, 263, 171]]"
mphasis_dipika.jagnade@mphasis.com_112497_2020-08-03_7873_.jpg,[],[],[]
fti_Vy.Nguyen@fti-acuity.com_137418_2020-08-22_17094_.jpg,[],[],[]
95953_2020-07-20_4988_.jpg,[],[],[]
2025_2164978_FVE - No Face Detected.jpg,[],[],[]
87180_2020-07-13_14140_.jpg,[],[],[]
1627_2163656_FVE - No Face Detected.jpg,[],[],[]
12720.jpg,[],[],[]
21573.jpg,[],[],[]
fti_William.Dawson@fti-acuity.com_140507_2020-08-25_14215_.jpg,[],[],[]
93784_2020-07-17_4109_.jpg,[],[],[]
83406_2020-07-08_16526_.jpg,[],[],[]
1093_2162651_Imposter.jpg,[],[],[]
107263_2020-07-29_2931_.jpg,[],[],[]
1345_2163276_Imposter.jpg,[],[],[]
sylvia.valentine@fti-acuity.com_fti_consulting_proctordesk_hosted_11814_.jpg,[],[],[]
prakash.kashid@mphasis.com_mphasis_proctordesk_hosted_1268_.jpg,[],[],[]
1072_2162597_Imposter.jpg,[],[],[]
92961_2020-07-16_14566_.jpg,[],[],[]
11812.jpg,[],[],[]
10790.jpg,[],[],[]
6971.jpg,[],[],[]
96386_2020-07-20_2635_.jpg,[],[],[]
63_2162050_Imposter.jpg,[],[],[]
94594_2020-07-17_10942_.jpg,[],[],[]
87212_2020-07-13_5924_.jpg,[],[],[]
fti_Vanessa.Uphoff@fti-acuity.com_134907_2020-08-20_20081_.jpg,[0.5171],"[[248, 86, 272, 151]]","[[249, 81, 267, 150]]"
mphasis_Sumit.Zambre@mphasis.com_141397_2020-08-26_5396_.jpg,[],[],[]
2195.jpg,[],[],[]
712_2162304_Imposter.jpg,[],[],[]
fti_Chan.Park@fti-acuity.com_141934_2020-08-26_17325_.jpg,[],[],[]
22174.jpg,[],[],[]
mphasis_hanmant.inamdar@mphasis.com_141923_2020-08-26_3872_.jpg,[],[],[]
72486_2020-06-12_543_.jpg,[0.9355],"[[72, 44, 269, 146]]","[[74, 44, 267, 147]]"
2031_2164987_Mobile Camera.jpg,[0.2902],"[[220, 94, 240, 139]]",[]
1021_2162492_Mobile Camera.jpg,[],[],[]
fti_Rodney.Nutt@fti-acuity.com_137375_2020-08-22_16620_.jpg,[],[],[]
1483_2163487_Imposter.jpg,[],[],[]
vikas.ghewande@mphasis.com_mphasis_proctordesk_hosted_131_.jpg,[],[],[]
2611_2165275_Imposter.jpg,[],[],[]
fti_Uloma.Onuma@fti-acuity.com_131488_2020-08-18_19372_.jpg,[],[],[]
Pui.Lo@fti-acuity.com_fti_consulting_proctordesk_hosted_11747_.jpg,[],[],[]
82733_2020-07-07_1440_.jpg,[],[],[]
ashvini.jadhav@mphasis.com_mphasis_proctordesk_hosted_286_.jpg,[],[],[]
2232_2165021_Imposter.jpg,[],[],[]
mphasis_avuluru.mahendra@mphasis.com_134568_2020-08-20_2615_.jpg,[],[],[]
7654.jpg,[],[],[]
242.jpg,[],[],[]
18561.jpg,[],[],[]
mphasis_karishma.barge@mphasis.com_140115_2020-08-25_1060_.jpg,[],[],[]
11270.jpg,[],[],[]
96269_2020-07-20_13379_.jpg,[],[],[]
1278_2163243_Imposter.jpg,[],[],[]
mphasis_mallanna.x@mphasis.com_136021_2020-08-21_3383_.jpg,[],[],[]
concentrix_jeeva.murugan1@concentrix.com_113157_2020-08-04_21882_.jpg,[],[],[]
19242.jpg,[],[],[]
90677_2020-07-15_13683_.jpg,[0.8715],"[[20, 97, 118, 233]]","[[16, 95, 117, 240]]"
theodore.harris@fti-acuity.com_fti_consulting_proctordesk_hosted_4744_.jpg,[],[],[]
mphasis_MANISHA.TODKAR@MPHASIS.COM_129511_2020-08-17_7377_.jpg,[],[],[]
17238.jpg,[0.6655],"[[184, 164, 204, 240]]","[[186, 162, 203, 239]]"
2096_2164994_Imposter.jpg,[],[],[]
20565.jpg,[],[],[]
g_top_43316.jpg,[0.9211],"[[206, 0, 302, 10]]","[[205, 0, 302, 11]]"
10613.jpg,[],[],[]
9076.jpg,[],[],[]
89804_2020-07-14_384_.jpg,[],[],[]
1442_2163443_Imposter.jpg,[],[],[]
1992_2164972_Mobile Camera.jpg,[0.6934],"[[165, 79, 192, 116]]","[[165, 78, 191, 108]]"
80374_2020-07-02_9926_.jpg,[0.799],"[[64, 92, 151, 237]]",[]
83196_2020-07-08_17194_.jpg,[0.9113],"[[190, 41, 247, 128]]","[[191, 42, 246, 126]]"
211.jpg,[],[],[]
mphasis_Sachin.Jaiswal@mphasis.com_130563_2020-08-18_10600_.jpg,[],[],[]
546.jpg,[],[],[]
2735_2165327_Imposter.jpg,[],[],[]
swathi.b@mphasis.com_mphasis_proctordesk_hosted_638_.jpg,[],[],[]
2550_2165269_Mobile Camera.jpg,[0.8313],"[[264, 122, 320, 179]]",[]
25550.jpg,[0.8346],"[[48, 136, 157, 240]]","[[45, 137, 161, 240]]"
Mohammad.Qashou@investbank.jo_investbank_proctordesk_hosted_investbank_proctordesk_hosted_Mohammad.Qashou@investbank.jo_80625_2931_.jpg,[],[],[]
concentrix_sneha.ml@concentrix.com_111832_2020-08-03_21941_.jpg,[],[],[]
51713_2020-04-29_296_.jpg,[0.2982],"[[9, 102, 84, 179]]",[]
23734.jpg,[],[],[]
95812_2020-07-20_6725_.jpg,[],[],[]
27211.jpg,[],[],[]
4464.jpg,[],[],[]
6446.jpg,[],[],[]
7853.jpg,[],[],[]
316.jpg,[],[],[]
95937_2020-07-20_18365_.jpg,[],[],[]
82022_2020-07-06_12177_.jpg,[],[],[]
1218_2163111_Imposter.jpg,[],[],[]
963_2162442_Mobile Camera.jpg,[],[],[]
2600_2165275_Imposter.jpg,[],[],[]
298_2162117_Imposter.jpg,[],[],[]
22173.jpg,[],[],[]
8066.jpg,[],[],[]
96717_2020-07-20_14567_.jpg,[],[],[]
mphasis_Sanket.Pawar@mphasis.com_130669_2020-08-18_270_.jpg,[],[],[]
mphasis_snehal.deshpande@mphasis.com_138154_2020-08-24_5971_.jpg,[0.883],"[[200, 125, 254, 165]]","[[200, 126, 252, 166]]"
1790_2164738_Mobile Camera.jpg,[],[],[]
12747.jpg,[],[],[]
87184_2020-07-13_1207_.jpg,[],[],[]
1535_2163597_Imposter.jpg,[],[],[]
fti_Alejandro.Echevarria@fti-acuity.com_133062_2020-08-19_13711_.jpg,[],[],[]
18655.jpg,[],[],[]
24445.jpg,[0.7875],"[[141, 90, 272, 180]]","[[142, 90, 286, 176]]"
96114_2020-07-20_987_.jpg,[],[],[]
25139.jpg,[0.8476],"[[221, 93, 302, 193]]","[[224, 93, 302, 191]]"
97718_2020-07-21_15028_.jpg,[],[],[]
625_2162288_Imposter.jpg,[],[],[]
1544_2163597_Imposter.jpg,[],[],[]
fti_Doreen.Nanda@fti-acuity.com_143829_2020-08-27_13098_.jpg,"[0.395, 0.29]","[[172, 73, 232, 120], [183, 74, 224, 118]]",[]
24077.jpg,[0.9277],"[[166, 127, 277, 179]]","[[168, 128, 279, 180]]"
mphasis_rupesh.raut@mphasis.com_131421_2020-08-18_2517_.jpg,[],[],[]
104002_2020-07-27_9970_.jpg,[],[],[]
mphasis_pranali.gaikwad1@mphasis.com_121150_2020-08-10_814_.jpg,[],[],[]
mphasis_pratidnya.kate@mphasis.com_130738_2020-08-18_4066_.jpg,[],[],[]
17740.jpg,[],[],[]
2089_2164994_Imposter.jpg,[],[],[]
1063_2162551_Imposter.jpg,[],[],[]
mphasis_Suraj.Salaskar@mphasis.com_114855_2020-08-05_2109_.jpg,[],[],[]
4414.jpg,[],[],[]
mphasis_Sudhir.Salve@mphasis.com_143008_2020-08-27_2867_.jpg,[],[],[]
947_2162410_Mobile Camera.jpg,[0.8296],"[[257, 90, 296, 139]]","[[254, 92, 296, 144]]"
12820.jpg,[],[],[]
106947_2020-07-29_10489_.jpg,[0.8669],"[[197, 94, 292, 178]]","[[198, 94, 292, 177]]"
janet.arnott@fti-acuity.com_fti_consulting_proctordesk_hosted_4684_.jpg,[],[],[]
569.jpg,[],[],[]
navashree.ks@mphasis.com_mphasis_proctordesk_hosted_183_.jpg,[],[],[]
mphasis_Raptadu.Srivani@mphasis.com_135948_2020-08-21_6446_.jpg,[],[],[]
fti_Meigan.Cooper@fti-acuity.com_144033_2020-08-27_19186_.jpg,[],[],[]
1078.jpg,[0.8532],"[[172, 213, 240, 239]]","[[174, 213, 239, 239]]"
1307_2163256_Imposter.jpg,[],[],[]
mphasis_Ganesh.Divekar08@mphasis.com_112672_2020-08-03_6694_.jpg,[],[],[]
16512.jpg,[],[],[]
84249_2020-07-09_3144_.jpg,[],[],[]
93476_2020-07-17_17683_.jpg,[],[],[]
2613_2165275_Imposter.jpg,[],[],[]
337_2162123_FVE - No Face Detected.jpg,[],[],[]
94930_2020-07-17_436_.jpg,[],[],[]
2624_2165275_Imposter.jpg,[],[],[]
2780_2165373_Imposter.jpg,[],[],[]
1268_2163240_Imposter.jpg,[],[],[]
mphasis_joythi.naik@mphasis.com_136157_2020-08-21_9460_.jpg,[],[],[]
2817_2165388_Imposter.jpg,[],[],[]
1903_2164945_Imposter.jpg,[],[],[]
100747_2020-07-23_10675_.jpg,[],[],[]
88894_2020-07-14_7505_.jpg,[],[],[]
1826_2164903_FVE - No Face Detected.jpg,[],[],[]
1489_2163502_Mobile Camera.jpg,[],[],[]
98257_2020-07-22_1371_.jpg,[],[],[]
675_2162304_Imposter.jpg,[],[],[]
mphasis_Sudhir.Jadhav@mphasis.com_123313_2020-08-12_389_.jpg,[],[],[]
1889_2164935_Mobile Camera.jpg,[],[],[]
24881.jpg,[],[],[]
1811_2164902_Imposter.jpg,[],[],[]
100815_2020-07-24_3172_.jpg,[],[],[]
fti_Jeffrey.OReilly@fti-acuity.com_134579_2020-08-20_19757_.jpg,[],[],[]
17089.jpg,[],[],[]
fti_Geoffrey.Louden@fti-acuity.com_142333_2020-08-26_11285_.jpg,[],[],[]
2761_2165338_Mobile Camera.jpg,[0.8894],"[[200, 117, 241, 159]]","[[198, 117, 241, 159]]"
11796.jpg,[],[],[]
1338_2163276_Imposter.jpg,[],[],[]
mphasis_Raptadu.Srivani@mphasis.com_115402_2020-08-05_6428_.jpg,[],[],[]
mphasis_vimala.yadav@mphasis.com_138309_2020-08-24_6904_.jpg,[],[],[]
1278.jpg,[],[],[]
mphasis_mallanna.x@mphasis.com_129291_2020-08-17_3345_.jpg,[],[],[]
mphasis_gayathri.r1@mphasis.com_118145_2020-08-07_9320_.jpg,[],[],[]
2778_2165373_Imposter.jpg,[],[],[]
concentrix_SinghR18@aetna.com_123101_2020-08-12_21166_.jpg,[0.6881],"[[100, 100, 142, 193]]","[[87, 99, 141, 191]]"
108699_2020-07-30_14463_.jpg,[],[],[]
16581.jpg,[],[],[]
107774_2020-07-30_6178_.jpg,[],[],[]
mphasis_ashwini.ghante@mphasis.com_118039_2020-08-07_7145_.jpg,[],[],[]
karan.gaikwad@mphasis.com_mphasis_proctordesk_hosted_1369_.jpg,[0.2656],"[[225, 104, 240, 171]]",[]
699_2162304_Imposter.jpg,[],[],[]
418_2162129_Imposter.jpg,[],[],[]
25011.jpg,[0.8486],"[[200, 140, 262, 222]]","[[200, 140, 263, 222]]"
1608_2163655_Imposter.jpg,[],[],[]
95444_2020-07-18_80_.jpg,[0.92],"[[89, 162, 280, 239]]","[[94, 159, 273, 239]]"
97290_2020-07-21_44_.jpg,[0.902],"[[87, 163, 243, 239]]","[[91, 164, 242, 240]]"
79992_2020-07-01_9262_.jpg,[0.9273],"[[96, 86, 226, 152]]","[[97, 85, 226, 154]]"
8030.jpg,[],[],[]
22365.jpg,[],[],[]
fti_Carla.Mitri@fti-acuity.com_129486_2020-08-17_18195_.jpg,[],[],[]
2258_2165029_Imposter.jpg,[],[],[]
mythri.m@concentrix.com_concentrix_proctordesk_hosted_1151_.jpg,[],[],[]
776_2162304_Imposter.jpg,[],[],[]
9273.jpg,[],[],[]
20745.jpg,[],[],[]
1318_2163271_Imposter.jpg,[],[],[]
23830.jpg,[],[],[]
180_2162083_Imposter.jpg,[],[],[]
513_2162213_FVE - No Face Detected.jpg,[],[],[]
89308_2020-07-14_8807_.jpg,[],[],[]
19889.jpg,[],[],[]
lalit.bonde@mphasis.com_mphasis_proctordesk_hosted_145_.jpg,[],[],[]
2833_2165418_Mobile Camera.jpg,[],[],[]
varsha.survase@mphasis.com_mphasis_proctordesk_hosted_1832_.jpg,[],[],[]
mphasis_ilyaz.ahmed@mphasis.com_115125_2020-08-05_5291_.jpg,[],[],[]
99950_2020-07-22_15785_.jpg,[],[],[]
20665.jpg,[],[],[]
88808_2020-07-14_17093_.jpg,[],[],[]
g_top_7492.jpg,[0.9467],"[[218, 0, 315, 22]]","[[219, 0, 315, 22]]"
18130.jpg,[],[],[]
649_2162291_Imposter.jpg,[],[],[]
1417_2163390_Mobile Camera.jpg,[],[],[]
mphasis_srushti.gavhane@mphasis.com_121650_2020-08-11_889_.jpg,[],[],[]
18936.jpg,[],[],[]
fti_Maria.Martinez-Vilella@fti-acuity.com_142437_2020-08-26_14437_.jpg,[],[],[]
soundarya.sarode@mphasis.com_mphasis_proctordesk_hosted_948_.jpg,[],[],[]
102826_2020-07-24_7202_.jpg,[],[],[]
10396.jpg,[],[],[]
Cortney.Gibson@fti-acuity.com_fti_consulting_proctordesk_hosted_21171_.jpg,[0.6725],"[[142, 0, 283, 183]]","[[140, 1, 289, 148]]"
604_2162283_Mobile Camera.jpg,[],[],[]
99588_2020-07-23_6089_.jpg,[],[],[]
2641_2165275_Imposter.jpg,[],[],[]
87841_2020-07-13_5367_.jpg,[],[],[]
mphasis_Srinivas.P@mphasis.com_124830_2020-08-13_4103_.jpg,[],[],[]
706_2162304_Imposter.jpg,[],[],[]
mphasis_LORETTA.CARROLL@MPHASIS.COM_121105_2020-08-11_7850_.jpg,[],[],[]
13316.jpg,[],[],[]
2337.jpg,[],[],[]
18379.jpg,[],[],[]
25274.jpg,[],[],[]
16647.jpg,[],[],[]
fti_Hakim.Allen@fti-acuity.com_133464_2020-08-19_14924_.jpg,[],[],[]
1071_2162597_Imposter.jpg,[],[],[]
1807_2164869_Mobile Camera.jpg,[],[],[]
2437_2165189_Mobile Camera.jpg,[],[],[]
83524_2020-07-08_15487_.jpg,[],[],[]
mphasis_deepa.c@mphasis.com_115442_2020-08-05_4296_.jpg,[],[],[]
fti_Olufemi.Gbede@fti-acuity.com_137729_2020-08-23_18473_.jpg,[],[],[]
860_2162330_Mobile Camera.jpg,[],[],[]
84386_2020-07-09_11160_.jpg,[],[],[]
98668_2020-07-22_4553_.jpg,[],[],[]
mphasis_likhitha.p@mphasis.com_130799_2020-08-18_4458_.jpg,[],[],[]
mphasis_pavan.an@mphasis.com_113275_2020-08-04_6823_.jpg,[],[],[]
87184_2020-07-13_1206_.jpg,[],[],[]
1559_2163597_Imposter.jpg,[],[],[]
265_2162108_Imposter.jpg,[],[],[]
mphasis_Akshay.Shah@mphasis.com_114179_2020-08-04_9980_.jpg,[],[],[]
105780_2020-07-29_2844_.jpg,[],[],[]
2035_2164987_Mobile Camera.jpg,[],[],[]
Syh.Ambe@fti-acuity.com_fti_consulting_proctordesk_hosted_14182_.jpg,[],[],[]
2464_2165224_Mobile Camera.jpg,[],[],[]
koppula.navya@mphasis.com_mphasis_proctordesk_hosted_975_.jpg,[],[],[]
sooraj.k@mphasis.com_mphasis_proctordesk_hosted_397_.jpg,[0.4634],"[[0, 78, 131, 240]]",[]
g_top_128332.jpg,[0.9707],"[[135, 0, 206, 76]]","[[135, 0, 207, 77]]"
96667_2020-07-20_3128_.jpg,[0.448],"[[214, 175, 241, 232]]",[]
1702_2163756_Imposter.jpg,[],[],[]
8189.jpg,[],[],[]
mphasis_Akshay.Shah@mphasis.com_114179_2020-08-04_10016_.jpg,[],[],[]
90703_2020-07-15_3457_.jpg,[],[],[]
14492.jpg,[0.9048],"[[131, 149, 239, 195]]","[[133, 150, 239, 195]]"
17559.jpg,[],[],[]
1329_2163276_FVE - No Face Detected.jpg,[],[],[]
13334.jpg,[],[],[]
14457.jpg,[],[],[]
27269.jpg,[0.8684],"[[236, 65, 299, 153]]",[]
g_right_116103.jpg,[0.9579],"[[256, 138, 319, 187]]","[[256, 139, 320, 187]]"
84002_2020-07-09_17552_.jpg,[],[],[]
1905_2164945_Imposter.jpg,[],[],[]
1959_2164956_Mobile Camera.jpg,[],[],[]
fti_Michael.Dyroff@fti-acuity.com_138464_2020-08-24_19286_.jpg,[],[],[]
90039_2020-07-14_7680_.jpg,[],[],[]
1434_2163413_Mobile Camera.jpg,[0.2756],"[[106, 164, 131, 210]]",[]
1211_2163097_Mobile Camera.jpg,[],[],[]
1383_2163362_Mobile Camera.jpg,[],[],[]
1199_2163051_Imposter.jpg,[],[],[]
1114_2162762_Imposter.jpg,[],[],[]
8_2162025_Mobile Camera.jpg,[],[],[]
mphasis_sudha.j@mphasis.com_124684_2020-08-13_7604_.jpg,[],[],[]
198.jpg,[],[],[]
22916.jpg,[],[],[]
191_2162083_Imposter.jpg,[],[],[]
8936.jpg,[],[],[]
fti_Dawn.Howell@fti-acuity.com_142034_2020-08-26_15375_.jpg,[],[],[]
802_2162304_Imposter.jpg,[],[],[]
1733_2163956_Imposter.jpg,[],[],[]
87600_2020-07-13_1130_.jpg,[],[],[]
mphasis_savita.shirgire@mphasis.com_113187_2020-08-04_8542_.jpg,[],[],[]
12087.jpg,[],[],[]
6440.jpg,[],[],[]
g_right_21683.jpg,[0.9597],"[[272, 91, 318, 156]]","[[272, 92, 320, 156]]"
27480.jpg,[0.8223],"[[249, 100, 319, 175]]","[[247, 100, 320, 175]]"
1295_2163250_Imposter.jpg,[],[],[]
fti_Christopher.Oliver@fti-acuity.com_133198_2020-08-19_12190_.jpg,[],[],[]
g_right_17891.jpg,[0.9569],"[[267, 64, 320, 112]]","[[268, 65, 320, 113]]"
mphasis_joythi.naik@mphasis.com_120397_2020-08-10_9423_.jpg,[],[],[]
4175.jpg,[],[],[]
25332.jpg,[],[],[]
fti_Allan.Elvir@fti-acuity.com_145022_2020-08-28_13023_.jpg,[],[],[]
2009_2164972_FVE - No Face Detected.jpg,[],[],[]
1528_2163597_Imposter.jpg,[],[],[]
Lori.Johnson@fti-acuity.com_fti_consulting_proctordesk_hosted_19013_.jpg,[],[],[]
92491_2020-07-16_8624_.jpg,[],[],[]
fti_Doreen.Nanda@fti-acuity.com_142043_2020-08-26_13084_.jpg,[],[],[]
fti_Kun.Chang@fti-acuity.com_142324_2020-08-26_15153_.jpg,[],[],[]
97010_2020-07-20_5237_.jpg,[],[],[]
1209_2163095_Imposter.jpg,[],[],[]
fti_Theresa.Fulmer@fti-acuity.com_132627_2020-08-19_18687_.jpg,[],[],[]
16252.jpg,[],[],[]
25923.jpg,[0.8843],"[[175, 188, 233, 240]]","[[176, 188, 231, 240]]"
mphasis_jaini.navya@mphasis.com_112932_2020-08-03_10397_.jpg,[],[],[]
3962.jpg,[],[],[]
55658_2020-05-06_19309_.jpg,[0.9309],"[[26, 71, 258, 238]]","[[29, 72, 266, 240]]"
David.Smitherman@fti-acuity.com_fti_consulting_proctordesk_hosted_17340_.jpg,[],[],[]
20794.jpg,[],[],[]
17533.jpg,[],[],[]
88888_2020-07-14_2813_.jpg,[],[],[]
mphasis_andrew.dcosta@mphasis.com_139941_2020-08-25_6740_.jpg,[],[],[]
20352.jpg,[],[],[]
103929_2020-07-27_11332_.jpg,[],[],[]
fti_Ellery.Karl@fti-acuity.com_142820_2020-08-27_11571_.jpg,[0.5582],"[[155, 94, 234, 217]]",[]
2125_2164997_Imposter.jpg,[],[],[]
g_top_128215.jpg,[0.9492],"[[78, 0, 131, 19]]","[[78, 0, 132, 20]]"
2141_2164997_Imposter.jpg,[],[],[]
2409_2165169_Imposter.jpg,[],[],[]
mphasis_Manohar.Bhoj@mphasis.com_113899_2020-08-04_1419_.jpg,[],[],[]
fti_Christopher.Oliver@fti-acuity.com_131470_2020-08-18_12177_.jpg,[],[],[]
fti_Kazumi.Oka@fti-acuity.com_145387_2020-08-28_11367_.jpg,[],[],[]
143.jpg,[],[],[]
mphasis_ashwini.ghante@mphasis.com_116490_2020-08-06_7142_.jpg,[],[],[]
93048_2020-07-16_14204_.jpg,[],[],[]
1261_2163240_Imposter.jpg,[],[],[]
704_2162304_Imposter.jpg,[],[],[]
mphasis_shivagouda.patil@mphasis.com_125514_2020-08-13_934_.jpg,[],[],[]
2255_2165029_FVE - No Face Detected.jpg,[],[],[]
2223.jpg,[],[],[]
fti_Bonnie.Clements@fti-acuity.com_143621_2020-08-27_14059_.jpg,[0.8211],"[[205, 157, 238, 239]]","[[206, 161, 235, 240]]"
6241.jpg,[],[],[]
fti_Theodore.Bechtold@fti-acuity.com_134767_2020-08-20_20176_.jpg,"[0.4226, 0.3214]","[[193, 81, 217, 143], [198, 89, 216, 142]]",[]
778_2162304_Imposter.jpg,[],[],[]
fti_Justin.Park@fti-acuity.com_129376_2020-08-17_18292_.jpg,[],[],[]
fti_Michele.Riley@fti-acuity.com_128569_2020-08-16_18589_.jpg,[],[],[]
1158_2162988_Multiple people.jpg,[],[],[]
87673_2020-07-13_653_.jpg,[],[],[]
g_top_178118.jpg,[0.9684],"[[202, 0, 297, 43]]","[[202, 0, 298, 44]]"
90154_2020-07-15_6710_.jpg,[],[],[]
mphasis_poornima.k@mphasis.com_127989_2020-08-15_4118_.jpg,[0.8625],"[[167, 175, 225, 227]]","[[168, 174, 225, 227]]"
89936_2020-07-14_8898_.jpg,[],[],[]
100173_2020-07-23_18833_.jpg,[],[],[]
107002_2020-07-29_14073_.jpg,[],[],[]
fti_Allan.Elvir@fti-acuity.com_145022_2020-08-28_13036_.jpg,[],[],[]
1059_2162549_Imposter.jpg,[],[],[]
2797_2165386_Imposter.jpg,[],[],[]
24824.jpg,"[0.6957, 0.4575]","[[185, 96, 217, 237], [178, 130, 217, 234]]","[[180, 98, 217, 231]]"
mphasis_Akshay.R@mphasis.com_126426_2020-08-14_8263_.jpg,[],[],[]
2616_2165275_Imposter.jpg,[],[],[]
974_2162449_Imposter.jpg,[],[],[]
859_2162324_Imposter.jpg,[],[],[]
99575_2020-07-22_5528_.jpg,[],[],[]
96332_2020-07-20_4137_.jpg,[],[],[]
1949_2164955_Imposter.jpg,[],[],[]
805_2162304_Imposter.jpg,[],[],[]
15082.jpg,[],[],[]
fti_Allan.Elvir@fti-acuity.com_145022_2020-08-28_13032_.jpg,[],[],[]
mphasis_MANISHA.TODKAR@MPHASIS.COM_118403_2020-08-07_7345_.jpg,[],[],[]
2615_2165275_Imposter.jpg,[],[],[]
788_2162304_Imposter.jpg,[],[],[]
23373.jpg,[0.8667],"[[89, 79, 136, 168]]","[[89, 79, 137, 175]]"
25035.jpg,[0.7938],"[[156, 143, 202, 211]]","[[155, 144, 202, 195]]"
22861.jpg,[],[],[]
2131_2164997_Imposter.jpg,[],[],[]
90472_2020-07-15_6355_.jpg,[],[],[]
329_2162123_FVE - No Face Detected.jpg,[],[],[]
mphasis_manikandan.v1@mphasis.com_117204_2020-08-06_5014_.jpg,[],[],[]
2353_2165100_Mobile Camera.jpg,[],[],[]
fti_Vy.Nguyen@fti-acuity.com_136024_2020-08-21_17093_.jpg,[],[],[]
80463_2020-07-02_15718_.jpg,[],[],[]
55552_2020-05-06_18286_.jpg,[],[],[]
fti_Chan.Park@fti-acuity.com_131059_2020-08-18_17306_.jpg,[],[],[]
fti_ewelina.chrzan@fti-acuity.com_143281_2020-08-27_12976_.jpg,[],[],[]
fti_Janet.Arnott@fti-acuity.com_129839_2020-08-17_11786_.jpg,[],[],[]
concentrix_sneha.ml@concentrix.com_111327_2020-08-02_21936_.jpg,[0.5839],"[[213, 140, 253, 180]]",[]
1513_2163557_Mobile Camera.jpg,[0.4812],"[[0, 114, 66, 179]]","[[1, 114, 67, 179]]"
24707.jpg,[],[],[]
12950.jpg,[],[],[]
96831_2020-07-20_11715_.jpg,[0.5917],"[[207, 125, 249, 162]]","[[207, 125, 246, 156]]"
fti_Lloyd.Fantroy@fti-acuity.com_136258_2020-08-21_12020_.jpg,[],[],[]
88479_2020-07-14_2771_.jpg,[],[],[]
1011_2162484_FVE - No Face Detected.jpg,[],[],[]
2341_2165096_Mobile Camera.jpg,[],[],[]
fti_Michael.Graff@fti-acuity.com_145114_2020-08-28_14244_.jpg,[],[],[]
14154.jpg,[],[],[]
2164_2165005_Imposter.jpg,[],[],[]
1590_2163635_Mobile Camera.jpg,[0.7009],"[[214, 158, 264, 179]]","[[214, 159, 265, 180]]"
mphasis_neeraja.x@mphasis.com_121284_2020-08-10_9649_.jpg,[],[],[]
288_2162115_Imposter.jpg,[],[],[]
2754_2165327_FVE - No Face Detected.jpg,[],[],[]
160_2162073_Imposter.jpg,[],[],[]
2642_2165275_Imposter.jpg,[],[],[]
2727_2165327_Imposter.jpg,[],[],[]
670_2162304_Imposter.jpg,[],[],[]
19302.jpg,[],[],[]
27501.jpg,[],[],[]
2795_2165386_Imposter.jpg,[],[],[]
1347_2163276_FVE - No Face Detected.jpg,[],[],[]
pasikanti.keerthy@mphasis.com_mphasis_proctordesk_hosted_1387_.jpg,[],[],[]
765_2162304_Imposter.jpg,[],[],[]
13816.jpg,[],[],[]
84112_2020-07-09_16924_.jpg,[],[],[]
1622.jpg,[],[],[]
2850_2165431_Spoof.jpg,[],[],[]
5050.jpg,[],[],[]
fti_colin.dixon@fti-acuity.com_131733_2020-08-18_12916_.jpg,[],[],[]
g_top_178279.jpg,[0.9492],"[[140, 0, 205, 33]]","[[141, 0, 205, 34]]"
2655_2165275_Imposter.jpg,[],[],[]
g_top_128265.jpg,[0.9635],"[[87, 0, 157, 76]]","[[87, 0, 159, 77]]"
mphasis_sunni.khan@mphasis.com_132055_2020-08-19_6388_.jpg,[],[],[]
fti_Oswaldo.Santos@fti-acuity.com_138545_2020-08-24_15039_.jpg,[],[],[]
1102.jpg,[],[],[]
381_2162129_Imposter.jpg,[],[],[]
71201_2020-06-09_480_.jpg,[0.7086],"[[90, 117, 120, 189]]","[[91, 119, 119, 189]]"
25745.jpg,[0.8913],"[[181, 152, 245, 212]]","[[182, 151, 244, 208]]"
1289_2163250_Imposter.jpg,[],[],[]
g_top_172154.jpg,[0.9612],"[[138, 0, 235, 71]]","[[139, 0, 235, 72]]"
11461.jpg,[],[],[]
783_2162304_Imposter.jpg,[],[],[]
14676.jpg,[],[],[]
mphasis_Ramya.C@mphasis.com_118391_2020-08-07_4093_.jpg,[],[],[]
102140_2020-07-24_5646_.jpg,[],[],[]
1252_2163240_Imposter.jpg,[],[],[]
2456_2165214_Mobile Camera.jpg,[0.9051],"[[149, 146, 238, 179]]","[[148, 146, 236, 180]]"
mphasis_SHREYAS.JOSHI@MPHASIS.COM_126067_2020-08-14_4379_.jpg,[],[],[]
10248.jpg,[],[],[]
95183_2020-07-17_2866_.jpg,[],[],[]
1925.jpg,[],[],[]
1346_2163276_FVE - No Face Detected.jpg,[],[],[]
22544.jpg,[],[],[]
1266_2163240_Imposter.jpg,[],[],[]
26066.jpg,[0.9117],"[[178, 158, 236, 228]]","[[179, 159, 236, 228]]"
mphasis_Rajendra.Wakchaure@mphasis.com_126376_2020-08-14_10203_.jpg,[],[],[]
205_2162093_Imposter.jpg,[],[],[]
1695_2163743_Mobile Camera.jpg,[],[],[]
1175_2163030_Multiple people.jpg,[],[],[]
390_2162129_Imposter.jpg,[],[],[]
79983_2020-07-01_10053_.jpg,[0.6851],"[[215, 70, 239, 150]]","[[214, 71, 236, 151]]"
105037_2020-07-28_5434_.jpg,[],[],[]
17073.jpg,[],[],[]
89130_2020-07-14_11706_.jpg,[0.8263],"[[233, 103, 283, 177]]","[[233, 102, 283, 179]]"
883_2162352_Mobile Camera.jpg,[],[],[]
mphasis_padma.patrot@mphasis.com_139070_2020-08-24_10070_.jpg,[],[],[]
2522_2165263_Imposter.jpg,[],[],[]
83467_2020-07-08_17448_.jpg,[0.5785],"[[281, 153, 316, 179]]","[[282, 153, 318, 180]]"
11753.jpg,[],[],[]
fti_onely.cairo-rodriguez@fti-acuity.com_145074_2020-08-28_15232_.jpg,[],[],[]
17825.jpg,[],[],[]
25482.jpg,[0.8734],"[[139, 85, 187, 195]]","[[138, 86, 188, 201]]"
95059_2020-07-17_11285_.jpg,[],[],[]
1962_2164956_Imposter.jpg,[],[],[]
mphasis_Deepa.Acharya@mphasis.com_114284_2020-08-05_1295_.jpg,[],[],[]
103993_2020-07-27_5658_.jpg,[],[],[]
mphasis_Mukesh.Chaure@mphasis.com_125752_2020-08-13_8027_.jpg,[],[],[]
14254.jpg,[],[],[]
1715_2163773_Mobile Camera.jpg,[0.2989],"[[210, 124, 271, 178]]",[]
99559_2020-07-22_5277_.jpg,[],[],[]
mphasis_mounika.s@mphasis.com_131194_2020-08-18_191_.jpg,[],[],[]
2175_2165009_Imposter.jpg,[],[],[]
pradeep.r@mphasis.com_mphasis_proctordesk_hosted_892_.jpg,[],[],[]
2503_2165263_Imposter.jpg,[],[],[]
mphasis_Amit.Singh@mphasis.com_126605_2020-08-14_6366_.jpg,[],[],[]
1987.jpg,[],[],[]
1113_2162762_Imposter.jpg,[],[],[]
627_2162288_Imposter.jpg,[],[],[]
856_2162324_Imposter.jpg,[],[],[]
244_2162096_Mobile Camera.jpg,[],[],[]
2826_2165415_Multiple people.jpg,[],[],[]
9895.jpg,[0.854],"[[133, 157, 186, 239]]","[[132, 156, 187, 239]]"
2147_2164999_Mobile Camera.jpg,[],[],[]
770_2162304_Imposter.jpg,[0.3749],"[[0, 0, 34, 10]]",[]
779_2162304_Imposter.jpg,[],[],[]
mphasis_Sunny.Thakur@mphasis.com_125871_2020-08-13_1582_.jpg,[],[],[]
246.jpg,[],[],[]
104907_2020-07-28_8475_.jpg,[],[],[]
100094_2020-07-23_4367_.jpg,[],[],[]
25492.jpg,[0.8508],"[[0, 78, 89, 195]]","[[1, 78, 87, 191]]"
105052_2020-07-28_7262_.jpg,[],[],[]
19553.jpg,[0.8958],"[[181, 167, 209, 240]]","[[182, 168, 208, 240]]"
1430_2163413_FVE - No Face Detected.jpg,[],[],[]
1696_2163743_Mobile Camera.jpg,"[0.4014, 0.3098]","[[58, 125, 112, 176], [39, 125, 112, 180]]",[]
89463_2020-07-14_13743_.jpg,[0.8752],"[[247, 122, 285, 179]]","[[250, 123, 285, 180]]"
mphasis_pooja.x2@mphasis.com_126773_2020-08-14_3746_.jpg,[],[],[]
83439_2020-07-08_1444_.jpg,[],[],[]
4167.jpg,"[0.9598, 0.9301, 0.6327, 0.2634]","[[77, 23, 303, 239], [0, 10, 306, 239], [150, 26, 304, 239], [102, 0, 303, 195]]","[[107, 0, 300, 221]]"
mphasis_Supriya.Jagtap@mphasis.com_139830_2020-08-25_677_.jpg,[],[],[]
7469.jpg,[],[],[]
408_2162129_Imposter.jpg,[],[],[]
fti_Rodney.Nutt@fti-acuity.com_130265_2020-08-17_16576_.jpg,[],[],[]
20764.jpg,[],[],[]
1315_2163262_Imposter.jpg,[],[],[]
16582.jpg,[],[],[]
63598_2020-05-22_18208_.jpg,[],[],[]
mphasis_shila.kapse@mphasis.com_115455_2020-08-05_4946_.jpg,[],[],[]
13546.jpg,[],[],[]
416.jpg,[],[],[]
mphasis_mallanna.x@mphasis.com_136021_2020-08-21_3376_.jpg,[],[],[]
79597_2020-06-30_12109_.jpg,[0.8977],"[[146, 132, 257, 179]]","[[147, 132, 257, 180]]"
306_2162120_Mobile Camera.jpg,[0.7885],"[[194, 133, 253, 179]]","[[191, 132, 252, 175]]"
mphasis_shreyash.shukla@mphasis.com_120340_2020-08-10_3813_.jpg,[],[],[]
2406_2165169_Imposter.jpg,[],[],[]
5264.jpg,[],[],[]
354_2162125_Imposter.jpg,[],[],[]
13498.jpg,[],[],[]
91033_2020-07-15_14977_.jpg,[],[],[]
14823.jpg,[],[],[]
614_2162288_Imposter.jpg,[],[],[]
19761.jpg,[0.8238],"[[190, 174, 212, 239]]","[[191, 174, 212, 240]]"
84_2162061_Mobile Camera.jpg,[],[],[]
2647_2165275_Imposter.jpg,[],[],[]
g_right_WIN_20210427_22_16_43_Pro28.jpg,[0.9595],"[[269, 137, 319, 233]]","[[269, 137, 320, 233]]"
mphasis_GABRIEL.SANTHOSH@MPHASIS.COM_112373_2020-08-03_3646_.jpg,[],[],[]
mphasis_Gayathri.L02@mphasis.com_113735_2020-08-04_8426_.jpg,[],[],[]
mphasis_meka.divya@mphasis.com_116516_2020-08-06_2792_.jpg,[],[],[]
amarnath.naidu@mphasis.com_mphasis_proctordesk_hosted_231_.jpg,[],[],[]
2494_2165263_Imposter.jpg,[],[],[]
mphasis_sushmitha.r@mphasis.com_130470_2020-08-18_4608_.jpg,[],[],[]
1680_2163740_Imposter.jpg,[],[],[]
mphasis_dalavai.kumar@mphasis.com_118374_2020-08-07_9623_.jpg,[],[],[]
fti_Olufemi.Gbede@fti-acuity.com_137729_2020-08-23_18475_.jpg,[],[],[]
g_top_17256.jpg,[0.9606],"[[93, 0, 158, 39]]","[[93, 0, 158, 39]]"
mphasis_avuluru.mahendra@mphasis.com_136478_2020-08-21_2634_.jpg,[],[],[]
17733.jpg,[],[],[]
91246_2020-07-15_6553_.jpg,[],[],[]
106_2162064_Mobile Camera.jpg,[0.4232],"[[117, 134, 158, 169]]","[[116, 135, 160, 169]]"
fti_Kelvin.Rivera@fti-acuity.com_138370_2020-08-24_15778_.jpg,[],[],[]
2622_2165275_Imposter.jpg,[],[],[]
942_2162410_Mobile Camera.jpg,[0.665],"[[252, 139, 285, 169]]","[[248, 140, 286, 168]]"
mphasis_Swapna.Mahajan@mphasis.com_136494_2020-08-21_1525_.jpg,[],[],[]
mphasis_Rajendra.Patil@mphasis.com_139558_2020-08-25_7313_.jpg,[],[],[]
79405_2020-06-30_16574_.jpg,[],[],[]
22741.jpg,[],[],[]
mphasis_kavita.khandare@mphasis.com_131357_2020-08-18_3162_.jpg,[],[],[]
23886.jpg,[],[],[]
93582_2020-07-17_3744_.jpg,[],[],[]
10902.jpg,[],[],[]
15069.jpg,[],[],[]
2054_2164993_Imposter.jpg,[],[],[]
mphasis_SUBRAMANI.IYER@MPHASIS.COM_114547_2020-08-04_6688_.jpg,[],[],[]
Emanuel.Aron@fti-acuity.com_fti_consulting_proctordesk_hosted_6234_.jpg,[],[],[]
27664.jpg,[0.9362],"[[43, 115, 159, 174]]","[[43, 114, 158, 173]]"
9576.jpg,[0.8392],"[[178, 169, 207, 239]]","[[176, 170, 207, 240]]"
10451.jpg,[],[],[]
9584.jpg,[],[],[]
1744_2164112_FVE - No Face Detected.jpg,[],[],[]
2461_2165214_Imposter.jpg,[],[],[]
106253_2020-07-29_5592_.jpg,[],[],[]
Cheryl.Lear@fti-acuity.com_fti_consulting_proctordesk_hosted_18967_.jpg,[],[],[]
fti_Richard.Jones@fti-acuity.com_134201_2020-08-20_14995_.jpg,[],[],[]
84904_2020-07-10_7631_.jpg,[0.9292],"[[165, 136, 251, 179]]","[[165, 138, 252, 180]]"
82651_2020-07-07_12781_.jpg,[],[],[]
1874_2164929_Mobile Camera.jpg,[],[],[]
2016_2164976_Imposter.jpg,[],[],[]
16935.jpg,[],[],[]
1603_2163652_Multiple people.jpg,[],[],[]
7120.jpg,[],[],[]
fti_Rodney.Nutt@fti-acuity.com_137527_2020-08-22_16626_.jpg,[],[],[]
453_2162145_Multiple people.jpg,[],[],[]
fti_David.Lettieri@fti-acuity.com_138964_2020-08-24_19097_.jpg,[],[],[]
Mahmoud.AlSharif@investbank.jo_investbank_proctordesk_hosted_investbank_proctordesk_hosted_Mahmoud.AlSharif@investbank.jo_86327_2877_.jpg,[0.9023],"[[171, 95, 211, 178]]","[[172, 96, 211, 176]]"
45404_2020-04-16_9811_.jpg,[],[],[]
9703.jpg,[],[],[]
563_2162224_Imposter.jpg,[],[],[]
22896.jpg,[],[],[]
534_2162224_Imposter.jpg,[],[],[]
14443.jpg,[],[],[]
mphasis_Supriya.Jagtap@mphasis.com_121647_2020-08-11_661_.jpg,[],[],[]
2017_2164976_Imposter.jpg,[],[],[]
94449_2020-07-17_2884_.jpg,[],[],[]
mphasis_Sudhir.Jadhav@mphasis.com_134139_2020-08-20_407_.jpg,[],[],[]
1240_2163233_FVE - No Face Detected.jpg,[],[],[]
27568.jpg,[],[],[]
1375_2163361_Mobile Camera.jpg,[0.6602],"[[283, 163, 306, 179]]","[[284, 164, 306, 180]]"
fti_carolee.byrley@fti-acuity.com_143540_2020-08-27_14516_.jpg,[0.5028],"[[62, 85, 96, 180]]",[]
mphasis_chandraprabha.m@mphasis.com_123886_2020-08-12_2072_.jpg,[],[],[]
fti_Oswaldo.Santos@fti-acuity.com_138545_2020-08-24_15036_.jpg,[],[],[]
mphasis_Kashinath.Lingadalli@mphasis.com_116839_2020-08-06_8320_.jpg,[],[],[]
fti_Stephen.Curtis@fti-acuity.com_140802_2020-08-25_17882_.jpg,[0.8694],"[[44, 132, 99, 235]]","[[44, 132, 99, 236]]"
597.jpg,[],[],[]
19806.jpg,[],[],[]
93325_2020-07-16_6054_.jpg,[],[],[]
2777_2165373_Imposter.jpg,[],[],[]
97624_2020-07-21_10814_.jpg,[0.6933],"[[112, 93, 130, 159]]","[[112, 95, 135, 159]]"
fti_David.Lettieri@fti-acuity.com_134828_2020-08-20_19071_.jpg,[],[],[]
fti_celmira.jamett@fti-acuity.com_132813_2020-08-19_19570_.jpg,[],[],[]
729_2162304_Imposter.jpg,[],[],[]
875_2162335_Mobile Camera.jpg,[0.7372],"[[271, 148, 315, 179]]","[[271, 149, 315, 176]]"
mphasis_manikandan.v1@mphasis.com_120539_2020-08-10_5091_.jpg,[],[],[]
1299_2163250_Imposter.jpg,[],[],[]
268_2162108_Imposter.jpg,[],[],[]
11767.jpg,[],[],[]
106722_2020-07-29_14360_.jpg,[],[],[]
871_2162335_Mobile Camera.jpg,[0.8394],"[[48, 92, 83, 153]]","[[48, 92, 87, 180]]"
114_2162064_Mobile Camera.jpg,[0.584],"[[71, 135, 116, 179]]","[[67, 135, 116, 180]]"
106368_2020-07-29_4409_.jpg,[],[],[]
88796_2020-07-14_840_.jpg,[],[],[]
mphasis_Ashvini.Jadhav@mphasis.com_139637_2020-08-25_2843_.jpg,[],[],[]
fti_Pui.Lo@fti-acuity.com_132707_2020-08-19_15615_.jpg,[0.5381],"[[116, 146, 152, 210]]",[]
2212_2165014_Imposter.jpg,[],[],[]
571_2162255_Imposter.jpg,[],[],[]
mphasis_Sachin.Ghadage@mphasis.com_116911_2020-08-06_8240_.jpg,[],[],[]
15026.jpg,[],[],[]
10438.jpg,[],[],[]
fti_angelina.hammond@fti-acuity.com_127914_2020-08-15_18816_.jpg,[0.7639],"[[85, 80, 104, 166]]","[[86, 75, 103, 167]]"
mphasis_Kowsalya.M@mphasis.com_112775_2020-08-03_223_.jpg,[],[],[]
97659_2020-07-21_6109_.jpg,[],[],[]
301_2162117_Imposter.jpg,[],[],[]
1361.jpg,[],[],[]
Natalie.Parker@fti-acuity.com_fti_consulting_proctordesk_hosted_5895_.jpg,[0.805],"[[211, 104, 245, 189]]","[[212, 104, 244, 192]]"
mphasis_chethan.bugati@mphasis.com_146635_2020-08-31_10842_.jpg,[],[],[]
1490_2163502_Mobile Camera.jpg,[],[],[]
2594_2165275_Imposter.jpg,[],[],[]
21912.jpg,[],[],[]
1519_2163560_Imposter.jpg,[],[],[]
1703_2163756_Imposter.jpg,[],[],[]
78709_2020-06-28_16974_.jpg,[],[],[]
mphasis_Mukesh.Kumar01@mphasis.com_122499_2020-08-11_7033_.jpg,[],[],[]
347_2162125_Mobile Camera.jpg,[],[],"[[248, 154, 283, 180]]"
87841_2020-07-13_5363_.jpg,[],[],[]
90738_2020-07-15_6770_.jpg,[],[],[]
105487_2020-07-28_15790_.jpg,[],[],[]
108245_2020-07-30_15963_.jpg,[],[],[]
417_2162129_Imposter.jpg,[],[],[]
349.jpg,[],[],[]
26250.jpg,[0.8774],"[[119, 146, 178, 229]]","[[118, 144, 180, 227]]"
107209_2020-07-29_1679_.jpg,[],[],[]
22617.jpg,[],[],[]
2807_2165386_Imposter.jpg,[],[],[]
2067_2164994_Imposter.jpg,[],[],[]
18910.jpg,[0.7554],"[[178, 176, 215, 239]]","[[177, 177, 217, 239]]"
9157.jpg,[],[],[]
13644.jpg,[],[],[]
178_2162083_Imposter.jpg,[],[],[]
1076_2162597_Imposter.jpg,[],[],[]
Brad.Koplinski@fti-acuity.com_fti_consulting_proctordesk_hosted_10957_.jpg,[],[],[]
fti_deborah.kramm@fti-acuity.com_134406_2020-08-20_17745_.jpg,[],[],[]
8231.jpg,[],[],[]
87841_2020-07-13_5321_.jpg,[],[],[]
102917_2020-07-25_19000_.jpg,[],[],[]
fti_Richard.Jones@fti-acuity.com_132658_2020-08-19_14990_.jpg,[0.8718],"[[128, 91, 162, 169]]","[[129, 91, 162, 163]]"
mphasis_karishma.barge@mphasis.com_132803_2020-08-19_1032_.jpg,[],[],[]
19925.jpg,[0.8921],"[[183, 156, 210, 238]]","[[183, 156, 212, 239]]"
fti_Carl.DiCarlo@fti-acuity.com_147312_2020-08-31_18428_.jpg,[],[],[]
10316.jpg,[],[],[]
mphasis_Kowsalya.M@mphasis.com_129906_2020-08-17_242_.jpg,[],[],[]
2038_2164992_Mobile Camera.jpg,[],[],[]
602_2162279_Mobile Camera.jpg,[],[],[]
433_2162132_Mobile Camera.jpg,[0.8676],"[[155, 115, 203, 179]]","[[154, 115, 203, 180]]"
mphasis_prakash.kashid@mphasis.com_123729_2020-08-12_10922_.jpg,[],[],[]
fti_Kathryn.Henderson@fti-acuity.com_127887_2020-08-15_11660_.jpg,[0.9264],"[[184, 122, 237, 179]]","[[185, 123, 237, 180]]"
109_2162064_Mobile Camera.jpg,[0.368],"[[115, 128, 157, 166]]","[[116, 128, 159, 166]]"
9691.jpg,[],[],[]
87184_2020-07-13_1219_.jpg,[],[],[]
25358.jpg,[],[],[]
16662.jpg,[],[],[]
96377_2020-07-20_10512_.jpg,[],[],[]
92671_2020-07-16_6964_.jpg,[],[],[]
concentrix_patchanok.yangtisan@concentrix.com_126113_2020-08-14_21615_.jpg,[0.367],"[[104, 181, 158, 240]]",[]
12899.jpg,[],[],[]
97891_2020-07-21_16311_.jpg,[],[],[]
mphasis_Sumit.Zambre@mphasis.com_117976_2020-08-07_5338_.jpg,[],[],[]
mphasis_shubam.sharma@mphasis.com_136022_2020-08-21_4812_.jpg,[],[],[]
6242.jpg,[],[],[]
1301_2163250_Imposter.jpg,[],[],[]
mphasis_Manohar.Bhoj@mphasis.com_113899_2020-08-04_1435_.jpg,[],[],[]
104758_2020-07-28_19179_.jpg,[0.8978],"[[184, 98, 244, 152]]","[[181, 97, 245, 151]]"
83508_2020-07-08_14708_.jpg,[],[],[]
8419.jpg,[],[],[]
107263_2020-07-29_2939_.jpg,[],[],[]
92193_2020-07-16_9072_.jpg,[],[],[]
mphasis_yerrampalle.ishwarya@mphasis.com_125650_2020-08-13_9806_.jpg,[],[],[]
20274.jpg,[],[],[]
13941.jpg,[],[],[]
79338_2020-06-30_11911_.jpg,[],[],[]
karan.gaikwad@mphasis.com_mphasis_proctordesk_hosted_mphasis_proctordesk_hosted_karan.gaikwad@mphasis.com_86987_13_.jpg,[],[],[]
96254_2020-07-20_1021_.jpg,[],[],[]
98973_2020-07-22_4077_.jpg,[],[],[]
20740.jpg,[],[],[]
fti_Richard.Morseman@fti-acuity.com_142442_2020-08-26_14973_.jpg,[0.5832],"[[220, 108, 239, 152]]","[[221, 108, 238, 151]]"
97720_2020-07-21_13130_.jpg,[],[],[]
96386_2020-07-20_2674_.jpg,[],[],[]
15703.jpg,[],[],[]
18907.jpg,[],[],[]
mphasis_joythi.naik@mphasis.com_136157_2020-08-21_9464_.jpg,[],[],[]
fti_Joann.Ko@fti-acuity.com_147238_2020-08-31_13163_.jpg,[],[],[]
1789_2164738_Mobile Camera.jpg,[],[],[]
shila.kapse@mphasis.com_mphasis_proctordesk_hosted_1543_.jpg,[],[],[]
21835.jpg,[],[],[]
1633_2163656_Imposter.jpg,[0.3706],"[[212, 125, 231, 167]]",[]
957_2162434_Imposter.jpg,[],[],[]
fti_Gwendolyn.Jackson@fti-acuity.com_140561_2020-08-25_12617_.jpg,[],[],[]
fti_Timothy.Werner@fti-acuity.com_145160_2020-08-28_15077_.jpg,[],[],[]
2059_2164994_FVE - No Face Detected.jpg,[],[],[]
11907.jpg,[],[],[]
16708.jpg,[],[],[]
g_left_4355.jpg,[0.8639],"[[0, 62, 12, 98]]","[[0, 62, 13, 97]]"
12562.jpg,[],[],[]
mphasis_swathi.b@mphasis.com_112214_2020-08-03_7187_.jpg,[],[],[]
1131_2162945_Imposter.jpg,[],[],[]
mphasis_chandraprabha.m@mphasis.com_120731_2020-08-10_2034_.jpg,[],[],[]
g_right_1728.jpg,[0.935],"[[300, 158, 319, 206]]","[[300, 158, 320, 206]]"
105003_2020-07-28_6202_.jpg,[],[],[]
179_2162083_Mobile Camera.jpg,[0.678],"[[222, 98, 269, 124]]","[[222, 96, 273, 121]]"
1862_2164903_Imposter.jpg,[],[],[]
fti_Chan.Park@fti-acuity.com_143501_2020-08-27_17329_.jpg,[],[],[]
2747_2165327_Imposter.jpg,[],[],[]
mphasis_ashish.chavan1@mphasis.com_136538_2020-08-21_7082_.jpg,[],[],[]
varsha.survase@mphasis.com_mphasis_proctordesk_hosted_1835_.jpg,[],[],[]
mphasis_ilyaz.ahmed@mphasis.com_113504_2020-08-04_5248_.jpg,[],[],[]
16352.jpg,[],[],[]
87743_2020-07-13_17279_.jpg,[],[],[]
2651_2165275_Imposter.jpg,[],[],[]
88492_2020-07-14_8543_.jpg,[],[],[]
mphasis_mounika.s@mphasis.com_129344_2020-08-17_178_.jpg,[],[],[]
20642.jpg,[],[],[]
972_2162449_Imposter.jpg,[],[],[]
mphasis_vinutha.s@mphasis.com_120821_2020-08-10_6889_.jpg,[],[],[]
27716.jpg,[0.9225],"[[232, 128, 309, 239]]","[[233, 129, 313, 240]]"
mphasis_Anil.Kumar26@mphasis.com_114046_2020-08-04_6336_.jpg,[],[],[]
1272_2163243_Imposter.jpg,[],[],[]
22052.jpg,[],[],[]
mphasis_gurpreet.kaur@mphasis.com_130971_2020-08-18_632_.jpg,[],[],[]
mphasis_simali.dhadbale@mphasis.com_125907_2020-08-13_8120_.jpg,[],[],[]
88036_2020-07-13_17858_.jpg,[0.9077],"[[92, 14, 216, 85]]","[[90, 15, 218, 85]]"
1284_2163250_Mobile Camera.jpg,"[0.6696, 0.3467]","[[228, 132, 280, 173], [236, 132, 281, 161]]","[[244, 131, 280, 163]]"
mphasis_Prasad.Pandav@mphasis.com_113336_2020-08-04_283_.jpg,[],[],[]
7220.jpg,[],[],[]
mphasis_yerrampalle.ishwarya@mphasis.com_127169_2020-08-14_9839_.jpg,[],[],[]
mphasis_mallanna.x@mphasis.com_134218_2020-08-20_3353_.jpg,[],[],[]
mphasis_likhitha.p@mphasis.com_130799_2020-08-18_4450_.jpg,[],[],[]
1229_2163232_Mobile Camera.jpg,[0.799],"[[184, 120, 224, 171]]","[[183, 119, 224, 162]]"
73142_2020-06-14_18566_.jpg,[],[],[]
651_2162297_Imposter.jpg,[],[],[]
9103.jpg,[],[],[]
2012_2164976_Imposter.jpg,[],[],[]
mphasis_himanshu.shah@mphasis.com_112115_2020-08-03_6264_.jpg,[],[],[]
2832_2165415_Mobile Camera.jpg,[0.4953],"[[192, 134, 207, 180]]","[[191, 133, 210, 180]]"
2108_2164994_Imposter.jpg,[],[],[]
fti_PBic.Kanayjorn@fti-acuity.com_129638_2020-08-17_16487_.jpg,[],[],[]
59999_2020-05-15_18345_.jpg,[],[],[]
mphasis_Deepa.Acharya@mphasis.com_115909_2020-08-06_1342_.jpg,[],[],[]
79981_2020-07-01_12968_.jpg,[],[],[]
380_2162129_Imposter.jpg,[],[],[]
87841_2020-07-13_5303_.jpg,[],[],[]
90738_2020-07-15_6789_.jpg,[],[],[]
10907.jpg,[],[],[]
1524_2163586_Mobile Camera.jpg,[],[],[]
62_2162050_Imposter.jpg,[],[],[]
946_2162410_Mobile Camera.jpg,"[0.814, 0.3674]","[[258, 142, 302, 176], [294, 136, 319, 168]]","[[256, 143, 301, 175]]"
96483_2020-07-20_3264_.jpg,[],[],[]
mphasis_Dhairyashil.Patil@mphasis.com_140990_2020-08-25_3891_.jpg,[],[],[]
20203.jpg,[],[],[]
mphasis_Satish.Kv01@mphasis.com_122704_2020-08-11_5623_.jpg,[],[],[]
22724.jpg,[],[],[]
20334.jpg,[],[],[]
concentrix_stephin.thomas@concentrix.com_123015_2020-08-12_21538_.jpg,[],[],[]
mphasis_Sumit.Zambre@mphasis.com_141397_2020-08-26_5391_.jpg,[],[],[]
mphasis_g.archana@mphasis.com_121129_2020-08-10_3137_.jpg,[],[],[]
1194_2163051_Imposter.jpg,[],[],[]
23759.jpg,[],[],[]
1340_2163276_FVE - No Face Detected.jpg,[],[],[]
9507.jpg,[],[],[]
mphasis_Rajendra.Wakchaure@mphasis.com_133991_2020-08-20_10228_.jpg,[],[],[]
84116_2020-07-09_16736_.jpg,[],[],[]
1809_2164886_FVE - No Face Detected.jpg,[0.3554],"[[0, 134, 33, 188]]",[]
726_2162304_Imposter.jpg,[],[],[]
mphasis_sushmita.mesta@mphasis.com_116948_2020-08-06_10710_.jpg,[],[],[]
mphasis_GABRIEL.SANTHOSH@MPHASIS.COM_112373_2020-08-03_3667_.jpg,[],[],[]
2233_2165021_Mobile Camera.jpg,[],[],[]
16504.jpg,[],[],[]
82668_2020-07-07_11959_.jpg,[],[],[]
1312_2163262_Imposter.jpg,[],[],[]
7902.jpg,[],[],[]
84112_2020-07-09_16931_.jpg,[0.2576],"[[266, 118, 319, 199]]",[]
87600_2020-07-13_1145_.jpg,[],[],[]
5942.jpg,[],[],[]
mphasis_chethan.bugati@mphasis.com_130787_2020-08-18_10818_.jpg,[],[],[]
26195.jpg,[0.8366],"[[213, 151, 255, 194]]","[[212, 152, 255, 192]]"
101991_2020-07-24_4855_.jpg,[],[],[]
88479_2020-07-14_2769_.jpg,[],[],[]
14240.jpg,[],[],[]
100071_2020-07-23_18953_.jpg,[],[],[]
2063_2164994_Imposter.jpg,[],[],[]
concentrix_vishnu.p1@concentrix.com_110648_2020-08-01_21983_.jpg,[],[],[]
mphasis_muzakkir.bm@mphasis.com_120007_2020-08-10_5430_.jpg,[],[],[]
2823_2165401_Mobile Camera.jpg,[],[],[]
2354_2165100_Mobile Camera.jpg,[],[],[]
22272.jpg,[],[],[]
2685_2165285_Imposter.jpg,[],[],[]
g_top_112162.jpg,[0.9333],"[[159, 0, 317, 24]]","[[160, 0, 320, 24]]"
23458.jpg,[0.9296],"[[221, 44, 310, 180]]","[[224, 46, 313, 180]]"
1866_2164915_Mobile Camera.jpg,[0.8397],"[[17, 102, 63, 159]]",[]
59082_2020-05-13_18474_.jpg,[],[],[]
mphasis_muzakkir.bm@mphasis.com_113267_2020-08-04_5416_.jpg,[],[],[]
fti_Claire.Campbell@fti-acuity.com_136586_2020-08-21_14541_.jpg,[0.6756],"[[103, 136, 200, 210]]","[[103, 138, 200, 203]]"
293_2162117_Mobile Camera.jpg,[],[],[]
mphasis_neeraja.x@mphasis.com_121284_2020-08-10_9713_.jpg,[],[],[]
4686.jpg,[],[],[]
23880.jpg,[],[],[]
10369.jpg,[],[],[]
98087_2020-07-21_11008_.jpg,[],[],[]
72589_2020-06-12_786_.jpg,[],[],[]
79424_2020-06-30_11823_.jpg,[],[],[]
90650_2020-07-15_7867_.jpg,[],[],[]
fti_Allan.Elvir@fti-acuity.com_142736_2020-08-26_13012_.jpg,[],[],[]
701_2162304_Imposter.jpg,[],[],[]
d.manisha@concentrix.com_concentrix_proctordesk_hosted_1171_.jpg,[],[],[]
88542_2020-07-14_7933_.jpg,[],[],[]
2305_2165084_Imposter.jpg,[],[],[]
12806.jpg,[],[],[]
18308.jpg,[],[],[]
66212_2020-05-29_18358_.jpg,[],[],[]
1982_2164972_FVE - No Face Detected.jpg,[],[],[]
9247.jpg,[],[],[]
fti_angelina.hammond@fti-acuity.com_128135_2020-08-15_18831_.jpg,[0.5366],"[[74, 78, 104, 158]]","[[72, 77, 101, 156]]"
20388.jpg,[],[],[]
842_2162323_Mobile Camera.jpg,[],[],[]
98757_2020-07-22_18715_.jpg,[],[],[]
50883_2020-04-27_125_.jpg,[0.7969],"[[31, 73, 118, 205]]","[[34, 75, 116, 218]]"
Natalie.Parker@fti-acuity.com_fti_consulting_proctordesk_hosted_5889_.jpg,[0.8437],"[[143, 95, 260, 213]]","[[144, 95, 263, 210]]"
1403_2163380_Imposter.jpg,[],[],[]
371_2162129_Imposter.jpg,[],[],[]
98190_2020-07-21_1738_.jpg,[],[],[]
376_2162129_Imposter.jpg,[],[],[]
17521.jpg,[],[],[]
742_2162304_Imposter.jpg,[],[],[]
2486_2165263_Imposter.jpg,[],[],[]
2010_2164976_Imposter.jpg,[],[],[]
15745.jpg,[],[],[]
mphasis_Sunny.Thakur@mphasis.com_112721_2020-08-03_1570_.jpg,[],[],[]
1487_2163496_Imposter.jpg,[],[],[]
17666.jpg,[],[],[]
carol.krainson@fti-acuity.com_fti_consulting_proctordesk_hosted_5025_.jpg,[],[],[]
fti_Rodney.Nutt@fti-acuity.com_131083_2020-08-18_16582_.jpg,[],[],[]
2480_2165263_Imposter.jpg,[],[],[]
331_2162123_Imposter.jpg,[],[],[]
11324.jpg,[],[],[]
14219.jpg,[],[],[]
14021.jpg,[],[],[]
fti_Darryl.Toler@fti-acuity.com_132894_2020-08-19_11957_.jpg,[],[],[]
mphasis_snehal.deshpande@mphasis.com_128823_2020-08-17_5944_.jpg,[0.8892],"[[157, 157, 196, 179]]","[[157, 155, 197, 179]]"
879_2162352_Imposter.jpg,[0.5752],"[[259, 144, 319, 179]]",[]
107209_2020-07-29_1683_.jpg,[],[],[]
107544_2020-07-30_17664_.jpg,[],[],[]
15708.jpg,[],[],[]
88581_2020-07-14_8353_.jpg,[],[],[]
mphasis_Raptadu.Srivani@mphasis.com_138849_2020-08-24_6456_.jpg,[],[],[]
1721_2163934_FVE - No Face Detected.jpg,[],[],[]
loretta.carroll@mphasis.com_mphasis_proctordesk_hosted_1739_.jpg,[],[],[]
2157_2165005_Imposter.jpg,[],[],[]
16471.jpg,[],[],[]
Maureen.OConnor@fti-acuity.com_fti_consulting_proctordesk_hosted_3342_.jpg,[0.8723],"[[234, 176, 311, 240]]","[[247, 176, 312, 240]]"
2140_2164997_Imposter.jpg,[],[],[]
mphasis_sushmita.mesta@mphasis.com_116948_2020-08-06_10707_.jpg,[],[],[]
9000.jpg,[],[],[]
24626.jpg,[0.8682],"[[162, 107, 197, 159]]","[[160, 106, 197, 156]]"
1202_2163051_Imposter.jpg,[],[],[]
nagesh.birdawade@mphasis.com_mphasis_proctordesk_hosted_1820_.jpg,[],[],[]
899_2162364_Mobile Camera.jpg,[],[],[]
97863_2020-07-21_13669_.jpg,[],[],[]
Arzu.Gurcan@fti-acuity.com_fti_consulting_proctordesk_hosted_5935_.jpg,[],[],[]
7977.jpg,[],[],[]
2239_2165026_Imposter.jpg,[],[],[]
g_top_136207.jpg,[0.9324],"[[169, 0, 222, 19]]","[[169, 0, 223, 20]]"
2007_2164972_Mobile Camera.jpg,[],[],"[[188, 108, 223, 161]]"
2432_2165189_Imposter.jpg,[],[],[]
fti_meir.gerstein@fti-acuity.com_128351_2020-08-16_16034_.jpg,[],[],[]
51651_2020-04-29_19218_.jpg,[],[],[]
mphasis_rajesh.r@mphasis.com_121972_2020-08-11_4859_.jpg,[],[],[]
2742_2165327_Imposter.jpg,[],[],[]
g_top_116157.jpg,[0.895],"[[160, 0, 226, 9]]","[[161, 0, 225, 10]]"
10456.jpg,[],[],[]
1000_2162483_Imposter.jpg,[],[],[]
mphasis_kavita.raorane@mphasis.com_145109_2020-08-28_3449_.jpg,[],[],[]
anil.kumar26@mphasis.com_mphasis_proctordesk_hosted_817_.jpg,[],[],[]
1264_2163240_Mobile Camera.jpg,[0.6369],"[[0, 143, 82, 179]]","[[0, 145, 79, 180]]"
1207_2163095_Imposter.jpg,[],[],[]
g_top_WIN_20210427_22_16_43_Pro19.jpg,[0.9501],"[[110, 0, 159, 26]]","[[111, 0, 159, 26]]"
mphasis_Shireesha.Kolla@mphasis.com_121303_2020-08-10_10286_.jpg,[],[],[]
2266_2165029_FVE - No Face Detected.jpg,[],[],[]
99484_2020-07-22_5719_.jpg,[],[],[]
g_left_172142.jpg,[0.9712],"[[0, 56, 68, 109]]","[[0, 56, 68, 110]]"
mphasis_shila.kapse@mphasis.com_127049_2020-08-14_4983_.jpg,[],[],[]
94664_2020-07-17_15519_.jpg,[],[],[]
1545_2163597_Imposter.jpg,[],[],[]
229_2162093_Mobile Camera.jpg,[0.7164],"[[1, 80, 48, 155]]","[[3, 80, 48, 160]]"
2205_2165014_Imposter.jpg,[],[],[]
11799.jpg,[],[],[]
369.jpg,[],[],[]
1418_2163390_Mobile Camera.jpg,[0.9334],"[[85, 102, 158, 180]]","[[85, 102, 155, 180]]"
g_top_123251.jpg,[0.9302],"[[155, 0, 320, 26]]","[[160, 0, 320, 27]]"
mphasis_SUBRAMANI.IYER@MPHASIS.COM_114547_2020-08-04_6678_.jpg,[],[],[]
87600_2020-07-13_1079_.jpg,[],[],[]
1709_2163770_FVE - No Face Detected.jpg,[],[],[]
99446_2020-07-22_16649_.jpg,[],[],[]
fti_Doreen.Nanda@fti-acuity.com_143829_2020-08-27_13087_.jpg,[0.6929],"[[209, 97, 243, 154]]","[[209, 99, 243, 154]]"
mphasis_PUTTA.N@MPHASIS.COM_123176_2020-08-12_5214_.jpg,[],[],[]
78709_2020-06-28_16975_.jpg,[],[],[]
366_2162129_Imposter.jpg,[],[],[]
96149_2020-07-20_3922_.jpg,[],[],[]
15184.jpg,[],[],[]
22918.jpg,[],[],[]
91916_2020-07-16_10635_.jpg,[],[],[]
1585_2163632_Imposter.jpg,[],[],[]
16334.jpg,[],[],[]
833_2162312_Imposter.jpg,[],[],[]
13215.jpg,[],[],[]
2434_2165189_Imposter.jpg,[],[],[]
prakash.kashid@mphasis.com_mphasis_proctordesk_hosted_1255_.jpg,[],[],[]
mphasis_srushti.gavhane@mphasis.com_133979_2020-08-20_910_.jpg,[],[],[]
fti_Edward.Meertins-George@fti-acuity.com_131166_2020-08-18_14297_.jpg,[0.9303],"[[145, 189, 204, 239]]","[[144, 191, 203, 240]]"
1376_2163361_Mobile Camera.jpg,[0.8032],"[[269, 117, 320, 179]]","[[270, 118, 320, 180]]"
g_left_9786.jpg,[0.9542],"[[0, 134, 45, 170]]","[[0, 135, 45, 171]]"
98857_2020-07-22_3840_.jpg,[],[],[]
mphasis_v.vinothkumar@mphasis.com_113534_2020-08-04_5531_.jpg,[],[],[]
2400_2165169_Imposter.jpg,[],[],[]
27399.jpg,[0.8889],"[[176, 92, 209, 155]]","[[176, 92, 210, 157]]"
93164_2020-07-16_7613_.jpg,[],[],[]
Burke.Barr@fti-acuity.com_fti_consulting_proctordesk_hosted_10774_.jpg,[],[],[]
fti_Rodney.Nutt@fti-acuity.com_134653_2020-08-20_16606_.jpg,[],[],[]
23058.jpg,[],[],[]
fti_kevin.brown@fti-acuity.com_136211_2020-08-21_14098_.jpg,[],[],[]
54_2162050_Imposter.jpg,[],[],[]
87321_2020-07-13_7596_.jpg,[],[],[]
44906_2020-04-15_222_.jpg,[0.793],"[[190, 115, 242, 203]]","[[187, 114, 242, 206]]"
1960_2164956_Mobile Camera.jpg,[],[],[]
concentrix_anil.cs@concentrix.com_112174_2020-08-03_21347_.jpg,[],[],[]
93766_2020-07-17_325_.jpg,[],[],[]
452_2162144_Mobile Camera.jpg,[],[],[]
8096.jpg,[],[],[]
mphasis_Shaik.Basha04@mphasis.com_120286_2020-08-10_7928_.jpg,[],[],[]
fti_James.Sabino@fti-acuity.com_138878_2020-08-24_18918_.jpg,[],[],[]
1748_2164152_Imposter.jpg,[],[],[]
mphasis_Satish.Kv01@mphasis.com_131739_2020-08-18_5700_.jpg,[],[],[]
2752_2165327_Imposter.jpg,[],[],[]
97969_2020-07-21_3476_.jpg,[],[],[]
9233.jpg,[],[],[]
2095_2164994_Imposter.jpg,[],[],[]
101894_2020-07-24_2061_.jpg,[],[],[]
12810.jpg,[],[],[]
2203_2165014_Imposter.jpg,[],[],[]
82193_2020-07-06_15477_.jpg,[],[],[]
23998.jpg,[],[],[]
mphasis_karthickraja.g@mphasis.com_140400_2020-08-25_9909_.jpg,[],[],[]
shila.kapse@mphasis.com_mphasis_proctordesk_hosted_1537_.jpg,[],[],[]
83196_2020-07-08_17205_.jpg,[0.9053],"[[179, 65, 223, 129]]","[[179, 66, 225, 128]]"
82012_2020-07-06_11505_.jpg,[],[],[]
228_2162093_Imposter.jpg,[],[],[]
103623_2020-07-27_6867_.jpg,[],[],[]
21717.jpg,[],[],[]
mphasis_sanaa.khanum@mphasis.com_112104_2020-08-03_7677_.jpg,[],[],[]
2090_2164994_Imposter.jpg,[],[],[]
mphasis_pavan.n@mphasis.com_128724_2020-08-17_4902_.jpg,[],[],[]
8771.jpg,[],[],[]
1473_2163473_Imposter.jpg,[],[],[]
125_2162065_Multiple people.jpg,[],[],[]
1954_2164956_Imposter.jpg,[],[],[]
367_2162129_Imposter.jpg,[],[],[]
961_2162434_Multiple people.jpg,[],[],[]
2360_2165106_FVE - No Face Detected.jpg,[],[],[]
2335_2165088_FVE - No Face Detected.jpg,[],[],[]
fti_Michele.Riley@fti-acuity.com_126740_2020-08-14_18574_.jpg,[],[],[]
19621.jpg,[],[],[]
62.jpg,[],[],[]
2469_2165234_FVE - Multiple Users Detected.jpg,[],[],[]
616_2162288_Imposter.jpg,[],[],[]
Zameer.Darga@mphasis.com_mphasis_proctordesk_hosted_41_.jpg,[],[],[]
1708_2163756_Imposter.jpg,[],[],[]
183_2162083_Imposter.jpg,[],[],[]
1575.jpg,[],[],[]
9893.jpg,[],[],[]
2519_2165263_Imposter.jpg,[],[],[]
fti_meir.gerstein@fti-acuity.com_126817_2020-08-14_16021_.jpg,[],[],[]
14828.jpg,[],[],[]
9010.jpg,[],[],[]
mphasis_Prasad.Pandav@mphasis.com_113336_2020-08-04_290_.jpg,[],[],[]
fti_Yanqiu.Li@fti-acuity.com_134413_2020-08-20_14640_.jpg,[],[],[]
69_2162050_Imposter.jpg,[],[],[]
93970_2020-07-17_1019_.jpg,[],[],[]
482_2162174_Imposter.jpg,[],[],[]
17601.jpg,[],[],[]
11088.jpg,[],[],[]
2292_2165058_Mobile Camera.jpg,[],[],[]
2770_2165373_Imposter.jpg,[],[],[]
mphasis_rakhi.mandhare@mphasis.com_120420_2020-08-10_11076_.jpg,[],[],[]
mphasis_Madhu.Bommisetty@mphasis.com_138168_2020-08-24_2441_.jpg,[],[],[]
2614_2165275_Imposter.jpg,[],[],[]
44888_2020-04-15_9381_.jpg,[0.8761],"[[156, 140, 285, 240]]","[[143, 138, 289, 240]]"
fti_Ellery.Karl@fti-acuity.com_137409_2020-08-22_11568_.jpg,[0.6074],"[[86, 14, 204, 79]]","[[89, 14, 207, 75]]"
21569.jpg,[],[],[]
344_2162125_Imposter.jpg,[],[],[]
2149_2165005_Imposter.jpg,[],[],[]
mphasis_Shobha.Kankanwadi@mphasis.com_123098_2020-08-12_1183_.jpg,[],[],[]
97388_2020-07-21_2776_.jpg,[],[],[]
mphasis_vinoth.janarthanan@mphasis.com_119886_2020-08-10_10360_.jpg,[],[],[]
fti_Vanessa.Uphoff@fti-acuity.com_129274_2020-08-17_20062_.jpg,[0.8777],"[[219, 71, 266, 138]]","[[220, 71, 266, 137]]"
11521.jpg,[],[],[]
8275.jpg,[],[],[]
mphasis_Satish.Kv01@mphasis.com_131739_2020-08-18_5674_.jpg,[],[],[]
95409_2020-07-18_18970_.jpg,[0.8412],"[[127, 144, 157, 179]]","[[126, 144, 158, 180]]"
44311_2020-04-14_9748_.jpg,[],[],[]
20212.jpg,[],[],[]
94_2162064_Mobile Camera.jpg,[0.5138],"[[142, 93, 181, 127]]","[[145, 91, 181, 127]]"
17283.jpg,[],[],[]
1036_2162503_Mobile Camera.jpg,[],[],[]
98052_2020-07-21_10076_.jpg,[],[],[]
swathi.b@mphasis.com_mphasis_proctordesk_hosted_628_.jpg,[],[],[]
2170_2165007_Imposter.jpg,[],[],[]
103532_2020-07-27_1840_.jpg,[],[],[]
99143_2020-07-22_3914_.jpg,[],[],[]
ning.zhu@fti-acuity.com_fti_consulting_proctordesk_hosted_8425_.jpg,[],[],[]
mphasis_snehal.deshpande@mphasis.com_135791_2020-08-21_5964_.jpg,[0.9183],"[[144, 151, 205, 179]]","[[143, 151, 204, 180]]"
89820_2020-07-14_1273_.jpg,[],[],[]
58975_2020-05-13_18404_.jpg,[],[],[]
mphasis_GABRIEL.SANTHOSH@MPHASIS.COM_114150_2020-08-04_3672_.jpg,[],[],[]
49138_2020-04-23_9247_.jpg,[0.9364],"[[70, 133, 228, 180]]","[[74, 133, 227, 180]]"
336_2162123_Imposter.jpg,[],[],[]
48979_2020-04-23_9495_.jpg,[0.8522],"[[154, 124, 193, 211]]","[[154, 125, 192, 216]]"
22370.jpg,[],[],[]
90217_2020-07-15_17373_.jpg,[],[],[]
14473.jpg,[],[],[]
g_left_136108.jpg,[0.9556],"[[0, 131, 44, 227]]","[[0, 131, 44, 227]]"
87302_2020-07-13_16299_.jpg,[],[],[]
22818.jpg,[],[],[]
345_2162125_Imposter.jpg,[],[],[]
19823.jpg,"[0.7372, 0.3674]","[[202, 113, 250, 174], [203, 109, 294, 174]]","[[203, 119, 252, 174]]"
fti_Ingrid.Rosario@fti-acuity.com_129535_2020-08-17_13531_.jpg,[0.7219],"[[65, 150, 165, 199]]","[[62, 146, 161, 198]]"
15629.jpg,[],[],[]
fti_Samer.Yahyawi@fti-acuity.com_131251_2020-08-18_17242_.jpg,[],[],[]
mphasis_sanaa.khanum@mphasis.com_112104_2020-08-03_7672_.jpg,[],[],[]
99976_2020-07-23_18007_.jpg,[],[],[]
9462.jpg,[],[],[]
concentrix_naranga@aetna.com_113746_2020-08-04_21236_.jpg,[],[],[]
71239_2020-06-09_17845_.jpg,[0.9156],"[[83, 59, 206, 124]]","[[82, 59, 208, 122]]"
fti_Edward.Chase@fti-acuity.com_129167_2020-08-17_19466_.jpg,[0.7802],"[[49, 124, 70, 151]]","[[49, 127, 71, 149]]"
mphasis_kavita.khandare@mphasis.com_140240_2020-08-25_3210_.jpg,[],[],[]
6984.jpg,[],[],[]
mphasis_Ruchi.Gusain@mphasis.com_116803_2020-08-06_4231_.jpg,[],[],[]
mphasis_gausiya.shah@mphasis.com_114243_2020-08-04_3269_.jpg,[],[],[]
1171_2163030_Multiple people.jpg,[],[],[]
8747.jpg,[],[],[]
55614_2020-05-06_18523_.jpg,[0.7123],"[[190, 123, 300, 239]]",[]
fti_Carl.DiCarlo@fti-acuity.com_128189_2020-08-15_18384_.jpg,[],[],[]
15612.jpg,[],[],[]
102247_2020-07-24_11176_.jpg,[],[],[]
89558_2020-07-14_6489_.jpg,[],[],[]
13987.jpg,[],[],[]
mphasis_Akshay.Shah@mphasis.com_111955_2020-08-03_9957_.jpg,[],[],[]
mphasis_GABRIEL.SANTHOSH@MPHASIS.COM_112373_2020-08-03_3629_.jpg,[],[],[]
666_2162304_Imposter.jpg,[],[],[]
1606_2163655_Imposter.jpg,[],[],[]
23459.jpg,[0.9446],"[[108, 126, 161, 180]]","[[107, 125, 161, 180]]"
27601.jpg,[0.9311],"[[80, 90, 142, 180]]","[[81, 92, 140, 180]]"
23371.jpg,[],[],[]
23044.jpg,[],[],[]
mphasis_Ramesh.Chavan@mphasis.com_122003_2020-08-11_6467_.jpg,[],[],[]
83475_2020-07-08_9913_.jpg,[],[],[]
23166.jpg,[],[],[]
mphasis_meena.p@mphasis.com_129189_2020-08-17_7419_.jpg,[],[],[]
11884.jpg,[],[],[]
8226.jpg,[],[],[]
mphasis_Suraj.Salaskar@mphasis.com_123139_2020-08-12_2119_.jpg,[],[],[]
2828_2165415_Mobile Camera.jpg,[0.8648],"[[1, 118, 54, 179]]",[]
1974_2164971_Mobile Camera.jpg,[],[],[]
90457_2020-07-15_8425_.jpg,[],[],[]
24935.jpg,[0.7216],"[[214, 109, 233, 179]]","[[212, 120, 234, 180]]"
1967_2164960_Mobile Camera.jpg,[0.8289],"[[0, 110, 41, 140]]","[[1, 109, 43, 144]]"
12133.jpg,[0.7981],"[[175, 171, 194, 240]]","[[176, 173, 191, 240]]"
101078_2020-07-24_3535_.jpg,[],[],[]
1893_2164935_Multiple people.jpg,[],[],[]
821_2162309_Mobile Camera.jpg,[],[],[]
68356_2020-06-02_18536_.jpg,[],[],[]
g_top_21639.jpg,[0.9665],"[[180, 0, 252, 58]]","[[180, 0, 252, 58]]"
162_2162073_Imposter.jpg,[],[],[]
mphasis_Prakash.Baliger@mphasis.com_132310_2020-08-19_4158_.jpg,[],[],[]
loretta.carroll@mphasis.com_mphasis_proctordesk_hosted_1772_.jpg,[],[],[]
2834_2165418_Mobile Camera.jpg,[],[],[]
24712.jpg,[0.8538],"[[166, 123, 194, 178]]","[[167, 124, 195, 178]]"
fti_Evgeniy.Efimov@fti-acuity.com_137622_2020-08-23_16104_.jpg,[],[],[]
460_2162152_Multiple people.jpg,[],[],[]
1601_2163652_Multiple people.jpg,[],[],[]
g_left_178136.jpg,[0.9594],"[[0, 158, 57, 229]]","[[0, 158, 58, 230]]"
18269.jpg,"[0.7219, 0.4817]","[[190, 116, 237, 174], [190, 114, 278, 174]]","[[189, 116, 239, 174]]"
1182.jpg,[0.9291],"[[174, 200, 236, 239]]","[[176, 200, 235, 240]]"
12033.jpg,[],[],[]
mphasis_Supriya.Jagtap@mphasis.com_124722_2020-08-13_665_.jpg,[],[],[]
93766_2020-07-17_320_.jpg,[],[],[]
89224_2020-07-14_3107_.jpg,[],[],[]
87239_2020-07-13_16940_.jpg,[],[],[]
Saher.Shanti@investbank.jo_investbank_proctordesk_hosted_1139_.jpg,[],[],[]
901_2162368_Imposter.jpg,[],[],[]
12151.jpg,[],[],[]
g_top_9799.jpg,[0.9535],"[[121, 0, 217, 28]]","[[122, 0, 218, 29]]"
497_2162177_Imposter.jpg,[],[],[]
98753_2020-07-22_4327_.jpg,[],[],[]
23334.jpg,[],[],[]
86917_2020-07-13_4980_.jpg,[],[],[]
96094_2020-07-20_4012_.jpg,[],[],[]
8482.jpg,[],[],[]
26576.jpg,[0.8645],"[[164, 43, 240, 206]]","[[164, 45, 239, 197]]"
2740_2165327_Imposter.jpg,[],[],[]
91706_2020-07-15_5513_.jpg,[],[],[]
1927_2164951_Multiple people.jpg,[],[],[]
73649_2020-06-15_545_.jpg,[],[],[]
fti_Bijoux.Ngwanda@fti-acuity.com_134516_2020-08-20_14879_.jpg,[],[],[]
23990.jpg,[0.7975],"[[94, 100, 142, 142]]","[[93, 101, 140, 144]]"
mphasis_Kummara.Ashokkumar@mphasis.com_128804_2020-08-17_2171_.jpg,[],[],[]
87160_2020-07-13_2127_.jpg,[],[],[]
1166_2163019_Mobile Camera.jpg,[],[],[]
184.jpg,[],[],[]
fti_Benjamin.Hodges@fti-acuity.com_134703_2020-08-20_18893_.jpg,[],[],[]
2062_2164994_Imposter.jpg,[],[],[]
mphasis_sudha.j@mphasis.com_132082_2020-08-19_7638_.jpg,[],[],[]
86374_2020-07-12_3611_.jpg,[0.9151],"[[133, 93, 195, 177]]","[[134, 92, 196, 179]]"
mphasis_Deepa.Acharya@mphasis.com_115909_2020-08-06_1332_.jpg,[],[],[]
1607_2163655_Imposter.jpg,[],[],[]
loretta.carroll@mphasis.com_mphasis_proctordesk_hosted_1780_.jpg,[],[],[]
19081.jpg,[],[],[]
9174.jpg,[],[],[]
9327.jpg,[],[],[]
15076.jpg,[],[],[]
9889.jpg,[0.8148],"[[184, 161, 208, 239]]","[[185, 162, 208, 240]]"
8213.jpg,[],[],[]
ana.iglesias@fti-acuity.com_fti_consulting_proctordesk_hosted_10701_.jpg,[],[],[]
93495_2020-07-17_4527_.jpg,[],[],[]
fti_June.Hsieh@fti-acuity.com_143736_2020-08-27_13215_.jpg,[],[],[]
fti_Alyssa.Mandel@fti-acuity.com_139417_2020-08-25_20357_.jpg,[],[],[]
26441.jpg,[0.8701],"[[144, 92, 230, 238]]","[[146, 92, 231, 240]]"
mphasis_Zameer.Darga@mphasis.com_120183_2020-08-10_4045_.jpg,[],[],[]
208_2162093_Imposter.jpg,[],[],[]
472_2162163_Mobile Camera.jpg,[],[],[]
g_top_112283.jpg,[0.9634],"[[97, 0, 194, 50]]","[[98, 0, 194, 51]]"
9921.jpg,[],[],[]
1550_2163597_Imposter.jpg,[],[],[]
fti_Yujian.Zhang@fti-acuity.com_140401_2020-08-25_20485_.jpg,[],[],[]
fti_onely.cairo-rodriguez@fti-acuity.com_144171_2020-08-27_15208_.jpg,[],[],[]
1496_2163502_Imposter.jpg,[],[],[]
2274_2165033_Imposter.jpg,[],[],[]
16650.jpg,[],[],[]
97798_2020-07-21_7360_.jpg,[],[],[]
mphasis_shubam.sharma@mphasis.com_115206_2020-08-05_4771_.jpg,[],[],[]
365.jpg,[],[],[]
2753_2165327_Imposter.jpg,[],[],[]
mphasis_Shireesha.Kolla@mphasis.com_121303_2020-08-10_10254_.jpg,[],[],[]
6429.jpg,[],[],[]
mphasis_pooja.shinde@mphasis.com_126977_2020-08-14_4336_.jpg,[],[],[]
2371_2165110_FVE - No Face Detected.jpg,[],[],[]
87184_2020-07-13_1203_.jpg,[],[],[]
87470_2020-07-13_14966_.jpg,[],[],[]
mphasis_rohit.thakre@mphasis.com_136007_2020-08-21_6153_.jpg,[],[],[]
1714_2163773_Imposter.jpg,[],[],[]
4451.jpg,[],[],[]
22128.jpg,[],[],[]
26434.jpg,[],[],[]
8092.jpg,[],[],[]
99559_2020-07-22_5287_.jpg,[],[],[]
fti_Michael.Graff@fti-acuity.com_142152_2020-08-26_14240_.jpg,[],[],[]
97007_2020-07-20_2293_.jpg,[],[],[]
2599_2165275_Imposter.jpg,[],[],[]
g_top_116163.jpg,[0.939],"[[159, 0, 320, 23]]","[[160, 0, 320, 24]]"
fti_Margaret.Pierre@fti-acuity.com_135186_2020-08-20_18558_.jpg,[0.8827],"[[74, 3, 117, 66]]","[[74, 5, 115, 66]]"
94138_2020-07-17_6017_.jpg,[],[],[]
405_2162129_Imposter.jpg,[],[],[]
728_2162304_Imposter.jpg,[],[],[]
103469_2020-07-27_3854_.jpg,[],[],[]
17527.jpg,[],[],[]
g_top_WIN_20210427_22_16_43_Pro10.jpg,[0.9288],"[[71, 0, 119, 19]]","[[72, 0, 120, 20]]"
23987.jpg,[],[],[]
89571_2020-07-15_2427_.jpg,[],[],[]
g_right_128106.jpg,[0.9423],"[[294, 89, 319, 153]]","[[294, 90, 320, 154]]"
108031_2020-07-30_3311_.jpg,[],[],[]
1024_2162492_Mobile Camera.jpg,[],[],[]
12724.jpg,[],[],[]
mphasis_simali.dhadbale@mphasis.com_127631_2020-08-14_8121_.jpg,[],[],[]
102492_2020-07-24_10612_.jpg,[],[],[]
96386_2020-07-20_2679_.jpg,[],[],[]
fti_Michael.Dyroff@fti-acuity.com_141822_2020-08-26_19289_.jpg,[],[],[]
8321.jpg,[],[],[]
14947.jpg,[],[],[]
2721_2165326_Imposter.jpg,[],[],[]
1082_2162604_FVE - No Face Detected.jpg,[],[],[]
2221_2165018_Mobile Camera.jpg,[0.8182],"[[94, 146, 130, 178]]","[[93, 146, 139, 180]]"
1942_2164955_Mobile Camera.jpg,[],[],[]
fti_Yi-Jen.Chang@fti-acuity.com_137460_2020-08-22_13892_.jpg,[],[],[]
mphasis_Sai.R01@mphasis.com_120255_2020-08-10_76_.jpg,[],[],[]
766_2162304_Imposter.jpg,[],[],[]
22601.jpg,[],[],[]
82649_2020-07-07_14959_.jpg,[],[],[]
96221_2020-07-20_2267_.jpg,[],[],[]
131.jpg,[],[],[]
onkar.kulkarni@mphasis.com_mphasis_proctordesk_hosted_254_.jpg,[],[],[]
22380.jpg,[],[],[]
2810_2165387_Imposter.jpg,[],[],[]
20649.jpg,[],[],[]
mphasis_Shobha.Kankanwadi@mphasis.com_111388_2020-08-02_1130_.jpg,[],[],[]
507_2162194_Imposter.jpg,[],[],[]
2595_2165275_Imposter.jpg,[],[],[]
1669.jpg,[],[],[]
20583.jpg,[],[],[]
187_2162083_Imposter.jpg,[],[],[]
7709.jpg,[],[],[]
2093_2164994_Imposter.jpg,[],[],[]
86009_2020-07-11_15260_.jpg,[],[],[]
fti_Andrew.Bresalier@fti-acuity.com_132436_2020-08-19_19038_.jpg,[0.846],"[[258, 81, 292, 129]]","[[257, 80, 292, 131]]"
96548_2020-07-20_9187_.jpg,[],[],[]
1248_2163240_Imposter.jpg,[],[],[]
95609_2020-07-19_18492_.jpg,[],[],[]
2121_2164995_Imposter.jpg,[],[],[]
mphasis_Manohar.Bhoj@mphasis.com_112259_2020-08-03_1397_.jpg,[],[],[]
21219.jpg,[],[],[]
1926.jpg,[],[],[]
g_left_9766.jpg,[0.9494],"[[0, 78, 25, 114]]","[[0, 79, 26, 114]]"
2297_2165060_Mobile Camera.jpg,[],[],[]
mphasis_padma.patrot@mphasis.com_113462_2020-08-04_10029_.jpg,[],[],[]
10939.jpg,[],[],[]
442_2162134_Mobile Camera.jpg,[0.8656],"[[9, 26, 126, 180]]","[[14, 29, 126, 180]]"
2652_2165275_Imposter.jpg,[],[],[]
394_2162129_Imposter.jpg,[],[],[]
25444.jpg,[0.8475],"[[55, 135, 162, 240]]","[[54, 135, 166, 239]]"
8185.jpg,[],[],[]
518.jpg,[],[],[]
17380.jpg,[],[],[]
dinesh.st@mphasis.com_mphasis_proctordesk_hosted_164_.jpg,[],[],[]
mphasis_Thirupathaiah.B@mphasis.com_139846_2020-08-25_3310_.jpg,[],[],[]
mphasis_gayathri.r1@mphasis.com_118145_2020-08-07_9314_.jpg,[],[],[]
94977_2020-07-18_8202_.jpg,[],[],[]
mphasis_Afreen.Mujawar@mphasis.com_140036_2020-08-25_3094_.jpg,[],[],[]
88036_2020-07-13_17857_.jpg,[0.909],"[[92, 58, 199, 116]]","[[93, 57, 200, 115]]"
10796.jpg,[],[],[]
106092_2020-07-29_19093_.jpg,[],[],[]
44311_2020-04-14_9793_.jpg,[],[],[]
18368.jpg,[],[],[]
93495_2020-07-17_4516_.jpg,[],[],[]
g_top_112348.jpg,[0.9584],"[[151, 0, 215, 29]]","[[151, 0, 215, 29]]"
g_top_11660.jpg,[0.9518],"[[160, 0, 317, 97]]","[[160, 0, 320, 97]]"
fti_Matthew.Daly@fti-acuity.com_128319_2020-08-16_15712_.jpg,[0.6785],"[[184, 109, 205, 146]]","[[186, 107, 206, 141]]"
1989.jpg,[],[],[]
2787_2165376_Mobile Camera.jpg,[],[],[]
1316_2163262_Mobile Camera.jpg,[0.8697],"[[149, 9, 207, 64]]","[[150, 10, 205, 64]]"
lalit.bonde@mphasis.com_mphasis_proctordesk_hosted_143_.jpg,[],[],[]
15315.jpg,[],[],[]
52296_2020-04-30_19211_.jpg,[0.8134],"[[136, 68, 207, 175]]","[[136, 68, 206, 172]]"
fti_harry.sherman@fti-acuity.com_147500_2020-08-31_14814_.jpg,[],[],[]
yujian.zhang@fti-acuity.com_fti_consulting_proctordesk_hosted_11717_.jpg,[],[],[]
800_2162304_Imposter.jpg,[],[],[]
mphasis_kavita.khandare@mphasis.com_140240_2020-08-25_3215_.jpg,[],[],[]
14364.jpg,[],[],[]
106841_2020-07-29_14379_.jpg,[],[],[]
2658_2165275_Imposter.jpg,[],[],[]
10111.jpg,[],[],[]
9800.jpg,[],[],[]
25439.jpg,[0.836],"[[220, 103, 316, 237]]","[[223, 102, 319, 185]]"
1911_2164945_Mobile Camera.jpg,[0.8993],"[[73, 79, 129, 152]]","[[73, 79, 129, 152]]"
11840.jpg,[],[],[]
101888_2020-07-24_14626_.jpg,[0.7989],"[[224, 133, 268, 174]]","[[223, 131, 269, 174]]"
15204.jpg,[],[],[]
98913_2020-07-22_8036_.jpg,[],[],[]
469_2162163_Mobile Camera.jpg,[],[],[]
1664_2163723_Mobile Camera.jpg,[0.7768],"[[286, 143, 319, 180]]","[[289, 144, 318, 172]]"
fti_Amina.Maddox@fti-acuity.com_138954_2020-08-24_12127_.jpg,[],[],[]
92894_2020-07-16_7308_.jpg,[],[],[]
mphasis_LORETTA.CARROLL@MPHASIS.COM_112901_2020-08-04_7779_.jpg,[],[],[]
269_2162108_Imposter.jpg,[],[],[]
2638_2165275_Imposter.jpg,[],[],[]
1270_2163243_Mobile Camera.jpg,[0.8872],"[[161, 102, 205, 178]]","[[161, 101, 206, 175]]"
61275_2020-05-18_18202_.jpg,[],[],[]
631.jpg,[],[],[]
fti_carolee.byrley@fti-acuity.com_129372_2020-08-17_14463_.jpg,[],[],[]
mphasis_md.kausar@mphasis.com_117443_2020-08-06_3991_.jpg,[],[],[]
11448.jpg,[],[],[]
fti_Rodney.Nutt@fti-acuity.com_129195_2020-08-17_16570_.jpg,[0.7846],"[[103, 155, 150, 210]]","[[102, 157, 149, 205]]"
18802.jpg,[],[],[]
1520_2163560_Mobile Camera.jpg,[0.4808],"[[250, 82, 281, 151]]","[[253, 81, 282, 149]]"
702_2162304_Imposter.jpg,[],[],[]
746_2162304_Imposter.jpg,[],[],[]
14135.jpg,[],[],[]
2234_2165025_Mobile Camera.jpg,[],[],[]
68708_2020-06-03_18063_.jpg,[],[],[]
305_2162117_Imposter.jpg,[],[],[]
18622.jpg,[],[],[]
1876_2164929_Mobile Camera.jpg,[],[],[]
mphasis_jaini.navya@mphasis.com_116773_2020-08-06_10458_.jpg,[],[],[]
g_top_97266.jpg,[0.9465],"[[156, 0, 253, 27]]","[[157, 0, 253, 28]]"
23109.jpg,[],[],[]
mphasis_Ganesh.Auti@mphasis.com_126897_2020-08-14_2877_.jpg,[],[],[]
96574_2020-07-20_13015_.jpg,[],[],[]
87759_2020-07-13_13054_.jpg,[0.4493],"[[179, 100, 203, 134]]",[]
mphasis_Sunny.Thakur@mphasis.com_133317_2020-08-19_1635_.jpg,[],[],[]
27732.jpg,[0.8972],"[[210, 109, 310, 179]]","[[211, 110, 309, 180]]"
121_2162065_Multiple people.jpg,[],[],[]
2628_2165275_Imposter.jpg,[],[],[]
g_left_12833.jpg,[0.9563],"[[0, 113, 38, 176]]","[[0, 113, 39, 176]]"
mphasis_md.kausar@mphasis.com_114242_2020-08-04_3921_.jpg,[],[],[]
101640_2020-07-24_606_.jpg,[],[],[]
mphasis_sijo.mathew@mphasis.com_115053_2020-08-05_11021_.jpg,[],[],[]
21532.jpg,[],[],[]
43_2162050_Imposter.jpg,[],[],[]
fti_Becky.Bi@fti-acuity.com_147085_2020-08-31_15187_.jpg,[],[],[]
pradeep.r@mphasis.com_mphasis_proctordesk_hosted_863_.jpg,[],[],[]
Wieslaw.Rowniewski@fti-acuity.com_fti_consulting_proctordesk_hosted_15487_.jpg,[],[],[]
2032_2164987_Mobile Camera.jpg,[],[],[]
11517.jpg,[],[],[]
2162.jpg,[],[],[]
2528_2165263_Imposter.jpg,[],[],[]
263_2162108_Imposter.jpg,[],[],[]
26428.jpg,[],[],[]
91084_2020-07-15_8183_.jpg,[],[],[]
concentrix_Bhargava@aetna.com_142998_2020-08-27_21148_.jpg,[],[],[]
97617_2020-07-21_8728_.jpg,[],[],[]
mphasis_gurpreet.kaur@mphasis.com_129939_2020-08-17_569_.jpg,[],[],[]
fti_Yajing.Di@fti-acuity.com_143593_2020-08-27_15148_.jpg,[],[],[]
52_2162050_Imposter.jpg,[],[],[]
mphasis_Manohar.Bhoj@mphasis.com_113899_2020-08-04_1473_.jpg,[],[],[]
15216.jpg,[0.8497],"[[185, 168, 211, 240]]","[[185, 170, 211, 240]]"
1753_2164196_FVE - No Face Detected.jpg,[],[],[]
fti_Juan.Alexander@fti-acuity.com_135020_2020-08-20_13943_.jpg,[],[],[]
176_2162083_Imposter.jpg,[],[],[]
143_2162067_Imposter.jpg,[],[],[]
100070_2020-07-23_19046_.jpg,[],[],[]
88526_2020-07-14_17334_.jpg,[],[],[]
fti_carolee.byrley@fti-acuity.com_147187_2020-08-31_14534_.jpg,[],[],[]
steven.ekechuku@fti-acuity.com_fti_consulting_proctordesk_hosted_20448_.jpg,[],[],[]
102878_2020-07-25_18870_.jpg,[],[],[]
89936_2020-07-14_8905_.jpg,[],[],[]
concentrix_patchanok.yangtisan@concentrix.com_133787_2020-08-20_21635_.jpg,[],[],[]
1619_2163655_Imposter.jpg,[],[],[]
1327_2163276_Imposter.jpg,[],[],[]
1665_2163723_Mobile Camera.jpg,[],[],[]
45168_2020-04-15_9598_.jpg,[],[],[]
88542_2020-07-14_7969_.jpg,[],[],[]
1593_2163635_Mobile Camera.jpg,[0.259],"[[201, 139, 212, 177]]",[]
11449.jpg,[],[],[]
105524_2020-07-28_11027_.jpg,[],[],[]
1388_2163380_Imposter.jpg,[],[],[]
20307.jpg,[],[],[]
2224_2165018_Mobile Camera.jpg,[0.8199],"[[77, 123, 103, 161]]","[[77, 123, 105, 162]]"
14619.jpg,[],[],[]
g_right_38103.jpg,[0.9509],"[[268, 108, 320, 203]]","[[269, 108, 320, 204]]"
1104_2162707_Imposter.jpg,[],[],[]
1476_2163473_Imposter.jpg,[],[],[]
1280_2163250_Imposter.jpg,[],[],[]
40_2162050_Imposter.jpg,[],[],[]
mphasis_snehal.deshpande@mphasis.com_139868_2020-08-25_6028_.jpg,[],[],[]
mphasis_neeraja.x@mphasis.com_121284_2020-08-10_9663_.jpg,[],[],[]
93099_2020-07-16_6265_.jpg,[],[],[]
fti_Rodney.Nutt@fti-acuity.com_132847_2020-08-19_16598_.jpg,[],[],[]
755_2162304_Imposter.jpg,[],[],[]
98920_2020-07-22_7234_.jpg,[],[],[]
2524_2165263_Imposter.jpg,[],[],[]
mphasis_jaini.navya@mphasis.com_112932_2020-08-03_10452_.jpg,[],[],[]
137_2162065_Imposter.jpg,[],[],[]
1313_2163262_Imposter.jpg,[],[],[]
fti_Keith.Manson@fti-acuity.com_135299_2020-08-20_19363_.jpg,[0.8478],"[[209, 92, 278, 167]]","[[210, 92, 278, 162]]"
santhosh.n1@concentrix.com_concentrix_proctordesk_hosted_concentrix_proctordesk_hosted_santhosh.n1@concentrix.com_83175_2987_.jpg,[],[],[]
717.jpg,[],[],[]
2500_2165263_Imposter.jpg,[],[],[]
9003.jpg,[0.7814],"[[201, 176, 222, 239]]","[[201, 177, 222, 240]]"
mphasis_MANISHA.TODKAR@MPHASIS.COM_118403_2020-08-07_7339_.jpg,[],[],[]
mphasis_Shireesha.Kolla@mphasis.com_121303_2020-08-10_10294_.jpg,[],[],[]
mphasis_Kummara.Ashokkumar@mphasis.com_139770_2020-08-25_2179_.jpg,[],[],[]
James.Coffey@fti-acuity.com_fti_consulting_proctordesk_hosted_15456_.jpg,[],[],[]
mphasis_GABRIEL.SANTHOSH@MPHASIS.COM_112373_2020-08-03_3635_.jpg,[],[],[]
16544.jpg,[0.8578],"[[169, 178, 196, 239]]","[[167, 179, 196, 240]]"
concentrix_sumits@aetna.com_117901_2020-08-07_21304_.jpg,[],[],[]
1764_2164601_Imposter.jpg,[],[],[]
93681_2020-07-17_4003_.jpg,[],[],[]
mphasis_naveen.m@mphasis.com_127210_2020-08-14_4351_.jpg,[],[],[]
639_2162288_Imposter.jpg,[],[],[]
fti_Joann.Ko@fti-acuity.com_140745_2020-08-25_13145_.jpg,[],[],[]
951_2162433_Mobile Camera.jpg,[],[],[]
9439.jpg,[],[],[]
24457.jpg,[0.8762],"[[245, 69, 287, 137]]","[[245, 69, 288, 135]]"
100655_2020-07-23_8038_.jpg,[0.7969],"[[128, 70, 199, 148]]","[[127, 69, 199, 148]]"
3614.jpg,[0.9209],"[[98, 114, 174, 180]]","[[98, 114, 173, 179]]"
mphasis_Ramesh.Chavan@mphasis.com_139928_2020-08-25_6474_.jpg,[],[],[]
91706_2020-07-15_5514_.jpg,[],[],[]
756_2162304_Imposter.jpg,[],[],[]
55552_2020-05-06_18299_.jpg,[],[],[]
mphasis_Raghava.Poojary@mphasis.com_140063_2020-08-25_2884_.jpg,[],[],[]
fti_harry.sherman@fti-acuity.com_140841_2020-08-25_14791_.jpg,[],[],[]
145_2162067_Mobile Camera.jpg,[],[],[]
159_2162072_Imposter.jpg,[],[],[]
1001_2162483_Imposter.jpg,[],[],[]
fti_Kelly.Fessler@fti-acuity.com_130991_2020-08-18_18041_.jpg,[],[],[]
1174_2163030_Mobile Camera.jpg,[0.8646],"[[111, 138, 143, 179]]","[[112, 139, 143, 160]]"
22683.jpg,[],[],[]
2596_2165275_Imposter.jpg,[],[],[]
2767_2165373_Imposter.jpg,[],[],[]
14682.jpg,[],[],[]
1641_2163681_Imposter.jpg,[],[],[]
87831_2020-07-13_5562_.jpg,[],[],[]
98920_2020-07-22_7245_.jpg,[],[],[]
mphasis_jaini.navya@mphasis.com_132666_2020-08-19_10481_.jpg,[],[],[]
1957_2164956_Mobile Camera.jpg,[],[],[]
23169.jpg,[],[],[]
9183.jpg,[],[],[]
2809_2165386_Imposter.jpg,[],[],[]
777_2162304_Imposter.jpg,[],[],[]
mphasis_shivagouda.patil@mphasis.com_127235_2020-08-14_937_.jpg,[],[],[]
45_2162050_Imposter.jpg,[],[],[]
10844.jpg,[],[],[]
mphasis_Ayaj.Attar@mphasis.com_112245_2020-08-03_2094_.jpg,[],[],[]
107898_2020-07-30_4492_.jpg,[],[],[]
601.jpg,[],[],[]
1951_2164956_Imposter.jpg,[],[],[]
65174_2020-05-27_18430_.jpg,[],[],[]
647_2162291_Mobile Camera.jpg,[],[],[]
12826.jpg,[],[],[]
11361.jpg,[],[],[]
75364_2020-06-19_503_.jpg,[],[],[]
13659.jpg,[],[],[]
1108_2162762_Multiple people.jpg,[],[],[]
1436_2163420_FVE - No Face Detected.jpg,[],[],[]
1522_2163563_Imposter.jpg,[],[],[]
9661.jpg,[],[],[]
2218_2165015_FVE - No Face Detected.jpg,[],[],[]
g_right_12371.jpg,[0.9512],"[[280, 120, 319, 193]]","[[281, 121, 320, 193]]"
10806.jpg,[],[],[]
27367.jpg,[0.8869],"[[163, 104, 206, 175]]","[[166, 105, 207, 170]]"
sushmita.mesta@mphasis.com_mphasis_proctordesk_hosted_986_.jpg,[],[],[]
12953.jpg,[],[],[]
10078.jpg,[],[],[]
88808_2020-07-14_17097_.jpg,[],[],[]
2369_2165106_Imposter.jpg,[],[],[]
2792_2165386_FVE - No Face Detected.jpg,[],[],[]
1583_2163632_Imposter.jpg,[],[],[]
99693_2020-07-22_3532_.jpg,[],[],[]
14307.jpg,[],[],[]
2425_2165189_Mobile Camera.jpg,[0.2992],"[[265, 151, 304, 180]]","[[271, 153, 306, 180]]"
1437_2163432_Mobile Camera.jpg,[0.7564],"[[231, 102, 279, 139]]","[[226, 102, 280, 144]]"
1558_2163597_Imposter.jpg,[],[],[]
12466.jpg,[],[],[]
Saher.Shanti@investbank.jo_investbank_proctordesk_hosted_1141_.jpg,[],[],[]
4697.jpg,[],[],[]
poonam.kalbende@mphasis.com_mphasis_proctordesk_hosted_787_.jpg,[],[],[]
fti_Joseph.Garcia@fti-acuity.com_143847_2020-08-27_13665_.jpg,[],[],[]
fti_Rocquelle.Jeri@fti-acuity.com_143733_2020-08-27_19320_.jpg,[],[],[]
20003.jpg,[],[],[]
10342.jpg,[],[],[]
95255_2020-07-17_10549_.jpg,[],[],[]
fti_Ingrid.Rosario@fti-acuity.com_129535_2020-08-17_13525_.jpg,[],[],[]
1088.jpg,[],[],[]
90472_2020-07-15_6353_.jpg,[],[],[]
21896.jpg,[],[],[]
mphasis_Ashish.Prabhakar01@mphasis.com_128881_2020-08-17_1713_.jpg,[],[],[]
19467.jpg,[],[],[]
668_2162304_Imposter.jpg,[],[],[]
85182_2020-07-10_15259_.jpg,[],[],[]
mphasis_md.kausar@mphasis.com_112774_2020-08-03_3900_.jpg,[],[],[]
20341.jpg,[],[],[]
16138.jpg,[],[],[]
mphasis_joythi.naik@mphasis.com_126767_2020-08-14_9446_.jpg,[],[],[]
320.jpg,[],[],[]
mphasis_Pravin.Durole@mphasis.com_130826_2020-08-18_1251_.jpg,[],[],[]
1120.jpg,[],[],[]
25339.jpg,[],[],[]
fti_Harmon.Fields@fti-acuity.com_137748_2020-08-23_16337_.jpg,[],[],[]
2398_2165161_FVE - No Face Detected.jpg,[],[],[]
1749_2164152_Imposter.jpg,[],[],[]
2020_2164976_Mobile Camera.jpg,[0.4496],"[[186, 148, 230, 179]]",[]
Robert.Genovese@fti-acuity.com_fti_consulting_proctordesk_hosted_15796_.jpg,[],[],[]
1305.jpg,[],[],[]
g_top_216269.jpg,[0.9647],"[[55, 0, 108, 86]]","[[54, 0, 108, 87]]"
15878.jpg,[],[],[]
Dania.Arencibia@fti-acuity.com_fti_consulting_proctordesk_hosted_7002_.jpg,[0.7637],"[[112, 143, 182, 194]]","[[117, 143, 181, 192]]"
fti_lloyd.mcclelland@fti-acuity.com_136361_2020-08-21_13354_.jpg,[],[],[]
309_2162120_Mobile Camera.jpg,[0.7139],"[[207, 139, 254, 177]]","[[192, 140, 252, 180]]"
18262.jpg,[],[],[]
2026_2164978_FVE - No Face Detected.jpg,[],[],[]
mphasis_mahiboobsab.gorakal@mphasis.com_134719_2020-08-20_5773_.jpg,[],[],[]
mphasis_jagathai.adilakshmi@mphasis.com_118334_2020-08-07_9290_.jpg,[],[],[]
908_2162368_Mobile Camera.jpg,[],[],[]
mphasis_Gayathri.L02@mphasis.com_122021_2020-08-11_8438_.jpg,[],[],[]
23222.jpg,[],[],[]
20593.jpg,[],[],[]
manikandan.v1@mphasis.com_mphasis_proctordesk_hosted_792_.jpg,[],[],[]
26481.jpg,[0.9076],"[[179, 107, 237, 179]]","[[180, 108, 237, 178]]"
1564_2163607_Imposter.jpg,[],[],[]
fti_Aaron.Kesser@fti-acuity.com_132808_2020-08-19_17916_.jpg,[],[],[]
mphasis_manikandan.v1@mphasis.com_120539_2020-08-10_5086_.jpg,[0.3064],"[[305, 163, 320, 237]]",[]
11142.jpg,[],[],[]
mphasis_Sachin.Jaiswal@mphasis.com_135745_2020-08-21_10634_.jpg,[],[],[]
21578.jpg,[],[],[]
2601_2165275_Imposter.jpg,[],[],[]
96615_2020-07-20_14026_.jpg,[],[],[]
mphasis_mamata.shyabalad@mphasis.com_126660_2020-08-14_10181_.jpg,[],[],[]
1956_2164956_Mobile Camera.jpg,[],[],[]
18937.jpg,[],[],[]
mphasis_pooja.x2@mphasis.com_126773_2020-08-14_3768_.jpg,[],[],[]
mphasis_Ashish.Prabhakar01@mphasis.com_111856_2020-08-03_1669_.jpg,[],[],[]
104097_2020-07-27_14368_.jpg,[0.8212],"[[193, 145, 289, 223]]","[[191, 144, 288, 221]]"
991_2162481_Imposter.jpg,[],[],[]
80418_2020-07-02_15588_.jpg,[],[],[]
1170_2163030_Mobile Camera.jpg,[0.8075],"[[247, 137, 281, 178]]","[[250, 137, 281, 170]]"
2359_2165100_Mobile Camera.jpg,[0.812],"[[233, 124, 272, 179]]",[]
mphasis_sunni.khan@mphasis.com_132055_2020-08-19_6397_.jpg,[],[],[]
1400_2163380_Imposter.jpg,[],[],[]
89429_2020-07-14_7652_.jpg,[],[],[]
104001_2020-07-27_16251_.jpg,[],[],[]
22750.jpg,[],[],[]
80316_2020-07-02_12230_.jpg,[],[],[]
2428_2165189_Mobile Camera.jpg,"[0.6789, 0.3087]","[[185, 157, 219, 179], [131, 0, 319, 12]]","[[188, 155, 219, 179]]"
21847.jpg,[],[],[]
fti_Vanessa.Uphoff@fti-acuity.com_129274_2020-08-17_20063_.jpg,[],[],[]
fti_Jayme.Coleman@fti-acuity.com_134313_2020-08-20_14573_.jpg,[],[],[]
17882.jpg,[],[],[]
mphasis_kavita.khandare@mphasis.com_140240_2020-08-25_3179_.jpg,[],[],[]
concentrix_waranya.phanphai1@concentrix.com_135451_2020-08-21_21724_.jpg,[],[],[]
44479_2020-04-14_217_.jpg,[],[],[]
18490.jpg,[],[],[]
22572.jpg,[],[],[]
2011_2164976_Imposter.jpg,[],[],[]
101481_2020-07-24_18925_.jpg,[],[],[]
10480.jpg,[],[],[]
12821.jpg,[],[],[]
mphasis_aishabegaum.b@mphasis.com_124324_2020-08-12_11032_.jpg,[],[],[]
mphasis_rahib.makandar@mphasis.com_135899_2020-08-21_8780_.jpg,[],[],[]
284_2162115_Mobile Camera.jpg,[],[],[]
1081_2162604_Imposter.jpg,[],[],[]
44970_2020-04-15_9661_.jpg,[],[],[]
55658_2020-05-06_19301_.jpg,[0.9309],"[[26, 71, 258, 238]]","[[30, 71, 266, 240]]"
mphasis_shivagouda.patil@mphasis.com_144012_2020-08-27_1004_.jpg,[],[],[]
mphasis_Pravin.Durole@mphasis.com_123177_2020-08-12_1247_.jpg,[],[],[]
2227_2165018_Multiple people.jpg,[],[],[]
872_2162335_Imposter.jpg,[],[],[]
mphasis_Sanket.Pawar@mphasis.com_121664_2020-08-11_259_.jpg,[],[],[]
7173.jpg,[0.8282],"[[236, 176, 266, 209]]","[[236, 177, 267, 209]]"
14921.jpg,[0.6587],"[[96, 185, 111, 240]]","[[97, 186, 109, 239]]"
92931_2020-07-16_3614_.jpg,[],[],[]
fti_Michele.Riley@fti-acuity.com_135275_2020-08-20_18608_.jpg,[],[],[]
750_2162304_Imposter.jpg,[],[],[]
17924.jpg,[],[],[]
97650_2020-07-21_1024_.jpg,[],[],[]
15028.jpg,[],[],[]
mphasis_Sudhir.Salve@mphasis.com_138057_2020-08-24_2864_.jpg,[],[],[]
102458_2020-07-24_7407_.jpg,[],[],[]
92683_2020-07-16_8506_.jpg,[],[],[]
844_2162324_Imposter.jpg,[],[],[]
760_2162304_Imposter.jpg,[],[],[]
10297.jpg,[],[],[]
1460_2163460_Imposter.jpg,[],[],[]
22578.jpg,[],[],[]
16197.jpg,[],[],[]
2036_2164987_Imposter.jpg,[],[],[]
1867_2164915_Mobile Camera.jpg,[0.2786],"[[29, 63, 72, 117]]",[]
90783_2020-07-15_7153_.jpg,[],[],[]
g_top_1367.jpg,[0.9531],"[[192, 0, 313, 32]]","[[193, 0, 313, 32]]"
mphasis_joythi.naik@mphasis.com_136157_2020-08-21_9468_.jpg,[],[],[]
mphasis_Akshay.Shah@mphasis.com_114179_2020-08-04_9999_.jpg,[],[],[]
17547.jpg,[],[],[]
2306_2165084_Imposter.jpg,[],[],[]
g_top_43274.jpg,[0.9557],"[[97, 0, 193, 32]]","[[98, 0, 194, 33]]"
shekhalal.c@mphasis.com_mphasis_proctordesk_hosted_262_.jpg,[],[],[]
87314_2020-07-13_12050_.jpg,[],[],[]
fti_Michael.Cohen@fti-acuity.com_127882_2020-08-15_17804_.jpg,[],[],[]
22794.jpg,[],[],[]
135_2162065_Imposter.jpg,[],[],[]
48217_2020-04-22_9406_.jpg,[0.9044],"[[103, 151, 206, 239]]","[[103, 153, 206, 240]]"
1929_2164953_Imposter.jpg,[],[],[]
1488_2163502_Mobile Camera.jpg,[],[],[]
95152_2020-07-17_7316_.jpg,[],[],[]
101991_2020-07-24_4857_.jpg,[],[],[]
544_2162224_Imposter.jpg,[],[],[]
100187_2020-07-23_3843_.jpg,[],[],[]
936_2162410_Mobile Camera.jpg,[0.8063],"[[197, 111, 244, 173]]","[[206, 112, 243, 145]]"
mphasis_Bhushan.Jadhav02@mphasis.com_126518_2020-08-14_6548_.jpg,[],[],[]
mphasis_Shashikant.Ware@mphasis.com_112840_2020-08-04_1825_.jpg,[],[],[]
2798_2165386_Imposter.jpg,[],[],[]
2037_2164987_Imposter.jpg,[],[],[]
24276.jpg,[0.9247],"[[174, 134, 285, 179]]","[[175, 135, 285, 180]]"
26185.jpg,[0.8097],"[[204, 175, 247, 221]]","[[206, 176, 247, 213]]"
100663_2020-07-23_11296_.jpg,[],[],[]
g_left_136127.jpg,[0.9601],"[[0, 81, 36, 146]]","[[0, 81, 36, 146]]"
fti_carolee.byrley@fti-acuity.com_129372_2020-08-17_14459_.jpg,[],[],[]
mphasis_Deepa.Acharya@mphasis.com_112735_2020-08-03_1269_.jpg,[],[],[]
g_top_WIN_20210427_22_16_35_Pro204.jpg,[0.9586],"[[189, 0, 285, 50]]","[[190, 0, 286, 51]]"
mphasis_Lalit.Bonde@mphasis.com_143215_2020-08-27_4592_.jpg,[],[],[]
94859_2020-07-17_13599_.jpg,"[0.5447, 0.4969]","[[206, 90, 224, 170], [207, 108, 225, 168]]","[[209, 98, 226, 168]]"
59071_2020-05-13_18194_.jpg,[0.8929],"[[180, 185, 228, 239]]","[[180, 185, 227, 234]]"
89558_2020-07-14_6492_.jpg,[],[],[]
22866.jpg,[],[],[]
105181_2020-07-28_13449_.jpg,[],[],[]
2612_2165275_Imposter.jpg,[],[],[]
588_2162276_Imposter.jpg,[],[],[]
2057_2164993_Mobile Camera.jpg,[0.3233],"[[155, 119, 199, 167]]",[]
797_2162304_Imposter.jpg,[],[],[]
100050_2020-07-23_18814_.jpg,[],[],[]
mphasis_SHREYAS.JOSHI@MPHASIS.COM_142482_2020-08-26_4388_.jpg,[],[],[]
192_2162083_Imposter.jpg,[],[],[]
725_2162304_Imposter.jpg,[],[],[]
mphasis_Kummara.Ashokkumar@mphasis.com_139770_2020-08-25_2207_.jpg,[],[],[]
103492_2020-07-27_19057_.jpg,[],[],[]
10277.jpg,[],[],[]
fti_Maibel.Reyes@fti-acuity.com_131374_2020-08-18_18784_.jpg,"[0.4527, 0.3638, 0.3603]","[[215, 100, 257, 226], [213, 131, 240, 236], [221, 107, 263, 219]]","[[212, 108, 267, 239]]"
fti_Rodney.Nutt@fti-acuity.com_130265_2020-08-17_16575_.jpg,[],[],[]
658_2162301_Mobile Camera.jpg,[0.698],"[[95, 164, 200, 180]]","[[93, 165, 197, 180]]"
89032_2020-07-14_9154_.jpg,[],[],[]
96488_2020-07-20_16238_.jpg,[],[],[]
221_2162093_Mobile Camera.jpg,[0.3184],"[[0, 131, 57, 180]]","[[1, 144, 56, 180]]"
mphasis_sudha.j@mphasis.com_132082_2020-08-19_7639_.jpg,[],[],[]
mphasis_Sachin.Jaiswal@mphasis.com_135745_2020-08-21_10642_.jpg,[],[],[]
2042_2164992_Imposter.jpg,[],[],[]
12791.jpg,[],[],[]
96402_2020-07-20_16947_.jpg,[],[],[]
fti_Michele.Riley@fti-acuity.com_129620_2020-08-17_18595_.jpg,[0.2723],"[[60, 196, 207, 239]]",[]
92667_2020-07-16_9950_.jpg,[],[],[]
21887.jpg,[],[],[]
88562_2020-07-14_9068_.jpg,[],[],[]
g_top_104144.jpg,[0.9481],"[[234, 0, 282, 20]]","[[235, 0, 283, 20]]"
mphasis_kumar.mang@mphasis.com_130666_2020-08-18_9885_.jpg,[],[],[]
mphasis_sudha.j@mphasis.com_141368_2020-08-26_7655_.jpg,[],[],[]
mphasis_simali.dhadbale@mphasis.com_127631_2020-08-14_8123_.jpg,[],[],[]
rubina.khan@mphasis.com_mphasis_proctordesk_hosted_665_.jpg,[],[],[]
1023_2162492_Imposter.jpg,[],[],[]
1443_2163443_Imposter.jpg,[],[],[]
96500_2020-07-20_13551_.jpg,[],[],[]
8579.jpg,[],[],[]
mphasis_shekhalal.c@mphasis.com_114282_2020-08-04_2925_.jpg,[],[],[]
23653.jpg,[],[],[]
2509_2165263_Imposter.jpg,[],[],[]
453.jpg,[],[],[]
20351.jpg,[],[],[]
concentrix_mythri.m@concentrix.com_113167_2020-08-04_21381_.jpg,[],[],[]
87220_2020-07-13_5078_.jpg,[],[],[]
fti_Ernest.Fu@fti-acuity.com_129502_2020-08-17_15839_.jpg,[0.8806],"[[195, 171, 302, 240]]","[[203, 171, 304, 239]]"
94004_2020-07-17_4646_.jpg,[],[],[]
752.jpg,[0.7734],"[[216, 132, 237, 151]]","[[218, 132, 237, 152]]"
103139_2020-07-26_19085_.jpg,[],[],[]
1031_2162503_Imposter.jpg,[],[],[]
sudha.j@mphasis.com_mphasis_proctordesk_hosted_1681_.jpg,[],[],[]
628.jpg,[],[],[]
656_2162297_Imposter.jpg,[],[],[]
8178.jpg,[],[],[]
1915_2164945_FVE - No Face Detected.jpg,[],[],[]
14688.jpg,[0.2932],"[[199, 206, 228, 239]]",[]
2471_2165261_Mobile Camera.jpg,[0.7402],"[[180, 139, 224, 161]]","[[180, 139, 224, 161]]"
102417_2020-07-24_1928_.jpg,[],[],[]
98190_2020-07-21_1739_.jpg,[],[],[]
mphasis_priya.jagtap@mphasis.com_134273_2020-08-20_4630_.jpg,[],[],[]
fti_Yanqiu.Li@fti-acuity.com_134413_2020-08-21_14635_.jpg,[],[],[]
11010.jpg,[],[],[]
224_2162093_Imposter.jpg,[],[],[]
981_2162472_FVE - No Face Detected.jpg,[],[],[]
15656.jpg,[],[],[]
1428_2163413_FVE - No Face Detected.jpg,[],[],"[[213, 218, 258, 240]]"
780_2162304_Imposter.jpg,[],[],[]
102140_2020-07-24_5645_.jpg,[],[],[]
27742.jpg,[0.8493],"[[0, 132, 79, 232]]","[[1, 131, 79, 213]]"
1155_2162985_Imposter.jpg,[],[],[]
44959_2020-04-15_9291_.jpg,[],[],[]
mphasis_mounika.s@mphasis.com_132993_2020-08-19_201_.jpg,[],[],[]
1997_2164972_Mobile Camera.jpg,[0.7172],"[[203, 63, 230, 112]]","[[200, 62, 229, 110]]"
18008.jpg,[],[],[]
concentrix_PATAN.BABA@concentrix.com_111402_2020-08-02_21913_.jpg,[],[],[]
10713.jpg,[],[],[]
42949_2020-04-10_19373_.jpg,[0.69],"[[100, 119, 140, 229]]","[[108, 110, 140, 225]]"
100322_2020-07-23_5585_.jpg,[],[],[]
mphasis_joythi.naik@mphasis.com_136157_2020-08-21_9475_.jpg,[],[],[]
94286_2020-07-17_8636_.jpg,[],[],[]
520_2162216_Mobile Camera.jpg,[0.8924],"[[78, 93, 125, 145]]","[[77, 92, 126, 147]]"
100037_2020-07-23_18992_.jpg,[],[],[]
fti_Everett.Neely@fti-acuity.com_136892_2020-08-21_18247_.jpg,[],[],[]
335_2162123_Imposter.jpg,[],[],[]
12201.jpg,[0.9082],"[[131, 149, 239, 196]]","[[132, 149, 239, 192]]"
1656_2163708_Mobile Camera.jpg,[0.8878],"[[53, 121, 124, 179]]",[]
11483.jpg,"[0.6848, 0.5137]","[[191, 117, 239, 173], [192, 117, 279, 173]]","[[191, 97, 281, 172]]"
2286_2165053_Imposter.jpg,[],[],[]
8892.jpg,[],[],[]
fti_Bijoux.Ngwanda@fti-acuity.com_146927_2020-08-31_14904_.jpg,[],[],[]
mphasis_daliza.m@mphasis.com_138648_2020-08-24_9396_.jpg,[],[],[]
fti_Martin.Belkin@fti-acuity.com_128367_2020-08-16_13581_.jpg,[],[],[]
9614.jpg,[],[],[]
2231_2165018_Mobile Camera.jpg,[0.3802],"[[12, 118, 30, 145]]","[[13, 117, 29, 143]]"
9994.jpg,[],[],[]
13906.jpg,[],[],[]
mphasis_keerthana.s2@mphasis.com_115191_2020-08-05_5720_.jpg,[],[],[]
mphasis_md.kausar@mphasis.com_115874_2020-08-05_3938_.jpg,[],[],[]
mphasis_joythi.naik@mphasis.com_126767_2020-08-14_9438_.jpg,[],[],[]
Maureen.OConnor@fti-acuity.com_fti_consulting_proctordesk_hosted_3343_.jpg,[0.8061],"[[140, 172, 201, 239]]","[[148, 170, 202, 240]]"
16673.jpg,[],[],[]
14825.jpg,[],[],[]
fti_Gwendolyn.Jackson@fti-acuity.com_144967_2020-08-28_12621_.jpg,[],[],[]
23865.jpg,[],[],[]
403.jpg,[],[],[]
2052_2164993_Imposter.jpg,[],[],[]
107114_2020-07-29_2421_.jpg,[],[],[]
2782_2165373_Imposter.jpg,[],[],[]
2643_2165275_Imposter.jpg,[],[],[]
91144_2020-07-15_10296_.jpg,[],[],[]
1030.jpg,[],[],[]
941_2162410_Mobile Camera.jpg,[0.7538],"[[161, 136, 185, 167]]","[[162, 136, 185, 158]]"
1910_2164945_Imposter.jpg,[],[],[]
9539.jpg,[],[],[]
1498_2163503_Mobile Camera.jpg,[],[],[]
mphasis_megha.jadhav@mphasis.com_136757_2020-08-21_10793_.jpg,[],[],[]
1260.jpg,[],[],[]
pavan.an@mphasis.com_mphasis_proctordesk_hosted_347_.jpg,[],[],[]
17224.jpg,[],[],[]
mphasis_Satish.Kv01@mphasis.com_131739_2020-08-18_5655_.jpg,[],[],[]
1653_2163700_Imposter.jpg,[],[],[]
fti_Charles.Loesner@fti-acuity.com_136461_2020-08-21_17003_.jpg,[],[],[]
2813_2165387_Imposter.jpg,[],[],[]
2684_2165285_Mobile Camera.jpg,[],[],[]
48178_2020-04-22_9208_.jpg,[0.8611],"[[10, 56, 65, 143]]","[[10, 56, 67, 135]]"
fti_Chan.Park@fti-acuity.com_145088_2020-08-28_17331_.jpg,[],[],[]
mukesh.chaure@mphasis.com_mphasis_proctordesk_hosted_1018_.jpg,[],[],[]
2492_2165263_Imposter.jpg,[],[],[]
397_2162129_Imposter.jpg,[],[],[]
mphasis_Gayathri.L02@mphasis.com_134376_2020-08-20_8457_.jpg,[],[],[]
59999_2020-05-15_18350_.jpg,[],[],[]
99312_2020-07-22_11316_.jpg,[],[],[]
fti_Doreen.Nanda@fti-acuity.com_145362_2020-08-28_13127_.jpg,[],[],[]
97798_2020-07-21_7346_.jpg,[],[],[]
mphasis_chandraprabha.m@mphasis.com_120731_2020-08-10_2055_.jpg,[],[],[]
fti_colin.dixon@fti-acuity.com_128107_2020-08-15_12898_.jpg,[],[],[]
mphasis_vinutha.s@mphasis.com_120821_2020-08-10_6896_.jpg,[],[],[]
22925.jpg,[],[],[]
103894_2020-07-27_15041_.jpg,[],[],[]
620.jpg,[],[],[]
concentrix_tanawat.thongnuch@concentrix.com_129805_2020-08-17_21748_.jpg,[],[],[]
2336_2165088_FVE - No Face Detected.jpg,[],[],[]
86905_2020-07-13_552_.jpg,[],[],[]
1687_2163741_Imposter.jpg,[],[],[]
g_top_10415.jpg,[0.9507],"[[131, 0, 250, 47]]","[[131, 0, 251, 48]]"
1224_2163140_Imposter.jpg,[],[],[]
2482_2165263_Imposter.jpg,[],[],[]
2488_2165263_Imposter.jpg,[],[],[]
mphasis_Deepa.Acharya@mphasis.com_114284_2020-08-04_1309_.jpg,[],[],[]
95402_2020-07-18_18898_.jpg,[0.9334],"[[73, 105, 161, 179]]","[[74, 105, 161, 180]]"
1337_2163276_FVE - No Face Detected.jpg,[],[],[]
974.jpg,[],[],[]
99693_2020-07-22_3531_.jpg,[],[],[]
102855_2020-07-25_18847_.jpg,[],[],[]
950_2162433_Imposter.jpg,[],[],[]
Sekou.Caldwell@fti-acuity.com_fti_consulting_proctordesk_hosted_21846_.jpg,[],[],[]
g_right_178136.jpg,[0.9602],"[[261, 109, 320, 163]]","[[262, 109, 320, 164]]"
1341_2163276_Imposter.jpg,[],[],[]
89032_2020-07-14_9148_.jpg,[],[],[]
mphasis_Shireesha.Kolla@mphasis.com_121303_2020-08-10_10291_.jpg,[],[],[]
20910.jpg,[],[],[]
99793_2020-07-22_6487_.jpg,[],[],[]
80199_2020-07-02_17008_.jpg,[],[],[]
mphasis_dalavai.kumar@mphasis.com_118374_2020-08-07_9620_.jpg,[],[],[]
mphasis_Akshay.Shah@mphasis.com_111955_2020-08-03_9941_.jpg,[],[],[]
fti_Allan.Elvir@fti-acuity.com_145022_2020-08-28_13018_.jpg,[],[],[]
96221_2020-07-20_2277_.jpg,[],[],[]
2370_2165106_Mobile Camera.jpg,[],[],[]
22626.jpg,[],[],[]
mphasis_Sai.R01@mphasis.com_120255_2020-08-10_100_.jpg,[],[],[]
98757_2020-07-22_18708_.jpg,[],[],[]
fti_angelina.hammond@fti-acuity.com_128311_2020-08-16_18837_.jpg,[],[],[]
2460_2165214_Imposter.jpg,[],[],[]
2472_2165261_Imposter.jpg,[],[],[]
23716.jpg,[],[],[]
22389.jpg,[],[],[]
13762.jpg,[],[],[]
2430_2165189_Mobile Camera.jpg,[0.5608],"[[70, 24, 121, 68]]","[[65, 23, 121, 69]]"
6848.jpg,[],[],[]
18524.jpg,[],[],[]
785_2162304_Imposter.jpg,[],[],[]
mphasis_Santosh.Bhagwat@mphasis.com_136454_2020-08-21_9192_.jpg,[],[],[]
15196.jpg,[],[],[]
18722.jpg,[],[],[]
100070_2020-07-23_19045_.jpg,[],[],[]
11948.jpg,[],[],[]
mphasis_Lalit.Bonde@mphasis.com_134088_2020-08-20_4585_.jpg,[],[],[]
g_left_11273.jpg,[0.9611],"[[0, 164, 33, 211]]","[[0, 164, 33, 212]]"
87014_2020-07-13_2229_.jpg,[],[],[]
97798_2020-07-21_7374_.jpg,[],[],[]
mphasis_dipti.gurav@mphasis.com_116750_2020-08-06_698_.jpg,[],[],[]
16385.jpg,[],[],[]
1129.jpg,[],[],[]
2534_2165267_FVE - No Face Detected.jpg,[],[],[]
92461_2020-07-16_4645_.jpg,[],[],[]
2068_2164994_Imposter.jpg,[],[],[]
1110_2162762_Imposter.jpg,[],[],[]
25709.jpg,[0.8493],"[[209, 162, 249, 213]]","[[209, 161, 247, 207]]"
20687.jpg,[],[],[]
20911.jpg,[],[],[]
459_2162149_Imposter.jpg,[],[],[]
88604_2020-07-14_8351_.jpg,[],[],[]
mphasis_Supriya.Jagtap@mphasis.com_138088_2020-08-24_676_.jpg,[],[],[]
mphasis_Pramod.Tharakar@mphasis.com_127106_2020-08-14_3999_.jpg,[],[],[]
23479.jpg,[0.9381],"[[233, 50, 319, 180]]","[[231, 51, 319, 179]]"
fti_carolee.byrley@fti-acuity.com_131631_2020-08-18_14479_.jpg,[],[],[]
289.jpg,[],[],[]
2844_2165418_Imposter.jpg,[],[],[]
843_2162324_Mobile Camera.jpg,[],[],[]
mphasis_dalavai.kumar@mphasis.com_115181_2020-08-05_9580_.jpg,[],[],[]
Natalie.Saltz@fti-acuity.com_fti_consulting_proctordesk_hosted_14630_.jpg,[],[],[]
1598_2163643_Mobile Camera.jpg,[],[],[]
91338_2020-07-15_3989_.jpg,[],[],[]
2071_2164994_FVE - No Face Detected.jpg,[],[],[]
745_2162304_Imposter.jpg,[],[],[]
mphasis_divya.dhaware@mphasis.com_126965_2020-08-14_429_.jpg,[],[],[]
107144_2020-07-29_15864_.jpg,[],[],[]
2653_2165275_Imposter.jpg,[],[],[]
11919.jpg,[],[],[]
1882_2164929_Mobile Camera.jpg,[0.7887],"[[104, 140, 137, 177]]","[[105, 139, 135, 163]]"
14390.jpg,[0.9041],"[[131, 150, 239, 196]]","[[133, 149, 239, 195]]"
12262.jpg,[],[],[]
22879.jpg,[],[],[]
afreen.mujawar@mphasis.com_mphasis_proctordesk_hosted_1442_.jpg,[],[],[]
18601.jpg,[],[],[]
fti_carolee.byrley@fti-acuity.com_147187_2020-08-31_14529_.jpg,[],[],[]
529_2162224_Imposter.jpg,[],[],[]
2487_2165263_Imposter.jpg,[],[],[]
88916_2020-07-14_14146_.jpg,[0.4267],"[[208, 122, 234, 174]]",[]
839.jpg,[0.8229],"[[211, 132, 236, 150]]","[[213, 133, 237, 151]]"
1420_2163397_Imposter.jpg,[],[],[]
654_2162297_Imposter.jpg,[],[],[]
concentrix_anil.cs@concentrix.com_112174_2020-08-03_21348_.jpg,[],[],[]
mphasis_karishma.barge@mphasis.com_140115_2020-08-25_1048_.jpg,[],[],[]
1693_2163742_FVE - Spoof Detected.jpg,[],[],[]
12727.jpg,[],[],[]
2678_2165285_Imposter.jpg,[],[],[]
398_2162129_Imposter.jpg,[],[],[]
15054.jpg,[],[],[]
553_2162224_Imposter.jpg,[],[],[]
8646.jpg,[],[],[]
1282_2163250_Imposter.jpg,[],[],[]
12208.jpg,[],[],[]
concentrix_patchanok.yangtisan@concentrix.com_121458_2020-08-11_21609_.jpg,[],[],[]
2831_2165415_Mobile Camera.jpg,"[0.4077, 0.3534]","[[197, 140, 209, 180], [198, 135, 212, 179]]","[[197, 135, 215, 180]]"
g_left_4324.jpg,[0.9561],"[[0, 62, 38, 98]]","[[0, 62, 39, 97]]"
41_2162050_Imposter.jpg,[],[],[]
14450.jpg,[],[],[]
532_2162224_Imposter.jpg,[],[],[]
12167.jpg,[],[],[]
84806_2020-07-10_817_.jpg,[],[],[]
13291.jpg,[],[],[]
fti_Gwendolyn.Jackson@fti-acuity.com_136090_2020-08-21_12612_.jpg,[],[],[]
9637.jpg,[],[],[]
6265.jpg,[],[],[]
21954.jpg,[],[],[]
1141_2162976_Imposter.jpg,[],[],[]
mphasis_Sumit.Zambre@mphasis.com_141332_2020-08-26_5385_.jpg,[],[],[]
92170_2020-07-16_57_.jpg,[0.8928],"[[18, 88, 84, 176]]","[[15, 87, 85, 176]]"
23092.jpg,[],[],[]
82681_2020-07-07_14781_.jpg,[],[],[]
Daniel.Hunt@fti-acuity.com_fti_consulting_proctordesk_hosted_13750_.jpg,[],[],[]
1793_2164738_Mobile Camera.jpg,[],[],[]
98257_2020-07-22_1363_.jpg,[],[],[]
fti_Juan.Alexander@fti-acuity.com_136793_2020-08-21_13949_.jpg,[],[],[]
20752.jpg,[],[],[]
fti_colin.dixon@fti-acuity.com_129346_2020-08-17_12908_.jpg,[],[],[]
1711_2163773_Imposter.jpg,[],[],[]
fti_Vanessa.Uphoff@fti-acuity.com_129274_2020-08-17_20066_.jpg,[],[],[]
88894_2020-07-14_7478_.jpg,[],[],[]
siddu.korbu@mphasis.com_mphasis_proctordesk_hosted_1118_.jpg,[],[],[]
2746_2165327_FVE - No Face Detected.jpg,[],[],[]
2557.jpg,[],[],[]
17949.jpg,[0.7693],"[[192, 175, 212, 240]]","[[191, 176, 212, 240]]"
26_2162045_Imposter.jpg,[],[],[]
94138_2020-07-17_5989_.jpg,[],[],[]
59_2162050_Imposter.jpg,[],[],[]
92342_2020-07-16_9280_.jpg,[0.8784],"[[15, 52, 78, 174]]","[[15, 51, 80, 179]]"
100166_2020-07-23_2042_.jpg,[],[],[]
102737_2020-07-24_3708_.jpg,[],[],[]
g_top_178260.jpg,[0.9548],"[[160, 0, 320, 36]]","[[160, 0, 320, 37]]"
2599.jpg,[],[],[]
hanmant.inamdar@mphasis.com_mphasis_proctordesk_hosted_1353_.jpg,[],[],[]
87600_2020-07-13_1117_.jpg,[],[],[]
concentrix_rtilao+agent@globe.com.ph_117263_2020-08-06_21589_.jpg,[0.4218],"[[91, 80, 123, 141]]","[[95, 74, 132, 141]]"
g_right_WIN_20210427_22_16_43_Pro115.jpg,[0.9509],"[[269, 97, 320, 194]]","[[269, 97, 320, 194]]"
60022_2020-05-15_18165_.jpg,[],[],[]
18138.jpg,[],[],[]
2701_2165289_FVE - No Face Detected.jpg,[],[],[]
107961_2020-07-30_8983_.jpg,[],[],[]
555_2162224_Imposter.jpg,[],[],[]
1505_2163518_Mobile Camera.jpg,[0.8754],"[[273, 147, 319, 179]]","[[275, 149, 320, 180]]"
2454_2165210_Imposter.jpg,[],[],[]
mphasis_shivagouda.patil@mphasis.com_125514_2020-08-13_936_.jpg,[],[],[]
1422_2163398_Mobile Camera.jpg,[],[],[]
492_2162174_Imposter.jpg,[],[],[]
365_2162129_Imposter.jpg,[],[],[]
1288_2163250_Imposter.jpg,[],[],[]
503_2162177_Imposter.jpg,[],[],[]
104424_2020-07-27_1502_.jpg,[],[],[]
24798.jpg,[0.7437],"[[199, 108, 225, 188]]","[[199, 108, 225, 194]]"
815_2162309_Multiple people.jpg,[],[],[]
mphasis_pradeep.r@mphasis.com_123646_2020-08-12_8700_.jpg,[],[],[]
85314_2020-07-10_7007_.jpg,[0.8971],"[[5, 185, 75, 240]]","[[5, 183, 73, 239]]"
1907_2164945_Imposter.jpg,[],[],[]
2303_2165084_Imposter.jpg,[],[],[]
87023_2020-07-13_7112_.jpg,[],[],[]
1682_2163740_Mobile Camera.jpg,[0.8006],"[[204, 106, 240, 144]]","[[203, 106, 240, 148]]"
106178_2020-07-29_19132_.jpg,[],[],[]
mphasis_ramrajk.mandal@mphasis.com_113643_2020-08-04_4713_.jpg,[],[],[]
14425.jpg,[],[],[]
2236_2165025_Mobile Camera.jpg,[],[],[]
concentrix_sumits@aetna.com_124648_2020-08-13_21316_.jpg,[],[],[]
299_2162117_Imposter.jpg,[],[],[]
ramya.c@mphasis.com_mphasis_proctordesk_hosted_475_.jpg,[],[],[]
1273_2163243_FVE - No Face Detected.jpg,[],[],[]
mphasis_Sruthi.S05@mphasis.com_134181_2020-08-20_7489_.jpg,[],[],[]
mphasis_Suraj.Bogar@mphasis.com_116694_2020-08-06_8803_.jpg,[],[],[]
10340.jpg,[],[],[]
9572.jpg,[],[],[]
mphasis_gurpreet.kaur@mphasis.com_130971_2020-08-18_651_.jpg,[],[],[]
87759_2020-07-13_13048_.jpg,[0.8015],"[[152, 116, 230, 174]]","[[151, 118, 231, 176]]"
1613_2163655_Imposter.jpg,[],[],[]
25615.jpg,[0.8663],"[[179, 165, 222, 238]]","[[181, 165, 222, 233]]"
david.agai@fti-acuity.com_fti_consulting_proctordesk_hosted_4994_.jpg,[0.8838],"[[154, 60, 253, 180]]","[[154, 60, 253, 179]]"
mphasis_Nayar.Pavan12@mphasis.com_115588_2020-08-05_6216_.jpg,[],[],[]
17563.jpg,[],[],[]
1916_2164945_Imposter.jpg,[],[],[]
100567_2020-07-23_2698_.jpg,[],[],[]
mphasis_Vidya.Bhosale@mphasis.com_111922_2020-08-03_1535_.jpg,[],[],[]
264_2162108_Imposter.jpg,[],[],[]
103631_2020-07-27_8373_.jpg,[],[],[]
7776.jpg,[],[],[]
2554_2165272_Mobile Camera.jpg,[0.7976],"[[273, 74, 303, 126]]","[[273, 83, 305, 125]]"
mphasis_Bhushan.Jadhav02@mphasis.com_126518_2020-08-14_6538_.jpg,[],[],[]
11536.jpg,[],[],[]
20042.jpg,[],[],[]
87160_2020-07-13_2114_.jpg,[],[],[]
mphasis_Ruchi.Gusain@mphasis.com_124836_2020-08-13_4262_.jpg,[],[],[]
21740.jpg,[],[],[]
1518_2163560_Mobile Camera.jpg,[0.7006],"[[278, 10, 319, 56]]",[]
23543.jpg,[],[],"[[160, 78, 192, 171]]"
mphasis_gangamma.e@mphasis.com_123237_2020-08-12_10782_.jpg,[],[],[]
15075.jpg,[],[],[]
14_2162036_Imposter.jpg,[],[],[]
80344_2020-07-02_16219_.jpg,[],[],[]
2473_2165261_Imposter.jpg,[],[],[]
2739_2165327_Imposter.jpg,[],[],[]
kola.kalejaye@fti-acuity.com_fti_consulting_proctordesk_hosted_21584_.jpg,[],[],[]
25695.jpg,[0.8686],"[[237, 131, 275, 205]]","[[237, 131, 276, 192]]"
86905_2020-07-13_574_.jpg,[],[],[]
23005.jpg,[],[],[]
15773.jpg,[],[],[]
106669_2020-07-29_8975_.jpg,[],[],[]
mphasis_Prakash.Baliger@mphasis.com_132310_2020-08-19_4154_.jpg,[],[],[]
mphasis_Prasad.Pandav@mphasis.com_121624_2020-08-11_333_.jpg,[],[],[]
mphasis_Akshay.Shah@mphasis.com_114179_2020-08-04_9984_.jpg,[],[],[]
15045.jpg,[],[],[]
14027.jpg,[],[],[]
2421_2165175_Imposter.jpg,[],[],[]
14337.jpg,[0.8477],"[[192, 169, 216, 239]]","[[194, 170, 215, 240]]"
1892_2164935_Imposter.jpg,[],[],[]
59531_2020-05-14_18123_.jpg,[],[],[]
mphasis_shubam.sharma@mphasis.com_136022_2020-08-21_4783_.jpg,[],[],[]
15928.jpg,[],[],[]
2639_2165275_Imposter.jpg,[],[],[]
fti_Kola.Kalejaye@fti-acuity.com_132592_2020-08-19_13988_.jpg,[],[],[]
383_2162129_Imposter.jpg,[],[],[]
97766_2020-07-21_4800_.jpg,[],[],[]
fti_Emily.Andelman@fti-acuity.com_132961_2020-08-19_18939_.jpg,[],[],[]
1467_2163473_Mobile Camera.jpg,[0.4141],"[[156, 117, 173, 140]]","[[156, 117, 174, 137]]"
12164.jpg,[],[],[]
mphasis_Suraj.Salaskar@mphasis.com_126296_2020-08-14_2129_.jpg,[],[],[]
20455.jpg,[],[],[]
mphasis_bharatha.p@mphasis.com_115735_2020-08-05_3386_.jpg,[],[],[]
1132_2162968_Mobile Camera.jpg,[],[],[]
mphasis_Navin.Luha05@mphasis.com_118942_2020-08-07_1220_.jpg,[],[],[]
fti_Doreen.Nanda@fti-acuity.com_145362_2020-08-28_13118_.jpg,[],[],[]
10952.jpg,[],[],[]
mphasis_mallanna.x@mphasis.com_118319_2020-08-07_3331_.jpg,[],[],[]
831_2162309_Imposter.jpg,[],[],[]
266_2162108_Imposter.jpg,[],[],[]
1794.jpg,[],[],[]
mphasis_Sachin.Ghadage@mphasis.com_116911_2020-08-06_8222_.jpg,[],[],[]
22413.jpg,[],[],[]
mphasis_mahiboobsab.gorakal@mphasis.com_123836_2020-08-12_5731_.jpg,[],[],[]
2084_2164994_Mobile Camera.jpg,[0.6279],"[[160, 130, 187, 161]]",[]
17504.jpg,[],[],[]
2005_2164972_Mobile Camera.jpg,[0.8019],"[[217, 104, 256, 156]]","[[225, 104, 255, 129]]"
mphasis_Karan.Gaikwad@mphasis.com_129747_2020-08-17_7113_.jpg,[],[],[]
96355_2020-07-20_13418_.jpg,[],[],[]
83967_2020-07-09_17518_.jpg,[],[],[]
1439.jpg,[],[],[]
fti_June.Hsieh@fti-acuity.com_145194_2020-08-28_13222_.jpg,[],[],[]
9217.jpg,[],[],[]
g_top_4362.jpg,[0.9498],"[[160, 0, 317, 95]]","[[160, 0, 320, 97]]"
fti_Edward.Meertins-George@fti-acuity.com_129426_2020-08-17_14283_.jpg,[0.7405],"[[195, 70, 271, 152]]",[]
2781_2165373_Imposter.jpg,[],[],[]
106368_2020-07-29_4429_.jpg,[],[],[]
1073_2162597_FVE - No Face Detected.jpg,[],[],[]
mphasis_balakrishna.jinka@mphasis.com_141977_2020-08-26_10691_.jpg,[],[],[]
1199.jpg,[0.9043],"[[163, 183, 213, 239]]","[[164, 183, 213, 240]]"
1358_2163295_Imposter.jpg,[],[],[]
mphasis_manikandan.v1@mphasis.com_120539_2020-08-10_5085_.jpg,[],[],[]
12691.jpg,[],[],[]
fti_Michele.Riley@fti-acuity.com_128297_2020-08-16_18582_.jpg,[],[],[]
96386_2020-07-20_2645_.jpg,[],[],[]
mphasis_Ruchi.Gusain@mphasis.com_135894_2020-08-21_4273_.jpg,[],[],[]
21725.jpg,[],[],[]
mphasis_Shireesha.Kolla@mphasis.com_121303_2020-08-10_10282_.jpg,[],[],[]
23337.jpg,[],[],[]
92203_2020-07-16_197_.jpg,[],[],[]
74_2162050_Imposter.jpg,[],[],[]
mphasis_aiman.siddique@mphasis.com_138962_2020-08-24_1907_.jpg,[],[],[]
1925_2164951_Imposter.jpg,[],[],[]
2228_2165018_Mobile Camera.jpg,[0.5884],"[[198, 152, 223, 179]]","[[199, 153, 223, 180]]"
1605_2163655_Imposter.jpg,[],[],[]
11291.jpg,[0.8026],"[[168, 173, 211, 239]]","[[169, 174, 213, 239]]"
6208.jpg,[],[],[]
Denzel.Cadet@fti-acuity.com_fti_consulting_proctordesk_hosted_9320_.jpg,[],[],[]
fti_Marla.Grant@fti-acuity.com_132527_2020-08-19_14143_.jpg,[],[],[]
mphasis_Supriya.Jagtap@mphasis.com_130620_2020-08-18_670_.jpg,[],[],[]
4712.jpg,[],[],[]
104978_2020-07-28_6133_.jpg,[],[],[]
1376.jpg,[],[],[]
fti_Ingrid.Rosario@fti-acuity.com_131093_2020-08-18_13542_.jpg,[0.808],"[[37, 133, 128, 239]]","[[36, 132, 127, 239]]"
351_2162125_Imposter.jpg,[],[],[]
2216_2165015_FVE - No Face Detected.jpg,[],[],[]
94383_2020-07-17_4233_.jpg,[],[],[]
16652.jpg,[0.8683],"[[184, 171, 210, 240]]","[[186, 171, 211, 239]]"
164_2162073_Imposter.jpg,[],[],[]
91385_2020-07-15_3498_.jpg,[],[],[]
1933_2164953_Imposter.jpg,[],[],[]
concentrix_rahul.sudhakaran@concentrix.com_111692_2020-08-03_22042_.jpg,[],[],[]
1117_2162762_FVE - No Face Detected.jpg,[],[],[]
10925.jpg,[],[],[]
106094_2020-07-29_17653_.jpg,[],[],[]
concentrix_sumits@aetna.com_143076_2020-08-27_21328_.jpg,[],[],[]
21892.jpg,[],[],[]
96483_2020-07-20_3253_.jpg,[],[],[]
2467_2165234_Imposter.jpg,[],[],[]
84806_2020-07-10_825_.jpg,[],[],[]
1470_2163473_Mobile Camera.jpg,[0.7056],"[[161, 114, 182, 152]]","[[163, 114, 183, 134]]"
92957_2020-07-16_11131_.jpg,[],[],[]
106722_2020-07-29_14362_.jpg,[],[],[]
1464_2163473_Mobile Camera.jpg,[],[],[]
88916_2020-07-14_14152_.jpg,[],[],[]
mphasis_Suraj.Salaskar@mphasis.com_126296_2020-08-14_2127_.jpg,[0.2506],"[[59, 83, 107, 215]]",[]
2603_2165275_Imposter.jpg,[],[],[]
24452.jpg,[0.8659],"[[202, 96, 246, 153]]","[[202, 96, 244, 153]]"
79964_2020-07-01_1417_.jpg,[],[],[]
mphasis_shubam.sharma@mphasis.com_140073_2020-08-25_4827_.jpg,[],[],[]
21260.jpg,[],[],[]
mphasis_Manoj.Gupta01@mphasis.com_120322_2020-08-10_10538_.jpg,[],[],[]
80175_2020-07-02_16991_.jpg,[],[],[]
85281_2020-07-10_5155_.jpg,[],[],[]
163_2162073_Imposter.jpg,[],[],[]
mphasis_ramrajk.mandal@mphasis.com_112888_2020-08-03_4669_.jpg,[],[],[]
570.jpg,[],[],[]
mphasis_divya.dhaware@mphasis.com_131326_2020-08-18_461_.jpg,[],[],[]
15855.jpg,[],[],[]
mphasis_ilyaz.ahmed@mphasis.com_113504_2020-08-04_5257_.jpg,[],[],[]
60022_2020-05-15_18166_.jpg,[],[],[]
23381.jpg,[0.9341],"[[111, 122, 163, 180]]","[[112, 123, 163, 180]]"
13573.jpg,[],[],[]
2185_2165010_Mobile Camera.jpg,[],[],[]
2174_2165009_Imposter.jpg,[],[],[]
90527_2020-07-15_707_.jpg,[],[],[]
3354.jpg,[],[],[]
84116_2020-07-09_16741_.jpg,[],[],[]
1222_2163140_Imposter.jpg,[],[],[]
mphasis_shivagouda.patil@mphasis.com_139866_2020-08-25_962_.jpg,[],[],[]
21049.jpg,[],[],[]
55552_2020-05-06_18330_.jpg,[],[],[]
1258_2163240_Imposter.jpg,[],[],[]
mphasis_chandraprabha.m@mphasis.com_120731_2020-08-10_2065_.jpg,[],[],[]
mphasis_Navin.Luha05@mphasis.com_129137_2020-08-17_1233_.jpg,[],[],[]
20564.jpg,[],[],[]
14519.jpg,[],[],[]
concentrix_jeeva.murugan1@concentrix.com_113157_2020-08-04_21871_.jpg,[],[],[]
2511_2165263_Imposter.jpg,[],[],[]
88796_2020-07-14_864_.jpg,[],[],[]
fti_Maibel.Reyes@fti-acuity.com_129614_2020-08-17_18769_.jpg,[0.787],"[[0, 113, 103, 215]]","[[0, 114, 101, 219]]"
104757_2020-07-28_19015_.jpg,[],[],[]
mphasis_divya.dhaware@mphasis.com_131326_2020-08-18_476_.jpg,[],[],[]
g_top_12848.jpg,[0.9679],"[[117, 0, 189, 67]]","[[118, 0, 190, 68]]"
1965_2164956_Imposter.jpg,[],[],[]
1700_2163756_Imposter.jpg,[],[],[]
Brandon.James@fti-acuity.com_fti_consulting_proctordesk_hosted_12739_.jpg,[0.8585],"[[271, 43, 319, 108]]","[[271, 42, 320, 104]]"
mphasis_Sachin.Jaiswal@mphasis.com_135745_2020-08-21_10630_.jpg,[],[],[]
88479_2020-07-14_2751_.jpg,[],[],[]
1920_2164951_Mobile Camera.jpg,[],[],[]
mphasis_Raksha.Ravi@mphasis.com_136846_2020-08-21_3487_.jpg,[],[],[]
21205.jpg,[],[],[]
6229.jpg,[],[],[]
623_2162288_Imposter.jpg,[],[],[]
903_2162368_Imposter.jpg,[],[],[]
549_2162224_Imposter.jpg,[],[],[]
2662_2165275_Imposter.jpg,[],[],[]
88894_2020-07-14_7492_.jpg,[],[],[]
mphasis_Sachin.Ghadage@mphasis.com_116911_2020-08-06_8249_.jpg,[],[],[]
72423_2020-06-12_18097_.jpg,[],[],[]
1439_2163433_Mobile Camera.jpg,[0.817],"[[91, 127, 114, 156]]",[]
1213_2163111_Imposter.jpg,[],[],[]
2537_2165267_Imposter.jpg,[],[],[]
219_2162093_Imposter.jpg,[],[],[]
2619_2165275_Imposter.jpg,[],[],[]
1891_2164935_Imposter.jpg,[],[],[]
Mattie.Johnson@fti-acuity.com_fti_consulting_proctordesk_hosted_19063_.jpg,[],[],[]
106368_2020-07-29_4439_.jpg,[],[],[]
mphasis_Sachin.Jaiswal@mphasis.com_113306_2020-08-04_10590_.jpg,[],[],[]
9468.jpg,[],[],[]
45472_2020-04-16_9506_.jpg,[0.8476],"[[183, 175, 217, 239]]","[[182, 177, 215, 240]]"
mphasis_karishma.barge@mphasis.com_113604_2020-08-04_1017_.jpg,[],[],[]
fti_Michele.Riley@fti-acuity.com_137328_2020-08-22_18617_.jpg,[],[],[]
22083.jpg,[],[],[]
624_2162288_Imposter.jpg,[],[],[]
11537.jpg,[],[],[]
86956_2020-07-13_17679_.jpg,[0.9265],"[[84, 197, 150, 240]]","[[82, 197, 151, 240]]"
1080_2162604_FVE - No Face Detected.jpg,[],[],[]
6841.jpg,[],[],[]
86791_2020-07-13_2317_.jpg,[],[],[]
865_2162330_Imposter.jpg,[],[],[]
mphasis_prakash.kashid@mphasis.com_123729_2020-08-12_10912_.jpg,[],[],[]
71011_2020-06-09_18092_.jpg,[],[],[]
2717_2165326_Imposter.jpg,[],[],[]
2229_2165018_Mobile Camera.jpg,[0.8084],"[[67, 120, 87, 150]]","[[67, 121, 88, 151]]"
mukesh.chaure@mphasis.com_mphasis_proctordesk_hosted_1007_.jpg,[],[],[]
11566.jpg,[],[],[]
285_2162115_Mobile Camera.jpg,[],[],[]
58608_2020-05-12_17803_.jpg,[0.8815],"[[124, 100, 236, 163]]","[[123, 99, 234, 163]]"
690_2162304_Imposter.jpg,[],[],[]
2208_2165014_Mobile Camera.jpg,[],[],[]
83410_2020-07-08_14962_.jpg,[],[],[]
1805_2164869_Mobile Camera.jpg,[],[],[]
1042_2162520_Mobile Camera.jpg,[0.9349],"[[161, 143, 214, 180]]","[[161, 142, 215, 180]]"
mphasis_pooja.x2@mphasis.com_126773_2020-08-14_3771_.jpg,[],[],[]
2138_2164997_Imposter.jpg,[],[],[]
aiman.siddique@mphasis.com_mphasis_proctordesk_hosted_1114_.jpg,[],[],[]
fti_Taylor.Nall@fti-acuity.com_134257_2020-08-20_18962_.jpg,[],[],[]
mphasis_b.mokanapriya@mphasis.com_143453_2020-08-27_6091_.jpg,[],[],[]
86.jpg,[],[],[]
fti_Alyssa.Mandel@fti-acuity.com_132456_2020-08-19_20340_.jpg,[],[],[]
Alejandro.Vargas@fti-acuity.com_fti_consulting_proctordesk_hosted_18737_.jpg,[],[],[]
g_top_WIN_20210427_22_16_35_Pro38.jpg,[0.9555],"[[120, 0, 184, 28]]","[[121, 0, 185, 29]]"
17419.jpg,[],[],[]
fti_Guoyang.Zhang@fti-acuity.com_147684_2020-08-31_13204_.jpg,[0.8905],"[[51, 63, 114, 180]]","[[54, 64, 115, 180]]"
85281_2020-07-10_5133_.jpg,[],[],[]
1747_2164152_Imposter.jpg,[],[],[]
mphasis_padma.patrot@mphasis.com_118289_2020-08-07_10039_.jpg,[],[],[]
21676.jpg,[],[],[]
20415.jpg,[],[],[]
16442.jpg,[],[],[]
15524.jpg,[],[],[]
mphasis_manikandan.v1@mphasis.com_120539_2020-08-10_5081_.jpg,[],[],[]
682_2162304_Imposter.jpg,[],[],[]
1697_2163743_Mobile Camera.jpg,[],[],[]
mphasis_gayathri.r1@mphasis.com_118145_2020-08-07_9319_.jpg,[],[],[]
14441.jpg,[],[],[]
9726.jpg,[],[],[]
679_2162304_Imposter.jpg,[],[],[]
9438.jpg,[],[],[]
fti_morgan.tharpe@fti-acuity.com_131168_2020-08-18_19974_.jpg,[],[],[]
22532.jpg,[],[],[]
105340_2020-07-28_12819_.jpg,[],[],[]
fti_Amina.Maddox@fti-acuity.com_133075_2020-08-19_12102_.jpg,[],[],[]
95522_2020-07-18_13831_.jpg,[],[],[]
13516.jpg,[],[],[]
2182_2165010_Imposter.jpg,[],[],[]
1981_2164972_Imposter.jpg,[],[],[]
mphasis_Vingneshwar.Gaonkar@mphasis.com_132577_2020-08-19_7991_.jpg,[0.5138],"[[252, 115, 272, 199]]",[]
1391_2163380_Mobile Camera.jpg,[],[],[]
mphasis_Gudla.Bindu@mphasis.com_132334_2020-08-19_7761_.jpg,[],[],[]
2816_2165387_FVE - No Face Detected.jpg,[],[],[]
2725_2165327_Imposter.jpg,[],[],[]
fti_Todd.Gifford@fti-acuity.com_130988_2020-08-18_18518_.jpg,[],[],[]
12001.jpg,[],[],[]
804_2162304_Imposter.jpg,[],[],[]
13356.jpg,[],[],[]
20437.jpg,[],[],[]
8253.jpg,[],[],[]
88623_2020-07-14_7084_.jpg,[],[],[]
1028.jpg,[0.3111],"[[82, 85, 98, 108]]","[[81, 86, 98, 108]]"
1796_2164794_Imposter.jpg,[],[],[]
644_2162291_Mobile Camera.jpg,[0.7741],"[[158, 130, 198, 179]]","[[159, 131, 198, 180]]"
12892.jpg,[],[],[]
g_right_4350.jpg,[0.9567],"[[255, 120, 319, 168]]","[[256, 121, 320, 169]]"
87549_2020-07-13_16071_.jpg,[0.2802],"[[85, 137, 138, 212]]",[]
Frank.Crull@fti-acuity.com_fti_consulting_proctordesk_hosted_17497_.jpg,[0.6196],"[[226, 111, 255, 162]]","[[230, 112, 263, 163]]"
9330.jpg,[],[],[]
106538_2020-07-29_7893_.jpg,[],[],[]
mphasis_naveen.b@mphasis.com_118223_2020-08-07_10367_.jpg,[],[],[]
823_2162309_Imposter.jpg,[],[],[]
15984.jpg,[],[],[]
mphasis_Deepthi.N01@mphasis.com_132294_2020-08-19_4542_.jpg,[],[],[]
mphasis_pradeep.r@mphasis.com_125121_2020-08-13_8735_.jpg,[],[],[]
105487_2020-07-28_15791_.jpg,[],[],[]
22646.jpg,[],[],[]
91653_2020-07-15_2863_.jpg,[],[],[]
mphasis_Swapna.Mahajan@mphasis.com_111897_2020-08-03_1510_.jpg,[],[],[]
634_2162288_Imposter.jpg,[],[],[]
1995_2164972_Mobile Camera.jpg,[0.8506],"[[198, 134, 235, 170]]","[[200, 134, 237, 166]]"
g_top_12371.jpg,[0.9559],"[[159, 0, 317, 82]]","[[160, 0, 320, 82]]"
2605_2165275_Imposter.jpg,[],[],[]
96453_2020-07-20_13473_.jpg,[],[],[]
mphasis_Lalit.Bonde@mphasis.com_134088_2020-08-20_4581_.jpg,[],[],[]
1727_2163956_Imposter.jpg,[],[],[]
2682_2165285_Mobile Camera.jpg,[0.6939],"[[226, 139, 255, 158]]","[[225, 140, 256, 156]]"
26130.jpg,[0.837],"[[197, 186, 240, 235]]","[[200, 186, 240, 234]]"
7154.jpg,[],[],[]
g_top_116172.jpg,[0.9631],"[[160, 0, 318, 35]]","[[160, 0, 320, 36]]"
95945_2020-07-20_4547_.jpg,[],[],[]
1638_2163656_Imposter.jpg,[],[],[]
2635_2165275_Imposter.jpg,[],[],[]
95396_2020-07-18_19020_.jpg,[0.9191],"[[100, 43, 171, 135]]","[[99, 41, 170, 133]]"
100312_2020-07-23_3075_.jpg,[],[],[]
6948.jpg,[],[],[]
mphasis_tejashree.khandge@mphasis.com_118712_2020-08-07_847_.jpg,[],[],[]
21161.jpg,[],[],[]
94757_2020-07-17_10996_.jpg,[],[],[]
mphasis_Navin.Luha05@mphasis.com_126549_2020-08-14_1229_.jpg,[],[],[]
prakash.kashid@mphasis.com_mphasis_proctordesk_hosted_1261_.jpg,[],[],[]
98262_2020-07-21_2870_.jpg,[],[],[]
1129_2162945_Multiple people.jpg,[],[],[]
15687.jpg,[],[],[]
106368_2020-07-29_4441_.jpg,[],[],[]
8382.jpg,[],[],[]
mphasis_Deepa.Acharya@mphasis.com_114284_2020-08-04_1314_.jpg,[],[],[]
fti_Yujian.Zhang@fti-acuity.com_136498_2020-08-21_20467_.jpg,[],[],[]
22261.jpg,[],[],[]
mphasis_Raptadu.Srivani@mphasis.com_131276_2020-08-18_6430_.jpg,[],[],[]
91111_2020-07-15_2838_.jpg,[],[],[]
25998.jpg,[0.8491],"[[208, 199, 247, 239]]","[[210, 198, 247, 239]]"
2597_2165275_Imposter.jpg,[],[],[]
2427.jpg,[],[],[]
65291_2020-05-27_9253_.jpg,[0.9166],"[[104, 122, 207, 174]]","[[102, 123, 207, 175]]"
concentrix_Tiwarid1@aetna.com_139726_2020-08-25_21202_.jpg,[],[],[]
15345.jpg,[],[],[]
79846_2020-07-01_16218_.jpg,[],[],[]
7394.jpg,[],[],[]
98000_2020-07-21_5761_.jpg,[],[],[]
1298_2163250_Imposter.jpg,[],[],[]
mphasis_avuluru.mahendra@mphasis.com_134568_2020-08-20_2592_.jpg,[],[],[]
1305_2163250_Imposter.jpg,[],[],[]
2280_2165053_Mobile Camera.jpg,[],[],[]
108571_2020-07-30_10497_.jpg,[],[],[]
87446_2020-07-13_5736_.jpg,[],[],[]
mphasis_pooja.itankar@mphasis.com_132277_2020-08-19_11069_.jpg,[],[],[]
886_2162361_FVE - No Face Detected.jpg,[],[],[]
84779_2020-07-10_17614_.jpg,[0.7926],"[[208, 129, 245, 165]]","[[208, 130, 245, 164]]"
45282_2020-04-16_9453_.jpg,[0.688],"[[118, 145, 211, 176]]","[[117, 146, 210, 177]]"
2510_2165263_Imposter.jpg,[],[],[]
771_2162304_Imposter.jpg,[],[],[]
93_2162064_Mobile Camera.jpg,[0.8902],"[[28, 126, 79, 174]]","[[28, 126, 79, 175]]"
1722_2163950_Mobile Camera.jpg,[],[],[]
27279.jpg,[0.9047],"[[177, 126, 231, 180]]","[[175, 127, 232, 180]]"
7973.jpg,[],[],[]
71944_2020-06-11_18093_.jpg,[],[],[]
23056.jpg,[],[],[]
24314.jpg,[0.9401],"[[40, 123, 207, 179]]","[[39, 124, 209, 180]]"
1500_2163503_Mobile Camera.jpg,[],[],[]
85458_2020-07-10_13580_.jpg,"[0.5358, 0.504]","[[234, 77, 264, 160], [235, 105, 265, 159]]","[[239, 103, 265, 161]]"
mphasis_Sarayu.K@mphasis.com_139705_2020-08-25_6196_.jpg,[],[],[]
1685_2163740_Imposter.jpg,[],[],[]
88808_2020-07-14_17151_.jpg,[],[],[]
665_2162304_Imposter.jpg,[],[],[]
santhosh.n1@concentrix.com_concentrix_proctordesk_hosted_1160_.jpg,[],[],[]
loretta.carroll@mphasis.com_mphasis_proctordesk_hosted_1710_.jpg,[],[],[]
96615_2020-07-20_14020_.jpg,[],[],[]
5391.jpg,[],[],[]
mphasis_Manohar.Bhoj@mphasis.com_113899_2020-08-04_1410_.jpg,[],[],[]
20134.jpg,[],[],[]
mphasis_sanaa.khanum@mphasis.com_124908_2020-08-13_7706_.jpg,[],[],[]
mphasis_dalavai.kumar@mphasis.com_116614_2020-08-06_9605_.jpg,[],[],[]
683_2162304_Imposter.jpg,[],[],[]
1165_2162997_FVE - No Face Detected.jpg,[],[],[]
318_2162120_Multiple people.jpg,[],[],[]
84.jpg,[],[],[]
27271.jpg,[0.9115],"[[170, 114, 217, 179]]","[[170, 114, 217, 180]]"
100453_2020-07-23_6735_.jpg,[],[],[]
1673_2163737_Mobile Camera.jpg,[],[],[]
22151.jpg,[],[],[]
g_top_172104.jpg,[0.9486],"[[160, 0, 319, 36]]","[[160, 0, 320, 37]]"
2072_2164994_Imposter.jpg,[],[],[]
1151_2162985_FVE - No Face Detected.jpg,[],[],[]
723_2162304_Imposter.jpg,[],[],[]
8706.jpg,[],[],[]
fti_Andrew.Corddry@fti-acuity.com_140384_2020-08-25_20254_.jpg,[],[],[]
1066_2162551_Mobile Camera.jpg,[],[],"[[294, 154, 318, 171]]"
15293.jpg,[],[],[]
g_top_WIN_20210427_22_16_35_Pro253.jpg,[0.9377],"[[74, 0, 139, 19]]","[[74, 0, 139, 20]]"
mphasis_Afreen.Mujawar@mphasis.com_114327_2020-08-04_3057_.jpg,[],[],[]
18209.jpg,[],[],[]
106655_2020-07-29_9041_.jpg,[],[],[]
568_2162255_Imposter.jpg,[],[],[]
fti_Michael.Cohen@fti-acuity.com_138361_2020-08-24_17830_.jpg,[],[],[]
22318.jpg,[],[],[]
1547_2163597_Imposter.jpg,[],[],[]
84779_2020-07-10_17618_.jpg,[0.8512],"[[194, 126, 226, 166]]","[[195, 125, 226, 167]]"
24737.jpg,[0.8985],"[[205, 116, 245, 175]]","[[205, 116, 246, 175]]"
24068.jpg,[0.9019],"[[33, 84, 101, 141]]","[[33, 84, 102, 140]]"
Samuel.Kamanu@fti-acuity.com_fti_consulting_proctordesk_hosted_21709_.jpg,[0.8003],"[[152, 149, 194, 214]]","[[153, 150, 194, 210]]"
1296_2163250_Imposter.jpg,[],[],[]
542_2162224_Imposter.jpg,[],[],[]
1069_2162586_Imposter.jpg,[],[],[]
mphasis_Sunny.Thakur@mphasis.com_127365_2020-08-14_1583_.jpg,[],[],[]
9848.jpg,[],[],[]
mphasis_Sunny.Thakur@mphasis.com_133317_2020-08-19_1595_.jpg,[],[],[]
102355_2020-07-24_8359_.jpg,[],[],[]
4576.jpg,[],[],[]
1879_2164929_Mobile Camera.jpg,[],[],[]
24971.jpg,[0.8447],"[[148, 125, 184, 172]]","[[149, 126, 185, 174]]"
fti_Christopher.Matthews@fti-acuity.com_134776_2020-08-20_14670_.jpg,[],[],[]
83467_2020-07-08_17478_.jpg,[],[],[]
14470.jpg,[],[],[]
96699_2020-07-20_13624_.jpg,[],[],[]
96377_2020-07-20_10511_.jpg,[],[],[]
6180.jpg,[],[],[]
fti_ewelina.chrzan@fti-acuity.com_138492_2020-08-24_12970_.jpg,[],[],[]
24_2162037_Mobile Camera.jpg,[0.6309],"[[129, 140, 160, 178]]","[[130, 139, 160, 161]]"
8224.jpg,"[0.4578, 0.4473]","[[175, 225, 191, 239], [168, 226, 191, 239]]",[]
2034_2164987_Multiple people.jpg,[],[],[]
83196_2020-07-08_17201_.jpg,[0.9087],"[[179, 65, 223, 129]]","[[179, 65, 225, 129]]"
swathi.b@mphasis.com_mphasis_proctordesk_hosted_572_.jpg,[],[],[]
fti_Orlanmarie.Valcarcel@fti-acuity.com_142421_2020-08-26_14821_.jpg,[],[],[]
676_2162304_Imposter.jpg,[],[],[]
90217_2020-07-15_17356_.jpg,[],[],[]
shiju.v@concentrix.com_concentrix_proctordesk_hosted_21879_.jpg,[],[],[]
concentrix_li.tienan@concentrix.com_121688_2020-08-11_21066_.jpg,[0.796],"[[46, 21, 145, 191]]","[[44, 23, 141, 174]]"
20040.jpg,[],[],[]
mphasis_mallanna.x@mphasis.com_136021_2020-08-21_3380_.jpg,[],[],[]
23475.jpg,[0.8865],"[[70, 82, 153, 180]]","[[70, 82, 153, 180]]"
95506_2020-07-18_13657_.jpg,[],[],[]
992_2162481_Mobile Camera.jpg,[],[],[]
90323_2020-07-15_1713_.jpg,[],[],[]
11701.jpg,[],[],[]
fti_Emily.Andelman@fti-acuity.com_147193_2020-08-31_18958_.jpg,[],[],[]
1267_2163240_Imposter.jpg,[],[],[]
mphasis_Ruchi.Gusain@mphasis.com_141596_2020-08-26_4284_.jpg,[],[],[]
8823.jpg,[],[],[]
1877_2164929_Mobile Camera.jpg,[],[],[]
1674_2163737_Imposter.jpg,[],[],[]
2287_2165053_Imposter.jpg,[],[],[]
3721.jpg,[],[],[]
3028.jpg,[],[],[]
fti_Thomas.Milazzo@fti-acuity.com_129634_2020-08-17_17036_.jpg,[],[],[]
mphasis_Suraj.Salaskar@mphasis.com_129296_2020-08-17_2136_.jpg,[],[],[]
mphasis_Ramesh.Chavan@mphasis.com_122003_2020-08-11_6469_.jpg,[],[],[]
Robert.Yan@fti-acuity.com_fti_consulting_proctordesk_hosted_13094_.jpg,[],[],[]
9734.jpg,[],[],[]
79520_2020-06-30_9882_.jpg,[0.9317],"[[88, 114, 271, 211]]","[[90, 115, 272, 211]]"
mphasis_joythi.naik@mphasis.com_134400_2020-08-20_9455_.jpg,[0.7412],"[[154, 116, 191, 177]]",[]
90217_2020-07-15_17367_.jpg,[],[],[]
22049.jpg,[],[],[]
103809_2020-07-27_6613_.jpg,[],[],[]
545_2162224_Imposter.jpg,[],[],[]
9242.jpg,[0.8534],"[[180, 159, 200, 239]]","[[180, 159, 202, 239]]"
23532.jpg,[0.8928],"[[157, 115, 195, 179]]","[[158, 114, 195, 179]]"
446_2162134_Mobile Camera.jpg,[0.8558],"[[94, 51, 207, 132]]","[[97, 53, 206, 132]]"
94740_2020-07-17_13121_.jpg,[],[],[]
2749_2165327_Imposter.jpg,[],[],[]
493_2162174_Imposter.jpg,[],[],[]
18773.jpg,[],[],[]
14339.jpg,[],[],[]
mphasis_Abhishek.Chitre@mphasis.com_113134_2020-08-04_3507_.jpg,[],[],[]
9535.jpg,[],[],[]
2101_2164994_Imposter.jpg,[],[],[]
8142.jpg,[],[],[]
25288.jpg,[],[],[]
11825.jpg,[],[],[]
2368_2165106_Imposter.jpg,[],[],[]
8609.jpg,[],[],[]
2000.jpg,[],[],[]
1416_2163390_Imposter.jpg,[],[],[]
97587_2020-07-21_9088_.jpg,[],[],[]
1875_2164929_Imposter.jpg,[],[],[]
fti_James.Weinstock@fti-acuity.com_145729_2020-08-28_14866_.jpg,[],[],[]
99521_2020-07-22_10640_.jpg,[],[],[]
mphasis_kiran.m1@mphasis.com_138304_2020-08-24_8252_.jpg,[],[],[]
98274_2020-07-21_8242_.jpg,[],[],[]
975_2162449_Imposter.jpg,[],[],[]
2309_2165084_Imposter.jpg,[],[],[]
840_2162314_Imposter.jpg,[],[],[]
327_2162123_FVE - No Face Detected.jpg,[],[],[]
84092_2020-07-09_15201_.jpg,[],[],[]
mphasis_Manohar.Bhoj@mphasis.com_113899_2020-08-04_1406_.jpg,[],[],[]
892.jpg,[0.7511],"[[216, 132, 236, 151]]","[[217, 133, 236, 151]]"
Shreyas.Joshi@mphasis.com_mphasis_proctordesk_hosted_100_.jpg,[],[],[]
98757_2020-07-22_18707_.jpg,[],[],[]
943_2162410_Mobile Camera.jpg,[],[],[]
2243_2165027_Mobile Camera.jpg,[],[],[]
18215.jpg,[],[],[]
332_2162123_Imposter.jpg,[],[],[]
g_right_11248.jpg,[0.947],"[[255, 142, 319, 178]]","[[256, 142, 320, 178]]"
23235.jpg,[],[],[]
1363_2163300_Mobile Camera.jpg,[],[],[]
23165.jpg,[],[],[]
mphasis_sushmitha.r@mphasis.com_111684_2020-08-03_4604_.jpg,[],[],[]
357_2162125_Imposter.jpg,[],[],[]
2329_2165084_Imposter.jpg,[],[],[]
fti_Thomas.Milazzo@fti-acuity.com_145104_2020-08-28_17068_.jpg,[],[],[]
102953_2020-07-25_18519_.jpg,[],[],[]
2134_2164997_Imposter.jpg,[],[],[]
mphasis_md.kausar@mphasis.com_112774_2020-08-03_3896_.jpg,[],[],[]
fti_Caren.Thomas@fti-acuity.com_134372_2020-08-20_12145_.jpg,[],[],[]
92991_2020-07-16_5240_.jpg,[],[],[]
23967.jpg,[],[],[]
1686_2163741_Imposter.jpg,[],[],[]
mphasis_likhitha.p@mphasis.com_129061_2020-08-17_4415_.jpg,[],[],[]
chitti.prabhakar@mphasis.com_mphasis_proctordesk_hosted_696_.jpg,[],[],[]
103866_2020-07-27_12240_.jpg,[],[],[]
962_2162434_Imposter.jpg,[],[],[]
989_2162481_Imposter.jpg,[],[],[]
94084_2020-07-17_6327_.jpg,[],[],[]
mphasis_mahiboobsab.gorakal@mphasis.com_136916_2020-08-21_5797_.jpg,[],[],[]
95412_2020-07-18_18488_.jpg,[],[],[]
968_2162442_Mobile Camera.jpg,[],[],[]
522_2162216_Imposter.jpg,[],[],[]
mphasis_joythi.naik@mphasis.com_120397_2020-08-10_9409_.jpg,[],[],[]
2273_2165033_Imposter.jpg,[],[],[]
1930_2164953_Imposter.jpg,[],[],[]
16667.jpg,[],[],[]
2033_2164987_Multiple people.jpg,[],[],[]
mphasis_swathi.b@mphasis.com_135818_2020-08-21_7210_.jpg,[],[],[]
445_2162134_Mobile Camera.jpg,[],[],"[[66, 146, 106, 179]]"
15663.jpg,[],[],[]
fti_James.Weinstock@fti-acuity.com_139285_2020-08-28_14863_.jpg,[],[],[]
g_top_WIN_20210427_22_16_43_Pro148.jpg,[0.9439],"[[136, 0, 225, 31]]","[[135, 0, 225, 32]]"
103469_2020-07-27_3851_.jpg,[],[],[]
711.jpg,[],[],[]
concentrix_naranga@aetna.com_135710_2020-08-21_21267_.jpg,[],[],[]
mphasis_Shashikant.Ware@mphasis.com_112840_2020-08-04_1803_.jpg,[],[],[]
60022_2020-05-15_18163_.jpg,[],[],[]
2436_2165189_Mobile Camera.jpg,[],[],[]
106691_2020-07-29_10432_.jpg,[],[],[]
13621.jpg,[],[],[]
87039_2020-07-13_6346_.jpg,[],[],[]
98156_2020-07-21_15824_.jpg,[],[],[]
18767.jpg,[],[],[]
2156_2165005_Imposter.jpg,[],[],[]
2719_2165326_Imposter.jpg,[],[],[]
99162_2020-07-22_10426_.jpg,[0.8886],"[[127, 55, 249, 240]]","[[134, 55, 249, 232]]"
515_2162213_Mobile Camera.jpg,[],[],[]
881_2162352_Mobile Camera.jpg,[],[],[]
mphasis_Amit.Yadav07@mphasis.com_145061_2020-08-28_6916_.jpg,[],[],[]
mphasis_ashwini.ghante@mphasis.com_126325_2020-08-14_7168_.jpg,[],[],[]
100094_2020-07-23_4339_.jpg,[],[],[]
76_2162052_Imposter.jpg,[],[],[]
19835.jpg,[],[],[]
96699_2020-07-20_13622_.jpg,[],[],[]
26200.jpg,[0.838],"[[195, 87, 249, 130]]","[[198, 89, 249, 129]]"
279_2162108_Imposter.jpg,[],[],[]
127.jpg,[],[],[]
102546_2020-07-24_4963_.jpg,[],[],[]
mphasis_pratidnya.kate@mphasis.com_132405_2020-08-19_4070_.jpg,[],[],[]
87321_2020-07-13_7606_.jpg,[],[],[]
92669_2020-07-16_7335_.jpg,[],[],[]
mphasis_Mulati.Reddy@mphasis.com_134027_2020-08-20_5818_.jpg,[],[],[]
88808_2020-07-14_17148_.jpg,[],[],[]
fti_Michael.Graff@fti-acuity.com_142152_2020-08-26_14238_.jpg,[],[],[]
104991_2020-07-28_7842_.jpg,[],[],[]
182_2162083_Imposter.jpg,[],[],[]
79435_2020-06-30_15387_.jpg,[],[],[]
mphasis_ankita.ausare@mphasis.com_112350_2020-08-03_1566_.jpg,[],[],[]
mphasis_ashwini.mohite@mphasis.com_124874_2020-08-13_4022_.jpg,[],[],[]
103356_2020-07-27_19183_.jpg,[],[],[]
1398_2163380_Mobile Camera.jpg,[],[],[]
mphasis_GABRIEL.SANTHOSH@MPHASIS.COM_114124_2020-08-04_3670_.jpg,[],[],[]
pradeep.r@mphasis.com_mphasis_proctordesk_hosted_901_.jpg,[],[],[]
16727.jpg,[],[],[]
108657_2020-07-30_11402_.jpg,[0.8896],"[[151, 137, 236, 209]]","[[149, 137, 234, 210]]"
848_2162324_Mobile Camera.jpg,[],[],[]
mphasis_padma.patrot@mphasis.com_140467_2020-08-25_10082_.jpg,[],[],[]
79405_2020-06-30_16571_.jpg,[],[],[]
1156_2162985_Imposter.jpg,[],[],[]
mphasis_prakash.kashid@mphasis.com_138468_2020-08-24_10981_.jpg,[],[],[]
1988_2164972_Imposter.jpg,[],[],[]
25778.jpg,[0.8778],"[[230, 145, 269, 230]]","[[230, 146, 270, 228]]"
mphasis_g.archana@mphasis.com_129548_2020-08-17_3144_.jpg,[],[],[]
11050.jpg,[],[],[]
55524_2020-05-06_18377_.jpg,[],[],[]
106368_2020-07-29_4421_.jpg,[],[],[]
22957.jpg,[],[],[]
11286.jpg,[],[],[]
2743_2165327_Imposter.jpg,[],[],[]
1740_2163956_Imposter.jpg,[],[],[]
1742_2163998_Multiple people.jpg,[],[],[]
mphasis_Shashikant.Ware@mphasis.com_112840_2020-08-03_1879_.jpg,[],[],[]
mphasis_Satish.Kv01@mphasis.com_124310_2020-08-12_5633_.jpg,[],[],[]
99_2162064_Mobile Camera.jpg,[],[],"[[118, 132, 160, 171]]"
101359_2020-07-23_7189_.jpg,[],[],[]
mphasis_Suraj.Salaskar@mphasis.com_132217_2020-08-19_2143_.jpg,[],[],[]
18943.jpg,[],[],[]
1868_2164922_Mobile Camera.jpg,[],[],"[[65, 134, 82, 155]]"
18554.jpg,[],[],[]
fti_Michael.Graff@fti-acuity.com_138854_2020-08-24_14228_.jpg,[],[],[]
mphasis_KRISHNA.NAIR@MPHASIS.COM_139968_2020-08-25_7323_.jpg,[],[],[]
21984.jpg,[],[],[]
fti_Nathaniel.Ng@fti-acuity.com_134454_2020-08-20_20390_.jpg,[0.7434],"[[122, 130, 173, 223]]",[]
21148.jpg,[],[],[]
95808_2020-07-20_18864_.jpg,[],[],[]
82022_2020-07-06_12153_.jpg,[],[],[]
27019.jpg,[0.8672],"[[263, 112, 320, 209]]","[[256, 113, 320, 207]]"
803_2162304_Imposter.jpg,[],[],[]
890_2162361_FVE - No Face Detected.jpg,[],[],[]
26715.jpg,[0.8888],"[[178, 93, 272, 234]]","[[178, 93, 275, 233]]"
shila.kapse@mphasis.com_mphasis_proctordesk_hosted_1565_.jpg,[],[],[]
mphasis_ashwini.ghante@mphasis.com_126325_2020-08-14_7166_.jpg,[],[],[]
mphasis_manjunatha.n@mphasis.com_116783_2020-08-06_9493_.jpg,[],[],[]
25212.jpg,[0.7685],"[[7, 44, 117, 219]]","[[6, 46, 117, 229]]"
2824_2165405_Mobile Camera.jpg,[],[],[]
16316.jpg,[],[],[]
mphasis_Kashinath.Lingadalli@mphasis.com_120372_2020-08-10_8400_.jpg,[],[],[]
83302_2020-07-08_17038_.jpg,[],[],[]
80765_2020-07-03_12971_.jpg,[],[],[]
910_2162368_Imposter.jpg,[],[],[]
2394_2165123_Imposter.jpg,[],[],[]
4721.jpg,[],[],[]
mphasis_sonali.shende@mphasis.com_129551_2020-08-17_8498_.jpg,[],[],[]
2187_2165010_Imposter.jpg,[],[],[]
mphasis_Faiyaj.Attar@mphasis.com_112432_2020-08-03_6617_.jpg,[],[],[]
715_2162304_Imposter.jpg,[],[],[]
68708_2020-06-03_18061_.jpg,[],[],[]
58608_2020-05-12_17798_.jpg,[0.8082],"[[70, 151, 161, 179]]","[[71, 150, 160, 179]]"
92919_2020-07-16_11067_.jpg,[],[],[]
99508_2020-07-22_12980_.jpg,[],[],[]
fti_Yujian.Zhang@fti-acuity.com_143574_2020-08-27_20488_.jpg,[],[],[]
2220_2165018_Mobile Camera.jpg,[],[],[]
fti_Charles.Oliver@fti-acuity.com_127885_2020-08-15_13840_.jpg,[],[],[]
97886_2020-07-21_16950_.jpg,[],[],[]
2250_2165027_Mobile Camera.jpg,[0.8516],"[[0, 8, 29, 106]]","[[1, 7, 28, 107]]"
107774_2020-07-30_6177_.jpg,[],[],[]
869_2162334_Mobile Camera.jpg,[0.7765],"[[291, 89, 316, 129]]","[[289, 90, 320, 130]]"
8654.jpg,[],[],[]
84696_2020-07-10_7906_.jpg,[0.9453],"[[158, 104, 240, 180]]","[[157, 105, 240, 180]]"
mphasis_pranali.gaikwad1@mphasis.com_129234_2020-08-17_837_.jpg,[],[],[]
218_2162093_Imposter.jpg,[],[],[]
13269.jpg,[],[],[]
2338.jpg,[],[],[]
2686_2165285_Mobile Camera.jpg,[],[],[]
1429_2163413_Mobile Camera.jpg,[0.6827],"[[124, 197, 167, 225]]","[[127, 197, 165, 225]]"
205.jpg,[],[],[]
87118_2020-07-13_788_.jpg,[],[],[]
mphasis_Shobha.Kankanwadi@mphasis.com_111861_2020-08-03_1154_.jpg,[],[],[]
581_2162276_Mobile Camera.jpg,[0.6363],"[[229, 130, 246, 172]]","[[231, 129, 248, 170]]"
1020_2162492_Imposter.jpg,[],[],[]
mphasis_mahiboobsab.gorakal@mphasis.com_134719_2020-08-20_5785_.jpg,[],[],[]
16611.jpg,[],[],[]
2245_2165027_Imposter.jpg,[],[],[]
14388.jpg,[],[],[]
8601.jpg,[],[],[]
2137_2164997_Imposter.jpg,[],[],[]
2097_2164994_FVE - No Face Detected.jpg,[],[],[]
mphasis_s.geethamma@mphasis.com_118218_2020-08-07_9059_.jpg,[],[],[]
1022_2162492_Imposter.jpg,[0.3364],"[[88, 71, 111, 120]]",[]
106895_2020-07-29_12457_.jpg,[],[],[]
15702.jpg,[],[],[]
lakshmikanth.a01@mphasis.com_mphasis_proctordesk_hosted_1916_.jpg,[],[],[]
nagesh.birdawade@mphasis.com_mphasis_proctordesk_hosted_1815_.jpg,[],[],[]
45447_2020-04-16_9602_.jpg,[],[],[]
2003_2164972_Mobile Camera.jpg,[],[],[]
708_2162304_Imposter.jpg,[],[],[]
g_top_3875.jpg,[0.935],"[[48, 0, 95, 20]]","[[48, 0, 96, 20]]"
99029_2020-07-22_477_.jpg,[],[],[]
fti_Rodney.Nutt@fti-acuity.com_137527_2020-08-22_16624_.jpg,[],[],[]
2788_2165376_Mobile Camera.jpg,[],[],[]
mphasis_Suraj.Salaskar@mphasis.com_129296_2020-08-17_2134_.jpg,[],[],[]
1895_2164935_Multiple people.jpg,[],[],[]
23626.jpg,[],[],[]
734_2162304_Imposter.jpg,[],[],[]
concentrix_jeeva.murugan1@concentrix.com_113157_2020-08-04_21894_.jpg,[],[],[]
1808_2164869_Mobile Camera.jpg,[],[],[]
mphasis_Sukeshana.Navghade@mphasis.com_111946_2020-08-03_2987_.jpg,[],[],[]
91016_2020-07-15_10704_.jpg,[],[],[]
10948.jpg,[],[],[]
2842_2165418_Imposter.jpg,[],[],[]
21708.jpg,[],[],[]
1871_2164929_Mobile Camera.jpg,"[0.4196, 0.2571]","[[200, 140, 227, 179], [191, 138, 226, 175]]",[]
Ewan.Roberts@fti-acuity.com_fti_consulting_proctordesk_hosted_8452_.jpg,[],[],[]
90527_2020-07-15_710_.jpg,[],[],[]
mphasis_Faiyaj.Attar@mphasis.com_138674_2020-08-24_6660_.jpg,[],[],[]
12136.jpg,[],[],[]
concentrix_d.manisha@concentrix.com_111330_2020-08-02_21995_.jpg,[],[],[]
mphasis_s.geethamma@mphasis.com_118218_2020-08-07_9060_.jpg,[],[],[]
206_2162093_Imposter.jpg,[],[],[]
106727_2020-07-29_13947_.jpg,[],[],[]
909_2162368_Imposter.jpg,[],[],[]
fti_Paul.Deveaux@fti-acuity.com_145018_2020-08-28_15090_.jpg,[0.9184],"[[126, 127, 217, 179]]","[[126, 128, 217, 179]]"
89571_2020-07-14_2437_.jpg,[],[],[]
1857_2164903_Mobile Camera.jpg,[0.8012],"[[276, 93, 320, 144]]","[[275, 94, 319, 145]]"
fti_Peter.Cola@fti-acuity.com_138334_2020-08-24_11709_.jpg,[],[],[]
1530_2163597_Imposter.jpg,[],[],[]
98332_2020-07-21_2304_.jpg,[],[],[]
973_2162449_Imposter.jpg,[],[],[]
438_2162132_Mobile Camera.jpg,[],[],[]
1078_2162604_Imposter.jpg,[],[],[]
8511.jpg,[],[],[]
1768_2164627_Imposter.jpg,[],[],[]
fti_Geoffrey.Louden@fti-acuity.com_147300_2020-08-31_11296_.jpg,[],[],[]
102948_2020-07-25_18108_.jpg,[],[],[]
24736.jpg,[0.7826],"[[165, 123, 194, 177]]","[[164, 124, 193, 176]]"
855_2162324_Mobile Camera.jpg,[],[],[]
mphasis_Azharuddin.S@mphasis.com_140239_2020-08-25_7089_.jpg,[],[],[]
1599_2163652_Mobile Camera.jpg,[0.9098],"[[108, 82, 172, 171]]","[[108, 81, 169, 172]]"
fti_James.Weinstock@fti-acuity.com_136891_2020-08-21_14853_.jpg,[],[],[]
21486.jpg,[],[],[]
569_2162255_Imposter.jpg,[],[],[]
tushar.bhosale@mphasis.com_mphasis_proctordesk_hosted_1042_.jpg,[],[],[]
24381.jpg,[0.9386],"[[128, 77, 185, 160]]","[[128, 76, 185, 159]]"
108201_2020-07-30_12930_.jpg,[],[],[]
12923.jpg,[],[],[]
fti_Olufemi.Gbede@fti-acuity.com_138863_2020-08-24_18491_.jpg,[],[],[]
fti_Chidiebere.Onukwugha@fti-acuity.com_129654_2020-08-17_18969_.jpg,[0.823],"[[89, 105, 122, 163]]","[[90, 106, 120, 147]]"
23106.jpg,[],[],[]
102_2162064_Mobile Camera.jpg,[],[],"[[124, 130, 167, 173]]"
22466.jpg,[],[],[]
mphasis_Rajendra.Patil@mphasis.com_133120_2020-08-19_7303_.jpg,[],[],[]
2082_2164994_Imposter.jpg,[],[],[]
1538_2163597_Imposter.jpg,[],[],[]
Sanket.Pawar@mphasis.com_mphasis_proctordesk_hosted_20_.jpg,[],[],[]
80517_2020-07-02_12136_.jpg,[],[],[]
mphasis_Vishnu.Nair@mphasis.com_139894_2020-08-25_8284_.jpg,[],[],[]
353_2162125_Mobile Camera.jpg,[0.4492],"[[32, 131, 81, 179]]","[[33, 128, 82, 179]]"
325_2162123_Mobile Camera.jpg,[0.783],"[[121, 126, 152, 160]]","[[124, 128, 152, 161]]"
1972_2164971_Imposter.jpg,[],[],[]
364_2162129_Imposter.jpg,[],[],[]
743_2162304_Imposter.jpg,[],[],[]
29_2162050_Imposter.jpg,[],[],[]
mphasis_Manohar.Bhoj@mphasis.com_113899_2020-08-04_1460_.jpg,[],[],[]
106947_2020-07-29_10487_.jpg,[0.9305],"[[197, 102, 247, 179]]","[[196, 101, 247, 179]]"
1246_2163235_Imposter.jpg,[],[],[]
2265_2165029_Imposter.jpg,[],[],[]
mphasis_Abhishek.Chitre@mphasis.com_122963_2020-08-12_3589_.jpg,[],[],[]
2650_2165275_Imposter.jpg,[],[],[]
smita.gaikwad@mphasis.com_mphasis_proctordesk_hosted_116_.jpg,[],[],[]
1112.jpg,[0.7209],"[[99, 112, 125, 127]]","[[97, 112, 126, 127]]"
2223_2165018_Mobile Camera.jpg,[],[],[]
82022_2020-07-06_12161_.jpg,[],[],[]
105037_2020-07-28_5431_.jpg,[],[],[]
21173.jpg,[],[],[]
6420.jpg,[],[],[]
fti_Rodney.Nutt@fti-acuity.com_131083_2020-08-18_16586_.jpg,[],[],[]
mphasis_MANISHA.TODKAR@MPHASIS.COM_118403_2020-08-07_7336_.jpg,[],[],[]
528_2162224_Imposter.jpg,[],[],[]
16568.jpg,[],[],[]
1806_2164869_Mobile Camera.jpg,[],[],[]
2637_2165275_Imposter.jpg,[],[],[]
15977.jpg,[],[],[]
16083.jpg,[],[],[]
concentrix_hazeljoy.catubuan@concentrix.com_116692_2020-08-06_21574_.jpg,[0.9308],"[[122, 68, 193, 180]]","[[123, 69, 193, 180]]"
mphasis_Rajendra.Patil@mphasis.com_133120_2020-08-19_7299_.jpg,[],[],[]
87912_2020-07-13_7558_.jpg,[],[],[]
2390_2165123_Imposter.jpg,[],[],[]
mphasis_dalavai.kumar@mphasis.com_118374_2020-08-07_9619_.jpg,[],[],[]
1250_2163240_Imposter.jpg,[],[],[]
mphasis_snehal.deshpande@mphasis.com_135791_2020-08-21_5967_.jpg,[0.3046],"[[152, 71, 189, 131]]",[]
mphasis_joythi.naik@mphasis.com_136157_2020-08-21_9463_.jpg,[],[],[]
71560_2020-06-10_531_.jpg,[0.8433],"[[217, 89, 262, 162]]","[[220, 89, 259, 162]]"
2693_2165289_FVE - No Face Detected.jpg,[],[],[]
mphasis_sunil.chavan1@mphasis.com_131308_2020-08-18_9072_.jpg,[],[],[]
2853_2165431_Spoof.jpg,[],[],[]
mphasis_Kowsalya.M@mphasis.com_112775_2020-08-03_222_.jpg,[],[],[]
3116.jpg,[],[],[]
16104.jpg,[],[],[]
fti_Jonathan.Burns@fti-acuity.com_138588_2020-08-24_13407_.jpg,[],[],[]
24340.jpg,[],[],[]
fti_Cristina.Bosmenier@fti-acuity.com_134509_2020-08-20_13800_.jpg,[],[],[]
105586_2020-07-28_11368_.jpg,[0.8026],"[[270, 113, 301, 191]]","[[269, 112, 299, 190]]"
17847.jpg,[],[],[]
271_2162108_Imposter.jpg,[],[],[]
g_right_12390.jpg,[0.9682],"[[268, 71, 320, 120]]","[[268, 72, 320, 120]]"
1730_2163956_Imposter.jpg,[],[],[]
12653.jpg,[],[],[]
mphasis_GABRIEL.SANTHOSH@MPHASIS.COM_112373_2020-08-03_3608_.jpg,[],[],[]
4720.jpg,[],[],[]
79482_2020-06-30_11699_.jpg,[0.7274],"[[40, 115, 79, 179]]","[[43, 116, 78, 180]]"
2498_2165263_Imposter.jpg,[],[],[]
9397.jpg,[],[],[]
fti_Jasmine.Jackson@fti-acuity.com_134434_2020-08-20_18109_.jpg,[],[],[]
10368.jpg,[],[],[]
ashvini.jadhav@mphasis.com_mphasis_proctordesk_hosted_290_.jpg,[],[],[]
92724_2020-07-16_3824_.jpg,[],[],[]
92780_2020-07-16_3232_.jpg,[],[],[]
525_2162224_Multiple people.jpg,[],[],[]
pooja.malpani@mphasis.com_mphasis_proctordesk_hosted_1597_.jpg,[],[],[]
2279_2165053_Mobile Camera.jpg,[],[],[]
mphasis_neeraja.x@mphasis.com_121284_2020-08-10_9717_.jpg,[],[],[]
mphasis_gurpreet.kaur@mphasis.com_130971_2020-08-18_612_.jpg,[],[],[]
1574_2163621_Mobile Camera.jpg,[0.7694],"[[134, 148, 171, 174]]","[[133, 147, 170, 180]]"
Suman.S01@mphasis.com_mphasis_proctordesk_hosted_1936_.jpg,[],[],[]
mphasis_dayanand.kothavale@mphasis.com_119066_2020-08-07_6503_.jpg,[],[],[]
fti_celmira.jamett@fti-acuity.com_132813_2020-08-19_19560_.jpg,[],[],[]
102318_2020-07-24_10088_.jpg,[],[],[]
88562_2020-07-14_9060_.jpg,[],[],[]
dinesh.st@mphasis.com_mphasis_proctordesk_hosted_160_.jpg,[],[],[]
106476_2020-07-29_3342_.jpg,[],[],[]
46330_2020-04-18_9347_.jpg,[],[],[]
mphasis_dipti.gurav@mphasis.com_120298_2020-08-10_729_.jpg,[],[],[]
2085_2164994_Imposter.jpg,[],[],[]
mphasis_jacilda.fernandes@mphasis.com_146858_2020-08-31_11108_.jpg,[],[],[]
mphasis_meka.divya@mphasis.com_113356_2020-08-04_2734_.jpg,[],[],[]
96715_2020-07-20_4203_.jpg,[],[],[]
102331_2020-07-24_11022_.jpg,[],[],[]
1325_2163276_Imposter.jpg,[],[],[]
mphasis_manikandan.v1@mphasis.com_120539_2020-08-10_5039_.jpg,[],[],[]
94161_2020-07-17_13465_.jpg,[],[],[]
fti_Amina.Maddox@fti-acuity.com_133075_2020-08-19_12104_.jpg,[],[],[]
mphasis_vinutha.s@mphasis.com_120821_2020-08-10_6888_.jpg,[],[],[]
15769.jpg,[],[],[]
522.jpg,[0.8971],"[[39, 130, 83, 180]]","[[39, 132, 82, 180]]"
443_2162134_Multiple people.jpg,[],[],[]
16960.jpg,[0.8153],"[[194, 168, 216, 240]]","[[198, 168, 217, 239]]"
gayle.boesky@fti-acuity.com_fti_consulting_proctordesk_hosted_9160_.jpg,[],[],[]
636_2162288_Imposter.jpg,[],[],[]
26670.jpg,[0.8765],"[[0, 3, 157, 234]]","[[1, 1, 152, 232]]"
mphasis_pavan.an@mphasis.com_113275_2020-08-04_6766_.jpg,[],[],[]
7851.jpg,[],[],[]
310_2162120_Mobile Camera.jpg,[0.7935],"[[209, 137, 246, 178]]","[[211, 138, 246, 174]]"
mphasis_Manoj.Gupta01@mphasis.com_120322_2020-08-10_10531_.jpg,[],[],[]
mphasis_karishma.barge@mphasis.com_121922_2020-08-11_1025_.jpg,[],[],[]
fti_Joseph.Gulino@fti-acuity.com_127964_2020-08-15_12429_.jpg,[],[],[]
24071.jpg,[0.8988],"[[226, 12, 308, 125]]","[[227, 12, 308, 125]]"
65_2162050_Imposter.jpg,[],[],[]
50637_2020-04-27_116_.jpg,[0.6544],"[[65, 225, 147, 240]]",[]
85349_2020-07-10_13796_.jpg,[0.9037],"[[36, 5, 116, 140]]","[[36, 6, 116, 139]]"
12042.jpg,[],[],[]
sooraj.k@mphasis.com_mphasis_proctordesk_hosted_398_.jpg,[],[],[]
2851_2165431_Spoof.jpg,[],[],[]
8594.jpg,[],[],[]
4711.jpg,[],[],[]
891_2162361_FVE - No Face Detected.jpg,[],[],[]
378_2162129_Imposter.jpg,[],[],[]
67093_2020-05-31_18089_.jpg,[],[],[]
11198.jpg,[],[],[]
215_2162093_Mobile Camera.jpg,[0.6803],"[[0, 117, 35, 180]]","[[1, 128, 34, 180]]"
11478.jpg,[],[],[]
1803_2164869_Imposter.jpg,[],[],[]
2708_2165289_FVE - No Face Detected.jpg,[],[],[]
100820_2020-07-23_11170_.jpg,[],[],[]
1091.jpg,[],[],[]
25974.jpg,[0.8904],"[[231, 132, 269, 209]]","[[231, 132, 269, 210]]"
10171.jpg,[],[],[]
1068_2162586_Imposter.jpg,[],[],[]
13588.jpg,[],[],[]
101991_2020-07-24_4884_.jpg,[],[],[]
sandeep.gaikwad@mphasis.com_mphasis_proctordesk_hosted_1204_.jpg,[],[],[]
fti_Jennifer.Carman@fti-acuity.com_129914_2020-08-17_19623_.jpg,[],[],[]
fti_Bradley.Brown@fti-acuity.com_130859_2020-08-18_18336_.jpg,[0.8194],"[[71, 129, 131, 213]]","[[72, 130, 129, 208]]"
24628.jpg,[],[],[]
91246_2020-07-15_6547_.jpg,[],[],[]
693_2162304_Imposter.jpg,[],[],[]
fti_yongki.hong@fti-acuity.com_146922_2020-08-31_16852_.jpg,[],[],[]
fti_Marla.Grant@fti-acuity.com_131020_2020-08-18_14125_.jpg,[],[],[]
9930.jpg,[],[],[]
95687_2020-07-19_11197_.jpg,[],[],[]
223_2162093_Imposter.jpg,[],[],[]
88591_2020-07-14_1576_.jpg,[],[],[]
88654_2020-07-14_7053_.jpg,[],[],[]
2240_2165026_Mobile Camera.jpg,[0.3662],"[[0, 0, 91, 150]]",[]
23911.jpg,[],[],[]
2476_2165263_Imposter.jpg,[],[],[]
25654.jpg,[0.9016],"[[176, 128, 223, 190]]","[[177, 128, 222, 189]]"
6777.jpg,[],[],[]
1122_2162807_Imposter.jpg,[],[],[]
23152.jpg,[],[],[]
20164.jpg,[],[],[]
1479_2163473_Mobile Camera.jpg,"[0.6179, 0.4172]","[[177, 103, 198, 143], [177, 102, 198, 131]]","[[178, 100, 199, 129]]"
102546_2020-07-24_4970_.jpg,[],[],[]
majid.shaikh@mphasis.com_mphasis_proctordesk_hosted_726_.jpg,[],[],[]
mphasis_Amrita.Gaikwad@mphasis.com_142922_2020-08-27_2418_.jpg,[],[],[]
25813.jpg,[0.8747],"[[133, 108, 187, 180]]","[[132, 108, 187, 176]]"
2785_2165373_Imposter.jpg,[],[],[]
202_2162093_Imposter.jpg,[],[],[]
87838_2020-07-13_19017_.jpg,[0.8774],"[[95, 128, 208, 180]]","[[96, 131, 206, 180]]"
14523.jpg,[],[],[]
201_2162093_Mobile Camera.jpg,[0.832],"[[0, 76, 62, 144]]","[[1, 74, 63, 143]]"
243_2162096_Mobile Camera.jpg,[],[],[]
1043.jpg,[],[],[]
1690_2163741_Imposter.jpg,[],[],[]
fti_morgan.tharpe@fti-acuity.com_136320_2020-08-21_19984_.jpg,[],[],[]
mphasis_Abhishek.Chitre@mphasis.com_122963_2020-08-12_3598_.jpg,[],[],[]
400_2162129_Imposter.jpg,[],[],[]
mphasis_shifana.m@mphasis.com_124577_2020-08-13_9261_.jpg,[],[],[]
16058.jpg,[],[],[]
fti_Jayme.Coleman@fti-acuity.com_136357_2020-08-21_14585_.jpg,[],[],[]
83891_2020-07-09_17534_.jpg,[],[],[]
102451_2020-07-24_11725_.jpg,[],[],[]
mphasis_pradeep.r@mphasis.com_117704_2020-08-06_8685_.jpg,[],[],[]
1402_2163380_Imposter.jpg,[],[],[]
1235_2163233_FVE - No Face Detected.jpg,[],[],[]
24723.jpg,[],[],[]
mphasis_neeraja.x@mphasis.com_121284_2020-08-10_9692_.jpg,[],[],[]
mphasis_v.vinothkumar@mphasis.com_113534_2020-08-04_5591_.jpg,[],[],[]
45418_2020-04-16_9696_.jpg,[0.8707],"[[82, 152, 190, 212]]","[[81, 153, 190, 212]]"
471_2162163_Mobile Camera.jpg,[0.408],"[[213, 100, 287, 180]]",[]
96226_2020-07-20_13725_.jpg,[],[],[]
1215_2163111_Imposter.jpg,[],[],[]
8812.jpg,[],[],[]
Lori.Johnson@fti-acuity.com_fti_consulting_proctordesk_hosted_19008_.jpg,[],[],[]
mphasis_Dileep.Joshi@mphasis.com_115001_2020-08-05_5304_.jpg,[],[],[]
2300_2165061_Mobile Camera.jpg,[],[],[]
7778.jpg,[],[],[]
11725.jpg,[],[],[]
1878_2164929_Mobile Camera.jpg,[],[],[]
673_2162304_Imposter.jpg,[],[],[]
18_2162036_Mobile Camera.jpg,[0.9058],"[[178, 151, 230, 180]]","[[179, 151, 230, 180]]"
558_2162224_Imposter.jpg,[],[],[]
96488_2020-07-20_16236_.jpg,[],[],[]
concentrix_waranya.phanphai1@concentrix.com_133763_2020-08-20_21712_.jpg,[],[],[]
8526.jpg,[],[],[]
2126_2164997_Imposter.jpg,[],[],[]
352_2162125_Imposter.jpg,[],[],[]
24088.jpg,[0.7492],"[[225, 153, 275, 179]]","[[226, 151, 276, 180]]"
fti_meir.gerstein@fti-acuity.com_137325_2020-08-22_16060_.jpg,[],[],[]
2299_2165060_Mobile Camera.jpg,[0.89],"[[271, 43, 320, 123]]","[[267, 44, 319, 126]]"
14710.jpg,[0.7474],"[[143, 160, 185, 238]]","[[142, 161, 184, 240]]"
100312_2020-07-23_3067_.jpg,[],[],[]
fti_Emeka.Onwezi@fti-acuity.com_138364_2020-08-24_17365_.jpg,[],[],[]
9551.jpg,[],[],[]
7392.jpg,[],[],[]
19584.jpg,[],[],[]
86899_2020-07-13_4498_.jpg,[],[],[]
59813_2020-05-14_17816_.jpg,[0.9134],"[[110, 48, 232, 112]]","[[113, 48, 234, 110]]"
1543_2163597_Imposter.jpg,[],[],[]
fti_Kathryn.Henderson@fti-acuity.com_127887_2020-08-15_11664_.jpg,[0.943],"[[143, 119, 201, 179]]","[[144, 119, 200, 179]]"
2334_2165088_FVE - No Face Detected.jpg,[],[],[]
508_2162194_Imposter.jpg,[],[],[]
884_2162352_Imposter.jpg,[],[],[]
10922.jpg,[],[],[]
8131.jpg,[],[],[]
mphasis_shubam.sharma@mphasis.com_115206_2020-08-05_4776_.jpg,[],[],[]
101924_2020-07-24_12419_.jpg,[],[],[]
772_2162304_Imposter.jpg,[],[],[]
1085_2162628_Mobile Camera.jpg,[0.8729],"[[212, 150, 313, 179]]","[[215, 149, 312, 180]]"
2207_2165014_Imposter.jpg,[],[],[]
26666.jpg,[0.8385],"[[71, 142, 219, 240]]","[[70, 144, 213, 240]]"
2030_2164987_Mobile Camera.jpg,[],[],"[[194, 141, 217, 167]]"
1675_2163737_Imposter.jpg,[],[],[]
87443_2020-07-13_5750_.jpg,[],[],[]
556_2162224_Imposter.jpg,[],[],[]
25805.jpg,[0.9214],"[[227, 107, 279, 188]]","[[227, 107, 279, 186]]"
392_2162129_Mobile Camera.jpg,[],[],[]
15199.jpg,[],[],[]
pooja.malpani@mphasis.com_mphasis_proctordesk_hosted_1599_.jpg,[],[],[]
212_2162093_Mobile Camera.jpg,[0.8365],"[[10, 93, 72, 179]]","[[9, 95, 74, 180]]"
15332.jpg,[0.8154],"[[178, 160, 204, 239]]","[[180, 162, 203, 240]]"
mphasis_shubam.sharma@mphasis.com_136022_2020-08-21_4815_.jpg,[],[],[]
998_2162483_Imposter.jpg,[],[],[]
2308_2165084_Imposter.jpg,[],[],[]
21710.jpg,[],[],[]
mphasis_pranali.gaikwad1@mphasis.com_125021_2020-08-13_830_.jpg,[],[],[]
2150_2165005_Imposter.jpg,[],[],[]
mounika.s@mphasis.com_mphasis_proctordesk_hosted_226_.jpg,[],[],[]
13795.jpg,[0.901],"[[131, 149, 240, 195]]","[[133, 150, 239, 195]]"
1634_2163656_Multiple people.jpg,[],[],[]
104091_2020-07-27_13271_.jpg,[],[],[]
106369_2020-07-29_3902_.jpg,[],[],[]
90477_2020-07-15_7819_.jpg,[],[],[]
1986_2164972_Imposter.jpg,[],[],[]
12063.jpg,[],[],[]
10497.jpg,[],[],[]
mphasis_naveen.b@mphasis.com_124898_2020-08-13_10374_.jpg,[],[],[]
95436_2020-07-18_18460_.jpg,[],[],[]
88808_2020-07-14_17174_.jpg,[0.8696],"[[201, 130, 248, 179]]","[[207, 131, 249, 177]]"
98757_2020-07-22_18725_.jpg,[],[],[]
1767_2164627_Mobile Camera.jpg,[0.6005],"[[130, 139, 212, 179]]",[]
98749_2020-07-22_17970_.jpg,[],[],[]
2340_2165096_Imposter.jpg,[0.3243],"[[217, 64, 273, 114]]",[]
45417_2020-04-16_9821_.jpg,[],[],[]
83467_2020-07-08_17469_.jpg,[0.9396],"[[135, 122, 210, 179]]","[[134, 123, 210, 180]]"
g_top_123334.jpg,[0.9579],"[[146, 0, 243, 29]]","[[147, 0, 243, 29]]"
17263.jpg,"[0.2671, 0.2524]","[[172, 229, 210, 239], [167, 225, 207, 240]]",[]
2733_2165327_Imposter.jpg,[],[],[]
10226.jpg,[],[],[]
44858_2020-04-15_9421_.jpg,[0.8699],"[[150, 88, 212, 175]]","[[147, 89, 210, 180]]"
91123_2020-07-15_1597_.jpg,[],[],[]
2759_2165335_Multiple people.jpg,[],[],[]
88542_2020-07-14_7965_.jpg,[],[],[]
105303_2020-07-28_5672_.jpg,[],[],[]
10269.jpg,[],[],[]
97613_2020-07-21_2296_.jpg,[],[],[]
g_left_123104.jpg,[0.949],"[[0, 144, 63, 193]]","[[0, 145, 64, 193]]"
96221_2020-07-20_2253_.jpg,[],[],[]
45393_2020-04-16_9230_.jpg,[0.9253],"[[112, 120, 199, 163]]","[[112, 121, 199, 164]]"
97305_2020-07-21_18666_.jpg,[],[],[]
101676_2020-07-24_4093_.jpg,[],[],[]
fti_Bijoux.Ngwanda@fti-acuity.com_145726_2020-08-28_14893_.jpg,[],[],[]
83432_2020-07-08_16718_.jpg,[],[],[]
20908.jpg,[],[],[]
mphasis_bharatha.p@mphasis.com_131369_2020-08-18_3416_.jpg,[],[],[]
Mahmoud.AlSharif@investbank.jo_investbank_proctordesk_hosted_investbank_proctordesk_hosted_Mahmoud.AlSharif@investbank.jo_86327_2871_.jpg,[],[],[]
mphasis_gurpreet.kaur@mphasis.com_130971_2020-08-18_646_.jpg,[],[],[]
105282_2020-07-28_13645_.jpg,[],[],[]
84064_2020-07-09_16367_.jpg,[],[],[]
g_top_172290.jpg,[0.9604],"[[196, 0, 259, 28]]","[[196, 0, 260, 29]]"
1829_2164903_Imposter.jpg,[],[],[]
fti_Luis.Rubio@fti-acuity.com_134398_2020-08-20_13438_.jpg,[],[],[]
33_2162050_Imposter.jpg,[],[],[]
830_2162309_Multiple people.jpg,[],[],[]
11968.jpg,[],[],[]
2547_2165269_Mobile Camera.jpg,[0.4448],"[[120, 159, 145, 179]]",[]
98029_2020-07-21_12744_.jpg,[0.7863],"[[104, 167, 167, 238]]","[[105, 167, 167, 228]]"
26335.jpg,[0.8905],"[[154, 133, 189, 178]]","[[154, 133, 189, 180]]"
20730.jpg,[],[],[]
2129.jpg,[],[],[]
20158.jpg,[],[],[]
16289.jpg,[],[],[]
11834.jpg,[],[],[]
653_2162297_Imposter.jpg,[],[],[]
21743.jpg,[],[],[]
98051_2020-07-21_4979_.jpg,[],[],[]
2301_2165061_Mobile Camera.jpg,[],[],[]
45.jpg,[],[],[]
11185.jpg,[],[],[]
1888_2164935_Imposter.jpg,[],[],[]
mphasis_sushmita.mesta@mphasis.com_116948_2020-08-06_10723_.jpg,[],[],[]
102492_2020-07-24_10611_.jpg,[],[],[]
719_2162304_Imposter.jpg,[],[],[]
mphasis_hanmant.inamdar@mphasis.com_134402_2020-08-20_3867_.jpg,[],[],[]
103153_2020-07-26_18959_.jpg,[],[],[]
mphasis_kamran.raeesahmed@mphasis.com_129584_2020-08-17_1371_.jpg,[],[],[]
concentrix_santhosh.n1@concentrix.com_126177_2020-08-14_21471_.jpg,[],[],[]
14122.jpg,[],[],[]
mphasis_pooja.x2@mphasis.com_126773_2020-08-14_3747_.jpg,[],[],[]
15912.jpg,[],[],[]
67511_2020-06-01_17794_.jpg,"[0.407, 0.395]","[[147, 143, 166, 207], [149, 141, 163, 207]]","[[148, 147, 163, 206]]"
16640.jpg,[],[],[]
26615.jpg,[0.5694],"[[93, 46, 122, 124]]","[[92, 54, 125, 128]]"
1577_2163626_Imposter.jpg,[],[],[]
2531_2165267_Imposter.jpg,[],[],[]
fti_Cynthia.Park@fti-acuity.com_137817_2020-08-23_12254_.jpg,[],[],[]
510_2162197_Imposter.jpg,[],[],[]
861_2162330_Mobile Camera.jpg,[],[],[]
23933.jpg,[],[],[]
fti_James.Troy@fti-acuity.com_132636_2020-08-19_14339_.jpg,[],[],[]
mphasis_pooja.x2@mphasis.com_126773_2020-08-14_3716_.jpg,[],[],[]
74288_2020-06-17_18222_.jpg,[],[],[]
mphasis_Karan.Gaikwad@mphasis.com_125590_2020-08-13_7112_.jpg,[],[],[]
fti_Arneaud.Mendes@fti-acuity.com_138918_2020-08-24_12319_.jpg,[],[],[]
mphasis_chethan.bugati@mphasis.com_130787_2020-08-18_10825_.jpg,[],[],[]
1948_2164955_Imposter.jpg,[],[],[]
14007.jpg,[],[],[]
16002.jpg,[],[],[]
mphasis_himanshu.shah@mphasis.com_112115_2020-08-03_6316_.jpg,[],[],[]
11471.jpg,[],[],[]
10467.jpg,[],[],[]
fti_Jasmine.Jackson@fti-acuity.com_128359_2020-08-16_18097_.jpg,[],[],[]
1579_2163626_Imposter.jpg,[],[],[]
99272_2020-07-22_13699_.jpg,[],[],[]
8233.jpg,[0.9029],"[[131, 150, 239, 195]]","[[132, 150, 241, 197]]"
Zameer.Darga@mphasis.com_mphasis_proctordesk_hosted_31_.jpg,[],[],[]
g_top_38157.jpg,[0.9634],"[[186, 0, 259, 38]]","[[187, 0, 259, 39]]"
2294_2165059_Mobile Camera.jpg,[],[],[]
mphasis_meka.divya@mphasis.com_113356_2020-08-04_2756_.jpg,[],[],[]
fti_William.Dawson@fti-acuity.com_145235_2020-08-28_14220_.jpg,[],[],[]
mphasis_Sunny.Thakur@mphasis.com_133317_2020-08-19_1637_.jpg,[],[],[]
1717_2163773_Imposter.jpg,[],[],[]
mphasis_sudha.j@mphasis.com_114711_2020-08-05_7593_.jpg,[],[],[]
mphasis_md.kausar@mphasis.com_114242_2020-08-04_3926_.jpg,[],[],[]
g_top_WIN_20210427_22_16_43_Pro71.jpg,[0.9226],"[[119, 0, 168, 13]]","[[120, 0, 168, 13]]"
fti_Theodore.Bechtold@fti-acuity.com_129431_2020-08-17_20163_.jpg,[0.7611],"[[253, 32, 312, 133]]",[]
84703_2020-07-10_4950_.jpg,[0.8314],"[[215, 112, 253, 153]]","[[215, 111, 252, 153]]"
89865_2020-07-14_3352_.jpg,[0.8628],"[[19, 126, 158, 239]]","[[22, 125, 156, 240]]"
2491_2165263_Imposter.jpg,[],[],[]
89_2162061_Mobile Camera.jpg,[0.8902],"[[229, 130, 288, 179]]","[[235, 132, 288, 180]]"
1208_2163095_Imposter.jpg,[],[],[]
2128_2164997_Imposter.jpg,[],[],[]
862_2162330_Imposter.jpg,[],[],[]
2657_2165275_Imposter.jpg,[],[],[]
2317_2165084_Imposter.jpg,[],[],[]
2106_2164994_FVE - No Face Detected.jpg,[],[],[]
1771_2164627_FVE - No Face Detected.jpg,[],[],[]
2662.jpg,[],[],[]
1_2162025_Mobile Camera.jpg,[],[],[]
2312_2165084_Imposter.jpg,[],[],[]
fti_Oswaldo.Santos@fti-acuity.com_143217_2020-08-27_15050_.jpg,[],[],[]
6244.jpg,[0.3069],"[[0, 203, 65, 240]]",[]
1993_2164972_FVE - No Face Detected.jpg,[],[],[]
8923.jpg,[],[],[]
1369_2163317_Mobile Camera.jpg,[],[],[]
bhushan.jadhav02@mphasis.com_mphasis_proctordesk_hosted_1321_.jpg,[],[],[]
72_2162050_Imposter.jpg,[],[],[]
mphasis_ashwini.ghante@mphasis.com_123220_2020-08-12_7162_.jpg,[],[],[]
1397_2163380_Mobile Camera.jpg,[],[],[]
1086_2162628_Mobile Camera.jpg,[],[],[]
92203_2020-07-16_191_.jpg,[],[],[]
mphasis_pinjari.fakruddin@mphasis.com_115314_2020-08-05_8917_.jpg,[],[],[]
96221_2020-07-20_2268_.jpg,[],[],[]
95959_2020-07-20_19033_.jpg,[],[],[]
174_2162083_Imposter.jpg,[],[],[]
2545.jpg,[],[],[]
fti_Matthew.Lerette@fti-acuity.com_138911_2020-08-24_13926_.jpg,[],[],[]
fti_James.Weinstock@fti-acuity.com_139285_2020-08-28_14864_.jpg,[],[],[]
25818.jpg,[0.8851],"[[162, 103, 197, 174]]","[[162, 105, 199, 174]]"
1154_2162985_Mobile Camera.jpg,[],[],"[[199, 112, 224, 150]]"
concentrix_kanut.wandee@concentrix.com_127796_2020-08-15_21757_.jpg,[],[],[]
2474_2165263_Imposter.jpg,[],[],[]
2458_2165214_FVE - No Face Detected.jpg,[],[],"[[8, 163, 47, 180]]"
17207.jpg,[],[],[]
99274_2020-07-22_3133_.jpg,[],[],[]
104041_2020-07-27_13778_.jpg,[0.8856],"[[244, 128, 278, 179]]","[[245, 127, 277, 180]]"
mphasis_chandraprabha.m@mphasis.com_120731_2020-08-10_2060_.jpg,[],[],[]
87030_2020-07-13_4390_.jpg,[],[],[]
kamran.raeesahmed@mphasis.com_mphasis_proctordesk_hosted_680_.jpg,[],[],[]
mphasis_sanaa.khanum@mphasis.com_114015_2020-08-04_7694_.jpg,[],[],[]
108923_2020-07-30_3213_.jpg,[],[],[]
g_top_178355.jpg,[0.9541],"[[160, 0, 319, 54]]","[[160, 0, 320, 55]]"
700_2162304_Imposter.jpg,[],[],[]
12157.jpg,[],[],[]
mphasis_dalavai.kumar@mphasis.com_115181_2020-08-05_9599_.jpg,[],[],[]
1435_2163420_FVE - No Face Detected.jpg,[],[],[]
mphasis_snehal.deshpande@mphasis.com_139868_2020-08-25_6034_.jpg,[],[],[]
fti_Alyssa.Mandel@fti-acuity.com_131186_2020-08-18_20329_.jpg,[],[],[]
1723_2163956_Imposter.jpg,[],[],[]
2041_2164992_Imposter.jpg,[],[],[]
1985_2164972_Mobile Camera.jpg,[0.7901],"[[160, 139, 196, 169]]","[[160, 139, 197, 168]]"
2179_2165009_Mobile Camera.jpg,[],[],[]
mphasis_Afreen.Mujawar@mphasis.com_114327_2020-08-04_3061_.jpg,[],[],[]
943.jpg,[],[],[]
102359_2020-07-24_12749_.jpg,[0.8052],"[[35, 64, 81, 128]]","[[34, 63, 82, 131]]"
mphasis_mahiboobsab.gorakal@mphasis.com_134719_2020-08-20_5740_.jpg,[],[],[]
2098_2164994_Imposter.jpg,[],[],[]
96483_2020-07-20_3271_.jpg,[],[],[]
106853_2020-07-29_10678_.jpg,[],[],[]
21711.jpg,[],[],[]
27595.jpg,[],[],[]
2835_2165418_Imposter.jpg,[],[],[]
55552_2020-05-06_18285_.jpg,[],[],[]
fti_Andrew.Bresalier@fti-acuity.com_136093_2020-08-21_19046_.jpg,[],[],[]
22590.jpg,[],[],[]
1636_2163656_Multiple people.jpg,[],[],[]
89.jpg,[],[],[]
mphasis_prakash.kashid@mphasis.com_138468_2020-08-24_10980_.jpg,[],[],[]
mphasis_sarita.kambale@mphasis.com_124677_2020-08-13_548_.jpg,[],[],[]
mphasis_Lalit.Bonde@mphasis.com_134088_2020-08-20_4582_.jpg,[],[],[]
83954_2020-07-09_17069_.jpg,[],[],[]
mphasis_gurpreet.kaur@mphasis.com_130971_2020-08-18_652_.jpg,[],[],[]
22160.jpg,[],[],[]
87759_2020-07-13_13057_.jpg,[0.8999],"[[151, 117, 203, 177]]","[[151, 116, 204, 177]]"
1286_2163250_Imposter.jpg,[],[],[]
25884.jpg,[0.9008],"[[212, 119, 251, 201]]","[[211, 118, 252, 199]]"
1557.jpg,[],[],[]
90039_2020-07-14_7667_.jpg,[],[],[]
97872_2020-07-21_5118_.jpg,[],[],[]
20970.jpg,[],[],[]
2290_2165058_Mobile Camera.jpg,[],[],[]
stephin.thomas@concentrix.com_concentrix_proctordesk_hosted_1166_.jpg,[],[],[]
22231.jpg,[],[],[]
692_2162304_Imposter.jpg,[],[],[]
2374_2165110_FVE - No Face Detected.jpg,[],[],[]
22498.jpg,[],[],[]
21430.jpg,[],[],[]
27657.jpg,[0.8827],"[[93, 153, 178, 235]]","[[92, 153, 178, 240]]"
mphasis_Akram.Shaik@mphasis.com_146939_2020-08-31_129_.jpg,[],[],[]
fti_Uloma.Onuma@fti-acuity.com_131488_2020-08-18_19370_.jpg,[],[],[]
g_left_7445.jpg,[0.9599],"[[0, 99, 87, 171]]","[[0, 99, 87, 171]]"
mphasis_Ramya.C@mphasis.com_110844_2020-08-01_4087_.jpg,[],[],[]
101730_2020-07-24_2205_.jpg,[],[],[]
68708_2020-06-03_18054_.jpg,[],[],[]
aravindan.sivakumar@concentrix.com_concentrix_proctordesk_hosted_1170_.jpg,[],[],[]
23348.jpg,[],[],[]
mphasis_avuluru.mahendra@mphasis.com_136478_2020-08-21_2633_.jpg,[],[],[]
pooja.awasarakar@mphasis.com_mphasis_proctordesk_hosted_841_.jpg,[],[],[]
g_right_116132.jpg,[0.9578],"[[280, 47, 319, 83]]","[[281, 47, 320, 84]]"
23283.jpg,[],[],[]
2385_2165120_Mobile Camera.jpg,[0.6294],"[[104, 60, 168, 108]]","[[104, 60, 173, 103]]"
90_2162061_Mobile Camera.jpg,[],[],[]
100972_2020-07-23_14569_.jpg,[],[],[]
7190.jpg,[],[],[]
1034_2162503_Imposter.jpg,[],[],[]
mphasis_mounika.s@mphasis.com_113979_2020-08-04_145_.jpg,[],[],[]
fti_Scott.Bomson@fti-acuity.com_138517_2020-08-24_12001_.jpg,[],[],[]
92408_2020-07-16_3995_.jpg,[],[],[]
11550.jpg,[],[],[]
18315.jpg,[],[],[]
87673_2020-07-13_657_.jpg,[],[],[]
1739_2163956_Imposter.jpg,[],[],[]
359_2162125_Imposter.jpg,[],[],[]
98345_2020-07-21_15783_.jpg,[0.8612],"[[246, 100, 287, 162]]","[[247, 101, 289, 161]]"
mphasis_md.kausar@mphasis.com_112774_2020-08-03_3905_.jpg,[],[],[]
79351_2020-06-30_12772_.jpg,[],[],[]
761_2162304_Imposter.jpg,[],[],[]
mphasis_vishakha.kharad@mphasis.com_118217_2020-08-07_2262_.jpg,[],[],[]
19263.jpg,[],[],[]
76805_2020-06-23_970_.jpg,[],[],[]
mphasis_meka.divya@mphasis.com_120001_2020-08-10_2801_.jpg,[],[],[]
fti_Olufemi.Gbede@fti-acuity.com_138863_2020-08-24_18490_.jpg,[0.3737],"[[96, 149, 304, 240]]",[]
17668.jpg,[],[],[]
fti_Meigan.Cooper@fti-acuity.com_137433_2020-08-22_19177_.jpg,[],[],[]
23523.jpg,[0.921],"[[214, 92, 279, 180]]","[[216, 93, 280, 180]]"
93935_2020-07-17_7548_.jpg,[],[],[]
mphasis_shubam.sharma@mphasis.com_136022_2020-08-21_4801_.jpg,[],[],[]
mphasis_Mukesh.Chaure@mphasis.com_129894_2020-08-17_8041_.jpg,[],[],[]
86791_2020-07-13_2318_.jpg,[],[],[]
fti_mary.hatcher@fti-acuity.com_142259_2020-08-26_19723_.jpg,[0.8371],"[[154, 20, 204, 131]]",[]
vidya.bhosale@mphasis.com_mphasis_proctordesk_hosted_191_.jpg,[],[],[]
100070_2020-07-23_19048_.jpg,[],[],[]
85563_2020-07-10_10947_.jpg,[],[],[]
88812_2020-07-14_5387_.jpg,[],[],[]
13839.jpg,[0.8346],"[[183, 167, 205, 239]]","[[184, 168, 205, 240]]"
582_2162276_Mobile Camera.jpg,[],[],[]
mphasis_santosh.itnal@mphasis.com_135193_2020-08-20_1757_.jpg,[],[],[]
mounika.s@mphasis.com_mphasis_proctordesk_hosted_227_.jpg,[],[],[]
4270.jpg,[],[],[]
35_2162050_Imposter.jpg,[],[],[]
mphasis_paulranjithkumar.s@mphasis.com_127343_2020-08-14_5843_.jpg,[],[],[]
g_left_WIN_20210427_22_16_35_Pro55.jpg,[0.9095],"[[0, 164, 12, 212]]","[[0, 165, 13, 213]]"
12911.jpg,[],[],[]
24867.jpg,[0.8705],"[[42, 112, 96, 202]]","[[43, 112, 97, 202]]"
peter.brueggen@fti-acuity.com_fti_consulting_proctordesk_hosted_4237_.jpg,[0.465],"[[34, 185, 210, 239]]",[]
97007_2020-07-20_2287_.jpg,[],[],[]
2272_2165033_Imposter.jpg,[],[],[]
27604.jpg,[0.8047],"[[132, 47, 237, 174]]","[[130, 47, 240, 175]]"
1095_2162654_Mobile Camera.jpg,[],[],[]
pooja.awasarakar@mphasis.com_mphasis_proctordesk_hosted_846_.jpg,[],[],[]
9161.jpg,[],[],[]
12894.jpg,[],[],[]
2506_2165263_Imposter.jpg,[],[],[]
71233_2020-06-09_17841_.jpg,[0.8206],"[[72, 56, 174, 106]]","[[74, 49, 176, 105]]"
2014_2164976_Mobile Camera.jpg,[],[],[]
2819_2165388_Mobile Camera.jpg,[],[],[]
1865_2164915_Mobile Camera.jpg,[0.6777],"[[0, 110, 23, 172]]",[]
mphasis_manikandan.v1@mphasis.com_120539_2020-08-10_5088_.jpg,[],[],[]
44947_2020-04-15_9558_.jpg,[],[],[]
195_2162089_Imposter.jpg,[],[],[]
99274_2020-07-22_3136_.jpg,[],[],[]
986_2162475_Mobile Camera.jpg,[],[],[]
19219.jpg,[],[],[]
681_2162304_Imposter.jpg,[],[],[]
17754.jpg,[],[],[]
84806_2020-07-10_819_.jpg,[],[],[]
108304_2020-07-30_2558_.jpg,[],[],[]
g_right_WIN_20210427_22_16_43_Pro17.jpg,[0.9334],"[[301, 66, 319, 129]]","[[301, 65, 320, 130]]"
swathi.b@mphasis.com_mphasis_proctordesk_hosted_588_.jpg,[],[],[]
27773.jpg,[],[],[]
14781.jpg,[],[],[]
Pat.Henry@fti-acuity.com_fti_consulting_proctordesk_hosted_2183_.jpg,[],[],[]
94138_2020-07-17_6042_.jpg,[],[],[]
fti_Doreen.Nanda@fti-acuity.com_143829_2020-08-27_13103_.jpg,[0.8695],"[[161, 103, 213, 169]]","[[163, 103, 212, 172]]"
96221_2020-07-20_2264_.jpg,[],[],[]
262_2162108_Imposter.jpg,[],[],[]
106930_2020-07-29_3713_.jpg,[],[],[]
mphasis_Raksha.Ravi@mphasis.com_136167_2020-08-21_3473_.jpg,[],[],[]
1060_2162551_Imposter.jpg,[],[],[]
196_2162093_Imposter.jpg,[],[],[]
17451.jpg,[],[],[]
84730_2020-07-10_7282_.jpg,[0.8822],"[[157, 63, 248, 180]]","[[157, 60, 249, 180]]"
mphasis_Nasir.Kazi@mphasis.com_124494_2020-08-12_2897_.jpg,[],[],[]
86944_2020-07-13_8936_.jpg,[],[],[]
2004_2164972_Mobile Camera.jpg,[0.8523],"[[246, 129, 296, 179]]","[[256, 130, 295, 169]]"
9976.jpg,[],[],[]
mphasis_manjunatha.n@mphasis.com_118253_2020-08-07_9507_.jpg,[],[],[]
342_2162123_Mobile Camera.jpg,[],[],[]
289_2162115_Imposter.jpg,[],[],[]
mphasis_Mukesh.Chaure@mphasis.com_125752_2020-08-13_8030_.jpg,[],[],[]
107263_2020-07-29_2954_.jpg,[],[],[]
91445_2020-07-15_12272_.jpg,[0.9102],"[[191, 82, 277, 180]]","[[190, 82, 277, 180]]"
mphasis_Suraj.Salaskar@mphasis.com_118689_2020-08-07_2112_.jpg,[],[],[]
concentrix_PATAN.BABA@concentrix.com_111877_2020-08-03_21918_.jpg,[0.7679],"[[0, 141, 135, 180]]",[]
2343_2165096_Imposter.jpg,[],[],[]
13009.jpg,[0.907],"[[131, 150, 240, 196]]","[[133, 150, 239, 194]]"
23455.jpg,[0.8883],"[[89, 114, 222, 169]]","[[92, 113, 219, 169]]"
17460.jpg,[],[],[]
mphasis_supriya.dhere@mphasis.com_124809_2020-08-13_2334_.jpg,[],[],[]
fti_Zhouqun.Huang@fti-acuity.com_137294_2020-08-22_15594_.jpg,[],[],[]
1610_2163655_Imposter.jpg,[],[],[]
ana.perez@fti-acuity.com_fti_consulting_proctordesk_hosted_19832_.jpg,[],[],[]
mphasis_savita.shirgire@mphasis.com_117833_2020-08-07_8623_.jpg,[],[],[]
34.jpg,[],[],[]
mphasis_nagendra.m@mphasis.com_140150_2020-08-25_9328_.jpg,[],[],[]
1433_2163413_Mobile Camera.jpg,[0.4462],"[[210, 116, 236, 158]]",[]
mphasis_PUTTA.N@MPHASIS.COM_130468_2020-08-18_5227_.jpg,[],[],[]
273_2162108_Imposter.jpg,[],[],[]
959_2162434_Multiple people.jpg,[],[],[]
2501_2165263_Imposter.jpg,[],[],[]
10852.jpg,[],[],[]
fti_Gergana.Miteva@fti-acuity.com_143271_2020-08-27_15105_.jpg,[],[],[]
983_2162475_Mobile Camera.jpg,[],[],[]
736_2162304_Imposter.jpg,[],[],[]
1694_2163742_FVE - Spoof Detected.jpg,[],[],[]
19740.jpg,[],[],[]
mphasis_dalavai.kumar@mphasis.com_113533_2020-08-04_9547_.jpg,[],[],[]
97815_2020-07-21_12801_.jpg,[0.8799],"[[251, 77, 320, 178]]","[[247, 78, 320, 179]]"
2629_2165275_Imposter.jpg,[],[],[]
1953.jpg,[],[],[]
1294_2163250_FVE - No Face Detected.jpg,[],[],[]
90452_2020-07-15_8544_.jpg,[],[],[]
87333_2020-07-13_14719_.jpg,[],[],[]
12536.jpg,[],[],[]
9452.jpg,[],[],[]
1737_2163956_Imposter.jpg,[],[],[]
13249.jpg,[],[],[]
87118_2020-07-13_792_.jpg,[],[],[]
83196_2020-07-08_17185_.jpg,[0.7971],"[[13, 29, 105, 96]]","[[17, 31, 106, 96]]"
mphasis_Navin.Luha05@mphasis.com_139995_2020-08-25_1235_.jpg,[],[],[]
93854_2020-07-17_3798_.jpg,[],[],[]
94286_2020-07-17_8634_.jpg,[],[],[]
1007_2162483_Imposter.jpg,[],[],[]
fti_PBic.Kanayjorn@fti-acuity.com_141231_2020-08-26_16514_.jpg,[],[],[]
mphasis_Chandrakant.Kharat@mphasis.com_126775_2020-08-14_6953_.jpg,[],[],[]
2021_2164977_Mobile Camera.jpg,[],[],[]
22543.jpg,[],[],[]
1659_2163708_Imposter.jpg,[],[],[]
24109.jpg,[0.8463],"[[154, 138, 285, 179]]","[[155, 140, 288, 180]]"
897_2162361_FVE - No Face Detected.jpg,[],[],[]
23495.jpg,[0.9388],"[[109, 123, 163, 180]]","[[109, 123, 164, 179]]"
12765.jpg,[],[],[]
10622.jpg,[],[],[]
1125_2162923_Mobile Camera.jpg,[0.8679],"[[210, 153, 240, 179]]","[[210, 155, 241, 180]]"
22709.jpg,[],[],[]
19901.jpg,[],[],[]
988_2162477_FVE - Imposter Detected.jpg,[],[],[]
17741.jpg,[],[],[]
76.jpg,[],[],[]
24943.jpg,[],[],[]
mphasis_vishakha.kharad@mphasis.com_123942_2020-08-12_2313_.jpg,[],[],[]
104991_2020-07-28_7834_.jpg,[],[],[]
g_top_116365.jpg,[0.951],"[[159, 0, 318, 63]]","[[160, 0, 320, 64]]"
7939.jpg,[0.9005],"[[131, 150, 240, 196]]","[[133, 150, 240, 194]]"
58608_2020-05-12_17799_.jpg,[0.8788],"[[153, 66, 208, 153]]","[[153, 66, 210, 153]]"
1631_2163656_Imposter.jpg,[],[],[]
mphasis_dipika.jagnade@mphasis.com_139466_2020-08-24_7910_.jpg,[],[],[]
85722_2020-07-11_1010_.jpg,[],[],[]
17345.jpg,[],[],[]
mphasis_Gaddam.Balaji@mphasis.com_123282_2020-08-12_1962_.jpg,[],[],[]
ashvini.jadhav@mphasis.com_mphasis_proctordesk_hosted_292_.jpg,[],[],[]
ashvini.jadhav@mphasis.com_mphasis_proctordesk_hosted_301_.jpg,[],[],[]
87768_2020-07-13_13001_.jpg,[],[],[]
88904_2020-07-14_8597_.jpg,[],[],[]
7658.jpg,[],[],[]
6926.jpg,[],[],[]
2219_2165016_Mobile Camera.jpg,[0.3389],"[[131, 149, 261, 180]]",[]
149_2162067_Imposter.jpg,[],[],[]
14953.jpg,[],[],[]
89155_2020-07-14_7122_.jpg,[],[],[]
mphasis_savita.shirgire@mphasis.com_114815_2020-08-05_8601_.jpg,[],[],[]
1566_2163607_Imposter.jpg,[],[],[]
838_2162314_Imposter.jpg,[],[],[]
91042_2020-07-15_350_.jpg,[],[],[]
fti_Yasmeen.Henderson@fti-acuity.com_146091_2020-08-29_19918_.jpg,[],[],[]
2334.jpg,[],[],[]
1762_2164578_Mobile Camera.jpg,[],[],[]
22761.jpg,[],[],[]
fti_Palmer.Parrott@fti-acuity.com_134964_2020-08-20_14717_.jpg,[],[],[]
2836_2165418_Imposter.jpg,[],[],[]
637_2162288_Imposter.jpg,[],[],[]
14025.jpg,[],[],[]
97330_2020-07-21_18136_.jpg,[0.6197],"[[2, 152, 88, 180]]",[]
3_2162025_Mobile Camera.jpg,[],[],[]
91905_2020-07-16_4508_.jpg,[],[],[]
24925.jpg,"[0.5922, 0.3884]","[[214, 108, 228, 178], [212, 120, 227, 178]]","[[212, 110, 230, 179]]"
5405.jpg,[],[],[]
1615_2163655_Imposter.jpg,[],[],[]
87841_2020-07-13_5306_.jpg,[],[],[]
15591.jpg,[],[],[]
1648_2163685_Mobile Camera.jpg,[],[],[]
7914.jpg,[],[],[]
399_2162129_Imposter.jpg,[],[],[]
6209.jpg,[],[],[]
17259.jpg,[0.8285],"[[180, 167, 201, 240]]","[[177, 168, 200, 240]]"
91241_2020-07-15_5715_.jpg,[],[],[]
105823_2020-07-28_3566_.jpg,[],[],[]
1257_2163240_Imposter.jpg,[],[],[]
646_2162291_Multiple people.jpg,[],[],[]
1842_2164903_Imposter.jpg,[],[],[]
775_2162304_Imposter.jpg,[],[],[]
concentrix_patchanok.yangtisan@concentrix.com_133787_2020-08-20_21643_.jpg,[],[],[]
2015_2164976_Imposter.jpg,[],[],[]
2162_2165005_Imposter.jpg,[],[],[]
84779_2020-07-10_17610_.jpg,[0.8483],"[[204, 126, 240, 165]]","[[203, 125, 240, 168]]"
14152.jpg,[],[],[]
99559_2020-07-22_5274_.jpg,[],[],[]
22947.jpg,[],[],[]
1938_2164955_Mobile Camera.jpg,[],[],[]
mphasis_vikram.b@mphasis.com_121735_2020-08-11_10572_.jpg,[],[],[]
mphasis_shila.kapse@mphasis.com_125329_2020-08-13_4977_.jpg,[],[],[]
g_top_10430.jpg,[0.9628],"[[144, 0, 197, 49]]","[[144, 0, 198, 48]]"
g_top_11669.jpg,[0.9567],"[[160, 0, 317, 81]]","[[160, 0, 320, 82]]"
344.jpg,[],[],[]
2298_2165060_Mobile Camera.jpg,[0.5791],"[[269, 100, 299, 122]]","[[260, 100, 300, 138]]"
25939.jpg,[0.8708],"[[219, 151, 261, 216]]","[[222, 152, 262, 216]]"
1969_2164969_Multiple people.jpg,[],[],[]
314_2162120_Mobile Camera.jpg,[],[],"[[191, 161, 220, 180]]"
fti_Cara.DiBiase@fti-acuity.com_138697_2020-08-24_14617_.jpg,[0.8952],"[[159, 155, 221, 240]]","[[160, 155, 217, 240]]"
638_2162288_Imposter.jpg,[],[],[]
19408.jpg,[],[],[]
2169_2165007_Mobile Camera.jpg,[],[],"[[212, 116, 231, 137]]"
fti_Vanessa.Uphoff@fti-acuity.com_138989_2020-08-24_20097_.jpg,[0.3444],"[[210, 74, 228, 147]]","[[212, 73, 225, 154]]"
13979.jpg,[],[],[]
2714_2165289_Imposter.jpg,[],[],[]
swathi.b@mphasis.com_mphasis_proctordesk_hosted_589_.jpg,[],[],[]
16036.jpg,[],[],[]
1293_2163250_Imposter.jpg,[],[],[]
108571_2020-07-30_10492_.jpg,[0.9323],"[[169, 135, 232, 180]]","[[168, 135, 233, 180]]"
concentrix_naranga@aetna.com_130570_2020-08-18_21263_.jpg,[0.7741],"[[31, 167, 64, 240]]","[[32, 161, 63, 240]]"
mphasis_dalavai.kumar@mphasis.com_115181_2020-08-05_9590_.jpg,[],[],[]
90264_2020-07-15_3094_.jpg,[],[],[]
937_2162410_Mobile Camera.jpg,[],[],"[[224, 114, 235, 144]]"
104404_2020-07-27_14393_.jpg,[],[],[]
1348_2163284_Imposter.jpg,[],[],[]
2122_2164995_Imposter.jpg,[],[],[]
Brad.Koplinski@fti-acuity.com_fti_consulting_proctordesk_hosted_10950_.jpg,[],[],[]
26207.jpg,[0.8864],"[[244, 126, 287, 202]]","[[243, 126, 288, 201]]"
mphasis_LORETTA.CARROLL@MPHASIS.COM_112901_2020-08-03_7824_.jpg,[],[],[]
98_2162064_Mobile Camera.jpg,[0.774],"[[141, 123, 179, 166]]","[[142, 122, 180, 167]]"
2130_2164997_Imposter.jpg,[],[],[]
fti_Charles.Oliver@fti-acuity.com_147005_2020-08-31_13867_.jpg,[0.842],"[[202, 160, 250, 201]]","[[202, 159, 250, 203]]"
mphasis_Sukeshana.Navghade@mphasis.com_111946_2020-08-03_3020_.jpg,[],[],[]
16045.jpg,[],[],[]
7721.jpg,[],[],[]
2237_2165025_Mobile Camera.jpg,[],[],[]
1350_2163285_Mobile Camera.jpg,[],[],[]
9409.jpg,[],[],[]
mphasis_prakash.kashid@mphasis.com_134709_2020-08-20_10970_.jpg,[],[],[]
23089.jpg,[],[],[]
1426_2163413_Imposter.jpg,[],[],[]
107_2162064_Mobile Camera.jpg,[0.2978],"[[127, 131, 171, 173]]","[[127, 132, 171, 171]]"
mphasis_Chhaya.Sandur@mphasis.com_146816_2020-08-31_4040_.jpg,[],[],[]
403_2162129_Imposter.jpg,[],[],[]
16161.jpg,[],[],[]
concentrix_waranya.phanphai1@concentrix.com_114647_2020-08-05_21692_.jpg,[],[],[]
632_2162288_Imposter.jpg,[],[],[]
2769_2165373_Imposter.jpg,[],[],[]
59006_2020-05-13_18154_.jpg,[],[],[]
2087_2164994_Imposter.jpg,[],[],[]
85286_2020-07-10_14128_.jpg,[],[],[]
suraj.salaskar@mphasis.com_mphasis_proctordesk_hosted_1475_.jpg,[],[],[]
1622_2163655_Imposter.jpg,[],[],[]
fti_Wendy.Lo@fti-acuity.com_140824_2020-08-25_19834_.jpg,[],[],[]
mphasis_Sanket.Pawar@mphasis.com_126293_2020-08-14_263_.jpg,[],[],[]
91174_2020-07-15_10839_.jpg,[0.8466],"[[228, 95, 315, 215]]","[[227, 96, 316, 215]]"
fti_Marla.Grant@fti-acuity.com_128352_2020-08-16_14112_.jpg,[],[],[]
100892_2020-07-23_14119_.jpg,[0.8057],"[[213, 119, 263, 153]]","[[211, 119, 262, 153]]"
1754_2164301_FVE - No Face Detected.jpg,[],[],[]
99133_2020-07-22_3414_.jpg,[],[],[]
92203_2020-07-16_159_.jpg,[],[],[]
fti_Maibel.Reyes@fti-acuity.com_131374_2020-08-18_18785_.jpg,[],[],[]
mphasis_manjunatha.n@mphasis.com_124945_2020-08-13_9513_.jpg,[],[],[]
2088_2164994_Imposter.jpg,[],[],[]
11475.jpg,[],[],[]
mphasis_PUTTA.N@MPHASIS.COM_130468_2020-08-18_5231_.jpg,[],[],[]
fti_Lloyd.Fantroy@fti-acuity.com_141836_2020-08-26_12022_.jpg,[0.7392],"[[0, 147, 40, 235]]",[]
mphasis_nalini.bagal@mphasis.com_146448_2020-08-31_4366_.jpg,[],[],[]
mphasis_Rajendra.Patil@mphasis.com_124302_2020-08-12_7246_.jpg,[],[],[]
13575.jpg,[],[],[]
81_2162056_Mobile Camera.jpg,[],[],[]
10197.jpg,[],[],[]
1612_2163655_Imposter.jpg,[],[],[]
mphasis_Manohar.Bhoj@mphasis.com_113899_2020-08-04_1448_.jpg,[],[],[]
14647.jpg,[],[],[]
1512_2163518_Mobile Camera.jpg,[0.3509],"[[211, 113, 233, 154]]",[]
116_2162064_Mobile Camera.jpg,[],[],"[[98, 137, 142, 175]]"
591_2162276_Imposter.jpg,[],[],[]
mphasis_Prakash.Baliger@mphasis.com_146644_2020-08-31_4210_.jpg,[],[],[]
94507_2020-07-17_15930_.jpg,[],[],[]
8832.jpg,[],[],[]
2525_2165263_Imposter.jpg,[],[],[]
26415.jpg,"[0.471, 0.429]","[[214, 53, 237, 178], [202, 84, 225, 178]]","[[215, 60, 235, 171]]"
1745_2164152_Imposter.jpg,[],[],[]
1946_2164955_Imposter.jpg,[],[],[]
18131.jpg,[],[],[]
nagaraj.s@mphasis.com_mphasis_proctordesk_hosted_12_.jpg,[],[],[]
98156_2020-07-21_15825_.jpg,[],[],[]
27543.jpg,[],[],[]
99625_2020-07-22_13987_.jpg,[],[],[]
8119.jpg,[],[],[]
17544.jpg,[0.3939],"[[174, 191, 198, 239]]",[]
795_2162304_Imposter.jpg,[],[],[]
mphasis_chandrika.anchekar@mphasis.com_128999_2020-08-17_9335_.jpg,[],[],[]
Mahmoud.AlSharif@investbank.jo_investbank_proctordesk_hosted_investbank_proctordesk_hosted_Mahmoud.AlSharif@investbank.jo_86327_2900_.jpg,[0.8828],"[[166, 92, 236, 174]]","[[165, 92, 238, 180]]"
141_2162067_Multiple people.jpg,[],[],[]
7433.jpg,[],[],[]
44311_2020-04-14_9750_.jpg,[],[],[]
1511_2163518_Mobile Camera.jpg,[0.7903],"[[234, 107, 278, 168]]","[[235, 108, 278, 155]]"
255_2162108_Imposter.jpg,[],[],[]
10493.jpg,[],[],"[[245, 168, 258, 240]]"
20186.jpg,[],[],[]
g_left_17291.jpg,[0.9519],"[[0, 110, 52, 159]]","[[0, 111, 52, 159]]"
1049_2162522_Mobile Camera.jpg,[],[],[]
concentrix_patchanok.yangtisan@concentrix.com_114638_2020-08-05_21601_.jpg,[],[],[]
13922.jpg,[0.4336],"[[217, 163, 228, 209]]","[[219, 164, 227, 207]]"
92736_2020-07-16_15510_.jpg,[],[],[]
93935_2020-07-17_7531_.jpg,[],[],[]
fti_Michele.Riley@fti-acuity.com_137328_2020-08-22_18614_.jpg,[],[],[]
25385.jpg,[],[],[]
2673_2165276_Imposter.jpg,[],[],[]
8076.jpg,[],[],[]
23316.jpg,[],[],[]
fti_Thomas.Milazzo@fti-acuity.com_140597_2020-08-25_17054_.jpg,[0.571],"[[116, 112, 185, 169]]",[]
mphasis_basavaraj.kurahatti@mphasis.com_132387_2020-08-19_4645_.jpg,[],[],[]
88808_2020-07-14_17141_.jpg,[],[],[]
1168_2163030_Multiple people.jpg,[],[],[]
1004_2162483_Imposter.jpg,[],[],[]
2815_2165387_Imposter.jpg,[],[],[]
24796.jpg,[0.3685],"[[105, 120, 129, 206]]",[]
2518_2165263_Imposter.jpg,[],[],[]
13091.jpg,[],[],[]
1052_2162522_Mobile Camera.jpg,[],[],[]
2412_2165169_Imposter.jpg,[],[],[]
fti_Christina.Northern@fti-acuity.com_130127_2020-08-17_11184_.jpg,[0.8681],"[[218, 136, 291, 239]]",[]
mphasis_Dhananjay.Gaikwad@mphasis.com_125111_2020-08-13_2554_.jpg,[],[],[]
92743_2020-07-16_13750_.jpg,[0.6447],"[[197, 111, 219, 180]]","[[198, 111, 219, 180]]"
2672_2165275_FVE - No Face Detected.jpg,[],[],[]
101_2162064_Mobile Camera.jpg,[],[],"[[133, 136, 170, 172]]"
14161.jpg,[],[],[]
108629_2020-07-30_14443_.jpg,[0.8416],"[[31, 94, 105, 179]]","[[31, 93, 104, 179]]"
keerthana.r1@mphasis.com_mphasis_proctordesk_hosted_207_.jpg,[],[],[]
g_right_123102.jpg,[0.9571],"[[256, 162, 319, 210]]","[[256, 163, 320, 211]]"
18945.jpg,[],[],[]
4499.jpg,[],[],[]
Mahmoud.AlSharif@investbank.jo_investbank_proctordesk_hosted_investbank_proctordesk_hosted_Mahmoud.AlSharif@investbank.jo_86327_2914_.jpg,[0.9005],"[[91, 65, 138, 160]]","[[91, 66, 140, 161]]"
fti_Michael.Cohen@fti-acuity.com_132462_2020-08-19_17817_.jpg,[],[],[]
5039.jpg,[],[],[]
95821_2020-07-20_18908_.jpg,[0.8883],"[[58, 110, 110, 159]]","[[57, 111, 109, 161]]"
16980.jpg,[],[],[]
85281_2020-07-10_5146_.jpg,[],[],[]
1330_2163276_FVE - No Face Detected.jpg,[],[],[]
mphasis_pooja.x2@mphasis.com_126773_2020-08-14_3757_.jpg,[],[],[]
9836.jpg,[],[],[]
fti_Wooshik.Shim@fti-acuity.com_146949_2020-08-31_16878_.jpg,[],[],[]
10832.jpg,[],[],[]
2411_2165169_Imposter.jpg,[],[],[]
21865.jpg,[],[],[]
89349_2020-07-15_1284_.jpg,[],[],[]
876_2162352_Mobile Camera.jpg,[],[],[]
Frank.Crull@fti-acuity.com_fti_consulting_proctordesk_hosted_17494_.jpg,[0.8357],"[[90, 40, 167, 97]]","[[90, 40, 169, 96]]"
95_2162064_Mobile Camera.jpg,[0.8688],"[[72, 123, 107, 171]]","[[73, 121, 109, 173]]"
103715_2020-07-27_7252_.jpg,[],[],[]
567_2162226_Mobile Camera.jpg,[0.8927],"[[191, 154, 228, 179]]","[[190, 154, 227, 180]]"
59071_2020-05-13_18189_.jpg,[],[],[]
18598.jpg,[],[],[]
mphasis_padma.patrot@mphasis.com_130709_2020-08-18_10057_.jpg,[],[],[]
mphasis_likhitha.p@mphasis.com_125884_2020-08-13_4398_.jpg,[],[],[]
2092_2164994_Imposter.jpg,[],[],[]
mphasis_Mukesh.Chaure@mphasis.com_114263_2020-08-04_8001_.jpg,[],[],[]
108704_2020-07-30_3679_.jpg,[],[],[]
99693_2020-07-22_3533_.jpg,[],[],[]
15813.jpg,[],[],[]
108041_2020-07-30_2071_.jpg,[],[],[]
14543.jpg,[],[],[]
1195_2163051_Imposter.jpg,[],[],[]
2155_2165005_Mobile Camera.jpg,[],[],[]
96483_2020-07-20_3265_.jpg,[],[],[]
83347_2020-07-08_16601_.jpg,[],[],[]
88894_2020-07-14_7479_.jpg,[],[],[]
105427_2020-07-28_11244_.jpg,[],[],[]
Wieslaw.Rowniewski@fti-acuity.com_fti_consulting_proctordesk_hosted_15488_.jpg,[0.8096],"[[208, 37, 299, 172]]","[[210, 38, 297, 161]]"
mphasis_padma.patrot@mphasis.com_126402_2020-08-14_10054_.jpg,[],[],[]
1578_2163626_Imposter.jpg,[],[],[]
22349.jpg,[],[],[]
71267_2020-06-10_18210_.jpg,[],[],[]
fti_Carl.DiCarlo@fti-acuity.com_127156_2020-08-14_18378_.jpg,[],[],[]
12397.jpg,[],[],[]
11227.jpg,[],[],[]
2327_2165084_Imposter.jpg,[],[],[]
95951_2020-07-20_67_.jpg,"[0.6617, 0.3695]","[[244, 113, 274, 158], [244, 114, 274, 144]]","[[245, 113, 277, 172]]"
106701_2020-07-29_7223_.jpg,[],[],[]
16816.jpg,[],[],[]
66.jpg,[],[],[]
Yuan.Xu@fti-acuity.com_fti_consulting_proctordesk_hosted_12240_.jpg,[],[],[]
mphasis_karishma.barge@mphasis.com_140115_2020-08-25_1052_.jpg,[],[],[]
13245.jpg,[],[],[]
14631.jpg,[],[],[]
6431.jpg,[],[],[]
7046.jpg,[],[],[]
888.jpg,[0.7331],"[[219, 131, 236, 150]]","[[218, 131, 237, 151]]"
61434_2020-05-18_17927_.jpg,[],[],[]
23556.jpg,[],[],[]
454_2162145_Mobile Camera.jpg,[],[],[]
meghana.s@mphasis.com_mphasis_proctordesk_hosted_1804_.jpg,[],[],[]
295_2162117_Imposter.jpg,[],[],[]
280_2162108_Imposter.jpg,[],[],[]
79494_2020-06-30_16171_.jpg,[],[],[]
91162_2020-07-15_13513_.jpg,[],[],[]
mphasis_gurpreet.kaur@mphasis.com_130971_2020-08-18_637_.jpg,[],[],[]
106608_2020-07-29_5698_.jpg,[],[],[]
Harry.Weiner@fti-acuity.com_fti_consulting_proctordesk_hosted_2124_.jpg,[0.846],"[[43, 11, 101, 54]]","[[43, 10, 103, 57]]"
1765_2164627_Mobile Camera.jpg,[],[],[]
16493.jpg,[],[],[]
87014_2020-07-13_2230_.jpg,[],[],[]
mphasis_Sukeshana.Navghade@mphasis.com_111946_2020-08-03_2959_.jpg,[],[],[]
8477.jpg,[],[],[]
mphasis_pankaj.kadam@mphasis.com_134817_2020-08-20_5464_.jpg,[],[],[]
mphasis_ashwini.ghante@mphasis.com_120045_2020-08-10_7151_.jpg,[],[],[]
21089.jpg,[],[],[]
2633_2165275_Imposter.jpg,[],[],[]
16773.jpg,[],[],[]
mphasis_joythi.naik@mphasis.com_126767_2020-08-14_9447_.jpg,[],[],[]
340_2162123_FVE - No Face Detected.jpg,[],[],[]
16554.jpg,[],[],[]
1362_2163300_Mobile Camera.jpg,[],[],[]
mphasis_akshay.pingale@mphasis.com_122197_2020-08-11_4015_.jpg,[],[],[]
94804_2020-07-17_13411_.jpg,[],[],[]
fti_John.Grisham@fti-acuity.com_134692_2020-08-20_12738_.jpg,[],[],[]
93935_2020-07-17_7525_.jpg,[],[],[]
58975_2020-05-13_18389_.jpg,[],[],[]
2044_2164993_Mobile Camera.jpg,[],[],[]
mphasis_gurpreet.kaur@mphasis.com_130971_2020-08-18_602_.jpg,[],[],[]
mphasis_jagathai.adilakshmi@mphasis.com_118334_2020-08-07_9289_.jpg,[],[],[]
13369.jpg,[],[],[]
103013_2020-07-25_14411_.jpg,[],[],[]
mphasis_Sunny.Thakur@mphasis.com_133317_2020-08-19_1601_.jpg,[],[],[]
782.jpg,[0.7082],"[[216, 132, 237, 149]]",[]
88826_2020-07-14_11516_.jpg,[],[],[]
95927_2020-07-20_6_.jpg,[0.823],"[[120, 100, 156, 161]]","[[122, 101, 156, 166]]"
8799.jpg,[],[],[]
60013_2020-05-15_17979_.jpg,[],[],[]
86976_2020-07-13_6105_.jpg,[],[],[]
36.jpg,[],[],[]
2390.jpg,[],[],[]
112_2162064_Mobile Camera.jpg,[],[],"[[132, 138, 159, 171]]"
loretta.carroll@mphasis.com_mphasis_proctordesk_hosted_1708_.jpg,[],[],[]
17_2162036_Mobile Camera.jpg,[0.7705],"[[9, 90, 42, 179]]","[[10, 91, 45, 180]]"
mphasis_manikandan.v1@mphasis.com_120539_2020-08-10_5101_.jpg,[],[],[]
g_top_116242.jpg,[0.9371],"[[158, 0, 319, 23]]","[[160, 0, 320, 24]]"
1319_2163271_Imposter.jpg,[],[],[]
772.jpg,[0.8248],"[[214, 132, 236, 151]]","[[213, 133, 236, 152]]"
105444_2020-07-28_13038_.jpg,[],[],[]
96853_2020-07-21_6081_.jpg,[],[],[]
1271_2163243_Multiple people.jpg,[],[],[]
23539.jpg,[0.8802],"[[137, 94, 200, 179]]","[[137, 92, 200, 179]]"
9564.jpg,[],[],[]
6693.jpg,[],[],[]
16075.jpg,[],[],[]
99048_2020-07-22_7880_.jpg,[],[],[]
1542_2163597_Imposter.jpg,[],[],[]
101794_2020-07-24_4911_.jpg,[],[],[]
101991_2020-07-24_4841_.jpg,[],[],[]
97776_2020-07-21_2689_.jpg,[],[],[]
94977_2020-07-17_8207_.jpg,[],[],[]
fti_Jeffrey.OReilly@fti-acuity.com_140187_2020-08-25_19773_.jpg,[],[],[]
1643_2163681_Imposter.jpg,[],[],[]
21935.jpg,[],[],[]
100312_2020-07-23_3088_.jpg,[],[],[]
58415_2020-05-12_17902_.jpg,[0.648],"[[266, 136, 319, 203]]","[[264, 136, 320, 214]]"
11635.jpg,[],[],[]
87_2162061_Mobile Camera.jpg,[0.9146],"[[248, 128, 302, 179]]","[[247, 128, 303, 179]]"
105052_2020-07-28_7261_.jpg,[],[],[]
mphasis_ashwini.ghante@mphasis.com_139807_2020-08-25_7180_.jpg,[],[],[]
22176.jpg,[],[],[]
mphasis_LORETTA.CARROLL@MPHASIS.COM_121105_2020-08-11_7855_.jpg,[],[],[]
mphasis_manikandan.v1@mphasis.com_120539_2020-08-10_5036_.jpg,[],[],[]
106655_2020-07-29_9036_.jpg,[],[],[]
fti_carolee.byrley@fti-acuity.com_139533_2020-08-25_14500_.jpg,[],[],[]
20105.jpg,[],[],[]
16902.jpg,[],[],[]
mphasis_Sai.R01@mphasis.com_120255_2020-08-10_99_.jpg,[],[],[]
696_2162304_Imposter.jpg,[],[],[]
2366_2165106_FVE - No Face Detected.jpg,[],[],[]
2557_2165272_Imposter.jpg,[],[],[]
mphasis_paulranjithkumar.s@mphasis.com_125746_2020-08-14_5835_.jpg,[],[],[]
mphasis_karthickraja.g@mphasis.com_140400_2020-08-25_9918_.jpg,[],[],[]
mphasis_Kashinath.Lingadalli@mphasis.com_120372_2020-08-10_8375_.jpg,[],[],[]
17167.jpg,[],[],[]
2623_2165275_Imposter.jpg,[],[],[]
11138.jpg,[],[],[]
6942.jpg,[],[],[]
44947_2020-04-15_9556_.jpg,[],[],[]
mphasis_dipti.gurav@mphasis.com_120298_2020-08-10_721_.jpg,[],[],[]
730_2162304_Imposter.jpg,[],[],[]
27366.jpg,[0.8883],"[[215, 123, 288, 179]]","[[225, 123, 288, 179]]"
2046_2164993_Mobile Camera.jpg,[],[],[]
mphasis_dalavai.kumar@mphasis.com_118374_2020-08-07_9618_.jpg,[],[],[]
mphasis_karishma.barge@mphasis.com_136043_2020-08-21_1037_.jpg,[],[],[]
mphasis_Nikhil.Satpute@mphasis.com_130564_2020-08-18_2546_.jpg,[],[],[]
10072.jpg,[],[],[]
2332.jpg,[],[],[]
97_2162064_Mobile Camera.jpg,[],[],"[[126, 133, 169, 171]]"
626_2162288_FVE - No Face Detected.jpg,[],[],[]
g_top_10460.jpg,[0.9607],"[[186, 0, 233, 63]]","[[186, 0, 234, 64]]"
107579_2020-07-30_18794_.jpg,[],[],[]
1735_2163956_Imposter.jpg,[],[],[]
1297_2163250_Imposter.jpg,[],[],[]
83352_2020-07-08_11868_.jpg,[],[],[]
485_2162174_Imposter.jpg,[],[],[]
24010.jpg,[],[],[]
mphasis_LORETTA.CARROLL@MPHASIS.COM_112766_2020-08-03_7776_.jpg,[],[],[]
87014_2020-07-13_2231_.jpg,[],[],[]
2107_2164994_Imposter.jpg,[],[],[]
25621.jpg,[0.876],"[[183, 157, 236, 224]]","[[182, 157, 238, 223]]"
fti_Tina.Vizzini@fti-acuity.com_141878_2020-08-26_16151_.jpg,[],[],[]
44303_2020-04-14_9434_.jpg,[0.924],"[[0, 72, 227, 207]]","[[1, 74, 236, 204]]"
adam.berman@fti-acuity.com_fti_consulting_proctordesk_hosted_11159_.jpg,[],[],[]
shila.kapse@mphasis.com_mphasis_proctordesk_hosted_1576_.jpg,[],[],[]
15161.jpg,[],[],[]
2455_2165214_Imposter.jpg,[],[],[]
767_2162304_Imposter.jpg,[],[],[]
83954_2020-07-09_17061_.jpg,[],[],[]
21684.jpg,[],[],[]
2774_2165373_Imposter.jpg,[],[],[]
22016.jpg,[],[],[]
83967_2020-07-09_17527_.jpg,[],[],[]
18748.jpg,[],[],[]
21310.jpg,[],[],[]
g_right_11617.jpg,[0.9546],"[[281, 123, 319, 194]]","[[281, 122, 320, 195]]"
2251_2165029_Imposter.jpg,[],[],[]
mphasis_darshan.mehta@mphasis.com_123883_2020-08-12_8300_.jpg,[],[],[]
mphasis_Siddu.Korbu@mphasis.com_120545_2020-08-10_5131_.jpg,[],[],[]
mphasis_yerrampalle.ishwarya@mphasis.com_127169_2020-08-14_9869_.jpg,[],[],[]
mphasis_Kummara.Ashokkumar@mphasis.com_138095_2020-08-24_2177_.jpg,[],[],[]
majid.shaikh@mphasis.com_mphasis_proctordesk_hosted_729_.jpg,[],[],[]
86585_2020-07-12_5112_.jpg,[0.8967],"[[3, 142, 168, 220]]","[[1, 143, 165, 222]]"
1873_2164929_Mobile Camera.jpg,[],[],[]
91226_2020-07-15_6628_.jpg,[],[],[]
18092.jpg,[],[],[]
684_2162304_Imposter.jpg,[],[],[]
fti_Shomik.Niyogi@fti-acuity.com_140369_2020-08-25_17428_.jpg,[],[],[]
15218.jpg,[],[],[]
fti_Frances.Catapano@fti-acuity.com_140058_2020-08-25_17988_.jpg,[],[],[]
fti_Eric.Laidlaw@fti-acuity.com_140245_2020-08-25_15551_.jpg,[],[],[]
97863_2020-07-21_13668_.jpg,[],[],[]
2457_2165214_Mobile Camera.jpg,[0.6266],"[[18, 153, 109, 180]]","[[16, 153, 107, 180]]"
8156.jpg,[],[],[]
mphasis_Prasad.Pandav@mphasis.com_113336_2020-08-04_293_.jpg,[],[],[]
102052_2020-07-24_11220_.jpg,[],[],[]
664_2162304_Imposter.jpg,[],[],[]
8449.jpg,[],[],[]
36_2162050_Imposter.jpg,[],[],[]
270_2162108_FVE - No Face Detected.jpg,[],[],[]
g_left_976.jpg,[0.9381],"[[0, 165, 19, 213]]","[[0, 165, 20, 213]]"
25860.jpg,[0.8767],"[[157, 118, 214, 186]]","[[155, 120, 212, 185]]"
455_2162149_Imposter.jpg,[],[],[]
mphasis_vinay.hosakatti@mphasis.com_120618_2020-08-10_3_.jpg,[],[],[]
100681_2020-07-23_1278_.jpg,[],[],[]
108131_2020-07-30_13187_.jpg,[],[],[]
177_2162083_Mobile Camera.jpg,[0.7678],"[[245, 89, 308, 124]]","[[245, 90, 305, 122]]"
fti_Jonathan.Burns@fti-acuity.com_136221_2020-08-21_13406_.jpg,[],[],[]
14357.jpg,[],[],[]
fti_PBic.Kanayjorn@fti-acuity.com_141730_2020-08-26_16517_.jpg,[],[],[]
mphasis_Suraj.Salaskar@mphasis.com_123139_2020-08-12_2126_.jpg,[],[],[]
mphasis_Rajendra.Patil@mphasis.com_133120_2020-08-19_7254_.jpg,[],[],[]
g_top_12354.jpg,[0.9619],"[[98, 0, 162, 38]]","[[98, 0, 162, 39]]"
140_2162067_Imposter.jpg,[],[],[]
23297.jpg,[],[],[]
2048_2164993_Mobile Camera.jpg,[],[],[]
1137.jpg,[],[],[]
fti_Latonda.James@fti-acuity.com_132964_2020-08-19_11482_.jpg,[],[],[]
mphasis_ramrajk.mandal@mphasis.com_115140_2020-08-05_4748_.jpg,[],[],[]
90998_2020-07-15_8653_.jpg,[],[],[]
19342.jpg,[],[],[]
104182_2020-07-27_11229_.jpg,[],[],[]
1371_2163352_Mobile Camera.jpg,[],[],[]
g_top_13673.jpg,[0.9303],"[[100, 0, 148, 13]]","[[100, 0, 148, 13]]"
1466_2163473_Mobile Camera.jpg,"[0.5879, 0.4661]","[[157, 119, 177, 140], [155, 118, 177, 147]]","[[156, 118, 177, 140]]"
1647_2163684_Mobile Camera.jpg,[0.8689],"[[40, 131, 96, 179]]","[[40, 131, 101, 180]]"
shekhalal.c@mphasis.com_mphasis_proctordesk_hosted_260_.jpg,[],[],[]
1565_2163607_FVE - No Face Detected.jpg,[],[],[]
11891.jpg,[],[],[]
2313_2165084_Imposter.jpg,[],[],[]
mphasis_Sachin.Ghadage@mphasis.com_116911_2020-08-06_8216_.jpg,[],[],[]
2505_2165263_Imposter.jpg,[],[],[]
1963_2164956_Imposter.jpg,[],[],[]
96853_2020-07-21_6080_.jpg,[],[],[]
mphasis_Sai.R01@mphasis.com_120255_2020-08-10_46_.jpg,[],[],[]
15372.jpg,[],[],[]
mphasis_Akshay.Shah@mphasis.com_111955_2020-08-03_9956_.jpg,[],[],[]
mphasis_md.kausar@mphasis.com_117443_2020-08-06_3989_.jpg,[],[],[]
fti_Thomas.Milazzo@fti-acuity.com_142104_2020-08-26_17061_.jpg,[],[],[]
678_2162304_Imposter.jpg,[],[],[]
1372_2163361_Imposter.jpg,[],[],[]
Ewan.Roberts@fti-acuity.com_fti_consulting_proctordesk_hosted_8445_.jpg,[],[],[]
87184_2020-07-13_1229_.jpg,[],[],[]
96087_2020-07-20_6212_.jpg,[],[],[]
mphasis_SHREYAS.JOSHI@MPHASIS.COM_139229_2020-08-24_4386_.jpg,[],[],[]
2029_2164987_Mobile Camera.jpg,[0.512],"[[225, 122, 265, 162]]",[]
g_top_172292.jpg,[0.966],"[[168, 0, 263, 57]]","[[168, 0, 264, 58]]"
1984_2164972_Mobile Camera.jpg,[0.6139],"[[176, 165, 215, 180]]","[[176, 165, 216, 180]]"
8764.jpg,[],[],[]
fti_Justin.Park@fti-acuity.com_134404_2020-08-20_18304_.jpg,[0.7748],"[[148, 204, 203, 239]]","[[147, 204, 200, 239]]"
62441_2020-05-20_17936_.jpg,[0.5154],"[[144, 152, 216, 204]]",[]
98685_2020-07-22_18775_.jpg,[],[],[]
1525_2163586_Mobile Camera.jpg,[],[],[]
dinesh.st@mphasis.com_mphasis_proctordesk_hosted_171_.jpg,[],[],[]
mphasis_joythi.naik@mphasis.com_136157_2020-08-21_9476_.jpg,[],[],[]
fti_Alyssa.Mandel@fti-acuity.com_140995_2020-08-26_20364_.jpg,[],[],[]
24447.jpg,[0.8059],"[[262, 70, 308, 124]]","[[259, 70, 311, 124]]"
23132.jpg,[],[],[]
1912_2164945_FVE - No Face Detected.jpg,[],[],[]
21333.jpg,[],[],[]
fti_Latonda.James@fti-acuity.com_127935_2020-08-15_11472_.jpg,[],[],[]
g_top_128110.jpg,[0.961],"[[85, 0, 122, 38]]","[[86, 0, 122, 39]]"
99060_2020-07-22_4783_.jpg,[],[],[]
concentrix_Tiwarid1@aetna.com_128744_2020-08-17_21185_.jpg,[],[],[]
15398.jpg,[],[],[]
16187.jpg,[],[],[]
13073.jpg,[],[],[]
100176_2020-07-23_3446_.jpg,[],[],[]
89398_2020-07-14_11190_.jpg,[],[],[]
264.jpg,[],[],[]
fti_Cynthia.Park@fti-acuity.com_129539_2020-08-17_12238_.jpg,[],[],[]
45852_2020-04-17_9334_.jpg,[],[],[]
2478_2165263_Imposter.jpg,[],[],[]
23917.jpg,[],[],[]
sunny.thakur@mphasis.com_mphasis_proctordesk_hosted_324_.jpg,[],[],[]
875.jpg,[],[],[]
1024.jpg,[],[],[]
12473.jpg,[],[],[]
2812_2165387_Imposter.jpg,[],[],[]
603_2162279_Imposter.jpg,[],[],[]
shila.kapse@mphasis.com_mphasis_proctordesk_hosted_1499_.jpg,[],[],[]
885_2162361_FVE - No Face Detected.jpg,[],[],[]
15744.jpg,[],[],[]
loretta.carroll@mphasis.com_mphasis_proctordesk_hosted_1794_.jpg,[],[],[]
25635.jpg,[0.9055],"[[170, 141, 211, 205]]","[[168, 141, 209, 206]]"
326_2162123_Imposter.jpg,[],[],[]
107263_2020-07-29_2964_.jpg,[],[],[]
1692_2163742_FVE - Spoof Detected.jpg,[],[],[]
12561.jpg,[],[],[]
999_2162483_Imposter.jpg,[],[],[]
fti_Charles.Loesner@fti-acuity.com_134632_2020-08-20_17001_.jpg,[],[],[]
fti_Jennifer.Pagan-Colon@fti-acuity.com_130854_2020-08-18_17613_.jpg,[],[],[]
g_top_97343.jpg,[0.9359],"[[110, 0, 207, 27]]","[[111, 0, 207, 28]]"
2073_2164994_Imposter.jpg,[],[],[]
43522_2020-04-13_9845_.jpg,[],[],[]
1670_2163736_Mobile Camera.jpg,[],[],[]
fti_Ruth.Espinosa@fti-acuity.com_129547_2020-08-17_14028_.jpg,[],[],[]
2849_2165431_Spoof.jpg,[],[],[]
2741_2165327_FVE - No Face Detected.jpg,[],[],[]
2347_2165096_Imposter.jpg,[],[],[]
2186_2165010_Imposter.jpg,[],[],[]
150_2162067_Imposter.jpg,[],[],[]
2348_2165096_Imposter.jpg,[],[],[]
concentrix_patchanok.yangtisan@concentrix.com_133787_2020-08-20_21649_.jpg,[],[],[]
106368_2020-07-29_4454_.jpg,[],[],[]
6961.jpg,[],[],[]
2502_2165263_Imposter.jpg,[],[],[]
14847.jpg,[],[],[]
mphasis_ramrajk.mandal@mphasis.com_113643_2020-08-04_4695_.jpg,[],[],[]
10431.jpg,[],[],[]
1304_2163250_Imposter.jpg,[],[],[]
4332.jpg,[],[],[]
80765_2020-07-03_12973_.jpg,[],[],[]
1067_2162551_Mobile Camera.jpg,[0.85],"[[231, 96, 281, 162]]","[[254, 98, 281, 128]]"
11180.jpg,[],[],[]
154_2162072_FVE - No Face Detected.jpg,[],[],[]
105985_2020-07-28_13616_.jpg,[0.6775],"[[214, 101, 242, 172]]","[[217, 99, 243, 172]]"
93495_2020-07-17_4529_.jpg,[],[],[]
muzakkir.bm@mphasis.com_mphasis_proctordesk_hosted_319_.jpg,[],[],[]
724_2162304_Imposter.jpg,[],[],[]
10776.jpg,[],[],[]
88796_2020-07-14_896_.jpg,[],[],[]
mphasis_Siddu.Korbu@mphasis.com_121845_2020-08-11_5132_.jpg,[],[],[]
825_2162309_Mobile Camera.jpg,[],[],"[[207, 10, 286, 34]]"
89025_2020-07-14_7718_.jpg,[],[],[]
mphasis_Bala.Narsimha@mphasis.com_138008_2020-08-24_1563_.jpg,[],[],[]
82624_2020-07-07_15118_.jpg,[],[],[]
g_top_74269.jpg,[0.9597],"[[160, 0, 319, 45]]","[[160, 0, 320, 46]]"
424_2162129_Imposter.jpg,[],[],[]
1621_2163655_Imposter.jpg,[],[],[]
835_2162313_FVE - No Face Detected.jpg,[],[],[]
15570.jpg,[],[],[]
166_2162073_Imposter.jpg,[],[],[]
g_right_17845.jpg,[0.9605],"[[233, 100, 319, 153]]","[[232, 100, 320, 154]]"
1118_2162762_FVE - No Face Detected.jpg,[],[],[]
mphasis_supriya.dhere@mphasis.com_121792_2020-08-11_2330_.jpg,[],[],[]
1539_2163597_Imposter.jpg,[],[],[]
87600_2020-07-13_1138_.jpg,[],[],[]
mphasis_snehal.deshpande@mphasis.com_138154_2020-08-24_5988_.jpg,[0.9184],"[[202, 157, 245, 179]]","[[202, 158, 245, 180]]"
mphasis_ilyaz.ahmed@mphasis.com_113504_2020-08-04_5255_.jpg,[],[],[]
sudhir.jadhav@mphasis.com_mphasis_proctordesk_hosted_540_.jpg,[],[],[]
mphasis_pooja.x2@mphasis.com_126773_2020-08-14_3793_.jpg,[],[],[]
2395_2165123_Imposter.jpg,[],[],[]
g_right_9742.jpg,[0.9547],"[[262, 79, 320, 114]]","[[262, 79, 320, 114]]"
80318_2020-07-02_12129_.jpg,[],[],[]
54873_2020-05-05_18273_.jpg,"[0.8932, 0.8446]","[[102, 187, 166, 240], [55, 189, 106, 240]]","[[105, 189, 168, 240]]"
18673.jpg,[],[],[]
g_top_13620.jpg,"[0.9497, 0.3542]","[[94, 0, 130, 25], [0, 119, 34, 180]]","[[95, 0, 131, 25]]"
880_2162352_Mobile Camera.jpg,[],[],[]
58509_2020-05-12_19352_.jpg,[0.4712],"[[108, 120, 127, 202]]","[[108, 120, 125, 200]]"
concentrix_naranga@aetna.com_124849_2020-08-13_21257_.jpg,[],[],[]
20306.jpg,[],[],[]
mphasis_LORETTA.CARROLL@MPHASIS.COM_121105_2020-08-11_7839_.jpg,[],[],[]
mphasis_kavita.raorane@mphasis.com_136556_2020-08-21_3440_.jpg,[],[],[]
1912.jpg,[],[],[]
16336.jpg,[],[],[]
106368_2020-07-29_4437_.jpg,[],[],[]
1119_2162762_FVE - No Face Detected.jpg,[],[],[]
16998.jpg,[],[],[]
105340_2020-07-28_12817_.jpg,[],[],[]
mphasis_PUTTA.N@MPHASIS.COM_119947_2020-08-10_5193_.jpg,[],[],[]
18124.jpg,[],[],[]
14606.jpg,[],[],[]
103470_2020-07-27_1507_.jpg,[],[],[]
26939.jpg,[0.8986],"[[242, 90, 297, 182]]","[[244, 91, 298, 181]]"
88511_2020-07-14_4306_.jpg,[],[],[]
fti_David.Lettieri@fti-acuity.com_142298_2020-08-26_19125_.jpg,[],[],[]
22_2162037_Mobile Camera.jpg,[],[],[]
vishnu.prasad1@concentrix.com_concentrix_proctordesk_hosted_concentrix_proctordesk_hosted_vishnu.prasad1@concentrix.com_75958_3006_.jpg,[0.8834],"[[260, 96, 300, 175]]","[[262, 97, 299, 174]]"
13370.jpg,[],[],[]
826_2162309_Imposter.jpg,[],[],[]
48979_2020-04-23_9494_.jpg,[0.8672],"[[96, 142, 216, 218]]","[[98, 146, 214, 222]]"
923_2162396_Imposter.jpg,[],[],[]
20878.jpg,[],[],[]
677_2162304_Imposter.jpg,[],[],[]
pasikanti.keerthy@mphasis.com_mphasis_proctordesk_hosted_1379_.jpg,[],[],[]
10035.jpg,[],[],[]
1710_2163773_Imposter.jpg,[],[],[]
101549_2020-07-24_2829_.jpg,[],[],[]
mphasis_Deepa.Acharya@mphasis.com_112735_2020-08-03_1270_.jpg,[],[],[]
83302_2020-07-08_17037_.jpg,[],[],[]
105037_2020-07-28_5478_.jpg,[],[],[]
2516_2165263_Mobile Camera.jpg,[],[],[]
mphasis_Rajendra.Wakchaure@mphasis.com_133991_2020-08-20_10217_.jpg,[],[],[]
mphasis_prakash.kashid@mphasis.com_123729_2020-08-12_10921_.jpg,[],[],[]
1370_2163323_Mobile Camera.jpg,[],[],[]
g_top_43131.jpg,[0.9548],"[[160, 0, 318, 63]]","[[160, 0, 320, 64]]"
20648.jpg,[],[],[]
1109.jpg,[],[],[]
24874.jpg,[],[],[]
Denzel.Cadet@fti-acuity.com_fti_consulting_proctordesk_hosted_9318_.jpg,[],[],[]
deeksha.x@mphasis.com_mphasis_proctordesk_hosted_912_.jpg,[],[],[]
concentrix_naranga@aetna.com_146532_2020-08-31_21285_.jpg,[],[],[]
25592.jpg,[0.8375],"[[230, 106, 320, 235]]","[[234, 105, 320, 215]]"
fti_Kelly.Fessler@fti-acuity.com_138546_2020-08-24_18058_.jpg,[],[],[]
18797.jpg,[],[],[]
mphasis_hariprasad.kundella@mphasis.com_140328_2020-08-25_2712_.jpg,[],[],[]
mphasis_Shobha.Kankanwadi@mphasis.com_111388_2020-08-02_1117_.jpg,[],[],[]
124_2162065_FVE - Multiple Users Detected.jpg,[],[],[]
10718.jpg,[],[],[]
Sanket.Pawar@mphasis.com_mphasis_proctordesk_hosted_21_.jpg,[],[],[]
1798_2164794_Imposter.jpg,[],[],[]
120_2162064_Mobile Camera.jpg,[],[],"[[98, 128, 145, 168]]"
432_2162132_Imposter.jpg,[],[],[]
72618_2020-06-12_499_.jpg,[0.8739],"[[135, 86, 201, 197]]","[[137, 87, 200, 192]]"
g_right_12393.jpg,[0.9665],"[[243, 96, 319, 169]]","[[242, 97, 320, 169]]"
87768_2020-07-13_13003_.jpg,[],[],[]
100312_2020-07-23_3015_.jpg,[],[],[]
44970_2020-04-15_9667_.jpg,[],[],[]
97919_2020-07-21_5226_.jpg,[],[],[]
mphasis_Kashinath.Lingadalli@mphasis.com_120372_2020-08-10_8402_.jpg,[],[],[]
781_2162304_Imposter.jpg,[],[],[]
9024.jpg,[],[],[]
1130_2162945_FVE - No Face Detected.jpg,[],[],[]
495_2162177_Imposter.jpg,[],[],[]
mphasis_roshani.shete@mphasis.com_141668_2020-08-26_2458_.jpg,[],[],[]
fti_Bijoux.Ngwanda@fti-acuity.com_140284_2020-08-25_14890_.jpg,[],[],[]
fti_Cynthia.Park@fti-acuity.com_137476_2020-08-22_12249_.jpg,[0.8815],"[[19, 141, 63, 226]]","[[18, 143, 62, 219]]"
643_2162291_Multiple people.jpg,[],[],[]
2254_2165029_Imposter.jpg,[],[],[]
93495_2020-07-17_4533_.jpg,[],[],[]
mphasis_mekala.reddy@mphasis.com_115525_2020-08-05_6157_.jpg,[],[],[]
20135.jpg,[],[],[]
fti_Uloma.Onuma@fti-acuity.com_136628_2020-08-21_19377_.jpg,[],[],[]
18024.jpg,[],[],[]
21464.jpg,[],[],[]
g_top_116124.jpg,[0.9526],"[[217, 0, 281, 25]]","[[218, 0, 282, 25]]"
21854.jpg,[],[],[]
261_2162108_Imposter.jpg,[],[],[]
79812_2020-07-01_15114_.jpg,[],[],[]
105037_2020-07-28_5433_.jpg,[],[],[]
fti_Jennifer.Carman@fti-acuity.com_132582_2020-08-19_19628_.jpg,[],[],[]
26396.jpg,[0.8346],"[[161, 116, 197, 170]]","[[160, 116, 197, 169]]"
g_left_3895.jpg,[0.8693],"[[0, 128, 9, 192]]","[[0, 128, 10, 191]]"
79405_2020-06-30_16573_.jpg,[],[],[]
14426.jpg,[],[],[]
79_2162052_Imposter.jpg,[],[],[]
13418.jpg,[],[],[]
shila.kapse@mphasis.com_mphasis_proctordesk_hosted_1515_.jpg,[],[],[]
mphasis_roshani.sawant@mphasis.com_138101_2020-08-24_9162_.jpg,[],[],[]
2000_2164972_Mobile Camera.jpg,[0.6195],"[[196, 126, 233, 160]]","[[198, 125, 234, 156]]"
fti_Ingrid.Rosario@fti-acuity.com_131093_2020-08-18_13540_.jpg,[0.7761],"[[10, 144, 99, 240]]","[[1, 144, 98, 239]]"
317_2162120_Mobile Camera.jpg,[0.8765],"[[201, 125, 253, 179]]","[[206, 127, 251, 176]]"
1405_2163381_Imposter.jpg,[],[],[]
92948_2020-07-16_13220_.jpg,[0.7316],"[[118, 109, 207, 198]]",[]
548_2162224_Imposter.jpg,[],[],[]
95959_2020-07-20_19032_.jpg,[],[],[]
mphasis_kavita.khandare@mphasis.com_140240_2020-08-25_3219_.jpg,[],[],[]
1200_2163051_Mobile Camera.jpg,[0.8837],"[[91, 129, 164, 179]]","[[89, 129, 162, 180]]"
18982.jpg,[],[],[]
2314_2165084_Imposter.jpg,[],[],[]
21624.jpg,[],[],[]
13260.jpg,[],[],[]
2039_2164992_Imposter.jpg,[],[],[]
57_2162050_Imposter.jpg,[],[],[]
24916.jpg,[0.8308],"[[145, 98, 179, 178]]","[[143, 99, 180, 179]]"
loretta.carroll@mphasis.com_mphasis_proctordesk_hosted_1736_.jpg,[],[],[]
18363.jpg,[],[],[]
2845_2165418_Imposter.jpg,[],[],[]
812_2162309_Imposter.jpg,[],[],[]
92496_2020-07-16_4219_.jpg,[],[],[]
47851_2020-04-21_9532_.jpg,[],[],[]
mphasis_Akshay.Shah@mphasis.com_111955_2020-08-03_9961_.jpg,[],[],[]
10676.jpg,[],[],[]
mphasis_Deepa.Acharya@mphasis.com_112735_2020-08-04_1262_.jpg,[],[],[]
8139.jpg,[],[],[]
617.jpg,[],[],[]
9853.jpg,[],[],[]
2261_2165029_FVE - No Face Detected.jpg,[],[],[]
peter.borghetti@fti-acuity.com_fti_consulting_proctordesk_hosted_2963_.jpg,[],[],[]
mphasis_yerrampalle.ishwarya@mphasis.com_127169_2020-08-14_9855_.jpg,[],[],[]
105352_2020-07-28_5904_.jpg,[],[],[]
86293_2020-07-12_8566_.jpg,[],[],[]
89308_2020-07-14_8814_.jpg,[],[],[]
g_right_12356.jpg,[0.9047],"[[307, 139, 320, 188]]","[[307, 140, 320, 188]]"
fti_Marla.Grant@fti-acuity.com_138551_2020-08-24_14156_.jpg,[],[],[]
mphasis_Parag.Indulkar@mphasis.com_145722_2020-08-28_11086_.jpg,[],[],[]
1977_2164972_FVE - No Face Detected.jpg,[],[],[]
17493.jpg,[],[],[]
95639_2020-07-19_18133_.jpg,[],[],[]
fti_Moshe.Silver@fti-acuity.com_134529_2020-08-20_15933_.jpg,[0.8852],"[[8, 93, 106, 240]]","[[6, 92, 105, 240]]"
1324_2163276_FVE - No Face Detected.jpg,[],[],[]
tushar.bhosale@mphasis.com_mphasis_proctordesk_hosted_1041_.jpg,[],[],[]
1054_2162526_Mobile Camera.jpg,[],[],[]
g_left_3855.jpg,[0.9378],"[[0, 73, 19, 138]]","[[0, 74, 20, 138]]"
995_2162483_Imposter.jpg,[],[],[]
21864.jpg,[],[],[]
1265_2163240_Imposter.jpg,[],[],[]
7907.jpg,[],[],[]
600_2162279_FVE - No Face Detected.jpg,[],[],[]
1477_2163473_Imposter.jpg,[],[],[]
swathi.b@mphasis.com_mphasis_proctordesk_hosted_560_.jpg,[],[],[]
113_2162064_Imposter.jpg,[],[],[]
2507_2165263_Imposter.jpg,[],[],[]
388_2162129_Imposter.jpg,[],[],[]
92671_2020-07-16_6921_.jpg,[],[],[]
2159_2165005_Imposter.jpg,[],[],[]
fti_Hakim.Allen@fti-acuity.com_129800_2020-08-17_14914_.jpg,[0.8471],"[[150, 99, 205, 156]]","[[152, 99, 204, 158]]"
28_2162045_Mobile Camera.jpg,"[0.6836, 0.2629]","[[236, 37, 281, 75], [236, 38, 276, 67]]","[[235, 37, 285, 82]]"
mphasis_mahiboobsab.gorakal@mphasis.com_136916_2020-08-21_5798_.jpg,[],[],[]
2659_2165275_Imposter.jpg,[],[],[]
mphasis_b.mokanapriya@mphasis.com_141001_2020-08-25_6083_.jpg,[],[],[]
mphasis_kavita.raorane@mphasis.com_125198_2020-08-13_3433_.jpg,[],[],[]
721.jpg,[],[],[]
1019_2162492_Mobile Camera.jpg,[],[],[]
82190_2020-07-06_14767_.jpg,[],[],[]
98767_2020-07-22_4617_.jpg,[],[],[]
128_2162065_Multiple people.jpg,[],[],[]
105379_2020-07-28_13942_.jpg,[],[],[]
concentrix_sachdevaa@aetna.com_116442_2020-08-06_21114_.jpg,[],[],[]
98824_2020-07-22_2787_.jpg,[],[],[]
15579.jpg,[],[],[]
55658_2020-05-06_19300_.jpg,[0.9309],"[[26, 71, 258, 238]]","[[30, 72, 265, 240]]"
1728_2163956_Imposter.jpg,[],[],[]
27569.jpg,[],[],[]
2555_2165272_Imposter.jpg,[],[],[]
22894.jpg,[],[],[]
fti_Emily.Andelman@fti-acuity.com_132961_2020-08-19_18942_.jpg,[],[],[]
17189.jpg,[],[],[]
varsha.survase@mphasis.com_mphasis_proctordesk_hosted_1854_.jpg,[],[],[]
2751_2165327_Imposter.jpg,[],[],[]
10906.jpg,[],[],[]
96_2162064_Mobile Camera.jpg,[],[],"[[116, 137, 156, 175]]"
12862.jpg,[],[],[]
mphasis_b.mokanapriya@mphasis.com_120888_2020-08-10_6050_.jpg,[],[],[]
fti_Tina.Vizzini@fti-acuity.com_141878_2020-08-26_16150_.jpg,[],[],[]
122_2162065_Multiple people.jpg,[],[],[]
23240.jpg,[],[],[]
209_2162093_Mobile Camera.jpg,[],[],[]
369_2162129_FVE - No Face Detected.jpg,[],[],[]
10216.jpg,[],[],[]
mythri.m@concentrix.com_concentrix_proctordesk_hosted_concentrix_proctordesk_hosted_mythri.m@concentrix.com_83164_2960_.jpg,[],[],[]
mphasis_meka.divya@mphasis.com_113356_2020-08-04_2720_.jpg,[],[],[]
1374_2163361_FVE - No Face Detected.jpg,[],[],[]
2132_2164997_Imposter.jpg,[],[],[]
104907_2020-07-28_8484_.jpg,[],[],[]
108704_2020-07-30_3674_.jpg,[],[],[]
466.jpg,[],[],[]
348_2162125_Mobile Camera.jpg,[0.7004],"[[290, 150, 320, 179]]","[[293, 150, 320, 180]]"
7352.jpg,[],[],[]
21616.jpg,[],[],[]
mphasis_shivagouda.patil@mphasis.com_139866_2020-08-25_999_.jpg,[],[],[]
1300_2163250_Imposter.jpg,[],[],[]
2006_2164972_FVE - No Face Detected.jpg,[],[],[]
90738_2020-07-15_6791_.jpg,[],[],[]
mphasis_shifana.m@mphasis.com_130487_2020-08-18_9277_.jpg,[0.4891],"[[106, 0, 143, 15]]",[]
mphasis_karishma.barge@mphasis.com_140115_2020-08-25_1044_.jpg,[],[],[]
mphasis_pratidnya.kate@mphasis.com_133952_2020-08-20_4075_.jpg,[],[],[]
24553.jpg,[],[],[]
fti_Joseph.Gulino@fti-acuity.com_134440_2020-08-20_12469_.jpg,[],[],[]
382_2162129_Imposter.jpg,[],[],[]
24900.jpg,[],[],[]
1491_2163502_Multiple people.jpg,[],[],[]
106876_2020-07-29_780_.jpg,[],[],[]
2211_2165014_Imposter.jpg,[],[],[]
811_2162307_Imposter.jpg,[],[],[]
97746_2020-07-21_8512_.jpg,[],[],[]
1573_2163621_Mobile Camera.jpg,[0.8393],"[[203, 143, 240, 178]]","[[204, 144, 240, 180]]"
fti_Tara.Bognar@fti-acuity.com_143459_2020-08-27_15530_.jpg,[],[],[]
1302_2163250_Imposter.jpg,[],[],[]
swathi.b@mphasis.com_mphasis_proctordesk_hosted_594_.jpg,[],[],[]
9719.jpg,[],[],[]
720.jpg,[],[],[]
23010.jpg,[],[],[]
15767.jpg,[],[],[]
swathi.b@mphasis.com_mphasis_proctordesk_hosted_612_.jpg,[],[],[]
mphasis_Akshay.R@mphasis.com_141600_2020-08-26_8274_.jpg,[],[],[]
2198_2165010_Mobile Camera.jpg,[],[],"[[156, 89, 245, 153]]"
846_2162324_Imposter.jpg,[],[],[]
91189_2020-07-15_19332_.jpg,[0.8032],"[[101, 98, 274, 237]]","[[97, 99, 275, 240]]"
brenden.stoner@fti-acuity.com_fti_consulting_proctordesk_hosted_12676_.jpg,[],[],[]
mphasis_dipti.gurav@mphasis.com_120298_2020-08-10_748_.jpg,[],[],[]
fti_Theodore.Bechtold@fti-acuity.com_136884_2020-08-21_20184_.jpg,[0.6993],"[[0, 111, 54, 174]]",[]
72013_2020-06-11_533_.jpg,[0.9248],"[[90, 61, 243, 137]]","[[93, 62, 243, 135]]"
12459.jpg,[],[],[]
mphasis_pinjari.fakruddin@mphasis.com_115314_2020-08-05_8908_.jpg,[],[],[]
fti_Oswaldo.Santos@fti-acuity.com_140001_2020-08-25_15042_.jpg,[],[],[]
fti_Geoffrey.Louden@fti-acuity.com_138929_2020-08-24_11277_.jpg,[],[],[]
15178.jpg,[],[],[]
mphasis_Sukeshana.Navghade@mphasis.com_111946_2020-08-03_2992_.jpg,[],[],[]
1944_2164955_Mobile Camera.jpg,[],[],[]
mphasis_Sunny.Thakur@mphasis.com_135053_2020-08-20_1643_.jpg,[],[],[]
87311_2020-07-13_15216_.jpg,[],[],[]
48288_2020-04-22_233_.jpg,[0.8995],"[[85, 123, 145, 230]]","[[86, 123, 146, 230]]"
19875.jpg,[],[],[]
mythri.m@concentrix.com_concentrix_proctordesk_hosted_concentrix_proctordesk_hosted_mythri.m@concentrix.com_83821_2963_.jpg,[],[],[]
mphasis_keerthi.p@mphasis.com_125105_2020-08-13_7771_.jpg,[],[],[]
9146.jpg,[],[],[]
pradeep.r@mphasis.com_mphasis_proctordesk_hosted_894_.jpg,[],[],[]
mphasis_Peddareddappa.R@mphasis.com_111889_2020-08-03_6410_.jpg,[],[],[]
44309_2020-04-14_9652_.jpg,"[0.6185, 0.4357]","[[267, 154, 288, 224], [265, 148, 285, 225]]","[[268, 146, 291, 225]]"
Mattie.Johnson@fti-acuity.com_fti_consulting_proctordesk_hosted_19062_.jpg,[],[],[]
9014.jpg,[],[],[]
mphasis_dalavai.kumar@mphasis.com_115181_2020-08-05_9562_.jpg,[],[],[]
2319_2165084_FVE - No Face Detected.jpg,[],[],[]
14400.jpg,[],[],[]
mphasis_Sumit.Zambre@mphasis.com_121502_2020-08-11_5348_.jpg,[],[],[]
yerrampalle.ishwarya@mphasis.com_mphasis_proctordesk_hosted_766_.jpg,[],[],[]
1509_2163518_Mobile Camera.jpg,[],[],[]
44309_2020-04-14_9641_.jpg,[],[],[]
107145_2020-07-29_9135_.jpg,[],[],[]
Ewan.Roberts@fti-acuity.com_fti_consulting_proctordesk_hosted_8451_.jpg,[],[],[]
22132.jpg,[],[],[]
2852_2165431_Spoof.jpg,[],[],[]
88819_2020-07-14_1772_.jpg,[],[],[]
7338.jpg,[],[],[]
26115.jpg,[0.9105],"[[102, 85, 148, 176]]","[[101, 84, 148, 176]]"
21938.jpg,[],[],[]
83196_2020-07-08_17202_.jpg,[0.9098],"[[179, 65, 223, 128]]","[[180, 65, 223, 129]]"
mphasis_likhitha.p@mphasis.com_129061_2020-08-17_4423_.jpg,[],[],[]
fti_Hakim.Allen@fti-acuity.com_138602_2020-08-24_14939_.jpg,[0.8375],"[[0, 145, 34, 229]]","[[0, 149, 37, 240]]"
fti_Alyssa.Mandel@fti-acuity.com_137512_2020-08-22_20355_.jpg,[],[],[]
g_left_21687.jpg,[0.9234],"[[0, 101, 21, 198]]","[[0, 102, 22, 198]]"
448_2162141_Mobile Camera.jpg,[],[],[]
144_2162067_Multiple people.jpg,[],[],[]
51728_2020-04-29_97_.jpg,[0.8962],"[[75, 150, 141, 240]]","[[74, 150, 141, 240]]"
mphasis_Rajendra.Patil@mphasis.com_116004_2020-08-05_7222_.jpg,[],[],[]
91885_2020-07-16_3406_.jpg,[],[],[]
90738_2020-07-15_6755_.jpg,[],[],[]
8650.jpg,[],[],[]
90039_2020-07-14_7656_.jpg,[],[],[]
451_2162144_Mobile Camera.jpg,[],[],[]
mphasis_Afreen.Mujawar@mphasis.com_138677_2020-08-24_3090_.jpg,[],[],[]
shashikant.ware@mphasis.com_mphasis_proctordesk_hosted_1305_.jpg,[],[],[]
mphasis_krishna.gond@mphasis.com_121726_2020-08-11_6106_.jpg,[],[],[]
94930_2020-07-17_442_.jpg,[],[],[]
2654_2165275_Imposter.jpg,[],[],[]
309.jpg,[],[],[]
2541_2165267_Imposter.jpg,[],[],[]
1005_2162483_Imposter.jpg,[],[],[]
fti_William.Dawson@fti-acuity.com_132868_2020-08-19_14197_.jpg,[],[],[]
2847_2165429_Mobile Camera.jpg,[],[],[]
mphasis_Dhairyashil.Patil@mphasis.com_118909_2020-08-07_3880_.jpg,[],[],[]
mphasis_jaini.navya@mphasis.com_112932_2020-08-03_10407_.jpg,[],[],[]
mphasis_LORETTA.CARROLL@MPHASIS.COM_112901_2020-08-03_7801_.jpg,[],[],[]
105339_2020-07-28_13738_.jpg,[],[],[]
11732.jpg,[],[],[]
406_2162129_Imposter.jpg,[],[],[]
139_2162067_Multiple people.jpg,[],[],[]
533_2162224_Imposter.jpg,[],[],[]
g_top_123280.jpg,[0.9544],"[[188, 0, 252, 25]]","[[189, 0, 253, 25]]"
1333_2163276_Imposter.jpg,[],[],[]
809_2162304_Imposter.jpg,[],[],[]
12726.jpg,[],[],[]
mphasis_elavarasan.p@mphasis.com_134521_2020-08-20_5484_.jpg,[],[],[]
21845.jpg,[],[],[]
1451_2163443_Imposter.jpg,[],[],[]
92_2162061_Mobile Camera.jpg,[],[],[]
9962.jpg,[],[],[]
89192_2020-07-14_10419_.jpg,[0.848],"[[0, 32, 92, 190]]","[[0, 30, 95, 239]]"
10640.jpg,[],[],[]
hariprasad.kundella@mphasis.com_mphasis_proctordesk_hosted_1231_.jpg,[],[],[]
g_top_10478.jpg,[0.9522],"[[148, 0, 266, 47]]","[[147, 0, 267, 48]]"
2136_2164997_Imposter.jpg,[],[],[]
fti_angelina.hammond@fti-acuity.com_128135_2020-08-15_18828_.jpg,[],[],[]
89150_2020-07-14_10658_.jpg,[],[],[]
mphasis_rakhi.mandhare@mphasis.com_119149_2020-08-07_11074_.jpg,[],[],[]
ashvini.jadhav@mphasis.com_mphasis_proctordesk_hosted_308_.jpg,[],[],[]
20941.jpg,[],[],[]
89032_2020-07-14_9160_.jpg,[],[],[]
9818.jpg,[],[],[]
476.jpg,[],[],[]
1480_2163482_Imposter.jpg,[],[],[]
fti_Allan.Elvir@fti-acuity.com_145022_2020-08-28_13055_.jpg,[],[],[]
fti_Everett.Neely@fti-acuity.com_137404_2020-08-22_18251_.jpg,[],[],[]
108160_2020-07-30_1732_.jpg,[],[],[]
mphasis_PUTTA.N@MPHASIS.COM_111779_2020-08-03_5156_.jpg,[],[],[]
mphasis_bhagyashree.gani@mphasis.com_121807_2020-08-11_1936_.jpg,[],[],[]
concentrix_waranya.phanphai1@concentrix.com_131994_2020-08-19_21707_.jpg,[],[],[]
65174_2020-05-27_18431_.jpg,[],[],[]
g_top_128306.jpg,[0.9644],"[[127, 0, 180, 49]]","[[127, 0, 181, 48]]"
mphasis_Kummara.Ashokkumar@mphasis.com_139770_2020-08-25_2203_.jpg,[],[],[]
722_2162304_Imposter.jpg,[],[],[]
79338_2020-06-30_11906_.jpg,[],[],[]
11658.jpg,[],[],[]
g_top_WIN_20210427_22_16_43_Pro178.jpg,[0.9608],"[[111, 0, 147, 39]]","[[112, 0, 148, 39]]"
2545_2165267_Imposter.jpg,[],[],[]
1890_2164935_FVE - No Face Detected.jpg,[],[],[]
709_2162304_Imposter.jpg,[],[],[]
2260_2165029_FVE - No Face Detected.jpg,[],[],[]
98301_2020-07-21_8102_.jpg,[],[],[]
752_2162304_Imposter.jpg,[],[],[]
concentrix_vetriselvi.ss@concentrix.com_113132_2020-08-04_21819_.jpg,[],[],[]
21353.jpg,[],[],[]
90472_2020-07-15_6377_.jpg,[],[],[]
88796_2020-07-14_903_.jpg,[],[],[]
mphasis_Satish.Kv01@mphasis.com_131739_2020-08-18_5645_.jpg,[],[],[]
30_2162050_Imposter.jpg,[],[],[]
45156_2020-04-15_9807_.jpg,[0.7638],"[[114, 52, 160, 188]]","[[113, 50, 160, 189]]"
onkar.kulkarni@mphasis.com_mphasis_proctordesk_hosted_246_.jpg,[],[],[]
655_2162297_Imposter.jpg,[],[],[]
2799_2165386_FVE - No Face Detected.jpg,[],[],[]
mphasis_rupesh.raut@mphasis.com_121321_2020-08-10_2473_.jpg,[],[],[]
60_2162050_Imposter.jpg,[],[],[]
92786_2020-07-16_14226_.jpg,[],[],[]
mphasis_bhagyashree.gani@mphasis.com_141494_2020-08-26_1953_.jpg,[],[],[]
mphasis_ashwini.ghante@mphasis.com_144710_2020-08-28_7181_.jpg,[],[],[]
107174_2020-07-29_12993_.jpg,[],[],[]
83_2162061_Imposter.jpg,[],[],[]
864_2162330_Imposter.jpg,[],[],[]
95812_2020-07-20_6728_.jpg,[],[],[]
mphasis_darpan.bhadane@mphasis.com_115565_2020-08-05_3102_.jpg,[],[],[]
mphasis_Sukeshana.Navghade@mphasis.com_111946_2020-08-03_2994_.jpg,[],[],[]
13513.jpg,[],[],[]
489_2162174_Mobile Camera.jpg,[],[],[]
fti_Carl.DiCarlo@fti-acuity.com_136437_2020-08-21_18397_.jpg,[],[],[]
1145_2162979_Imposter.jpg,[],[],[]
fti_Richard.Kraus@fti-acuity.com_145063_2020-08-28_20277_.jpg,[],[],[]
15987.jpg,[],[],[]
g_top_WIN_20210427_22_16_43_Pro133.jpg,[0.956],"[[223, 0, 277, 86]]","[[224, 0, 278, 87]]"
2363_2165106_Imposter.jpg,[],[],[]
mphasis_vikram.b@mphasis.com_128935_2020-08-17_10574_.jpg,[],[],[]
2318_2165084_Imposter.jpg,[],[],[]
9839.jpg,[],[],[]
80326_2020-07-02_11938_.jpg,[],[],[]
mphasis_Suraj.Salaskar@mphasis.com_130622_2020-08-18_2140_.jpg,[],[],[]
2058_2164993_Mobile Camera.jpg,[],[],[]
167_2162078_Mobile Camera.jpg,[],[],[]
1228_2163173_Imposter.jpg,[],[],[]
985_2162475_Imposter.jpg,[],[],[]
8926.jpg,[],[],[]
1485_2163487_Mobile Camera.jpg,[],[],[]
91144_2020-07-15_10276_.jpg,[],[],[]
1508_2163518_Mobile Camera.jpg,[],[],"[[255, 150, 286, 180]]"
fti_Kathryn.Henderson@fti-acuity.com_128334_2020-08-16_11672_.jpg,[],[],[]
12183.jpg,[],[],[]
11715.jpg,[],[],[]
73150_2020-06-14_998_.jpg,[0.7866],"[[59, 97, 160, 197]]","[[69, 99, 160, 200]]"
105132_2020-07-28_5232_.jpg,[],[],[]
24674.jpg,[],[],[]
1978_2164972_Mobile Camera.jpg,[0.4808],"[[154, 138, 185, 178]]","[[155, 139, 187, 169]]"
fti_Yujian.Zhang@fti-acuity.com_137400_2020-08-22_20474_.jpg,[],[],[]
2827_2165415_Mobile Camera.jpg,"[0.4804, 0.4238]","[[191, 121, 203, 174], [192, 105, 204, 163]]","[[193, 119, 206, 161]]"
506_2162194_Imposter.jpg,[],[],[]
fti_Marvalyn.Miles@fti-acuity.com_132643_2020-08-19_13741_.jpg,[],[],[]
2389_2165120_Mobile Camera.jpg,[],[],"[[136, 133, 191, 170]]"
829_2162309_Imposter.jpg,[],[],[]
shila.kapse@mphasis.com_mphasis_proctordesk_hosted_1503_.jpg,[],[],[]
24113.jpg,[0.8817],"[[52, 62, 97, 100]]","[[50, 62, 98, 101]]"
410_2162129_Imposter.jpg,[],[],[]
25187.jpg,[0.637],"[[105, 164, 129, 240]]","[[105, 162, 130, 239]]"
8284.jpg,[],[],[]
tejashree.khandge@mphasis.com_mphasis_proctordesk_hosted_1339_.jpg,[],[],[]
257_2162108_Imposter.jpg,[],[],[]
mphasis_pradeep.r@mphasis.com_123646_2020-08-12_8709_.jpg,[],[],[]
2143_2164999_Mobile Camera.jpg,[],[],[]
79314_2020-06-30_11641_.jpg,[],[],[]
mphasis_Sunny.Thakur@mphasis.com_133317_2020-08-19_1599_.jpg,[],[],[]
296_2162117_Imposter.jpg,[],[],[]
2178_2165009_Imposter.jpg,[],[],[]
2508_2165263_Imposter.jpg,[],[],[]
mphasis_pallavi.avaghade@mphasis.com_122667_2020-08-11_8924_.jpg,[],[],[]
70_2162050_Imposter.jpg,[],[],[]
100990_2020-07-23_9091_.jpg,[],[],[]
14255.jpg,[],[],[]
102012_2020-07-24_12387_.jpg,[],[],[]
91385_2020-07-15_3502_.jpg,[],[],[]
412_2162129_Imposter.jpg,[],[],[]
20785.jpg,[],[],[]
43160_2020-04-11_19387_.jpg,[0.9115],"[[59, 86, 160, 240]]","[[58, 84, 160, 239]]"
fti_Kun.Chang@fti-acuity.com_146952_2020-08-31_15162_.jpg,[],[],[]
79889_2020-07-01_15004_.jpg,[],[],[]
g_top_17898.jpg,[0.9476],"[[172, 0, 235, 19]]","[[172, 0, 235, 20]]"
22177.jpg,[],[],[]
21084.jpg,[],[],[]
751_2162304_Imposter.jpg,[],[],[]
22361.jpg,[],[],[]
swathi.b@mphasis.com_mphasis_proctordesk_hosted_611_.jpg,[],[],[]
1040_2162503_Imposter.jpg,[],[],[]
2077_2164994_FVE - No Face Detected.jpg,[],[],[]
84779_2020-07-10_17606_.jpg,[0.8491],"[[202, 122, 236, 162]]","[[202, 123, 235, 161]]"
mphasis_shila.kapse@mphasis.com_123648_2020-08-12_4972_.jpg,[],[],[]
1029_2162503_Mobile Camera.jpg,[],[],[]
88812_2020-07-14_5379_.jpg,[],[],[]
1752_2164152_Imposter.jpg,[],[],[]
mphasis_gangamma.e@mphasis.com_123237_2020-08-12_10781_.jpg,[],[],[]
7572.jpg,[],[],[]
444_2162134_Mobile Camera.jpg,[0.8395],"[[31, 96, 82, 134]]","[[31, 96, 84, 134]]"
mphasis_Sanket.Pawar@mphasis.com_129067_2020-08-17_264_.jpg,[],[],[]
8539.jpg,[],[],[]
2489_2165263_Imposter.jpg,[],[],[]
mphasis_elavarasan.p@mphasis.com_118461_2020-08-07_5469_.jpg,[],[],[]
2627_2165275_Imposter.jpg,[],[],[]
5793.jpg,[],[],[]
95522_2020-07-18_13835_.jpg,[],[],[]
21030.jpg,[],[],[]
21218.jpg,[],[],[]
47642_2020-04-21_9632_.jpg,[],[],[]
2373_2165110_FVE - No Face Detected.jpg,[],[],[]
mphasis_shifana.m@mphasis.com_124577_2020-08-13_9241_.jpg,[],[],[]
16576.jpg,[],[],[]
1536_2163597_Imposter.jpg,[],[],[]
100815_2020-07-23_3175_.jpg,[],[],[]
mphasis_Prasad.Pandav@mphasis.com_139810_2020-08-25_369_.jpg,[],[],[]
mphasis_savita.shirgire@mphasis.com_113187_2020-08-04_8580_.jpg,[],[],[]
mphasis_ashwini.ghante@mphasis.com_118039_2020-08-07_7144_.jpg,[],[],[]
1743_2164112_FVE - No Face Detected.jpg,[],[],[]
846.jpg,[0.7289],"[[218, 131, 236, 148]]",[]
14908.jpg,[],[],[]
960_2162434_Imposter.jpg,[],[],[]
ramesh.ijjagiri@mphasis.com_mphasis_proctordesk_hosted_mphasis_proctordesk_hosted_ramesh.ijjagiri@mphasis.com_86919_9_.jpg,[],[],[]
104174_2020-07-27_15132_.jpg,[],[],[]
43556_2020-04-13_9851_.jpg,[0.4699],"[[92, 158, 136, 176]]","[[103, 155, 135, 175]]"
Jennifer.Tambi@fti-acuity.com_fti_consulting_proctordesk_hosted_17201_.jpg,[0.8875],"[[236, 128, 320, 201]]","[[235, 129, 320, 201]]"
6478.jpg,[],[],[]
fti_Christina.Northern@fti-acuity.com_134426_2020-08-20_11195_.jpg,[],[],[]
2139_2164997_Imposter.jpg,[],[],[]
fti_Shomik.Niyogi@fti-acuity.com_132662_2020-08-19_17415_.jpg,[],[],[]
6009.jpg,[],[],[]
g_left_WIN_20210427_22_16_35_Pro135.jpg,[0.9658],"[[0, 96, 57, 168]]","[[0, 97, 58, 169]]"
22010.jpg,[0.3903],"[[223, 91, 304, 237]]",[]
66_2162050_Imposter.jpg,[],[],[]
1584_2163632_Imposter.jpg,[],[],[]
189_2162083_FVE - No Face Detected.jpg,[],[],[]
2270_2165033_Mobile Camera.jpg,[],[],[]
2822_2165401_Imposter.jpg,[],[],[]
308_2162120_Mobile Camera.jpg,[0.8661],"[[182, 141, 234, 180]]","[[189, 142, 234, 180]]"
9335.jpg,[],[],[]
21959.jpg,[],[],[]
19338.jpg,[],[],[]
119_2162064_Mobile Camera.jpg,[],[],"[[99, 128, 144, 170]]"
37_2162050_Imposter.jpg,[],[],[]
fti_Kola.Kalejaye@fti-acuity.com_145394_2020-08-28_14010_.jpg,[],[],[]
13295.jpg,[],[],[]
13061.jpg,[],[],[]
fti_Marta.Velez@fti-acuity.com_140595_2020-08-25_15809_.jpg,[],[],[]
fti_Marla.Grant@fti-acuity.com_129172_2020-08-17_14120_.jpg,[],[],[]
2786_2165376_Mobile Camera.jpg,[],[],[]
1825_2164903_Mobile Camera.jpg,[],[],"[[249, 115, 293, 151]]"
mphasis_savita.shirgire@mphasis.com_113187_2020-08-04_8555_.jpg,[],[],[]
2668_2165275_Imposter.jpg,[],[],[]
481_2162174_Imposter.jpg,[],[],[]
22745.jpg,[],[],[]
fti_Edward.Meertins-George@fti-acuity.com_131166_2020-08-18_14301_.jpg,[0.8076],"[[11, 50, 86, 168]]","[[12, 51, 81, 170]]"
1976_2164972_Mobile Camera.jpg,[0.6377],"[[200, 99, 234, 140]]",[]
98193_2020-07-21_5098_.jpg,[],[],[]
10517.jpg,[],[],[]
mphasis_Vinod.G@mphasis.com_114241_2020-08-04_11008_.jpg,[],[],[]
691_2162304_Imposter.jpg,[],[],[]
93495_2020-07-17_4524_.jpg,[],[],[]
80326_2020-07-02_11937_.jpg,[],[],[]
1041_2162503_Imposter.jpg,[],[],[]
82140_2020-07-06_11846_.jpg,[0.786],"[[121, 89, 201, 171]]","[[118, 89, 201, 177]]"
21158.jpg,[],[],[]
1932_2164953_Imposter.jpg,[],[],[]
2151_2165005_Imposter.jpg,[],[],[]
20844.jpg,[],[],[]
79462_2020-06-30_15315_.jpg,[],[],[]
27680.jpg,[],[],[]
21415.jpg,[],[],[]
1259_2163240_Imposter.jpg,[],[],[]
10374.jpg,[],[],[]
291_2162117_Mobile Camera.jpg,[],[],[]
89192_2020-07-14_10420_.jpg,[0.8966],"[[25, 137, 130, 221]]","[[25, 137, 131, 222]]"
fti_Jayme.Coleman@fti-acuity.com_133046_2020-08-19_14556_.jpg,[0.8788],"[[47, 168, 129, 240]]","[[49, 168, 122, 239]]"
87989_2020-07-13_5563_.jpg,[],[],[]
2427_2165189_Mobile Camera.jpg,[0.6183],"[[194, 122, 243, 179]]",[]
16584.jpg,[],[],[]
102007_2020-07-24_3657_.jpg,"[0.8389, 0.4457]","[[88, 113, 160, 167], [0, 107, 66, 160]]","[[87, 111, 159, 172]]"
579_2162265_Multiple people.jpg,[],[],[]
92466_2020-07-16_10774_.jpg,[],[],[]
fti_Doreen.Nanda@fti-acuity.com_145362_2020-08-28_13134_.jpg,[],[],[]
2806_2165386_Mobile Camera.jpg,[0.8209],"[[278, 124, 319, 177]]","[[274, 125, 320, 174]]"
mphasis_prakash.kashid@mphasis.com_129359_2020-08-17_10945_.jpg,[],[],[]
mphasis_simali.dhadbale@mphasis.com_125907_2020-08-13_8109_.jpg,[],[],[]
13675.jpg,[],[],[]
101852_2020-07-24_11657_.jpg,[],[],[]
26646.jpg,[0.9221],"[[184, 116, 259, 240]]","[[184, 116, 259, 240]]"
fti_Marla.Grant@fti-acuity.com_131020_2020-08-18_14140_.jpg,[],[],[]
11761.jpg,[],[],[]
2762_2165370_Imposter.jpg,[],[],[]
83432_2020-07-08_16735_.jpg,[],[],[]
mphasis_s.geethamma@mphasis.com_113515_2020-08-04_8995_.jpg,[],[],[]
44311_2020-04-14_9784_.jpg,[],[],[]
87311_2020-07-13_15219_.jpg,[],[],[]
fti_Alyssa.Mandel@fti-acuity.com_136870_2020-08-21_20352_.jpg,[],[],[]
1109_2162762_Multiple people.jpg,[],[],[]
8570.jpg,[],[],[]
437_2162132_Mobile Camera.jpg,[0.8598],"[[179, 127, 240, 179]]","[[183, 128, 239, 179]]"
fti_Palmer.Parrott@fti-acuity.com_134642_2020-08-20_14712_.jpg,[],[],[]
2644_2165275_Imposter.jpg,[],[],[]
401_2162129_Imposter.jpg,[],[],[]
shila.kapse@mphasis.com_mphasis_proctordesk_hosted_1585_.jpg,[],[],[]
15907.jpg,[],[],[]
531_2162224_Imposter.jpg,[],[],[]
153.jpg,[],[],[]
mphasis_Sunny.Thakur@mphasis.com_133317_2020-08-19_1624_.jpg,[],[],[]
20443.jpg,[],[],[]
loretta.carroll@mphasis.com_mphasis_proctordesk_hosted_1771_.jpg,[],[],[]
mphasis_pavan.an@mphasis.com_113275_2020-08-04_6801_.jpg,[],[],[]
21488.jpg,[],[],[]
44311_2020-04-14_9795_.jpg,[],[],[]
645_2162291_Mobile Camera.jpg,[],[],[]
716_2162304_Imposter.jpg,[],[],[]
1242.jpg,[],[],[]
15272.jpg,[],[],[]
79461_2020-06-30_11410_.jpg,[0.9079],"[[206, 145, 272, 239]]","[[205, 146, 272, 240]]"
19364.jpg,[],[],[]
1646_2163684_Mobile Camera.jpg,[0.8397],"[[58, 30, 104, 87]]","[[58, 29, 103, 87]]"
mphasis_sushmita.mesta@mphasis.com_116948_2020-08-06_10732_.jpg,[],[],[]
90.jpg,[],[],[]
597_2162279_Mobile Camera.jpg,[],[],[]
2138.jpg,[],[],[]
10382.jpg,[],[],[]
mphasis_SHREYAS.JOSHI@MPHASIS.COM_135116_2020-08-21_4384_.jpg,[],[],[]
108232_2020-07-30_14447_.jpg,[],[],[]
85281_2020-07-10_5141_.jpg,[],[],[]
11107.jpg,[],[],[]
1691_2163741_Imposter.jpg,[],[],[]
90527_2020-07-15_717_.jpg,[],[],[]
2515_2165263_Imposter.jpg,[],[],[]
987_2162475_Imposter.jpg,[],[],[]
96220_2020-07-20_17410_.jpg,[0.8758],"[[131, 96, 171, 162]]","[[131, 98, 171, 162]]"
799_2162304_Imposter.jpg,[],[],[]
334_2162123_FVE - No Face Detected.jpg,[],[],[]
758_2162304_Imposter.jpg,[],[],[]
7208.jpg,[],[],[]
710_2162304_Imposter.jpg,[],[],[]
737_2162304_Imposter.jpg,[],[],[]
19106.jpg,[],[],[]
82012_2020-07-06_11503_.jpg,[],[],[]
26317.jpg,[0.9113],"[[159, 133, 196, 176]]","[[159, 132, 196, 173]]"
1285_2163250_Imposter.jpg,[],[],[]
mphasis_meka.divya@mphasis.com_120001_2020-08-10_2810_.jpg,[],[],[]
15664.jpg,[],[],[]
958_2162434_Imposter.jpg,[],[],[]
4661.jpg,[],[],[]
11988.jpg,[],[],[]
97798_2020-07-21_7376_.jpg,[],[],[]
14476.jpg,[],[],[]
15980.jpg,[],[],[]
2075_2164994_Imposter.jpg,[],[],[]
7951.jpg,[],[],[]
fti_Samuel.Seymour@fti-acuity.com_131165_2020-08-18_19034_.jpg,[],[],"[[203, 133, 212, 178]]"
fti_Denise.Luczak@fti-acuity.com_134475_2020-08-20_19411_.jpg,[],[],[]
fti_Tara.Bognar@fti-acuity.com_140292_2020-08-25_15515_.jpg,[],[],[]
fti_Stephen.Curtis@fti-acuity.com_136425_2020-08-21_17872_.jpg,[],[],[]
mphasis_Sachin.Jaiswal@mphasis.com_139890_2020-08-25_10662_.jpg,[],[],[]
363_2162129_Imposter.jpg,[],[],[]
8353.jpg,[],[],[]
1205_2163077_Mobile Camera.jpg,[],[],[]
241_2162096_Mobile Camera.jpg,[],[],[]
64_2162050_Imposter.jpg,[],[],[]
1057_2162526_Imposter.jpg,[],[],[]
9351.jpg,[],[],[]
2189_2165010_Imposter.jpg,[],[],[]
230_2162093_Imposter.jpg,[],[],[]
9125.jpg,[],[],[]
2028_2164987_Mobile Camera.jpg,[],[],[]
1678_2163738_Mobile Camera.jpg,[],[],[]
25087.jpg,[0.9199],"[[112, 113, 164, 180]]","[[113, 113, 165, 180]]"
554_2162224_Imposter.jpg,[],[],[]
226_2162093_Imposter.jpg,[],[],[]
102877_2020-07-25_18233_.jpg,[],[],[]
mphasis_gurpreet.kaur@mphasis.com_129343_2020-08-17_560_.jpg,[],[],[]
96896_2020-07-20_1878_.jpg,[],[],[]
8263.jpg,[],[],[]
108264_2020-07-30_10204_.jpg,[],[],[]
fti_Yujian.Zhang@fti-acuity.com_140401_2020-08-25_20481_.jpg,[],[],[]
mphasis_Prasad.Pandav@mphasis.com_113336_2020-08-04_305_.jpg,[],[],[]
mphasis_mamata.shyabalad@mphasis.com_126660_2020-08-14_10180_.jpg,[],[],[]
89111_2020-07-14_13896_.jpg,[],[],[]
100_2162064_Mobile Camera.jpg,[0.2585],"[[116, 132, 158, 170]]","[[117, 132, 160, 171]]"
89032_2020-07-14_9157_.jpg,[],[],[]
mphasis_nandhini.s@mphasis.com_113490_2020-08-04_9731_.jpg,[0.849],"[[144, 114, 186, 176]]","[[145, 115, 186, 172]]"
22844.jpg,[],[],[]
801_2162304_Imposter.jpg,[],[],[]
g_right_WIN_20210427_22_16_35_Pro114.jpg,[0.9367],"[[300, 81, 319, 128]]","[[300, 81, 320, 129]]"
1616_2163655_Imposter.jpg,[],[],[]
253_2162108_Imposter.jpg,[],[],[]
17597.jpg,[],[],[]
g_top_116353.jpg,[0.9584],"[[142, 0, 239, 32]]","[[143, 0, 239, 33]]"
97891_2020-07-21_16315_.jpg,[],[],[]
mphasis_pinjari.fakruddin@mphasis.com_115314_2020-08-05_8872_.jpg,[],[],[]
Maysa.Ceballos-Germosen@fti-acuity.com_fti_consulting_proctordesk_hosted_20347_.jpg,[],[],[]
7004.jpg,[],[],[]
1431_2163413_FVE - No Face Detected.jpg,[],[],[]
2180_2165010_Imposter.jpg,[],[],[]
ashvini.jadhav@mphasis.com_mphasis_proctordesk_hosted_296_.jpg,[],[],[]
83196_2020-07-08_17213_.jpg,[0.9222],"[[179, 62, 225, 127]]","[[180, 63, 223, 127]]"
mphasis_Kummara.Ashokkumar@mphasis.com_139770_2020-08-25_2191_.jpg,[],[],[]
fti_Gergana.Miteva@fti-acuity.com_143271_2020-08-27_15116_.jpg,[],[],[]
mphasis_LORETTA.CARROLL@MPHASIS.COM_121105_2020-08-11_7842_.jpg,[],[],[]
105456_2020-07-28_14373_.jpg,[],[],[]
Joseph.Hernandez@fti-acuity.com_fti_consulting_proctordesk_hosted_2782_.jpg,[],[],[]
55524_2020-05-06_18374_.jpg,[],[],[]
12092.jpg,[],[],[]
g_right_116123.jpg,[0.9543],"[[281, 66, 320, 119]]","[[281, 66, 320, 120]]"
13411.jpg,[],[],[]
2230_2165018_Mobile Camera.jpg,[],[],[]
21614.jpg,[],[],[]
88812_2020-07-14_5390_.jpg,[],[],[]
mphasis_harshada.gurav@mphasis.com_143264_2020-08-27_2412_.jpg,[],[],[]
mphasis_meka.divya@mphasis.com_113356_2020-08-04_2732_.jpg,[],[],[]
82681_2020-07-07_14774_.jpg,[],[],[]
80199_2020-07-02_17015_.jpg,[],[],[]
100560_2020-07-23_12384_.jpg,[],[],[]
88796_2020-07-14_876_.jpg,[],[],[]
ashvini.jadhav@mphasis.com_mphasis_proctordesk_hosted_278_.jpg,[],[],[]
mphasis_b.mokanapriya@mphasis.com_140442_2020-08-25_6077_.jpg,[],[],[]
48064_2020-04-22_9877_.jpg,[0.7967],"[[104, 1, 189, 112]]","[[104, 0, 195, 114]]"
mphasis_likhitha.p@mphasis.com_129061_2020-08-17_4417_.jpg,[],[],[]
1172_2163030_Multiple people.jpg,[],[],"[[244, 151, 278, 175]]"
1088_2162650_Imposter.jpg,[],[],[]
mphasis_Lalit.Bonde@mphasis.com_132354_2020-08-19_4575_.jpg,[],[],[]
7889.jpg,[],[],[]
106178_2020-07-29_19131_.jpg,[],[],[]
mphasis_Shireesha.Kolla@mphasis.com_121303_2020-08-10_10295_.jpg,[],[],[]
146_2162067_Mobile Camera.jpg,[],[],[]
258_2162108_Imposter.jpg,[],[],[]
santhosh.n1@concentrix.com_concentrix_proctordesk_hosted_concentrix_proctordesk_hosted_santhosh.n1@concentrix.com_80182_2981_.jpg,[],[],[]
koppula.navya@mphasis.com_mphasis_proctordesk_hosted_958_.jpg,[0.6454],"[[0, 167, 15, 239]]",[]
559_2162224_Imposter.jpg,[],[],[]
5557.jpg,[],[],[]
841_2162314_Imposter.jpg,[],[],[]
107372_2020-07-29_11151_.jpg,[0.7564],"[[136, 14, 204, 79]]","[[136, 14, 204, 75]]"
341_2162123_Imposter.jpg,[],[],[]
108324_2020-07-30_17424_.jpg,[0.8766],"[[100, 87, 154, 153]]","[[101, 87, 155, 161]]"
100005_2020-07-23_3945_.jpg,[],[],[]
338_2162123_FVE - No Face Detected.jpg,[],[],[]
sandeep.gaikwad@mphasis.com_mphasis_proctordesk_hosted_1210_.jpg,[],[],[]
krishna.gond@mphasis.com_mphasis_proctordesk_hosted_452_.jpg,[],[],[]
fti_Maibel.Reyes@fti-acuity.com_129614_2020-08-17_18775_.jpg,[0.8062],"[[0, 102, 102, 240]]","[[1, 103, 100, 229]]"
mphasis_mounika.s@mphasis.com_131194_2020-08-18_188_.jpg,[],[],[]
1776.jpg,[],[],[]
mphasis_padma.patrot@mphasis.com_136395_2020-08-21_10063_.jpg,[],[],[]
g_right_7482.jpg,[0.9606],"[[261, 84, 320, 137]]","[[262, 84, 320, 138]]"
6078.jpg,[],[],[]
62441_2020-05-20_17935_.jpg,[],[],[]
mphasis_bhimakka.kulakarni@mphasis.com_121713_2020-08-11_9352_.jpg,[],[],[]
95605_2020-07-19_18751_.jpg,[],[],[]
210_2162093_Imposter.jpg,[],[],[]
87841_2020-07-13_5297_.jpg,[],[],[]
mphasis_LORETTA.CARROLL@MPHASIS.COM_112901_2020-08-04_7777_.jpg,[],[],[]
1983_2164972_Mobile Camera.jpg,[0.8689],"[[184, 117, 224, 165]]","[[179, 116, 224, 164]]"
fti_Kun.Chang@fti-acuity.com_143424_2020-08-27_15159_.jpg,[],[],[]
14264.jpg,[],[],[]
25186.jpg,[0.6971],"[[105, 162, 129, 240]]","[[106, 162, 132, 240]]"
83342_2020-07-08_14787_.jpg,[],[],[]
concentrix_patchanok.yangtisan@concentrix.com_117791_2020-08-07_21604_.jpg,[0.8364],"[[157, 148, 274, 235]]","[[159, 149, 274, 240]]"
1923_2164951_Imposter.jpg,[],[],[]
593_2162279_FVE - No Face Detected.jpg,[],[],[]
Samuel.Kamanu@fti-acuity.com_fti_consulting_proctordesk_hosted_21712_.jpg,[0.725],"[[152, 13, 291, 88]]","[[153, 14, 320, 96]]"
1587_2163632_Imposter.jpg,[],[],[]
2129_2164997_Imposter.jpg,[],[],[]
mphasis_Sunny.Thakur@mphasis.com_135053_2020-08-20_1646_.jpg,[],[],[]
Sanket.Pawar@mphasis.com_mphasis_proctordesk_hosted_26_.jpg,[],[],[]
91084_2020-07-15_8176_.jpg,[],[],[]
1357_2163286_FVE - No Face Detected.jpg,[],[],[]
14272.jpg,[],[],[]
12712.jpg,[],[],[]
2410_2165169_Mobile Camera.jpg,[],[],[]
fti_David.Johnstone@fti-acuity.com_136218_2020-08-21_18992_.jpg,[0.7799],"[[106, 77, 158, 111]]","[[106, 75, 157, 111]]"
mphasis_Faiyaj.Attar@mphasis.com_125144_2020-08-13_6652_.jpg,[],[],[]
98400_2020-07-21_8752_.jpg,[],[],[]
26588.jpg,[0.8874],"[[172, 36, 241, 182]]","[[172, 35, 243, 183]]"
101829_2020-07-24_8043_.jpg,[0.8988],"[[163, 127, 221, 179]]","[[162, 125, 221, 180]]"
Mohammad.Qashou@investbank.jo_investbank_proctordesk_hosted_investbank_proctordesk_hosted_Mohammad.Qashou@investbank.jo_85735_2934_.jpg,[],[],[]
84004_2020-07-09_10410_.jpg,[0.8263],"[[110, 134, 192, 237]]","[[108, 135, 193, 240]]"
711_2162304_Imposter.jpg,[],[],[]
101695_2020-07-24_8768_.jpg,[],[],[]
mphasis_GABRIEL.SANTHOSH@MPHASIS.COM_112373_2020-08-03_3639_.jpg,[],[],[]
741_2162304_Imposter.jpg,[],[],[]
1021.jpg,[],[],[]
2738_2165327_Imposter.jpg,[],[],[]
1092_2162650_Mobile Camera.jpg,[],[],[]
mphasis_Ramesh.Chavan@mphasis.com_122003_2020-08-11_6464_.jpg,[],[],[]
mphasis_darpan.bhadane@mphasis.com_113922_2020-08-04_3101_.jpg,[],[],[]
23899.jpg,[],[],[]
2346_2165096_Imposter.jpg,[],[],[]
concentrix_vetriselvi.ss@concentrix.com_111676_2020-08-03_21813_.jpg,[],[],[]
98857_2020-07-22_3838_.jpg,[],[],[]
2664_2165275_Imposter.jpg,[],[],[]
90256_2020-07-15_7076_.jpg,[],[],[]
fti_Wooshik.Shim@fti-acuity.com_137332_2020-08-22_16874_.jpg,[],[],[]
17534.jpg,[],[],[]
102324_2020-07-24_14122_.jpg,[0.8755],"[[209, 106, 268, 161]]","[[211, 106, 269, 160]]"
fti_Olufemi.Gbede@fti-acuity.com_136139_2020-08-21_18464_.jpg,[],[],[]
82668_2020-07-07_11976_.jpg,[0.7806],"[[114, 143, 151, 202]]","[[113, 139, 150, 199]]"
v.vinothkumar@mphasis.com_mphasis_proctordesk_hosted_1411_.jpg,[],[],[]
108613_2020-07-30_7897_.jpg,[],[],[]
82603_2020-07-07_17781_.jpg,[0.882],"[[190, 79, 230, 160]]","[[190, 77, 230, 160]]"
2729_2165327_Imposter.jpg,[],[],[]
285.jpg,[],[],[]
mphasis_b.mokanapriya@mphasis.com_139248_2020-08-24_6073_.jpg,[],[],[]
25658.jpg,[0.8847],"[[219, 112, 259, 191]]","[[220, 111, 260, 191]]"
20387.jpg,[],[],[]
2549_2165269_Mobile Camera.jpg,[0.787],"[[190, 60, 312, 180]]","[[232, 61, 312, 138]]"
1945_2164955_Mobile Camera.jpg,[0.2647],"[[26, 139, 58, 179]]",[]
1453.jpg,[],[],[]
mphasis_jaini.navya@mphasis.com_112932_2020-08-03_10421_.jpg,[],[],[]
1594_2163635_Mobile Camera.jpg,[0.8812],"[[206, 130, 263, 180]]","[[209, 129, 263, 180]]"
77_2162052_Imposter.jpg,[],[],[]
12306.jpg,[],[],[]
106721_2020-07-29_7862_.jpg,[],[],[]
685_2162304_Imposter.jpg,[],[],[]
4491.jpg,[],[],[]
2252_2165029_Imposter.jpg,[],[],[]
748_2162304_Imposter.jpg,[],[],[]
89269_2020-07-14_11260_.jpg,[0.2796],"[[204, 28, 270, 107]]",[]
g_top_21615.jpg,[0.959],"[[168, 0, 286, 47]]","[[168, 0, 288, 48]]"
98723_2020-07-22_19037_.jpg,[],[],[]
sudha.j@mphasis.com_mphasis_proctordesk_hosted_1686_.jpg,[],[],[]
1514_2163557_Mobile Camera.jpg,[],[],"[[14, 104, 36, 140]]"
2066_2164994_Imposter.jpg,[],[],[]
2670_2165275_FVE - No Face Detected.jpg,[],[],[]
181_2162083_Mobile Camera.jpg,[],[],[]
2646_2165275_Imposter.jpg,[],[],[]
2_2162025_Mobile Camera.jpg,[],[],[]
21962.jpg,[],[],[]
20086.jpg,[],[],[]
149.jpg,[],[],[]
26294.jpg,[0.6126],"[[149, 135, 181, 165]]","[[150, 136, 182, 163]]"
105540_2020-07-28_10316_.jpg,[],[],[]
2784_2165373_Imposter.jpg,[],[],[]
16022.jpg,[],[],[]
99200_2020-07-22_12239_.jpg,[],[],[]
24959.jpg,[0.8076],"[[221, 69, 320, 240]]","[[215, 69, 320, 240]]"
904_2162368_Imposter.jpg,[],[],[]
mphasis_mallanna.x@mphasis.com_134218_2020-08-20_3368_.jpg,[],[],[]
mphasis_vivek.gholap@mphasis.com_111875_2020-08-03_10879_.jpg,[],[],[]
23590.jpg,[0.7432],"[[55, 112, 97, 157]]","[[56, 113, 96, 156]]"
93495_2020-07-17_4511_.jpg,[],[],[]
23947.jpg,[],[],[]
concentrix_waranya.phanphai1@concentrix.com_135451_2020-08-21_21725_.jpg,[],[],[]
1822_2164903_FVE - No Face Detected.jpg,[],[],[]
2080_2164994_Imposter.jpg,[],[],[]
1251_2163240_Imposter.jpg,[],[],[]
739_2162304_Imposter.jpg,[],[],[]
88812_2020-07-14_5381_.jpg,[],[],[]
mphasis_Suraj.Salaskar@mphasis.com_123139_2020-08-12_2122_.jpg,[],[],[]
10354.jpg,[],[],[]
648_2162291_Multiple people.jpg,[],[],[]
98836_2020-07-22_6597_.jpg,[],[],[]
96636_2020-07-20_13328_.jpg,[],[],[]
concentrix_anupam.tirkey@concentrix.com_110585_2020-08-01_21923_.jpg,[],[],[]
101991_2020-07-24_4870_.jpg,[],[],[]
297_2162117_Imposter.jpg,[],[],[]
2698.jpg,[],[],[]
99104_2020-07-22_13135_.jpg,[],[],[]
22678.jpg,[],[],[]
1625.jpg,[],[],[]
2060_2164994_Imposter.jpg,[],[],[]
90998_2020-07-15_8668_.jpg,[],[],[]
2791_2165386_FVE - No Face Detected.jpg,[],[],[]
2045_2164993_Mobile Camera.jpg,[0.2758],"[[0, 116, 94, 179]]",[]
mphasis_shivagouda.patil@mphasis.com_139866_2020-08-25_956_.jpg,[],[],[]
mulinty.prasad@mphasis.com_mphasis_proctordesk_hosted_992_.jpg,[],[],[]
22103.jpg,[],[],[]
1142_2162976_Imposter.jpg,[],[],[]
1913_2164945_FVE - No Face Detected.jpg,[],[],[]
88894_2020-07-14_7471_.jpg,[],[],[]
88796_2020-07-14_843_.jpg,[],[],[]
21619.jpg,[],[],[]
tushar.bhosale@mphasis.com_mphasis_proctordesk_hosted_1044_.jpg,[],[],[]
92646_2020-07-16_5059_.jpg,[],[],[]
96250_2020-07-20_13950_.jpg,[],[],[]
mphasis_keerthana.r1@mphasis.com_115611_2020-08-05_10743_.jpg,[],[],[]
2191_2165010_Imposter.jpg,[],[],[]
1896_2164935_Multiple people.jpg,[],[],[]
mphasis_vishakha.kharad@mphasis.com_118217_2020-08-07_2293_.jpg,[],[],[]
mphasis_ROHAN.CHOUDHARY@MPHASIS.COM_139905_2020-08-25_6500_.jpg,[],[],[]
7549.jpg,[],[],[]
mphasis_avuluru.mahendra@mphasis.com_136478_2020-08-21_2647_.jpg,[],[],[]
27096.jpg,[0.9021],"[[171, 149, 230, 237]]","[[170, 152, 231, 234]]"
1906.jpg,[],[],[]
fti_Allan.Kobel@fti-acuity.com_144901_2020-08-28_16143_.jpg,[],[],[]
88808_2020-07-14_17137_.jpg,[],[],[]
mphasis_smita.gaikwad@mphasis.com_115133_2020-08-05_252_.jpg,[],[],[]
108606_2020-07-30_4271_.jpg,[],[],[]
97918_2020-07-21_13765_.jpg,"[0.5964, 0.4228]","[[206, 103, 228, 169], [208, 119, 227, 168]]","[[205, 102, 228, 169]]"
92774_2020-07-16_11770_.jpg,[0.7985],"[[60, 95, 96, 159]]","[[61, 95, 98, 158]]"
fti_Yanqiu.Li@fti-acuity.com_134413_2020-08-20_14643_.jpg,[],[],[]
fti_David.Lettieri@fti-acuity.com_136638_2020-08-21_19081_.jpg,[],[],[]
106092_2020-07-29_19099_.jpg,[],[],[]
13707.jpg,[],[],[]
101794_2020-07-24_4907_.jpg,[],[],[]
mphasis_Zameer.Darga@mphasis.com_144232_2020-08-27_4048_.jpg,[],[],[]
90527_2020-07-15_719_.jpg,[],[],[]
mphasis_sunni.khan@mphasis.com_132055_2020-08-19_6403_.jpg,[],[],[]
104132_2020-07-27_7916_.jpg,[],[],[]
82603_2020-07-07_17783_.jpg,[0.8982],"[[204, 70, 258, 178]]","[[204, 69, 259, 179]]"
21660.jpg,[0.741],"[[175, 145, 260, 240]]","[[181, 144, 259, 239]]"
79877_2020-07-01_11667_.jpg,[],[],[]
mphasis_Sai.R01@mphasis.com_120255_2020-08-10_38_.jpg,[],[],[]
79992_2020-07-01_9264_.jpg,[0.9122],"[[101, 139, 215, 180]]","[[100, 141, 212, 180]]"
swathi.b@mphasis.com_mphasis_proctordesk_hosted_610_.jpg,[],[],[]
mphasis_Sai.R01@mphasis.com_120255_2020-08-10_36_.jpg,[],[],[]
7843.jpg,[],[],[]
1620_2163655_Imposter.jpg,[],[],[]
concentrix_stephin.thomas@concentrix.com_110636_2020-08-01_21517_.jpg,[],[],[]
1614_2163655_Imposter.jpg,[],[],[]
13177.jpg,[],[],[]
5219.jpg,[],[],[]
83463_2020-07-08_5028_.jpg,[],[],[]
26282.jpg,[0.6808],"[[119, 163, 172, 238]]","[[120, 162, 174, 239]]"
97712_2020-07-21_13173_.jpg,[],[],[]
88_2162061_Imposter.jpg,[],[],[]
concentrix_Tiwarid1@aetna.com_139726_2020-08-25_21195_.jpg,[],[],[]
83824_2020-07-09_17697_.jpg,[0.5223],"[[203, 129, 257, 240]]",[]
fti_Juan.Alexander@fti-acuity.com_140720_2020-08-25_13953_.jpg,[],[],[]
mphasis_Madhu.Bommisetty@mphasis.com_140318_2020-08-25_2447_.jpg,[],[],[]
90431_2020-07-15_5775_.jpg,[],[],[]
fti_Ellery.Karl@fti-acuity.com_142820_2020-08-27_11572_.jpg,[],[],[]
110_2162064_Mobile Camera.jpg,[],[],"[[129, 137, 160, 171]]"
3785.jpg,[],[],[]
1292_2163250_Imposter.jpg,[],[],[]
fti_Evgeniy.Efimov@fti-acuity.com_137266_2020-08-22_16102_.jpg,[],[],[]
2163_2165005_Imposter.jpg,[],[],[]
6159.jpg,[],[],[]
23364.jpg,[],[],[]
148_2162067_Imposter.jpg,[],[],[]
27310.jpg,[0.8796],"[[211, 100, 243, 160]]","[[212, 99, 244, 161]]"
2328_2165084_Imposter.jpg,[],[],[]
248_2162102_FVE - No Face Detected.jpg,[],[],[]
mphasis_Sudhir.Salve@mphasis.com_132173_2020-08-19_2857_.jpg,[],[],[]
2102_2164994_Imposter.jpg,[],[],[]
1128_2162945_Multiple people.jpg,[],[],[]
1502_2163510_Imposter.jpg,[],[],[]
2527_2165263_Imposter.jpg,[],[],[]
mphasis_Prasad.Pandav@mphasis.com_139810_2020-08-25_355_.jpg,[],[],[]
83467_2020-07-08_17465_.jpg,[0.9298],"[[130, 123, 205, 180]]","[[129, 122, 205, 180]]"
g_top_116150.jpg,[0.9644],"[[212, 0, 275, 48]]","[[212, 0, 276, 48]]"
20261.jpg,[],[],[]
303_2162117_Imposter.jpg,[],[],[]
80_2162052_Imposter.jpg,[],[],[]
45417_2020-04-16_9819_.jpg,[],[],[]
g_top_116217.jpg,[0.9529],"[[159, 0, 316, 97]]","[[160, 0, 320, 97]]"
fti_morgan.tharpe@fti-acuity.com_129393_2020-08-17_19964_.jpg,[],[],[]
2808_2165386_FVE - No Face Detected.jpg,[],[],[]
25707.jpg,[0.9258],"[[120, 91, 170, 183]]","[[120, 92, 170, 183]]"
9626.jpg,[],[],[]
105318_2020-07-28_3637_.jpg,[],[],[]
mphasis_LORETTA.CARROLL@MPHASIS.COM_121105_2020-08-11_7848_.jpg,[],[],[]
572_2162255_Imposter.jpg,[],[],[]
498_2162177_Imposter.jpg,[],[],[]
mphasis_gurpreet.kaur@mphasis.com_130971_2020-08-18_598_.jpg,[],[],[]
Cheryl.Lear@fti-acuity.com_fti_consulting_proctordesk_hosted_18975_.jpg,[],[],[]
276_2162108_Imposter.jpg,[],[],[]
1689_2163741_Imposter.jpg,[],[],[]
562_2162224_Imposter.jpg,[],[],[]
madhavi.burugu@mphasis.com_mphasis_proctordesk_hosted_436_.jpg,[],[],[]
mphasis_pooja.shinde@mphasis.com_126977_2020-08-14_4334_.jpg,[],[],[]
21736.jpg,[],[],[]
2626_2165275_Imposter.jpg,[],[],[]
63061_2020-05-21_18046_.jpg,[],[],[]
259_2162108_Imposter.jpg,[],[],[]
4315.jpg,[],[],[]
95843_2020-07-20_18757_.jpg,[],[],[]
9520.jpg,[],[],[]
mphasis_mahiboobsab.gorakal@mphasis.com_134719_2020-08-20_5784_.jpg,[],[],[]
2345_2165096_Imposter.jpg,[],[],[]
1334_2163276_Imposter.jpg,[],[],[]
26279.jpg,[0.7961],"[[181, 1, 286, 207]]","[[184, 3, 286, 164]]"
9493.jpg,[],[],[]
13011.jpg,[],[],[]
118_2162064_Mobile Camera.jpg,[],[],"[[97, 131, 145, 172]]"
2805_2165386_FVE - No Face Detected.jpg,[],[],[]
14195.jpg,[],[],[]
1904_2164945_Imposter.jpg,[],[],[]
79482_2020-06-30_11696_.jpg,[],[],[]
17322.jpg,[],[],[]
62963_2020-05-20_17829_.jpg,[],[],[]
1629_2163656_Imposter.jpg,[],[],[]
5068.jpg,[],[],[]
kowsalya.m@mphasis.com_mphasis_proctordesk_hosted_407_.jpg,[],[],[]
2268_2165029_FVE - No Face Detected.jpg,[],[],[]
106922_2020-07-29_8495_.jpg,[],[],[]
fti_PBic.Kanayjorn@fti-acuity.com_127928_2020-08-15_16486_.jpg,[],[],[]
254_2162108_Imposter.jpg,[],[],[]
mphasis_keerthana.r1@mphasis.com_116664_2020-08-06_10744_.jpg,[],[],[]
concentrix_stephin.thomas@concentrix.com_123015_2020-08-12_21540_.jpg,[],[],[]
103941_2020-07-27_12810_.jpg,[],[],[]
mphasis_deepa.c@mphasis.com_146826_2020-08-31_4311_.jpg,[],[],[]
103592_2020-07-27_8067_.jpg,[],[],[]
1444_2163443_Imposter.jpg,[],[],[]
mohammed.najeem@concentrix.com_concentrix_proctordesk_hosted_21869_.jpg,[],[],[]
mphasis_pradeep.r@mphasis.com_126688_2020-08-14_8741_.jpg,[],[],[]
768_2162304_Imposter.jpg,[],[],[]
2451_2165210_Imposter.jpg,[],[],[]
102877_2020-07-25_18238_.jpg,[],[],[]
11072.jpg,[],[],[]
mphasis_joythi.naik@mphasis.com_134400_2020-08-20_9454_.jpg,[],[],[]
g_top_10445.jpg,[0.9717],"[[148, 0, 220, 68]]","[[149, 0, 221, 68]]"
25300.jpg,[],[],[]
1955_2164956_Mobile Camera.jpg,[],[],[]
106476_2020-07-29_3339_.jpg,[],[],[]
mphasis_avuluru.mahendra@mphasis.com_134568_2020-08-20_2606_.jpg,[],[],[]
106972_2020-07-29_11374_.jpg,[],[],[]
1724_2163956_Imposter.jpg,[],[],[]
83967_2020-07-09_17514_.jpg,[],[],[]
8036.jpg,[],[],[]
1716_2163773_Imposter.jpg,[],[],[]
105037_2020-07-28_5500_.jpg,[],[],[]
1075_2162597_Imposter.jpg,[],[],[]
23219.jpg,[],[],[]
817.jpg,[0.8122],"[[214, 131, 235, 151]]","[[215, 133, 236, 151]]"
9884.jpg,[],[],[]
1359_2163300_Mobile Camera.jpg,[],[],[]
847.jpg,[0.8834],"[[211, 137, 245, 162]]","[[213, 139, 243, 162]]"
17928.jpg,[],[],[]
1611.jpg,[],[],[]
72453_2020-06-12_495_.jpg,[0.8988],"[[122, 41, 241, 240]]","[[122, 40, 241, 235]]"
89228_2020-07-14_12307_.jpg,[],[],[]
84779_2020-07-10_17632_.jpg,[0.8655],"[[191, 130, 229, 170]]","[[192, 129, 228, 171]]"
88808_2020-07-14_17139_.jpg,[],[],[]
swathi.b@mphasis.com_mphasis_proctordesk_hosted_565_.jpg,[],[],[]
10892.jpg,[],[],[]
90527_2020-07-15_725_.jpg,[],[],[]
2177_2165009_Imposter.jpg,[],[],[]
2235_2165025_Mobile Camera.jpg,[],[],[]
1027_2162494_Mobile Camera.jpg,[0.8907],"[[188, 133, 229, 179]]","[[189, 133, 228, 180]]"
fti_Robert.Conley@fti-acuity.com_131762_2020-08-18_18661_.jpg,[],[],[]
1438_2163433_Mobile Camera.jpg,[0.8831],"[[147, 126, 189, 179]]","[[149, 125, 189, 169]]"
89363_2020-07-14_5095_.jpg,[],[],[]
Todd.Hinds@fti-acuity.com_fti_consulting_proctordesk_hosted_12433_.jpg,[],[],[]
58509_2020-05-12_19349_.jpg,[0.726],"[[95, 109, 120, 204]]","[[95, 110, 120, 207]]"
fti_morgan.tharpe@fti-acuity.com_131168_2020-08-18_19970_.jpg,[],[],[]
2002_2164972_Mobile Camera.jpg,[0.8397],"[[169, 137, 204, 178]]","[[172, 136, 203, 171]]"
g_top_104124.jpg,[0.96],"[[220, 0, 267, 57]]","[[220, 0, 268, 58]]"
595_2162279_Mobile Camera.jpg,[],[],[]
mphasis_vishakha.kharad@mphasis.com_118217_2020-08-07_2252_.jpg,[],[],[]
mphasis_avuluru.mahendra@mphasis.com_134568_2020-08-20_2614_.jpg,[],[],[]
mphasis_neeraja.x@mphasis.com_121284_2020-08-10_9671_.jpg,[],[],[]
1611_2163655_Imposter.jpg,[],[],[]
98400_2020-07-21_8749_.jpg,[],[],[]
97178_2020-07-21_17710_.jpg,[0.7963],"[[100, 146, 146, 220]]","[[104, 145, 145, 223]]"
2321_2165084_Imposter.jpg,[],[],[]
mphasis_gurpreet.kaur@mphasis.com_130971_2020-08-18_592_.jpg,[],[],[]
g_left_WIN_20210427_22_16_43_Pro102.jpg,[0.954],"[[0, 138, 50, 234]]","[[0, 138, 51, 234]]"
13292.jpg,[],[],[]
mphasis_divya.dhaware@mphasis.com_134631_2020-08-20_495_.jpg,[],[],[]
1989_2164972_Mobile Camera.jpg,[0.3221],"[[163, 116, 188, 163]]","[[163, 116, 190, 144]]"
2680_2165285_Imposter.jpg,[],[],[]
mphasis_Gayathri.L02@mphasis.com_134376_2020-08-20_8460_.jpg,[],[],[]
mphasis_likhitha.p@mphasis.com_130799_2020-08-18_4454_.jpg,[],[],[]
17972.jpg,[],[],[]
1423_2163398_Mobile Camera.jpg,[],[],[]
mphasis_dipti.gurav@mphasis.com_120298_2020-08-10_728_.jpg,[],[],[]
2681_2165285_Mobile Camera.jpg,[],[],[]
1705_2163756_Imposter.jpg,[],[],[]
98087_2020-07-21_11010_.jpg,[],[],[]
9681.jpg,[],[],[]
1537_2163597_Imposter.jpg,[],[],[]
24760.jpg,[0.8084],"[[196, 109, 229, 142]]","[[193, 108, 228, 140]]"
20643.jpg,[],[],[]
fti_Benjamin.Hodges@fti-acuity.com_136663_2020-08-21_18898_.jpg,[],[],[]
1461_2163460_Imposter.jpg,[],[],[]
mphasis_sushmita.mesta@mphasis.com_118451_2020-08-07_10733_.jpg,[],[],[]
fti_ewelina.chrzan@fti-acuity.com_132586_2020-08-19_12958_.jpg,[],[],[]
19025.jpg,[],[],[]
1343_2163276_FVE - No Face Detected.jpg,[],[],[]
1917_2164945_Imposter.jpg,[],[],[]
mphasis_Vijaya.V01@mphasis.com_114388_2020-08-04_134_.jpg,[],[],[]
88943_2020-07-14_2615_.jpg,[],[],[]
91308_2020-07-16_6063_.jpg,[],[],[]
1726_2163956_Imposter.jpg,[],[],[]
1828_2164903_Imposter.jpg,[],[],[]
8763.jpg,[],[],[]
25270.jpg,[],[],[]
105348_2020-07-28_16394_.jpg,[],[],[]
fti_Andrew.Corddry@fti-acuity.com_147088_2020-08-31_20259_.jpg,[],[],[]
fti_Summer.Connors@fti-acuity.com_132738_2020-08-19_12996_.jpg,[],[],[]
1556_2163597_Mobile Camera.jpg,[0.7726],"[[0, 22, 78, 172]]",[]
mphasis_pratidnya.kate@mphasis.com_147109_2020-08-31_4084_.jpg,[],[],[]
1521_2163563_Imposter.jpg,[],[],[]
mphasis_Shobha.Kankanwadi@mphasis.com_111388_2020-08-02_1143_.jpg,[],[],[]
104786_2020-07-28_1571_.jpg,[],[],[]
18652.jpg,[],[],[]
9287.jpg,[],[],[]
16642.jpg,[],[],[]
fti_Gerard.Haskins@fti-acuity.com_133500_2020-08-19_19202_.jpg,[],[],[]
98251_2020-07-21_7092_.jpg,[],[],[]
2192_2165010_Imposter.jpg,[],[],[]
86_2162061_Mobile Camera.jpg,[],[],[]
22433.jpg,[0.6366],"[[115, 186, 299, 239]]",[]
868_2162334_Mobile Camera.jpg,[0.6564],"[[288, 88, 308, 135]]",[]
12908.jpg,[],[],[]
1249_2163240_Imposter.jpg,[],[],[]
mphasis_Abhishek.Chitre@mphasis.com_116288_2020-08-06_3532_.jpg,[],[],[]
2104_2164994_Mobile Camera.jpg,[],[],[]
2760_2165338_FVE - No Face Detected.jpg,[],[],[]
798_2162304_Imposter.jpg,[],[],[]
25636.jpg,[0.8622],"[[240, 123, 280, 189]]","[[241, 124, 282, 184]]"
fti_Carla.Mitri@fti-acuity.com_128345_2020-08-16_18188_.jpg,[],[],[]
350_2162125_Imposter.jpg,[],[],[]
96221_2020-07-20_2254_.jpg,[],[],[]
mphasis_himanshu.shah@mphasis.com_112115_2020-08-03_6325_.jpg,[],[],[]
22260.jpg,[],[],[]
13251.jpg,[],[],[]
96386_2020-07-20_2662_.jpg,[],[],[]
Aaron.Michel@fti-acuity.com_fti_consulting_proctordesk_hosted_14753_.jpg,[],[],[]
mphasis_Gayathri.L02@mphasis.com_131617_2020-08-18_8452_.jpg,[],[],[]
84112_2020-07-09_16935_.jpg,[],[],[]
1797_2164794_Imposter.jpg,[],[],[]
mphasis_Dhairyashil.Patil@mphasis.com_117419_2020-08-06_3879_.jpg,[],[],[]
87014_2020-07-13_2214_.jpg,[],[],[]
21968.jpg,[],[],[]
44311_2020-04-14_9762_.jpg,[],[],[]
8384.jpg,[],[],[]
mphasis_shila.kapse@mphasis.com_115455_2020-08-05_4926_.jpg,[],[],[]
fti_Joann.Ko@fti-acuity.com_140581_2020-08-25_13138_.jpg,[],[],[]
2242_2165027_Mobile Camera.jpg,[],[],[]
694_2162304_Imposter.jpg,[],[],[]
1645_2163682_Mobile Camera.jpg,[],[],[]
92671_2020-07-16_6931_.jpg,[],[],[]
23791.jpg,[],[],[]
80410_2020-07-02_16917_.jpg,[],[],[]
79337_2020-06-30_12965_.jpg,[],[],[]
fti_Kola.Kalejaye@fti-acuity.com_130946_2020-08-18_13983_.jpg,[],[],[]
97442_2020-07-21_4061_.jpg,[],[],[]
96715_2020-07-20_4202_.jpg,[],[],[]
93152_2020-07-16_1308_.jpg,[],[],[]
25561.jpg,[0.8803],"[[113, 48, 176, 164]]","[[113, 48, 176, 167]]"
85458_2020-07-10_13583_.jpg,[0.55],"[[232, 93, 255, 152]]","[[232, 92, 255, 153]]"
204_2162093_Imposter.jpg,[],[],[]
1632_2163656_Imposter.jpg,[],[],[]
mphasis_PUTTA.N@MPHASIS.COM_119947_2020-08-10_5197_.jpg,[],[],[]
5112.jpg,[],[],[]
mphasis_Ashish.Prabhakar01@mphasis.com_139870_2020-08-25_1717_.jpg,[],[],[]
1947_2164955_Imposter.jpg,[],[],[]
g_top_43385.jpg,[0.9616],"[[245, 0, 309, 35]]","[[245, 0, 309, 36]]"
mphasis_mahiboobsab.gorakal@mphasis.com_123836_2020-08-12_5730_.jpg,[],[],[]
mphasis_Anil.Kumar26@mphasis.com_115136_2020-08-05_6337_.jpg,[],[],[]
mphasis_Shashikant.Ware@mphasis.com_112840_2020-08-04_1835_.jpg,[],[],[]
mphasis_Suraj.Bogar@mphasis.com_116694_2020-08-06_8799_.jpg,[],[],[]
67_2162050_Imposter.jpg,[],[],[]
23804.jpg,[],[],[]
115_2162064_Mobile Camera.jpg,[],[],"[[114, 135, 153, 176]]"
103164_2020-07-26_19012_.jpg,[],[],[]
88511_2020-07-14_4303_.jpg,[],[],[]
574_2162255_Mobile Camera.jpg,[0.8056],"[[192, 148, 221, 179]]","[[192, 149, 221, 171]]"
96484_2020-07-20_14814_.jpg,[],[],[]
santhosh.n1@concentrix.com_concentrix_proctordesk_hosted_concentrix_proctordesk_hosted_santhosh.n1@concentrix.com_78242_2972_.jpg,[],[],[]
16217.jpg,[],[],[]
11052.jpg,[],[],[]
1884_2164935_Multiple people.jpg,[],[],[]
99362_2020-07-22_10718_.jpg,[],[],[]
mphasis_Sumit.Zambre@mphasis.com_141397_2020-08-26_5398_.jpg,[],[],[]
13010.jpg,[],[],[]
fti_Alejandro.Echevarria@fti-acuity.com_145359_2020-08-28_13725_.jpg,[],[],[]
1617_2163655_Imposter.jpg,[],[],[]
2365_2165106_FVE - No Face Detected.jpg,[],[],[]
105340_2020-07-28_12815_.jpg,[],[],[]
mphasis_Vishal.Changan@mphasis.com_127339_2020-08-14_5805_.jpg,[],[],[]
16095.jpg,[],[],[]
1719_2163786_Mobile Camera.jpg,[],[],[]
1445_2163443_Imposter.jpg,[],[],[]
1688_2163741_Imposter.jpg,[],[],[]
mphasis_dipika.jagnade@mphasis.com_131240_2020-08-18_7887_.jpg,[],[],[]
101794_2020-07-24_4913_.jpg,[],[],[]
20418.jpg,[],[],[]
1886_2164935_Imposter.jpg,[],[],[]
16244.jpg,[],[],[]
mphasis_Dhananjay.Gaikwad@mphasis.com_118398_2020-08-07_2553_.jpg,[],[],[]
2165_2165005_Imposter.jpg,[],[],[]
8507.jpg,[],[],[]
mphasis_andrew.dcosta@mphasis.com_123253_2020-08-12_6729_.jpg,[],[],[]
2645_2165275_Imposter.jpg,[],[],[]
mphasis_Suraj.Salaskar@mphasis.com_139823_2020-08-25_2153_.jpg,[],[],[]
27775.jpg,[],[],[]
24508.jpg,[0.9129],"[[87, 120, 138, 179]]","[[87, 120, 139, 180]]"
662_2162303_Imposter.jpg,[],[],[]
1472_2163473_Mobile Camera.jpg,[],[],"[[169, 110, 194, 144]]"
mphasis_divya.dhaware@mphasis.com_126965_2020-08-14_443_.jpg,[],[],[]
10897.jpg,[],[],[]
837.jpg,[0.7811],"[[212, 136, 243, 161]]",[]
1084_2162604_Imposter.jpg,[],[],[]
mphasis_dipti.gurav@mphasis.com_120298_2020-08-10_736_.jpg,[],[],[]
95427_2020-07-18_18804_.jpg,[],[],[]
fti_Keith.Manson@fti-acuity.com_136559_2020-08-21_19364_.jpg,[],[],[]
26711.jpg,[0.8514],"[[194, 106, 302, 211]]","[[190, 108, 304, 209]]"
25490.jpg,[0.8342],"[[27, 131, 144, 240]]","[[28, 132, 135, 240]]"
2043_2164992_Imposter.jpg,[],[],[]
2110_2164994_Imposter.jpg,[],[],[]
fti_Ellery.Karl@fti-acuity.com_130907_2020-08-18_11563_.jpg,[0.3926],"[[250, 114, 288, 205]]","[[250, 133, 290, 208]]"
107235_2020-07-29_8779_.jpg,[],[],[]
21188.jpg,[],[],[]
mphasis_gurpreet.kaur@mphasis.com_130971_2020-08-18_625_.jpg,[],[],[]
1734_2163956_Imposter.jpg,[],[],[]
mphasis_Gayathri.L02@mphasis.com_116588_2020-08-06_8432_.jpg,[],[],[]
44947_2020-04-15_9567_.jpg,[],[],[]
90169_2020-07-15_18889_.jpg,[],[],[]
mphasis_Faiyaj.Attar@mphasis.com_122153_2020-08-11_6650_.jpg,[],[],[]
9259.jpg,[],[],[]
87160_2020-07-13_2085_.jpg,[],[],[]
94659_2020-07-17_16380_.jpg,[],[],[]
17177.jpg,[],[],[]
94664_2020-07-17_15522_.jpg,[],[],[]
2047_2164993_Mobile Camera.jpg,[0.8681],"[[104, 138, 156, 180]]",[]
fti_Arneaud.Mendes@fti-acuity.com_131277_2020-08-18_12302_.jpg,[],[],[]
mphasis_sanaa.khanum@mphasis.com_129037_2020-08-17_7707_.jpg,[],[],[]
671_2162304_Imposter.jpg,[],[],[]
324_2162122_FVE - Multiple Users Detected.jpg,[],[],[]
17239.jpg,[],[],[]
52255_2020-04-30_359_.jpg,[0.9284],"[[125, 71, 215, 236]]","[[126, 69, 215, 240]]"
2324_2165084_Imposter.jpg,[],[],[]
mphasis_sonali.shende@mphasis.com_136785_2020-08-21_8510_.jpg,[],[],[]
89028_2020-07-14_8995_.jpg,[],[],[]
mphasis_deepa.c@mphasis.com_115442_2020-08-05_4293_.jpg,[],[],[]
mphasis_himanshu.shah@mphasis.com_112115_2020-08-03_6287_.jpg,[],[],[]
92671_2020-07-16_6979_.jpg,[],[],[]
sushmita.mesta@mphasis.com_mphasis_proctordesk_hosted_981_.jpg,[],[],[]
87470_2020-07-13_14968_.jpg,[],[],[]
mphasis_Kailas.Badge@mphasis.com_144708_2020-08-28_9234_.jpg,[],[],[]
19001.jpg,[],[],[]
12897.jpg,[],[],[]
1560_2163597_Mobile Camera.jpg,[],[],[]
16_2162036_Imposter.jpg,[],[],[]
1276_2163243_Imposter.jpg,[],[],[]
2848_2165429_Mobile Camera.jpg,[0.8741],"[[57, 61, 158, 175]]","[[56, 59, 157, 172]]"
2811_2165387_Imposter.jpg,[],[],[]
19_2162037_Mobile Camera.jpg,[],[],[]
91586_2020-07-15_5623_.jpg,[],[],[]
23916.jpg,[],[],[]
107263_2020-07-29_2950_.jpg,[],[],[]
91905_2020-07-16_4506_.jpg,[],[],[]
96690_2020-07-21_8529_.jpg,[],[],[]
2592_2165275_Imposter.jpg,[],[],[]
mphasis_bharatha.p@mphasis.com_115735_2020-08-05_3392_.jpg,[],[],[]
2201_2165013_Mobile Camera.jpg,[],[],[]
fti_Darryl.Toler@fti-acuity.com_143957_2020-08-27_11961_.jpg,[],[],[]
mphasis_Sachin.Ghadage@mphasis.com_116911_2020-08-06_8194_.jpg,[],[],[]
fti_Kevin.Pearce@fti-acuity.com_136312_2020-08-21_15654_.jpg,[],[],[]
fti_Ernest.Fu@fti-acuity.com_131260_2020-08-18_15844_.jpg,[0.7693],"[[32, 16, 96, 83]]","[[32, 17, 95, 81]]"
mphasis_Satish.Kv01@mphasis.com_131739_2020-08-18_5639_.jpg,[],[],[]
1713_2163773_Imposter.jpg,[],[],[]
mphasis_Akshay.Shah@mphasis.com_114179_2020-08-04_9993_.jpg,[],[],[]
302_2162117_Imposter.jpg,[],[],[]
g_left_172157.jpg,[0.9657],"[[0, 69, 64, 116]]","[[0, 69, 64, 117]]"
870_2162334_Mobile Camera.jpg,[0.4918],"[[203, 85, 219, 138]]",[]
g_top_43368.jpg,[0.9612],"[[140, 0, 203, 28]]","[[140, 0, 204, 29]]"
fti_Jennifer.Pagan-Colon@fti-acuity.com_138362_2020-08-24_17619_.jpg,[],[],[]
Jeffrey.Shelton@fti-acuity.com_fti_consulting_proctordesk_hosted_18014_.jpg,[],[],[]
2667_2165275_Imposter.jpg,[],[],[]
720_2162304_Imposter.jpg,[],[],[]
fti_hector.garcia@fti-acuity.com_138434_2020-08-24_19684_.jpg,[0.7427],"[[88, 118, 108, 176]]","[[89, 126, 108, 176]]"
92848_2020-07-16_12736_.jpg,[0.8641],"[[73, 159, 120, 223]]","[[72, 158, 123, 228]]"
51_2162050_Mobile Camera.jpg,[],[],"[[136, 138, 255, 180]]"
1291_2163250_Imposter.jpg,[],[],[]
fti_carolee.byrley@fti-acuity.com_139490_2020-08-24_14493_.jpg,[],[],[]
56_2162050_Imposter.jpg,[],[],[]
mphasis_bhimakka.kulakarni@mphasis.com_147027_2020-08-31_9371_.jpg,[],[],[]
95436_2020-07-18_18453_.jpg,[],[],[]
1567_2163614_Mobile Camera.jpg,[0.6933],"[[184, 43, 278, 137]]","[[184, 43, 282, 133]]"
698_2162304_Imposter.jpg,[],[],[]
8427.jpg,[0.8606],"[[181, 155, 209, 239]]","[[183, 155, 213, 240]]"
22912.jpg,[],[],[]
fti_Kelly.Fessler@fti-acuity.com_127864_2020-08-15_18024_.jpg,[],[],[]
61_2162050_Imposter.jpg,[],[],[]
92596_2020-07-16_587_.jpg,[],[],[]
60057_2020-05-15_18076_.jpg,[],[],[]
g_right_WIN_20210427_22_16_35_Pro23.jpg,[0.9564],"[[271, 98, 320, 152]]","[[271, 98, 320, 153]]"
93738_2020-07-17_62_.jpg,[0.8531],"[[148, 119, 190, 175]]","[[147, 120, 190, 172]]"
fti_Juan.Alexander@fti-acuity.com_136793_2020-08-21_13948_.jpg,[0.5383],"[[109, 119, 132, 159]]",[]
421_2162129_Mobile Camera.jpg,[],[],[]
2433_2165189_Imposter.jpg,[],[],[]
275_2162108_Imposter.jpg,[],[],[]
106476_2020-07-29_3338_.jpg,[],[],[]
2042.jpg,[],[],[]
2008_2164972_Mobile Camera.jpg,[0.7961],"[[240, 120, 280, 160]]","[[244, 119, 280, 162]]"
10134.jpg,[],[],[]
95615_2020-07-19_18000_.jpg,[],[],[]
1706_2163756_Imposter.jpg,[],[],[]
18507.jpg,[],[],[]
mphasis_snehal.deshpande@mphasis.com_138154_2020-08-24_5976_.jpg,[0.9115],"[[197, 153, 243, 179]]","[[197, 151, 243, 180]]"
134_2162065_Imposter.jpg,[],[],[]
89571_2020-07-14_2433_.jpg,[],[],[]
22697.jpg,[],[],[]
667_2162304_Imposter.jpg,[],[],[]
25521.jpg,[0.8636],"[[134, 67, 230, 149]]","[[135, 67, 231, 148]]"
13641.jpg,[],[],[]
26493.jpg,[0.8312],"[[141, 64, 212, 144]]","[[142, 63, 211, 145]]"
14700.jpg,[],[],[]
Brad.Koplinski@fti-acuity.com_fti_consulting_proctordesk_hosted_10943_.jpg,[],[],[]
1153_2162985_Mobile Camera.jpg,[0.599],"[[240, 122, 265, 173]]",[]
2293_2165059_FVE - No Face Detected.jpg,[],[],[]
1814_2164902_Imposter.jpg,[],[],[]
mphasis_hanmant.inamdar@mphasis.com_131056_2020-08-18_3858_.jpg,[],[],[]
15406.jpg,[],[],[]
2225_2165018_Mobile Camera.jpg,[0.7736],"[[46, 81, 69, 142]]","[[46, 84, 65, 124]]"
olufemi.gbede@fti-acuity.com_fti_consulting_proctordesk_hosted_20003_.jpg,[],[],[]
96221_2020-07-20_2246_.jpg,[],[],[]
2483_2165263_Imposter.jpg,[],[],[]
mphasis_manikandan.v1@mphasis.com_120539_2020-08-10_5102_.jpg,[],[],[]
g_right_17247.jpg,[0.9601],"[[232, 62, 320, 116]]","[[232, 62, 320, 116]]"
mphasis_pinjari.fakruddin@mphasis.com_115314_2020-08-05_8886_.jpg,[0.2989],"[[310, 112, 319, 172]]",[]
1799_2164835_Imposter.jpg,[],[],[]
2222_2165018_Multiple people.jpg,[],[],[]
mphasis_pinjari.fakruddin@mphasis.com_115314_2020-08-05_8914_.jpg,[],[],[]
89173_2020-07-14_13458_.jpg,[],[],[]
104072_2020-07-27_769_.jpg,[],[],[]
14022.jpg,[],[],[]
11017.jpg,[],[],[]
766.jpg,[0.848],"[[211, 137, 242, 163]]",[]
fti_Alyson.Luftig@fti-acuity.com_142538_2020-08-26_17014_.jpg,[],[],[]
87841_2020-07-13_5353_.jpg,[],[],[]
107718_2020-07-30_19155_.jpg,[],[],[]
21929.jpg,[],[],[]
102458_2020-07-24_7412_.jpg,[],[],[]
2468_2165234_FVE - Multiple Users Detected.jpg,[],[],[]
mphasis_sudha.j@mphasis.com_132082_2020-08-19_7621_.jpg,[],[],[]
5.jpg,[],[],[]
105831_2020-07-28_451_.jpg,[],[],[]
1033_2162503_Imposter.jpg,[],[],[]
17857.jpg,[],[],[]
19045.jpg,[],[],[]
fti_Rodney.Nutt@fti-acuity.com_131083_2020-08-18_16585_.jpg,[],[],[]
25253.jpg,[0.7172],"[[51, 145, 93, 217]]","[[51, 146, 92, 210]]"
2209_2165014_Imposter.jpg,[],[],[]
527_2162224_Imposter.jpg,[],[],[]
1226_2163142_Imposter.jpg,[],[],[]
11737.jpg,[],[],[]
mphasis_Papiya.Jana01@mphasis.com_130844_2020-08-18_532_.jpg,[],[],[]
92704_2020-07-16_7174_.jpg,[],[],[]
mphasis_Pravin.Durole@mphasis.com_143767_2020-08-27_1257_.jpg,[],[],[]
20966.jpg,[],[],[]
966_2162442_Mobile Camera.jpg,[],[],[]
vidya.bhosale@mphasis.com_mphasis_proctordesk_hosted_190_.jpg,[],[],[]
1328_2163276_FVE - No Face Detected.jpg,[],[],[]
mphasis_muzakkir.bm@mphasis.com_145153_2020-08-28_5436_.jpg,[],[],[]
1053_2162526_Mobile Camera.jpg,[0.2609],"[[288, 126, 319, 178]]","[[290, 127, 309, 180]]"
g_top_13680.jpg,[0.9553],"[[120, 0, 240, 32]]","[[121, 0, 241, 32]]"
mphasis_Vishnu.Nair@mphasis.com_140382_2020-08-25_8295_.jpg,[],[],[]
98257_2020-07-22_1367_.jpg,[],[],[]
101689_2020-07-24_5606_.jpg,[],[],[]
105366_2020-07-28_16259_.jpg,[],[],[]
11592.jpg,[],[],[]
103064_2020-07-25_15737_.jpg,[],[],[]
g_left_43142.jpg,[0.9597],"[[0, 104, 67, 175]]","[[0, 104, 68, 176]]"
Denzel.Cadet@fti-acuity.com_fti_consulting_proctordesk_hosted_9316_.jpg,[],[],[]
1880_2164929_Imposter.jpg,[],[],[]
22250.jpg,[],[],[]
concentrix_sumits@aetna.com_144595_2020-08-28_21331_.jpg,[],[],[]
24715.jpg,[0.9117],"[[176, 131, 225, 179]]","[[177, 131, 226, 180]]"
100637_2020-07-23_7395_.jpg,[],[],[]
concentrix_waranya.phanphai1@concentrix.com_111670_2020-08-03_21685_.jpg,[0.6626],"[[178, 144, 243, 240]]","[[178, 144, 243, 239]]"
97952_2020-07-21_6609_.jpg,[],[],[]
286_2162115_Imposter.jpg,[],[],[]
108156_2020-07-30_11366_.jpg,[],[],[]
721_2162304_Imposter.jpg,[],[],[]
8285.jpg,[],[],[]
mphasis_simali.dhadbale@mphasis.com_125907_2020-08-13_8107_.jpg,[],[],[]
368_2162129_Imposter.jpg,[],[],[]
1197_2163051_Mobile Camera.jpg,[],[],[]
2736_2165327_Imposter.jpg,[],[],[]
mphasis_rupesh.raut@mphasis.com_131421_2020-08-18_2509_.jpg,[],[],[]
87600_2020-07-13_1155_.jpg,[],[],[]
26706.jpg,[0.9157],"[[136, 133, 188, 219]]","[[136, 134, 187, 222]]"
mphasis_Rajendra.Patil@mphasis.com_117614_2020-08-06_7241_.jpg,[],[],[]
g_right_21625.jpg,[0.9544],"[[269, 140, 319, 235]]","[[269, 139, 320, 236]]"
1331_2163276_FVE - No Face Detected.jpg,[],[],[]
fti_Geoffrey.Louden@fti-acuity.com_129618_2020-08-17_11264_.jpg,[],[],[]
7502.jpg,[],[],[]
2748_2165327_Imposter.jpg,[],[],[]
fti_Rodney.Nutt@fti-acuity.com_132847_2020-08-19_16590_.jpg,[],[],[]
1581_2163632_Imposter.jpg,[],[],[]
2079_2164994_FVE - No Face Detected.jpg,[],[],[]
2731_2165327_Imposter.jpg,[],[],[]
91574_2020-07-15_10529_.jpg,[],[],[]
g_top_38183.jpg,[0.9635],"[[64, 0, 118, 67]]","[[64, 0, 118, 68]]"
107209_2020-07-29_1661_.jpg,[],[],[]
22117.jpg,[],[],[]
88808_2020-07-14_17116_.jpg,[],[],[]
79424_2020-06-30_11824_.jpg,[],[],[]
fti_Donza.Knight@fti-acuity.com_138542_2020-08-24_16989_.jpg,[],[],[]
26129.jpg,[0.8495],"[[243, 123, 278, 202]]","[[244, 123, 279, 185]]"
mphasis_shila.kapse@mphasis.com_115455_2020-08-05_4903_.jpg,[],[],[]
2355_2165100_Mobile Camera.jpg,[0.8042],"[[232, 76, 282, 167]]",[]
674.jpg,[],[],[]
2358_2165100_Mobile Camera.jpg,[0.8369],"[[187, 113, 229, 178]]",[]
mphasis_deepa.c@mphasis.com_134255_2020-08-20_4307_.jpg,[],[],[]
2236.jpg,[],[],[]
86293_2020-07-12_8574_.jpg,[0.9448],"[[140, 123, 210, 179]]","[[138, 120, 209, 180]]"
15251.jpg,[],[],[]
kiran.n2@mphasis.com_mphasis_proctordesk_hosted_838_.jpg,[],[],[]
19788.jpg,[],[],[]
2465_2165234_Mobile Camera.jpg,[0.8402],"[[202, 123, 243, 170]]","[[202, 124, 245, 170]]"
19639.jpg,[],[],[]
100203_2020-07-23_4085_.jpg,[],[],[]
106604_2020-07-29_13388_.jpg,[],[],[]
fti_Kola.Kalejaye@fti-acuity.com_130946_2020-08-18_13981_.jpg,[],[],[]
2551_2165269_Mobile Camera.jpg,[0.7992],"[[253, 79, 287, 119]]","[[252, 79, 289, 107]]"
20835.jpg,[],[],[]
540_2162224_Mobile Camera.jpg,[0.6369],"[[256, 125, 320, 179]]","[[255, 128, 320, 179]]"
mphasis_Sunny.Thakur@mphasis.com_133317_2020-08-19_1600_.jpg,[],[],[]
18842.jpg,[],[],[]
26432.jpg,[],[],[]
1048_2162522_Mobile Camera.jpg,[],[],[]
90708_2020-07-15_6884_.jpg,[],[],[]
fti_Zhouqun.Huang@fti-acuity.com_127892_2020-08-15_15582_.jpg,[],[],[]
2383_2165114_Mobile Camera.jpg,[],[],[]
759_2162304_Imposter.jpg,[],[],[]
mphasis_mamata.shyabalad@mphasis.com_121750_2020-08-11_10141_.jpg,[],[],[]
58975_2020-05-13_18395_.jpg,[],[],[]
5282.jpg,[],[],[]
mphasis_supriya.dhere@mphasis.com_138193_2020-08-24_2379_.jpg,[],[],[]
91_2162061_Mobile Camera.jpg,[],[],[]
concentrix_Tiwarid1@aetna.com_139726_2020-08-25_21201_.jpg,[],[],[]
fti_Arneaud.Mendes@fti-acuity.com_132986_2020-08-19_12315_.jpg,[],[],[]
mphasis_mahiboobsab.gorakal@mphasis.com_134719_2020-08-20_5744_.jpg,[],[],[]
mphasis_Sukeshana.Navghade@mphasis.com_111946_2020-08-03_3023_.jpg,[],[],[]
1580_2163626_Imposter.jpg,[],[],[]
g_left_12895.jpg,[0.8355],"[[0, 74, 9, 138]]","[[0, 74, 10, 138]]"
fti_June.Hsieh@fti-acuity.com_143736_2020-08-27_13216_.jpg,[],[],[]
mphasis_Abhishek.Chitre@mphasis.com_116345_2020-08-06_3537_.jpg,[],[],[]
44309_2020-04-14_9639_.jpg,[],[],[]
fti_carolee.byrley@fti-acuity.com_135374_2020-08-20_14488_.jpg,[],[],[]
mphasis_Shashikant.Ware@mphasis.com_112840_2020-08-04_1795_.jpg,[],[],[]
103718_2020-07-27_6444_.jpg,[],[],[]
mphasis_dipti.gurav@mphasis.com_120298_2020-08-10_768_.jpg,[],[],[]
94164_2020-07-17_10777_.jpg,[0.8575],"[[88, 130, 121, 172]]","[[89, 131, 122, 171]]"
106591_2020-07-29_13454_.jpg,[],[],[]
7526.jpg,[0.4423],"[[236, 179, 256, 207]]","[[236, 180, 256, 206]]"
fti_Bridget.Quitter@fti-acuity.com_136974_2020-08-21_16816_.jpg,[],[],[]
fti_Moshe.Silver@fti-acuity.com_134529_2020-08-20_15937_.jpg,[0.8939],"[[0, 150, 53, 239]]","[[1, 150, 48, 239]]"
523_2162216_Imposter.jpg,[],[],[]
2120_2164995_Imposter.jpg,[],[],[]
72486_2020-06-12_541_.jpg,[0.9308],"[[68, 45, 249, 137]]","[[69, 45, 251, 137]]"
20250.jpg,[],[],[]
82603_2020-07-07_17782_.jpg,[0.9403],"[[191, 67, 269, 180]]","[[191, 66, 269, 180]]"
108.jpg,[],[],[]
mphasis_suraj.vinherkar@mphasis.com_133253_2020-08-19_6135_.jpg,[],[],[]
1856_2164903_Mobile Camera.jpg,[0.2789],"[[281, 76, 307, 114]]","[[280, 74, 308, 112]]"
1540_2163597_Imposter.jpg,[],[],[]
72269_2020-06-11_630_.jpg,[0.903],"[[20, 126, 164, 206]]","[[17, 124, 164, 205]]"
659_2162303_Imposter.jpg,[],[],[]
11698.jpg,[],[],[]
88904_2020-07-14_8591_.jpg,[],[],[]
2656_2165275_Imposter.jpg,[],[],[]
8399.jpg,[],[],[]
6499.jpg,[],[],[]
439_2162134_Mobile Camera.jpg,[],[],[]
1326_2163276_Imposter.jpg,[],[],[]
487_2162174_Imposter.jpg,[],[],[]
25702.jpg,[0.8631],"[[225, 149, 307, 205]]","[[227, 150, 308, 204]]"
mphasis_Pravin.Durole@mphasis.com_134140_2020-08-20_1253_.jpg,[0.3158],"[[220, 166, 295, 239]]",[]
98345_2020-07-21_15784_.jpg,[0.8382],"[[238, 122, 272, 179]]","[[238, 122, 274, 180]]"
1898_2164935_FVE - No Face Detected.jpg,[],[],[]
3505.jpg,[],[],[]
287_2162115_Mobile Camera.jpg,[],[],[]
mphasis_Suraj.Salaskar@mphasis.com_136196_2020-08-21_2148_.jpg,[],[],[]
Cheryl.Lear@fti-acuity.com_fti_consulting_proctordesk_hosted_18977_.jpg,[],[],[]
1936_2164953_Imposter.jpg,[],[],[]
2249_2165027_Imposter.jpg,[],[],[]
93818_2020-07-17_750_.jpg,[],[],[]
mphasis_Sukeshana.Navghade@mphasis.com_111946_2020-08-03_3017_.jpg,[],[],[]
19386.jpg,[],[],[]
157_2162072_Imposter.jpg,[],[],[]
19174.jpg,[],[],[]
5_2162025_Imposter.jpg,[],[],[]
mphasis_pramod.purtageri@mphasis.com_113671_2020-08-04_10353_.jpg,[],[],[]
307_2162120_Mobile Camera.jpg,[0.8107],"[[178, 140, 236, 179]]","[[179, 141, 235, 180]]"
1115_2162762_FVE - No Face Detected.jpg,[],[],[]
20540.jpg,[],[],[]
1741_2163956_Imposter.jpg,[],[],[]
Wendy.Lo@fti-acuity.com_fti_consulting_proctordesk_hosted_11656_.jpg,[],[],[]
1788_2164738_Mobile Camera.jpg,[],[],[]
2326_2165084_Imposter.jpg,[],[],[]
23504.jpg,[],[],[]
1091_2162650_Imposter.jpg,[],[],[]
mphasis_sunil.chavan1@mphasis.com_133108_2020-08-19_9093_.jpg,[],[],[]
mphasis_ramrajk.mandal@mphasis.com_115140_2020-08-05_4760_.jpg,[],[],[]
2718_2165326_Imposter.jpg,[],[],[]
87160_2020-07-13_2147_.jpg,[],[],[]
10831.jpg,[0.9059],"[[131, 149, 239, 196]]","[[133, 149, 241, 195]]"
82190_2020-07-06_14770_.jpg,[],[],[]
1217_2163111_Imposter.jpg,[],[],[]
2773_2165373_Imposter.jpg,[],[],[]
mphasis_pavan.an@mphasis.com_113275_2020-08-04_6798_.jpg,[],[],[]
fti_Rodney.Nutt@fti-acuity.com_132847_2020-08-19_16595_.jpg,[],[],[]
90738_2020-07-15_6823_.jpg,[],[],[]
concentrix_Tiwarid1@aetna.com_139726_2020-08-25_21209_.jpg,[],[],[]
1173_2163030_Mobile Camera.jpg,[],[],[]
g_left_178112.jpg,[0.9414],"[[0, 104, 19, 159]]","[[0, 104, 20, 159]]"
fti_Jonathan.Burns@fti-acuity.com_132887_2020-08-19_13398_.jpg,[],[],"[[210, 126, 243, 188]]"
213_2162093_Imposter.jpg,[],[],[]
fti_Carl.DiCarlo@fti-acuity.com_143410_2020-08-27_18426_.jpg,[],[],[]
19388.jpg,[],[],[]
16379.jpg,[],[],[]
901.jpg,[],[],[]
21337.jpg,[],[],[]
5462.jpg,[],[],[]
1800_2164835_Mobile Camera.jpg,[0.5501],"[[238, 128, 265, 163]]","[[239, 128, 265, 152]]"
468_2162163_Mobile Camera.jpg,[0.8319],"[[239, 136, 283, 179]]","[[240, 135, 282, 177]]"
1355_2163286_Imposter.jpg,[],[],[]
2171_2165007_FVE - No Face Detected.jpg,[],[],[]
87759_2020-07-13_13052_.jpg,[0.8024],"[[138, 114, 213, 171]]","[[141, 113, 213, 171]]"
mphasis_Shobha.Kankanwadi@mphasis.com_123098_2020-08-12_1199_.jpg,[],[],[]
49024_2020-04-23_9367_.jpg,[0.9141],"[[91, 134, 207, 194]]","[[90, 135, 208, 194]]"
106380_2020-07-29_1182_.jpg,[],[],[]
27490.jpg,[0.8862],"[[188, 151, 293, 239]]","[[193, 150, 296, 239]]"
mphasis_Santosh.Bhagwat@mphasis.com_136454_2020-08-21_9200_.jpg,[],[],[]
fti_mary.hatcher@fti-acuity.com_139010_2020-08-24_19719_.jpg,[],[],[]
fti_Jasmine.Jackson@fti-acuity.com_129144_2020-08-17_18099_.jpg,[],[],[]
1159_2162989_FVE - No Face Detected.jpg,[],[],[]
fti_Chan.Park@fti-acuity.com_127880_2020-08-15_17298_.jpg,[],[],[]
2679_2165285_Imposter.jpg,[],[],[]
mphasis_Shobha.Kankanwadi@mphasis.com_123098_2020-08-12_1193_.jpg,[],[],[]
2397_2165161_FVE - No Face Detected.jpg,[],[],[]
2526_2165263_Imposter.jpg,[],[],[]
2259_2165029_Mobile Camera.jpg,[],[],[]
fti_Summer.Connors@fti-acuity.com_138913_2020-08-24_13008_.jpg,[0.884],"[[102, 130, 244, 179]]","[[105, 132, 238, 180]]"
fti_Bijoux.Ngwanda@fti-acuity.com_131467_2020-08-18_14871_.jpg,[0.6211],"[[195, 4, 307, 177]]","[[182, 2, 301, 192]]"
10700.jpg,[0.8193],"[[183, 171, 208, 240]]","[[186, 171, 209, 239]]"
7470.jpg,[],[],[]
747_2162304_Imposter.jpg,[],[],[]
79976_2020-07-01_14550_.jpg,[0.81],"[[249, 105, 295, 164]]","[[249, 104, 294, 163]]"
561_2162224_Imposter.jpg,[],[],[]
13222.jpg,[],[],[]
mphasis_Manohar.Bhoj@mphasis.com_113899_2020-08-04_1412_.jpg,[],[],[]
fti_Xueqi.Chen@fti-acuity.com_129228_2020-08-17_16897_.jpg,[],[],[]
mphasis_meka.divya@mphasis.com_113356_2020-08-04_2717_.jpg,[],[],[]
1980_2164972_Mobile Camera.jpg,[0.7439],"[[188, 131, 224, 179]]","[[194, 131, 224, 163]]"
17321.jpg,[],[],[]
mphasis_Supriya.Jagtap@mphasis.com_116540_2020-08-06_656_.jpg,[],[],[]
25756.jpg,[0.87],"[[230, 143, 272, 207]]","[[233, 144, 270, 200]]"
1253_2163240_Imposter.jpg,[],[],[]
1351_2163286_FVE - No Face Detected.jpg,[],[],[]
fti_Donza.Knight@fti-acuity.com_138542_2020-08-24_16988_.jpg,[],[],[]
83467_2020-07-08_17470_.jpg,[0.8786],"[[246, 123, 295, 174]]","[[246, 122, 296, 176]]"
1596_2163635_Mobile Camera.jpg,[],[],[]
mphasis_sunil.chavan1@mphasis.com_131308_2020-08-18_9077_.jpg,[],[],[]
1787_2164738_Mobile Camera.jpg,[],[],[]
mphasis_Sukeshana.Navghade@mphasis.com_111946_2020-08-03_2968_.jpg,[],[],[]
1736_2163956_Imposter.jpg,[],[],[]
7321.jpg,[],[],[]
84147_2020-07-09_1469_.jpg,[],[],[]
538_2162224_Multiple people.jpg,[],[],[]
104043_2020-07-27_2501_.jpg,[],[],[]
1003_2162483_Imposter.jpg,[],[],[]
1381_2163362_Imposter.jpg,[],[],[]
fti_Amina.Maddox@fti-acuity.com_134814_2020-08-20_12108_.jpg,[],[],[]
1256_2163240_Imposter.jpg,[],[],[]
79482_2020-06-30_11695_.jpg,[],[],[]
2485_2165263_Imposter.jpg,[],[],[]
15313.jpg,[],[],[]
1099_2162655_FVE - No Face Detected.jpg,[],[],[]
Brad.Koplinski@fti-acuity.com_fti_consulting_proctordesk_hosted_10956_.jpg,[],[],[]
Pui.Lo@fti-acuity.com_fti_consulting_proctordesk_hosted_11746_.jpg,[],[],[]
12202.jpg,[],[],[]
2404_2165169_Imposter.jpg,[],[],[]
945_2162410_Mobile Camera.jpg,[0.8378],"[[256, 133, 308, 176]]","[[260, 133, 307, 169]]"
mphasis_rohit.thakre@mphasis.com_136007_2020-08-21_6152_.jpg,[],[],[]
68356_2020-06-02_18540_.jpg,[],[],[]
1070_2162597_Imposter.jpg,[],[],[]
101083_2020-07-23_4700_.jpg,[],[],[]
2846_2165418_Multiple people.jpg,[],[],[]
1452_2163443_Imposter.jpg,[],[],[]
mphasis_mamata.shyabalad@mphasis.com_126660_2020-08-14_10182_.jpg,[],[],[]
84806_2020-07-10_822_.jpg,[],[],[]
mphasis_g.archana@mphasis.com_129548_2020-08-17_3146_.jpg,[],[],[]
19292.jpg,[],[],[]
32_2162050_Imposter.jpg,[],[],[]
15431.jpg,[],[],[]
14973.jpg,[],[],[]
1794_2164765_FVE - No Face Detected.jpg,[],[],[]
84729_2020-07-10_8146_.jpg,[0.928],"[[152, 100, 266, 179]]","[[151, 101, 268, 180]]"
fti_Peter.Cola@fti-acuity.com_132434_2020-08-19_11701_.jpg,[],[],[]
fti_Michael.Graff@fti-acuity.com_142152_2020-08-26_14236_.jpg,[],[],[]
19323.jpg,[],[],[]
mphasis_Prakash.Baliger@mphasis.com_132310_2020-08-19_4144_.jpg,[],[],[]
82668_2020-07-07_11977_.jpg,[0.7981],"[[128, 135, 163, 186]]","[[128, 135, 162, 185]]"
fti_Thomas.Milazzo@fti-acuity.com_145104_2020-08-28_17070_.jpg,[],[],[]
9530.jpg,[],[],[]
mphasis_Kummara.Ashokkumar@mphasis.com_139770_2020-08-25_2209_.jpg,[],[],[]
mphasis_pinjari.fakruddin@mphasis.com_115314_2020-08-05_8893_.jpg,[],[],[]
fti_Jonathan.Senker@fti-acuity.com_140710_2020-08-25_20419_.jpg,[0.923],"[[181, 107, 250, 179]]","[[183, 109, 250, 180]]"
22852.jpg,[],[],[]
11323.jpg,[],[],[]
mphasis_sunni.khan@mphasis.com_132055_2020-08-19_6398_.jpg,[],[],[]
fti_Michael.Cohen@fti-acuity.com_127882_2020-08-15_17803_.jpg,[],[],[]
Gayathri.L02@mphasis.com_mphasis_proctordesk_hosted_68_.jpg,[],[],[]
g_top_WIN_20210427_22_16_35_Pro354.jpg,[0.9444],"[[159, 0, 316, 72]]","[[160, 0, 320, 73]]"
mphasis_sanaa.khanum@mphasis.com_129037_2020-08-17_7715_.jpg,[],[],[]
12531.jpg,[],[],[]
1367_2163300_Imposter.jpg,[],[],[]
91024_2020-07-15_5847_.jpg,[],[],[]
1440_2163433_Mobile Camera.jpg,[],[],[]
6092.jpg,[],[],[]
97305_2020-07-21_18652_.jpg,[],[],[]
15171.jpg,[],[],[]
82733_2020-07-07_1438_.jpg,[],[],[]
2475_2165263_Imposter.jpg,[],[],[]
11257.jpg,[],[],[]
738_2162304_Imposter.jpg,[],[],[]
1657_2163708_FVE - No Face Detected.jpg,[],[],[]
23_2162037_Mobile Camera.jpg,[0.8772],"[[64, 118, 121, 179]]","[[66, 120, 119, 180]]"
86440_2020-07-12_8163_.jpg,[],[],[]
97919_2020-07-21_5210_.jpg,[],[],[]
14317.jpg,[],[],[]
105456_2020-07-28_14372_.jpg,[],[],[]
mphasis_keerthika.b@mphasis.com_120023_2020-08-10_6665_.jpg,[],[],[]
mphasis_likhitha.p@mphasis.com_129061_2020-08-17_4414_.jpg,[],[],[]
fti_Tesla.Goodrich@fti-acuity.com_145307_2020-08-28_13058_.jpg,[],[],[]
16042.jpg,[],[],[]
fti_PBic.Kanayjorn@fti-acuity.com_127928_2020-08-15_16481_.jpg,[],[],[]
23206.jpg,[],[],[]
mphasis_himanshu.shah@mphasis.com_112115_2020-08-03_6281_.jpg,[],[],[]
fti_Dawn.Howell@fti-acuity.com_140500_2020-08-25_15372_.jpg,[],[],[]
fti_Carl.DiCarlo@fti-acuity.com_140166_2020-08-25_18420_.jpg,[],[],[]
2775_2165373_Imposter.jpg,[],[],[]
mphasis_narendra.pathare@mphasis.com_138668_2020-08-24_1490_.jpg,[],[],[]
19137.jpg,[],[],[]
97007_2020-07-20_2292_.jpg,[],[],[]
fti_Jennifer.Carman@fti-acuity.com_129914_2020-08-17_19624_.jpg,[],[],[]
fti_Richard.Jones@fti-acuity.com_131169_2020-08-18_14985_.jpg,[],[],[]
2355.jpg,[],[],[]
2636_2165275_Imposter.jpg,[],[],[]
2350_2165096_Imposter.jpg,[],[],[]
1744.jpg,[],[],[]
688.jpg,[],[],[]
1308_2163257_Imposter.jpg,[],[],[]
mphasis_deepa.c@mphasis.com_136709_2020-08-21_4308_.jpg,[],[],[]
27250.jpg,[],[],[]
2375_2165110_FVE - No Face Detected.jpg,[],[],[]
707_2162304_Imposter.jpg,[],[],[]
fti_Richard.Jones@fti-acuity.com_143495_2020-08-27_15017_.jpg,[],[],[]
mphasis_bhagyashree.gani@mphasis.com_143017_2020-08-27_1955_.jpg,[],[],[]
79911_2020-07-01_12028_.jpg,[],[],[]
91118_2020-07-15_10504_.jpg,[],[],[]
19555.jpg,[],[],[]
100520_2020-07-23_13608_.jpg,[0.5876],"[[45, 54, 131, 103]]",[]
17867.jpg,[],[],[]
8045.jpg,[],[],[]
12066.jpg,[],[],[]
1089_2162650_Imposter.jpg,[],[],[]
fti_Vanessa.Uphoff@fti-acuity.com_136723_2020-08-21_20087_.jpg,[0.87],"[[4, 111, 47, 167]]","[[5, 111, 49, 165]]"
mphasis_padma.patrot@mphasis.com_124794_2020-08-13_10052_.jpg,[],[],[]
1429.jpg,[],[],[]
2734_2165327_Imposter.jpg,[],[],[]
Mahmoud.AlSharif@investbank.jo_investbank_proctordesk_hosted_investbank_proctordesk_hosted_Mahmoud.AlSharif@investbank.jo_86327_2879_.jpg,[],[],[]
2499_2165263_Imposter.jpg,[],[],[]
2663_2165275_Imposter.jpg,[],[],[]
83954_2020-07-09_17065_.jpg,[],[],[]
517_2162214_FVE - No Face Detected.jpg,[],[],[]
2296_2165060_Mobile Camera.jpg,[],[],"[[260, 106, 275, 154]]"
fti_Thomas.Milazzo@fti-acuity.com_142104_2020-08-26_17056_.jpg,[],[],"[[1, 179, 39, 222]]"
97514_2020-07-21_7731_.jpg,[],[],[]
6726.jpg,[],[],[]
107774_2020-07-30_6179_.jpg,[],[],[]
concentrix_sahud1@aetna.com_116501_2020-08-06_21089_.jpg,[0.8241],"[[193, 140, 241, 182]]","[[192, 140, 239, 183]]"
557_2162224_Imposter.jpg,[],[],[]
23167.jpg,[],[],[]
shila.kapse@mphasis.com_mphasis_proctordesk_hosted_1533_.jpg,[],[],[]
mphasis_shila.kapse@mphasis.com_127049_2020-08-14_4984_.jpg,[],[],[]
101037_2020-07-23_5643_.jpg,[],[],[]
105251_2020-07-28_12992_.jpg,[],[],[]
661_2162303_Imposter.jpg,[],[],[]
fti_Becky.Bi@fti-acuity.com_143382_2020-08-27_15172_.jpg,[],[],[]
mphasis_dipti.gurav@mphasis.com_120298_2020-08-10_767_.jpg,[],[],[]
mphasis_shinde.venkatrao@mphasis.com_114785_2020-08-05_7492_.jpg,[],[],[]
104083_2020-07-27_15954_.jpg,[],[],[]
fti_Bijoux.Ngwanda@fti-acuity.com_141893_2020-08-26_14891_.jpg,[],[],[]
23019.jpg,[],[],[]
2504_2165263_Imposter.jpg,[],[],[]
David.Rozanski@fti-acuity.com_fti_consulting_proctordesk_hosted_11999_.jpg,[],[],[]
1127_2162945_Multiple people.jpg,[],[],[]
107210_2020-07-29_3578_.jpg,[],[],[]
27339.jpg,[0.8615],"[[212, 101, 245, 161]]","[[212, 101, 245, 161]]"
20902.jpg,[],[],[]
1934.jpg,[],[],[]
10963.jpg,[],[],[]
101721_2020-07-24_3779_.jpg,[],[],[]
mphasis_padma.patrot@mphasis.com_118289_2020-08-07_10038_.jpg,[],[],[]
19579.jpg,[0.869],"[[184, 156, 210, 239]]","[[184, 155, 210, 240]]"
g_top_136301.jpg,[0.9522],"[[82, 0, 131, 32]]","[[82, 0, 130, 33]]"
602.jpg,[],[],[]
mphasis_sharath.p@mphasis.com_116412_2020-08-06_8476_.jpg,[],[],[]
g_left_128108.jpg,[0.9347],"[[0, 104, 28, 200]]","[[0, 103, 29, 199]]"
7418.jpg,[],[],[]
mphasis_Manohar.Bhoj@mphasis.com_112259_2020-08-03_1396_.jpg,[],[],[]
2609_2165275_Imposter.jpg,[],[],[]
fti_carolee.byrley@fti-acuity.com_129372_2020-08-17_14455_.jpg,[],[],[]
1602_2163652_FVE - Multiple Users Detected.jpg,[],[],[]
82190_2020-07-06_14768_.jpg,[],[],[]
mphasis_mamata.shyabalad@mphasis.com_121750_2020-08-11_10170_.jpg,[],[],[]
84155_2020-07-09_13347_.jpg,[],[],[]
1628_2163656_Imposter.jpg,[],[],[]
2018_2164976_Imposter.jpg,[],[],[]
2076_2164994_Imposter.jpg,[],[],[]
92669_2020-07-16_7328_.jpg,[],[],[]
186_2162083_Imposter.jpg,[],[],[]
18602.jpg,[0.7592],"[[185, 161, 208, 240]]","[[184, 164, 210, 240]]"
88638_2020-07-14_7864_.jpg,[],[],[]
105823_2020-07-28_3567_.jpg,[],[],[]
58509_2020-05-12_19359_.jpg,[],[],[]
2608_2165275_Imposter.jpg,[],[],[]
mphasis_pratidnya.kate@mphasis.com_130738_2020-08-18_4067_.jpg,[],[],[]
500_2162177_Mobile Camera.jpg,[],[],[]
mphasis_Shobha.Kankanwadi@mphasis.com_111388_2020-08-02_1108_.jpg,[],[],[]
13607.jpg,[],[],[]
51713_2020-04-29_295_.jpg,[0.8184],"[[108, 124, 152, 198]]","[[109, 123, 154, 200]]"
fti_David.Lettieri@fti-acuity.com_136638_2020-08-21_19076_.jpg,[],[],[]
89523_2020-07-14_4724_.jpg,[],[],[]
2074_2164994_Imposter.jpg,[],[],[]
g_left_13638.jpg,[0.9534],"[[0, 127, 65, 224]]","[[0, 127, 65, 224]]"
96472_2020-07-20_3430_.jpg,[],[],[]
82140_2020-07-06_11852_.jpg,[],[],[]
1366_2163300_Mobile Camera.jpg,[0.5805],"[[170, 159, 222, 179]]",[]
14884.jpg,[],[],[]
mphasis_GABRIEL.SANTHOSH@MPHASIS.COM_112373_2020-08-03_3634_.jpg,[],[],[]
fti_Shomik.Niyogi@fti-acuity.com_134446_2020-08-20_17417_.jpg,[0.8753],"[[96, 194, 214, 240]]","[[99, 194, 210, 240]]"
70886_2020-06-08_519_.jpg,[0.7187],"[[241, 113, 282, 180]]",[]
22584.jpg,[],[],[]
mphasis_Gudla.Bindu@mphasis.com_113471_2020-08-04_7735_.jpg,[],[],[]
1204_2163077_Imposter.jpg,[],[],[]
9961.jpg,[],[],[]
18195.jpg,[],[],[]
98157_2020-07-21_11112_.jpg,[0.4145],"[[240, 107, 278, 166]]","[[242, 106, 279, 165]]"
90605_2020-07-15_950_.jpg,[],[],[]
44303_2020-04-14_9435_.jpg,[0.924],"[[0, 72, 227, 207]]","[[0, 74, 241, 207]]"
94135_2020-07-17_8121_.jpg,[],[],[]
roshani.shete@mphasis.com_mphasis_proctordesk_hosted_737_.jpg,[],[],[]
mphasis_pooja.shinde@mphasis.com_126977_2020-08-14_4321_.jpg,[],[],[]
mohammed.najeem@concentrix.com_concentrix_proctordesk_hosted_21874_.jpg,[],[],[]
fti_Benjamin.Hodges@fti-acuity.com_137423_2020-08-22_18900_.jpg,[],[],[]
mphasis_Sunny.Thakur@mphasis.com_135053_2020-08-20_1666_.jpg,[],[],[]
87717_2020-07-13_13108_.jpg,[],[],[]
566_2162226_Mobile Camera.jpg,[],[],[]
concentrix_sachdevaa@aetna.com_123081_2020-08-12_21120_.jpg,[],[],[]
100168_2020-07-23_18182_.jpg,[],[],[]
mphasis_manjunatha.n@mphasis.com_116783_2020-08-06_9496_.jpg,[],[],[]
19717.jpg,[],[],[]
14987.jpg,[],[],[]
fti_Robert.Conley@fti-acuity.com_144265_2020-08-27_18665_.jpg,[],[],[]
84249_2020-07-09_3145_.jpg,[],[],[]
mphasis_Prakash.Baliger@mphasis.com_134038_2020-08-20_4176_.jpg,[],[],[]
23573.jpg,[0.7271],"[[34, 0, 121, 104]]","[[34, 2, 121, 105]]"
101483_2020-07-24_19166_.jpg,[],[],[]
2379_2165110_Imposter.jpg,[],[],[]
1746_2164152_Imposter.jpg,[],[],[]
g_right_9718.jpg,[0.9529],"[[287, 71, 319, 107]]","[[287, 72, 320, 108]]"
23907.jpg,[],[],[]
1704_2163756_Imposter.jpg,[],[],[]
789_2162304_Imposter.jpg,[],[],[]
2768_2165373_Imposter.jpg,[],[],[]
108520_2020-07-30_11181_.jpg,[],[],[]
25_2162045_Mobile Camera.jpg,[],[],[]
89224_2020-07-14_3116_.jpg,[],[],[]
99274_2020-07-22_3139_.jpg,[],[],[]
20896.jpg,[],[],[]
1447_2163443_Imposter.jpg,[],[],[]
16546.jpg,[],[],[]
fti_Theodore.Bechtold@fti-acuity.com_132934_2020-08-19_20172_.jpg,[],[],[]
fti_Joseph.Gulino@fti-acuity.com_129255_2020-08-17_12436_.jpg,[],[],[]
16801.jpg,[],[],[]
108151_2020-07-30_6861_.jpg,[],[],[]
1902_2164945_FVE - No Face Detected.jpg,[],[],[]
2744_2165327_Imposter.jpg,[],[],[]
g_top_3811.jpg,[0.9422],"[[126, 0, 163, 19]]","[[127, 0, 163, 20]]"
431_2162132_Imposter.jpg,[],[],[]
23304.jpg,[],[],[]
104907_2020-07-28_8451_.jpg,[],[],[]
563.jpg,[],[],[]
fti_Nicholas.Sarris@fti-acuity.com_128290_2020-08-16_11939_.jpg,[0.8036],"[[124, 67, 204, 96]]","[[123, 68, 200, 97]]"
9822.jpg,[],[],[]
mphasis_Satish.Kv01@mphasis.com_131739_2020-08-18_5656_.jpg,[],[],[]
4520.jpg,[],[],[]
14546.jpg,[],[],[]
88819_2020-07-14_1769_.jpg,[],[],[]
mphasis_himanshu.shah@mphasis.com_112115_2020-08-03_6310_.jpg,[],[],[]
24496.jpg,[0.8564],"[[216, 110, 257, 167]]","[[217, 109, 258, 166]]"
fti_Emily.Andelman@fti-acuity.com_143813_2020-08-27_18952_.jpg,[],[],[]
mphasis_meena.p@mphasis.com_130962_2020-08-18_7446_.jpg,[],[],[]
727_2162304_Imposter.jpg,[],[],[]
mphasis_vishakha.kharad@mphasis.com_118217_2020-08-07_2287_.jpg,[],[],[]
105540_2020-07-28_10313_.jpg,[],[],[]
96473_2020-07-20_10197_.jpg,[],[],[]
86936_2020-07-13_2361_.jpg,[],[],[]
fti_Palmer.Parrott@fti-acuity.com_141734_2020-08-26_14748_.jpg,[],[],[]
18500.jpg,[],[],[]
25248.jpg,[],[],[]
mphasis_Ruchi.Gusain@mphasis.com_121767_2020-08-11_4243_.jpg,[],[],[]
2407_2165169_Imposter.jpg,[],[],[]
12470.jpg,[],[],[]
1568_2163614_Mobile Camera.jpg,[0.8811],"[[229, 96, 281, 169]]","[[230, 96, 282, 170]]"
96220_2020-07-20_17405_.jpg,[0.8218],"[[141, 94, 183, 144]]","[[142, 92, 184, 144]]"
774_2162304_Imposter.jpg,[],[],[]
16607.jpg,[],[],[]
17447.jpg,[],[],[]
1738_2163956_Imposter.jpg,[],[],[]
mphasis_himanshu.shah@mphasis.com_112115_2020-08-03_6240_.jpg,[],[],[]
26701.jpg,[0.8615],"[[134, 137, 196, 216]]","[[135, 138, 195, 215]]"
1769_2164627_Imposter.jpg,[],[],[]
20866.jpg,[],[],[]
mphasis_rupesh.raut@mphasis.com_131421_2020-08-18_2507_.jpg,[],[],[]
concentrix_jeeva.murugan1@concentrix.com_111322_2020-08-02_21842_.jpg,[],[],[]
2617_2165275_Imposter.jpg,[],[],[]
mphasis_manikandan.v1@mphasis.com_120539_2020-08-10_5059_.jpg,[],[],[]
1975_2164972_Imposter.jpg,[],[],[]
g_top_38241.jpg,[0.9714],"[[238, 0, 311, 58]]","[[239, 0, 311, 58]]"
